{"type":"FeatureCollection","features":[{"type":"Feature","geometry":{"type":"Point","coordinates":[20.457647,44.829727]},"properties":{"name":"Tadeuša Košćuška","band":0,"modes":"bus,tram","arr":["2A","5","10","11","24","26","26N","79","401N","EKO2"],"off":[0,-0.8]}},{"type":"Feature","geometry":{"type":"Point","coordinates":[20.457647,44.829727]},"properties":{"name":"Dorćol /SRC Milan Gale Muškatirović/","band":0,"modes":"bus,tram","arr":["2A","5","10","11","24","26","26N","79","401N","EKO2"],"off":[0,-1.9]}},{"type":"Feature","geometry":{"type":"Point","coordinates":[20.457647,44.829727]},"properties":{"name":"Dorćol /Dunavska/","band":0,"modes":"bus,tram","arr":["2A","5","10","11","24","26","26N","79","401N","EKO2"],"off":[0,-4.1]}},{"type":"Feature","geometry":{"type":"Point","coordinates":[20.457647,44.829727]},"properties":{"line":"2A","mode":"bus","color":"#0059a9","colorDark":"#00294f","band":0,"off":[-6.8,1.1]}},{"type":"Feature","geometry":{"type":"Point","coordinates":[20.457647,44.829727]},"properties":{"line":"5","mode":"tram","color":"#d6212b","colorDark":"#7c1116","band":0,"off":[-3.4,1.1]}},{"type":"Feature","geometry":{"type":"Point","coordinates":[20.457647,44.829727]},"properties":{"line":"10","mode":"tram","color":"#d6212b","colorDark":"#7c1116","band":0,"off":[0,1.1]}},{"type":"Feature","geometry":{"type":"Point","coordinates":[20.457647,44.829727]},"properties":{"line":"11","mode":"tram","color":"#d6212b","colorDark":"#7c1116","band":0,"off":[3.4,1.1]}},{"type":"Feature","geometry":{"type":"Point","coordinates":[20.457647,44.829727]},"properties":{"line":"24","mode":"bus","color":"#0059a9","colorDark":"#00294f","band":0,"off":[6.8,1.1]}},{"type":"Feature","geometry":{"type":"Point","coordinates":[20.457647,44.829727]},"properties":{"line":"26","mode":"bus","color":"#0059a9","colorDark":"#00294f","band":0,"off":[-6.8,3.1]}},{"type":"Feature","geometry":{"type":"Point","coordinates":[20.457647,44.829727]},"properties":{"line":"26N","mode":"bus","color":"#0059a9","colorDark":"#00294f","band":0,"off":[-3.4,3.1]}},{"type":"Feature","geometry":{"type":"Point","coordinates":[20.457647,44.829727]},"properties":{"line":"79","mode":"bus","color":"#0059a9","colorDark":"#00294f","band":0,"off":[0,3.1]}},{"type":"Feature","geometry":{"type":"Point","coordinates":[20.457647,44.829727]},"properties":{"line":"401N","mode":"bus","color":"#0059a9","colorDark":"#00294f","band":0,"off":[3.4,3.1]}},{"type":"Feature","geometry":{"type":"Point","coordinates":[20.457647,44.829727]},"properties":{"line":"EKO2","mode":"bus","color":"#0059a9","colorDark":"#00294f","band":0,"off":[6.8,3.1]}},{"type":"Feature","geometry":{"type":"Point","coordinates":[20.444641,44.80135]},"properties":{"name":"TC Galerija","band":0,"modes":"bus","arr":["3A","46","51","91","91a","92","511","551","553","601","EKO2"],"off":[0,-0.8]}},{"type":"Feature","geometry":{"type":"Point","coordinates":[20.444641,44.80135]},"properties":{"name":"Beograd na vodi","band":0,"modes":"bus","arr":["3A","46","51","91","91a","92","511","551","553","601","EKO2"],"off":[0,-1.9]}},{"type":"Feature","geometry":{"type":"Point","coordinates":[20.444641,44.80135]},"properties":{"line":"3A","mode":"bus","color":"#0059a9","colorDark":"#00294f","band":0,"off":[-6.8,1.1]}},{"type":"Feature","geometry":{"type":"Point","coordinates":[20.444641,44.80135]},"properties":{"line":"46","mode":"bus","color":"#0059a9","colorDark":"#00294f","band":0,"off":[-3.4,1.1]}},{"type":"Feature","geometry":{"type":"Point","coordinates":[20.444641,44.80135]},"properties":{"line":"51","mode":"bus","color":"#0059a9","colorDark":"#00294f","band":0,"off":[0,1.1]}},{"type":"Feature","geometry":{"type":"Point","coordinates":[20.444641,44.80135]},"properties":{"line":"91","mode":"bus","color":"#0059a9","colorDark":"#00294f","band":0,"off":[3.4,1.1]}},{"type":"Feature","geometry":{"type":"Point","coordinates":[20.444641,44.80135]},"properties":{"line":"91a","mode":"bus","color":"#0059a9","colorDark":"#00294f","band":0,"off":[6.8,1.1]}},{"type":"Feature","geometry":{"type":"Point","coordinates":[20.444641,44.80135]},"properties":{"line":"92","mode":"bus","color":"#0059a9","colorDark":"#00294f","band":0,"off":[-6.8,3.1]}},{"type":"Feature","geometry":{"type":"Point","coordinates":[20.444641,44.80135]},"properties":{"line":"511","mode":"bus","color":"#0059a9","colorDark":"#00294f","band":0,"off":[-3.4,3.1]}},{"type":"Feature","geometry":{"type":"Point","coordinates":[20.444641,44.80135]},"properties":{"line":"551","mode":"bus","color":"#0059a9","colorDark":"#00294f","band":0,"off":[0,3.1]}},{"type":"Feature","geometry":{"type":"Point","coordinates":[20.444641,44.80135]},"properties":{"line":"553","mode":"bus","color":"#0059a9","colorDark":"#00294f","band":0,"off":[3.4,3.1]}},{"type":"Feature","geometry":{"type":"Point","coordinates":[20.444641,44.80135]},"properties":{"line":"601","mode":"bus","color":"#0059a9","colorDark":"#00294f","band":0,"off":[6.8,3.1]}},{"type":"Feature","geometry":{"type":"Point","coordinates":[20.444641,44.80135]},"properties":{"line":"EKO2","mode":"bus","color":"#0059a9","colorDark":"#00294f","band":0,"off":[0,5.1]}},{"type":"Feature","geometry":{"type":"Point","coordinates":[20.432407,44.734385]},"properties":{"name":"Kneževac","band":0,"modes":"bus","arr":["3A","37","37N","507"],"off":[0,-0.8]}},{"type":"Feature","geometry":{"type":"Point","coordinates":[20.432407,44.734385]},"properties":{"line":"3A","mode":"bus","color":"#0059a9","colorDark":"#00294f","band":0,"off":[-5.1,1.1]}},{"type":"Feature","geometry":{"type":"Point","coordinates":[20.432407,44.734385]},"properties":{"line":"37","mode":"bus","color":"#0059a9","colorDark":"#00294f","band":0,"off":[-1.7,1.1]}},{"type":"Feature","geometry":{"type":"Point","coordinates":[20.432407,44.734385]},"properties":{"line":"37N","mode":"bus","color":"#0059a9","colorDark":"#00294f","band":0,"off":[1.7,1.1]}},{"type":"Feature","geometry":{"type":"Point","coordinates":[20.432407,44.734385]},"properties":{"line":"507","mode":"bus","color":"#0059a9","colorDark":"#00294f","band":0,"off":[5.1,1.1]}},{"type":"Feature","geometry":{"type":"Point","coordinates":[20.374565,44.793427]},"properties":{"name":"Blok 45","band":0,"modes":"tram,bus","arr":["7L","9A","9L","11","13","73","94","95","95N","604","605","E6"],"off":[0,-0.8]}},{"type":"Feature","geometry":{"type":"Point","coordinates":[20.374565,44.793427]},"properties":{"line":"7L","mode":"tram","color":"#d6212b","colorDark":"#7c1116","band":0,"off":[-6.8,1.1]}},{"type":"Feature","geometry":{"type":"Point","coordinates":[20.374565,44.793427]},"properties":{"line":"9A","mode":"bus","color":"#0059a9","colorDark":"#00294f","band":0,"off":[-3.4,1.1]}},{"type":"Feature","geometry":{"type":"Point","coordinates":[20.374565,44.793427]},"properties":{"line":"9L","mode":"tram","color":"#d6212b","colorDark":"#7c1116","band":0,"off":[0,1.1]}},{"type":"Feature","geometry":{"type":"Point","coordinates":[20.374565,44.793427]},"properties":{"line":"11","mode":"tram","color":"#d6212b","colorDark":"#7c1116","band":0,"off":[3.4,1.1]}},{"type":"Feature","geometry":{"type":"Point","coordinates":[20.374565,44.793427]},"properties":{"line":"13","mode":"tram","color":"#d6212b","colorDark":"#7c1116","band":0,"off":[6.8,1.1]}},{"type":"Feature","geometry":{"type":"Point","coordinates":[20.374565,44.793427]},"properties":{"line":"73","mode":"bus","color":"#0059a9","colorDark":"#00294f","band":0,"off":[-6.8,3.1]}},{"type":"Feature","geometry":{"type":"Point","coordinates":[20.374565,44.793427]},"properties":{"line":"94","mode":"bus","color":"#0059a9","colorDark":"#00294f","band":0,"off":[-3.4,3.1]}},{"type":"Feature","geometry":{"type":"Point","coordinates":[20.374565,44.793427]},"properties":{"line":"95","mode":"bus","color":"#0059a9","colorDark":"#00294f","band":0,"off":[0,3.1]}},{"type":"Feature","geometry":{"type":"Point","coordinates":[20.374565,44.793427]},"properties":{"line":"95N","mode":"bus","color":"#0059a9","colorDark":"#00294f","band":0,"off":[3.4,3.1]}},{"type":"Feature","geometry":{"type":"Point","coordinates":[20.374565,44.793427]},"properties":{"line":"604","mode":"bus","color":"#0059a9","colorDark":"#00294f","band":0,"off":[6.8,3.1]}},{"type":"Feature","geometry":{"type":"Point","coordinates":[20.374565,44.793427]},"properties":{"line":"605","mode":"bus","color":"#0059a9","colorDark":"#00294f","band":0,"off":[-1.7,5.1]}},{"type":"Feature","geometry":{"type":"Point","coordinates":[20.374565,44.793427]},"properties":{"line":"E6","mode":"bus","color":"#0059a9","colorDark":"#00294f","band":0,"off":[1.7,5.1]}},{"type":"Feature","geometry":{"type":"Point","coordinates":[20.465575,44.803612]},"properties":{"name":"Trg Slavija /Nemanjina/","band":0,"modes":"bus","arr":["19","21A","22","30","39","47","47Na","59","401","401a","402","581N","601N","860N","A1"],"off":[0,-0.8],"sc":0.94}},{"type":"Feature","geometry":{"type":"Point","coordinates":[20.465575,44.803612]},"properties":{"name":"Trg Slavija /Bulevar oslobođenja/","band":0,"modes":"bus","arr":["19","21A","22","30","39","47","47Na","59","401","401a","402","581N","601N","860N","A1"],"off":[0,-3],"sc":0.94}},{"type":"Feature","geometry":{"type":"Point","coordinates":[20.465575,44.803612]},"properties":{"name":"Trg Slavija","band":0,"modes":"bus","arr":["19","21A","22","30","39","47","47Na","59","401","401a","402","581N","601N","860N","A1"],"off":[0,-5.2],"sc":0.94}},{"type":"Feature","geometry":{"type":"Point","coordinates":[20.465575,44.803612]},"properties":{"line":"19","mode":"bus","color":"#149a3f","colorDark":"#0a5121","band":0,"sc":0.94,"off":[-6.8,1.1]}},{"type":"Feature","geometry":{"type":"Point","coordinates":[20.465575,44.803612]},"properties":{"line":"21A","mode":"bus","color":"#0059a9","colorDark":"#00294f","band":0,"sc":0.94,"off":[-3.4,1.1]}},{"type":"Feature","geometry":{"type":"Point","coordinates":[20.465575,44.803612]},"properties":{"line":"22","mode":"bus","color":"#149a3f","colorDark":"#0a5121","band":0,"sc":0.94,"off":[0,1.1]}},{"type":"Feature","geometry":{"type":"Point","coordinates":[20.465575,44.803612]},"properties":{"line":"30","mode":"bus","color":"#0059a9","colorDark":"#00294f","band":0,"sc":0.94,"off":[3.4,1.1]}},{"type":"Feature","geometry":{"type":"Point","coordinates":[20.465575,44.803612]},"properties":{"line":"39","mode":"bus","color":"#0059a9","colorDark":"#00294f","band":0,"sc":0.94,"off":[6.8,1.1]}},{"type":"Feature","geometry":{"type":"Point","coordinates":[20.465575,44.803612]},"properties":{"line":"47","mode":"bus","color":"#0059a9","colorDark":"#00294f","band":0,"sc":0.94,"off":[-6.8,3.1]}},{"type":"Feature","geometry":{"type":"Point","coordinates":[20.465575,44.803612]},"properties":{"line":"47Na","mode":"bus","color":"#0059a9","colorDark":"#00294f","band":0,"sc":0.94,"off":[-3.4,3.1]}},{"type":"Feature","geometry":{"type":"Point","coordinates":[20.465575,44.803612]},"properties":{"line":"59","mode":"bus","color":"#0059a9","colorDark":"#00294f","band":0,"sc":0.94,"off":[0,3.1]}},{"type":"Feature","geometry":{"type":"Point","coordinates":[20.465575,44.803612]},"properties":{"line":"401","mode":"bus","color":"#0059a9","colorDark":"#00294f","band":0,"sc":0.94,"off":[3.4,3.1]}},{"type":"Feature","geometry":{"type":"Point","coordinates":[20.465575,44.803612]},"properties":{"line":"401a","mode":"bus","color":"#0059a9","colorDark":"#00294f","band":0,"sc":0.94,"off":[6.8,3.1]}},{"type":"Feature","geometry":{"type":"Point","coordinates":[20.465575,44.803612]},"properties":{"line":"402","mode":"bus","color":"#0059a9","colorDark":"#00294f","band":0,"sc":0.94,"off":[-6.8,5.1]}},{"type":"Feature","geometry":{"type":"Point","coordinates":[20.465575,44.803612]},"properties":{"line":"581N","mode":"bus","color":"#0059a9","colorDark":"#00294f","band":0,"sc":0.94,"off":[-3.4,5.1]}},{"type":"Feature","geometry":{"type":"Point","coordinates":[20.465575,44.803612]},"properties":{"line":"601N","mode":"bus","color":"#0059a9","colorDark":"#00294f","band":0,"sc":0.94,"off":[0,5.1]}},{"type":"Feature","geometry":{"type":"Point","coordinates":[20.465575,44.803612]},"properties":{"line":"860N","mode":"bus","color":"#0059a9","colorDark":"#00294f","band":0,"sc":0.94,"off":[3.4,5.1]}},{"type":"Feature","geometry":{"type":"Point","coordinates":[20.465575,44.803612]},"properties":{"line":"A1","mode":"bus","color":"#0059a9","colorDark":"#00294f","band":0,"sc":0.94,"off":[6.8,5.1]}},{"type":"Feature","geometry":{"type":"Point","coordinates":[20.368757,44.841812]},"properties":{"name":"Zemun /Novi grad/","band":0,"modes":"bus","arr":["15","45","78","709"],"off":[0,-0.8]}},{"type":"Feature","geometry":{"type":"Point","coordinates":[20.368757,44.841812]},"properties":{"line":"15","mode":"bus","color":"#0059a9","colorDark":"#00294f","band":0,"off":[-5.1,1.1]}},{"type":"Feature","geometry":{"type":"Point","coordinates":[20.368757,44.841812]},"properties":{"line":"45","mode":"bus","color":"#0059a9","colorDark":"#00294f","band":0,"off":[-1.7,1.1]}},{"type":"Feature","geometry":{"type":"Point","coordinates":[20.368757,44.841812]},"properties":{"line":"78","mode":"bus","color":"#0059a9","colorDark":"#00294f","band":0,"off":[1.7,1.1]}},{"type":"Feature","geometry":{"type":"Point","coordinates":[20.368757,44.841812]},"properties":{"line":"709","mode":"bus","color":"#0059a9","colorDark":"#00294f","band":0,"off":[5.1,1.1]}},{"type":"Feature","geometry":{"type":"Point","coordinates":[20.459724,44.811581]},"properties":{"name":"Trg Republike","band":0,"modes":"bus","arr":["15N","27","27N","32E","32N","37N","43","47N","51N","56N","72N","101Nb","202N","301Na","304Nb","E2"],"off":[0,-0.8],"sc":0.92}},{"type":"Feature","geometry":{"type":"Point","coordinates":[20.459724,44.811581]},"properties":{"name":"Trg republike","band":0,"modes":"bus","arr":["15N","27","27N","32E","32N","37N","43","47N","51N","56N","72N","101Nb","202N","301Na","304Nb","E2"],"off":[0,-1.9],"sc":0.92}},{"type":"Feature","geometry":{"type":"Point","coordinates":[20.459724,44.811581]},"properties":{"line":"15N","mode":"bus","color":"#0059a9","colorDark":"#00294f","band":0,"sc":0.92,"off":[-6.8,1.1]}},{"type":"Feature","geometry":{"type":"Point","coordinates":[20.459724,44.811581]},"properties":{"line":"27","mode":"bus","color":"#0059a9","colorDark":"#00294f","band":0,"sc":0.92,"off":[-3.4,1.1]}},{"type":"Feature","geometry":{"type":"Point","coordinates":[20.459724,44.811581]},"properties":{"line":"27N","mode":"bus","color":"#0059a9","colorDark":"#00294f","band":0,"sc":0.92,"off":[0,1.1]}},{"type":"Feature","geometry":{"type":"Point","coordinates":[20.459724,44.811581]},"properties":{"line":"32E","mode":"bus","color":"#0059a9","colorDark":"#00294f","band":0,"sc":0.92,"off":[3.4,1.1]}},{"type":"Feature","geometry":{"type":"Point","coordinates":[20.459724,44.811581]},"properties":{"line":"32N","mode":"bus","color":"#0059a9","colorDark":"#00294f","band":0,"sc":0.92,"off":[6.8,1.1]}},{"type":"Feature","geometry":{"type":"Point","coordinates":[20.459724,44.811581]},"properties":{"line":"37N","mode":"bus","color":"#0059a9","colorDark":"#00294f","band":0,"sc":0.92,"off":[-6.8,3.1]}},{"type":"Feature","geometry":{"type":"Point","coordinates":[20.459724,44.811581]},"properties":{"line":"43","mode":"bus","color":"#0059a9","colorDark":"#00294f","band":0,"sc":0.92,"off":[-3.4,3.1]}},{"type":"Feature","geometry":{"type":"Point","coordinates":[20.459724,44.811581]},"properties":{"line":"47N","mode":"bus","color":"#0059a9","colorDark":"#00294f","band":0,"sc":0.92,"off":[0,3.1]}},{"type":"Feature","geometry":{"type":"Point","coordinates":[20.459724,44.811581]},"properties":{"line":"51N","mode":"bus","color":"#0059a9","colorDark":"#00294f","band":0,"sc":0.92,"off":[3.4,3.1]}},{"type":"Feature","geometry":{"type":"Point","coordinates":[20.459724,44.811581]},"properties":{"line":"56N","mode":"bus","color":"#0059a9","colorDark":"#00294f","band":0,"sc":0.92,"off":[6.8,3.1]}},{"type":"Feature","geometry":{"type":"Point","coordinates":[20.459724,44.811581]},"properties":{"line":"72N","mode":"bus","color":"#0059a9","colorDark":"#00294f","band":0,"sc":0.92,"off":[-6.8,5.1]}},{"type":"Feature","geometry":{"type":"Point","coordinates":[20.459724,44.811581]},"properties":{"line":"101Nb","mode":"bus","color":"#0059a9","colorDark":"#00294f","band":0,"sc":0.92,"off":[-3.4,5.1]}},{"type":"Feature","geometry":{"type":"Point","coordinates":[20.459724,44.811581]},"properties":{"line":"202N","mode":"bus","color":"#0059a9","colorDark":"#00294f","band":0,"sc":0.92,"off":[0,5.1]}},{"type":"Feature","geometry":{"type":"Point","coordinates":[20.459724,44.811581]},"properties":{"line":"301Na","mode":"bus","color":"#0059a9","colorDark":"#00294f","band":0,"sc":0.92,"off":[3.4,5.1]}},{"type":"Feature","geometry":{"type":"Point","coordinates":[20.459724,44.811581]},"properties":{"line":"304Nb","mode":"bus","color":"#0059a9","colorDark":"#00294f","band":0,"sc":0.92,"off":[6.8,5.1]}},{"type":"Feature","geometry":{"type":"Point","coordinates":[20.459724,44.811581]},"properties":{"line":"E2","mode":"bus","color":"#0059a9","colorDark":"#00294f","band":0,"sc":0.92,"off":[0,7.1]}},{"type":"Feature","geometry":{"type":"Point","coordinates":[20.336782,44.858355]},"properties":{"name":"Železnička stanica Zemun polje","band":0,"modes":"bus","arr":["15N","81","81L"],"off":[0,-0.8]}},{"type":"Feature","geometry":{"type":"Point","coordinates":[20.336782,44.858355]},"properties":{"name":"Altina 1","band":0,"modes":"bus","arr":["15N","81","81L"],"off":[0,-3]}},{"type":"Feature","geometry":{"type":"Point","coordinates":[20.336782,44.858355]},"properties":{"line":"15N","mode":"bus","color":"#0059a9","colorDark":"#00294f","band":0,"off":[-3.4,1.1]}},{"type":"Feature","geometry":{"type":"Point","coordinates":[20.336782,44.858355]},"properties":{"line":"81","mode":"bus","color":"#0059a9","colorDark":"#00294f","band":0,"off":[0,1.1]}},{"type":"Feature","geometry":{"type":"Point","coordinates":[20.336782,44.858355]},"properties":{"line":"81L","mode":"bus","color":"#0059a9","colorDark":"#00294f","band":0,"off":[3.4,1.1]}},{"type":"Feature","geometry":{"type":"Point","coordinates":[20.521972,44.807181]},"properties":{"name":"Karaburma 2","band":0,"modes":"bus","arr":["16","23","25"],"off":[0,-0.8]}},{"type":"Feature","geometry":{"type":"Point","coordinates":[20.521972,44.807181]},"properties":{"line":"16","mode":"bus","color":"#0059a9","colorDark":"#00294f","band":0,"off":[-3.4,1.1]}},{"type":"Feature","geometry":{"type":"Point","coordinates":[20.521972,44.807181]},"properties":{"line":"23","mode":"bus","color":"#0059a9","colorDark":"#00294f","band":0,"off":[0,1.1]}},{"type":"Feature","geometry":{"type":"Point","coordinates":[20.521972,44.807181]},"properties":{"line":"25","mode":"bus","color":"#0059a9","colorDark":"#00294f","band":0,"off":[3.4,1.1]}},{"type":"Feature","geometry":{"type":"Point","coordinates":[20.404673,44.830343]},"properties":{"name":"Novi Beograd /Paviljoni/","band":0,"modes":"bus","arr":["16","81","81L","613","711"],"off":[0,-0.8]}},{"type":"Feature","geometry":{"type":"Point","coordinates":[20.404673,44.830343]},"properties":{"line":"16","mode":"bus","color":"#0059a9","colorDark":"#00294f","band":0,"off":[-6.8,1.1]}},{"type":"Feature","geometry":{"type":"Point","coordinates":[20.404673,44.830343]},"properties":{"line":"81","mode":"bus","color":"#0059a9","colorDark":"#00294f","band":0,"off":[-3.4,1.1]}},{"type":"Feature","geometry":{"type":"Point","coordinates":[20.404673,44.830343]},"properties":{"line":"81L","mode":"bus","color":"#0059a9","colorDark":"#00294f","band":0,"off":[0,1.1]}},{"type":"Feature","geometry":{"type":"Point","coordinates":[20.404673,44.830343]},"properties":{"line":"613","mode":"bus","color":"#0059a9","colorDark":"#00294f","band":0,"off":[3.4,1.1]}},{"type":"Feature","geometry":{"type":"Point","coordinates":[20.404673,44.830343]},"properties":{"line":"711","mode":"bus","color":"#0059a9","colorDark":"#00294f","band":0,"off":[6.8,1.1]}},{"type":"Feature","geometry":{"type":"Point","coordinates":[20.509856,44.78048]},"properties":{"name":"Šumice","band":0,"modes":"bus","arr":["17","19","31","31N","38","50","64","308","310"],"off":[0,-0.8]}},{"type":"Feature","geometry":{"type":"Point","coordinates":[20.509856,44.78048]},"properties":{"name":"Konjarnik","band":0,"modes":"bus","arr":["17","19","31","31N","38","50","64","308","310"],"off":[0,-1.9]}},{"type":"Feature","geometry":{"type":"Point","coordinates":[20.509856,44.78048]},"properties":{"name":"Bulevar kralja Aleksandra","band":0,"modes":"bus","arr":["17","19","31","31N","38","50","64","308","310"],"off":[0,-3]}},{"type":"Feature","geometry":{"type":"Point","coordinates":[20.509856,44.78048]},"properties":{"line":"17","mode":"bus","color":"#0059a9","colorDark":"#00294f","band":0,"off":[-6.8,1.1]}},{"type":"Feature","geometry":{"type":"Point","coordinates":[20.509856,44.78048]},"properties":{"line":"19","mode":"bus","color":"#149a3f","colorDark":"#0a5121","band":0,"off":[-3.4,1.1]}},{"type":"Feature","geometry":{"type":"Point","coordinates":[20.509856,44.78048]},"properties":{"line":"31","mode":"bus","color":"#0059a9","colorDark":"#00294f","band":0,"off":[0,1.1]}},{"type":"Feature","geometry":{"type":"Point","coordinates":[20.509856,44.78048]},"properties":{"line":"31N","mode":"bus","color":"#0059a9","colorDark":"#00294f","band":0,"off":[3.4,1.1]}},{"type":"Feature","geometry":{"type":"Point","coordinates":[20.509856,44.78048]},"properties":{"line":"38","mode":"bus","color":"#0059a9","colorDark":"#00294f","band":0,"off":[6.8,1.1]}},{"type":"Feature","geometry":{"type":"Point","coordinates":[20.509856,44.78048]},"properties":{"line":"50","mode":"bus","color":"#0059a9","colorDark":"#00294f","band":0,"off":[-5.1,3.1]}},{"type":"Feature","geometry":{"type":"Point","coordinates":[20.509856,44.78048]},"properties":{"line":"64","mode":"bus","color":"#0059a9","colorDark":"#00294f","band":0,"off":[-1.7,3.1]}},{"type":"Feature","geometry":{"type":"Point","coordinates":[20.509856,44.78048]},"properties":{"line":"308","mode":"bus","color":"#0059a9","colorDark":"#00294f","band":0,"off":[1.7,3.1]}},{"type":"Feature","geometry":{"type":"Point","coordinates":[20.509856,44.78048]},"properties":{"line":"310","mode":"bus","color":"#0059a9","colorDark":"#00294f","band":0,"off":[5.1,3.1]}},{"type":"Feature","geometry":{"type":"Point","coordinates":[20.41266,44.823478]},"properties":{"name":"GO Novi Beograd","band":0,"modes":"bus","arr":["601N","601Na"],"off":[0,-0.8]}},{"type":"Feature","geometry":{"type":"Point","coordinates":[20.41266,44.823478]},"properties":{"line":"601N","mode":"bus","color":"#0059a9","colorDark":"#00294f","band":0,"off":[-1.7,1.1]}},{"type":"Feature","geometry":{"type":"Point","coordinates":[20.41266,44.823478]},"properties":{"line":"601Na","mode":"bus","color":"#0059a9","colorDark":"#00294f","band":0,"off":[1.7,1.1]}},{"type":"Feature","geometry":{"type":"Point","coordinates":[20.378251,44.859239]},"properties":{"name":"Zemun /Gornji grad/","band":0,"modes":"bus","arr":["17"],"off":[0,-0.8]}},{"type":"Feature","geometry":{"type":"Point","coordinates":[20.378251,44.859239]},"properties":{"line":"17","mode":"bus","color":"#0059a9","colorDark":"#00294f","band":0,"off":[0,1.1]}},{"type":"Feature","geometry":{"type":"Point","coordinates":[20.512559,44.772182]},"properties":{"name":"Pogon Kosmaj","band":0,"modes":"bus","arr":["18","18N","20","26L","29","29N","38L"],"off":[0,-0.8]}},{"type":"Feature","geometry":{"type":"Point","coordinates":[20.512559,44.772182]},"properties":{"name":"Medaković 3","band":0,"modes":"bus","arr":["18","18N","20","26L","29","29N","38L"],"off":[0,-1.9]}},{"type":"Feature","geometry":{"type":"Point","coordinates":[20.512559,44.772182]},"properties":{"line":"18","mode":"bus","color":"#0059a9","colorDark":"#00294f","band":0,"off":[-6.8,1.1]}},{"type":"Feature","geometry":{"type":"Point","coordinates":[20.512559,44.772182]},"properties":{"line":"18N","mode":"bus","color":"#0059a9","colorDark":"#00294f","band":0,"off":[-3.4,1.1]}},{"type":"Feature","geometry":{"type":"Point","coordinates":[20.512559,44.772182]},"properties":{"line":"20","mode":"bus","color":"#0059a9","colorDark":"#00294f","band":0,"off":[0,1.1]}},{"type":"Feature","geometry":{"type":"Point","coordinates":[20.512559,44.772182]},"properties":{"line":"26L","mode":"bus","color":"#0059a9","colorDark":"#00294f","band":0,"off":[3.4,1.1]}},{"type":"Feature","geometry":{"type":"Point","coordinates":[20.512559,44.772182]},"properties":{"line":"29","mode":"bus","color":"#149a3f","colorDark":"#0a5121","band":0,"off":[6.8,1.1]}},{"type":"Feature","geometry":{"type":"Point","coordinates":[20.512559,44.772182]},"properties":{"line":"29N","mode":"bus","color":"#0059a9","colorDark":"#00294f","band":0,"off":[-1.7,3.1]}},{"type":"Feature","geometry":{"type":"Point","coordinates":[20.512559,44.772182]},"properties":{"line":"38L","mode":"bus","color":"#0059a9","colorDark":"#00294f","band":0,"off":[1.7,3.1]}},{"type":"Feature","geometry":{"type":"Point","coordinates":[20.379334,44.848465]},"properties":{"name":"Zemun /Bačka/","band":0,"modes":"bus","arr":["18","18N","83","103","105L","112"],"off":[0,-0.8]}},{"type":"Feature","geometry":{"type":"Point","coordinates":[20.379334,44.848465]},"properties":{"line":"18","mode":"bus","color":"#0059a9","colorDark":"#00294f","band":0,"off":[-6.8,1.1]}},{"type":"Feature","geometry":{"type":"Point","coordinates":[20.379334,44.848465]},"properties":{"line":"18N","mode":"bus","color":"#0059a9","colorDark":"#00294f","band":0,"off":[-3.4,1.1]}},{"type":"Feature","geometry":{"type":"Point","coordinates":[20.379334,44.848465]},"properties":{"line":"83","mode":"bus","color":"#0059a9","colorDark":"#00294f","band":0,"off":[0,1.1]}},{"type":"Feature","geometry":{"type":"Point","coordinates":[20.379334,44.848465]},"properties":{"line":"103","mode":"bus","color":"#0059a9","colorDark":"#00294f","band":0,"off":[3.4,1.1]}},{"type":"Feature","geometry":{"type":"Point","coordinates":[20.379334,44.848465]},"properties":{"line":"105L","mode":"bus","color":"#0059a9","colorDark":"#00294f","band":0,"off":[6.8,1.1]}},{"type":"Feature","geometry":{"type":"Point","coordinates":[20.379334,44.848465]},"properties":{"line":"112","mode":"bus","color":"#0059a9","colorDark":"#00294f","band":0,"off":[0,3.1]}},{"type":"Feature","geometry":{"type":"Point","coordinates":[20.4065,44.807338]},"properties":{"name":"Naselje Belvil","band":0,"modes":"bus","arr":["EKO1"],"off":[0,-0.8]}},{"type":"Feature","geometry":{"type":"Point","coordinates":[20.4065,44.807338]},"properties":{"name":"Garaža Novi Beograd","band":0,"modes":"bus","arr":["EKO1"],"off":[0,-1.9]}},{"type":"Feature","geometry":{"type":"Point","coordinates":[20.4065,44.807338]},"properties":{"line":"EKO1","mode":"bus","color":"#0059a9","colorDark":"#00294f","band":0,"off":[0,1.1]}},{"type":"Feature","geometry":{"type":"Point","coordinates":[20.48571,44.797874]},"properties":{"name":"Crveni krst","band":0,"modes":"bus","arr":["83"],"off":[0,-0.8]}},{"type":"Feature","geometry":{"type":"Point","coordinates":[20.48571,44.797874]},"properties":{"line":"83","mode":"bus","color":"#0059a9","colorDark":"#00294f","band":0,"off":[0,1.1]}},{"type":"Feature","geometry":{"type":"Point","coordinates":[20.534298,44.793626]},"properties":{"name":"Mirijevo 3","band":0,"modes":"bus","arr":["20","27","27N","46","74"],"off":[0,-0.8]}},{"type":"Feature","geometry":{"type":"Point","coordinates":[20.534298,44.793626]},"properties":{"name":"Mirijevo","band":0,"modes":"bus","arr":["20","27","27N","46","74"],"off":[0,-1.9]}},{"type":"Feature","geometry":{"type":"Point","coordinates":[20.534298,44.793626]},"properties":{"line":"20","mode":"bus","color":"#0059a9","colorDark":"#00294f","band":0,"off":[-6.8,1.1]}},{"type":"Feature","geometry":{"type":"Point","coordinates":[20.534298,44.793626]},"properties":{"line":"27","mode":"bus","color":"#0059a9","colorDark":"#00294f","band":0,"off":[-3.4,1.1]}},{"type":"Feature","geometry":{"type":"Point","coordinates":[20.534298,44.793626]},"properties":{"line":"27N","mode":"bus","color":"#0059a9","colorDark":"#00294f","band":0,"off":[0,1.1]}},{"type":"Feature","geometry":{"type":"Point","coordinates":[20.534298,44.793626]},"properties":{"line":"46","mode":"bus","color":"#0059a9","colorDark":"#00294f","band":0,"off":[3.4,1.1]}},{"type":"Feature","geometry":{"type":"Point","coordinates":[20.534298,44.793626]},"properties":{"line":"74","mode":"bus","color":"#0059a9","colorDark":"#00294f","band":0,"off":[6.8,1.1]}},{"type":"Feature","geometry":{"type":"Point","coordinates":[20.513965,44.78778]},"properties":{"name":"Ustanička","band":0,"modes":"tram,bus","arr":["5","6","7L","14","21A","50","63","302","302a","302b","303","304","305","305a","306","306a","306b","306v","307","311"],"off":[0,-0.8],"sc":0.86}},{"type":"Feature","geometry":{"type":"Point","coordinates":[20.513965,44.78778]},"properties":{"name":"Učiteljsko naselje","band":0,"modes":"tram,bus","arr":["5","6","7L","14","21A","50","63","302","302a","302b","303","304","305","305a","306","306a","306b","306v","307","311"],"off":[0,-1.9],"sc":0.86}},{"type":"Feature","geometry":{"type":"Point","coordinates":[20.513965,44.78778]},"properties":{"line":"5","mode":"tram","color":"#d6212b","colorDark":"#7c1116","band":0,"sc":0.86,"off":[-6.8,1.1]}},{"type":"Feature","geometry":{"type":"Point","coordinates":[20.513965,44.78778]},"properties":{"line":"6","mode":"tram","color":"#d6212b","colorDark":"#7c1116","band":0,"sc":0.86,"off":[-3.4,1.1]}},{"type":"Feature","geometry":{"type":"Point","coordinates":[20.513965,44.78778]},"properties":{"line":"7L","mode":"tram","color":"#d6212b","colorDark":"#7c1116","band":0,"sc":0.86,"off":[0,1.1]}},{"type":"Feature","geometry":{"type":"Point","coordinates":[20.513965,44.78778]},"properties":{"line":"14","mode":"tram","color":"#d6212b","colorDark":"#7c1116","band":0,"sc":0.86,"off":[3.4,1.1]}},{"type":"Feature","geometry":{"type":"Point","coordinates":[20.513965,44.78778]},"properties":{"line":"21A","mode":"bus","color":"#0059a9","colorDark":"#00294f","band":0,"sc":0.86,"off":[6.8,1.1]}},{"type":"Feature","geometry":{"type":"Point","coordinates":[20.513965,44.78778]},"properties":{"line":"50","mode":"bus","color":"#0059a9","colorDark":"#00294f","band":0,"sc":0.86,"off":[-6.8,3.1]}},{"type":"Feature","geometry":{"type":"Point","coordinates":[20.513965,44.78778]},"properties":{"line":"63","mode":"bus","color":"#0059a9","colorDark":"#00294f","band":0,"sc":0.86,"off":[-3.4,3.1]}},{"type":"Feature","geometry":{"type":"Point","coordinates":[20.513965,44.78778]},"properties":{"line":"302","mode":"bus","color":"#0059a9","colorDark":"#00294f","band":0,"sc":0.86,"off":[0,3.1]}},{"type":"Feature","geometry":{"type":"Point","coordinates":[20.513965,44.78778]},"properties":{"line":"302a","mode":"bus","color":"#0059a9","colorDark":"#00294f","band":0,"sc":0.86,"off":[3.4,3.1]}},{"type":"Feature","geometry":{"type":"Point","coordinates":[20.513965,44.78778]},"properties":{"line":"302b","mode":"bus","color":"#0059a9","colorDark":"#00294f","band":0,"sc":0.86,"off":[6.8,3.1]}},{"type":"Feature","geometry":{"type":"Point","coordinates":[20.513965,44.78778]},"properties":{"line":"303","mode":"bus","color":"#0059a9","colorDark":"#00294f","band":0,"sc":0.86,"off":[-6.8,5.1]}},{"type":"Feature","geometry":{"type":"Point","coordinates":[20.513965,44.78778]},"properties":{"line":"304","mode":"bus","color":"#0059a9","colorDark":"#00294f","band":0,"sc":0.86,"off":[-3.4,5.1]}},{"type":"Feature","geometry":{"type":"Point","coordinates":[20.513965,44.78778]},"properties":{"line":"305","mode":"bus","color":"#0059a9","colorDark":"#00294f","band":0,"sc":0.86,"off":[0,5.1]}},{"type":"Feature","geometry":{"type":"Point","coordinates":[20.513965,44.78778]},"properties":{"line":"305a","mode":"bus","color":"#0059a9","colorDark":"#00294f","band":0,"sc":0.86,"off":[3.4,5.1]}},{"type":"Feature","geometry":{"type":"Point","coordinates":[20.513965,44.78778]},"properties":{"line":"306","mode":"bus","color":"#0059a9","colorDark":"#00294f","band":0,"sc":0.86,"off":[6.8,5.1]}},{"type":"Feature","geometry":{"type":"Point","coordinates":[20.513965,44.78778]},"properties":{"line":"306a","mode":"bus","color":"#0059a9","colorDark":"#00294f","band":0,"sc":0.86,"off":[-6.8,7.1]}},{"type":"Feature","geometry":{"type":"Point","coordinates":[20.513965,44.78778]},"properties":{"line":"306b","mode":"bus","color":"#0059a9","colorDark":"#00294f","band":0,"sc":0.86,"off":[-3.4,7.1]}},{"type":"Feature","geometry":{"type":"Point","coordinates":[20.513965,44.78778]},"properties":{"line":"306v","mode":"bus","color":"#0059a9","colorDark":"#00294f","band":0,"sc":0.86,"off":[0,7.1]}},{"type":"Feature","geometry":{"type":"Point","coordinates":[20.513965,44.78778]},"properties":{"line":"307","mode":"bus","color":"#0059a9","colorDark":"#00294f","band":0,"sc":0.86,"off":[3.4,7.1]}},{"type":"Feature","geometry":{"type":"Point","coordinates":[20.513965,44.78778]},"properties":{"line":"311","mode":"bus","color":"#0059a9","colorDark":"#00294f","band":0,"sc":0.86,"off":[6.8,7.1]}},{"type":"Feature","geometry":{"type":"Point","coordinates":[20.484868,44.790632]},"properties":{"name":"Kruševačka","band":0,"modes":"bus","arr":["22"],"off":[0,-0.8]}},{"type":"Feature","geometry":{"type":"Point","coordinates":[20.484868,44.790632]},"properties":{"line":"22","mode":"bus","color":"#149a3f","colorDark":"#0a5121","band":0,"off":[0,1.1]}},{"type":"Feature","geometry":{"type":"Point","coordinates":[20.420521,44.731941]},"properties":{"name":"Vidikovac","band":0,"modes":"bus","arr":["23","53","89","504","521","521a"],"off":[0,-0.8]}},{"type":"Feature","geometry":{"type":"Point","coordinates":[20.420521,44.731941]},"properties":{"line":"23","mode":"bus","color":"#0059a9","colorDark":"#00294f","band":0,"off":[-6.8,1.1]}},{"type":"Feature","geometry":{"type":"Point","coordinates":[20.420521,44.731941]},"properties":{"line":"53","mode":"bus","color":"#0059a9","colorDark":"#00294f","band":0,"off":[-3.4,1.1]}},{"type":"Feature","geometry":{"type":"Point","coordinates":[20.420521,44.731941]},"properties":{"line":"89","mode":"bus","color":"#0059a9","colorDark":"#00294f","band":0,"off":[0,1.1]}},{"type":"Feature","geometry":{"type":"Point","coordinates":[20.420521,44.731941]},"properties":{"line":"504","mode":"bus","color":"#0059a9","colorDark":"#00294f","band":0,"off":[3.4,1.1]}},{"type":"Feature","geometry":{"type":"Point","coordinates":[20.420521,44.731941]},"properties":{"line":"521","mode":"bus","color":"#0059a9","colorDark":"#00294f","band":0,"off":[6.8,1.1]}},{"type":"Feature","geometry":{"type":"Point","coordinates":[20.420521,44.731941]},"properties":{"line":"521a","mode":"bus","color":"#0059a9","colorDark":"#00294f","band":0,"off":[0,3.1]}},{"type":"Feature","geometry":{"type":"Point","coordinates":[20.473217,44.794058]},"properties":{"name":"Neimar","band":0,"modes":"bus","arr":["24"],"off":[0,-0.8]}},{"type":"Feature","geometry":{"type":"Point","coordinates":[20.473217,44.794058]},"properties":{"line":"24","mode":"bus","color":"#0059a9","colorDark":"#00294f","band":0,"off":[0,1.1]}},{"type":"Feature","geometry":{"type":"Point","coordinates":[20.497825,44.748583]},"properties":{"name":"Kumodraž 2","band":0,"modes":"bus","arr":["25"],"off":[0,-0.8]}},{"type":"Feature","geometry":{"type":"Point","coordinates":[20.497825,44.748583]},"properties":{"line":"25","mode":"bus","color":"#0059a9","colorDark":"#00294f","band":0,"off":[0,1.1]}},{"type":"Feature","geometry":{"type":"Point","coordinates":[20.5456,44.786252]},"properties":{"name":"Mirijevo 4","band":0,"modes":"bus","arr":["25P","27E","79","E6"],"off":[0,-0.8]}},{"type":"Feature","geometry":{"type":"Point","coordinates":[20.5456,44.786252]},"properties":{"line":"25P","mode":"bus","color":"#0059a9","colorDark":"#00294f","band":0,"off":[-5.1,1.1]}},{"type":"Feature","geometry":{"type":"Point","coordinates":[20.5456,44.786252]},"properties":{"line":"27E","mode":"bus","color":"#0059a9","colorDark":"#00294f","band":0,"off":[-1.7,1.1]}},{"type":"Feature","geometry":{"type":"Point","coordinates":[20.5456,44.786252]},"properties":{"line":"79","mode":"bus","color":"#0059a9","colorDark":"#00294f","band":0,"off":[1.7,1.1]}},{"type":"Feature","geometry":{"type":"Point","coordinates":[20.5456,44.786252]},"properties":{"line":"E6","mode":"bus","color":"#0059a9","colorDark":"#00294f","band":0,"off":[5.1,1.1]}},{"type":"Feature","geometry":{"type":"Point","coordinates":[20.516634,44.7431]},"properties":{"name":"Kumodraž 1","band":0,"modes":"bus","arr":["25P","33","33N","E9"],"off":[0,-0.8]}},{"type":"Feature","geometry":{"type":"Point","coordinates":[20.516634,44.7431]},"properties":{"name":"Kumodraž (Stepina kuća)","band":0,"modes":"bus","arr":["25P","33","33N","E9"],"off":[0,-1.9]}},{"type":"Feature","geometry":{"type":"Point","coordinates":[20.516634,44.7431]},"properties":{"name":"Kumodraž","band":0,"modes":"bus","arr":["25P","33","33N","E9"],"off":[0,-4.1]}},{"type":"Feature","geometry":{"type":"Point","coordinates":[20.516634,44.7431]},"properties":{"line":"25P","mode":"bus","color":"#0059a9","colorDark":"#00294f","band":0,"off":[-5.1,1.1]}},{"type":"Feature","geometry":{"type":"Point","coordinates":[20.516634,44.7431]},"properties":{"line":"33","mode":"bus","color":"#0059a9","colorDark":"#00294f","band":0,"off":[-1.7,1.1]}},{"type":"Feature","geometry":{"type":"Point","coordinates":[20.516634,44.7431]},"properties":{"line":"33N","mode":"bus","color":"#0059a9","colorDark":"#00294f","band":0,"off":[1.7,1.1]}},{"type":"Feature","geometry":{"type":"Point","coordinates":[20.516634,44.7431]},"properties":{"line":"E9","mode":"bus","color":"#0059a9","colorDark":"#00294f","band":0,"off":[5.1,1.1]}},{"type":"Feature","geometry":{"type":"Point","coordinates":[20.499956,44.765258]},"properties":{"name":"Naselje Braće Jerković","band":0,"modes":"bus","arr":["26","26N"],"off":[0,-0.8]}},{"type":"Feature","geometry":{"type":"Point","coordinates":[20.499956,44.765258]},"properties":{"line":"26","mode":"bus","color":"#0059a9","colorDark":"#00294f","band":0,"off":[-1.7,1.1]}},{"type":"Feature","geometry":{"type":"Point","coordinates":[20.499956,44.765258]},"properties":{"line":"26N","mode":"bus","color":"#0059a9","colorDark":"#00294f","band":0,"off":[1.7,1.1]}},{"type":"Feature","geometry":{"type":"Point","coordinates":[20.510814,44.76421]},"properties":{"name":"Vojvode Vlahovića (terminus)","band":0,"modes":"bus","arr":["26L"],"off":[0,-0.8]}},{"type":"Feature","geometry":{"type":"Point","coordinates":[20.510814,44.76421]},"properties":{"line":"26L","mode":"bus","color":"#0059a9","colorDark":"#00294f","band":0,"off":[0,1.1]}},{"type":"Feature","geometry":{"type":"Point","coordinates":[20.438421,44.811556]},"properties":{"name":"Novi Beograd (Blok 20)","band":0,"modes":"bus","arr":["27E","35","612"],"off":[0,-0.8]}},{"type":"Feature","geometry":{"type":"Point","coordinates":[20.438421,44.811556]},"properties":{"line":"27E","mode":"bus","color":"#0059a9","colorDark":"#00294f","band":0,"off":[-3.4,1.1]}},{"type":"Feature","geometry":{"type":"Point","coordinates":[20.438421,44.811556]},"properties":{"line":"35","mode":"bus","color":"#0059a9","colorDark":"#00294f","band":0,"off":[0,1.1]}},{"type":"Feature","geometry":{"type":"Point","coordinates":[20.438421,44.811556]},"properties":{"line":"612","mode":"bus","color":"#0059a9","colorDark":"#00294f","band":0,"off":[3.4,1.1]}},{"type":"Feature","geometry":{"type":"Point","coordinates":[20.45865,44.821397]},"properties":{"name":"Studentski trg","band":0,"modes":"bus","arr":["28","29","29N","31","31N","33N","41","101N","101Na","105N","302N","304N","304Na","307N","307Na","511N","511Na","511Nb","603N","603Na","706N","707N","E9"],"off":[0,-0.8],"sc":0.85}},{"type":"Feature","geometry":{"type":"Point","coordinates":[20.45865,44.821397]},"properties":{"line":"28","mode":"bus","color":"#149a3f","colorDark":"#0a5121","band":0,"sc":0.82,"off":[-6.8,1.1]}},{"type":"Feature","geometry":{"type":"Point","coordinates":[20.45865,44.821397]},"properties":{"line":"29","mode":"bus","color":"#149a3f","colorDark":"#0a5121","band":0,"sc":0.82,"off":[-3.4,1.1]}},{"type":"Feature","geometry":{"type":"Point","coordinates":[20.45865,44.821397]},"properties":{"line":"29N","mode":"bus","color":"#0059a9","colorDark":"#00294f","band":0,"sc":0.82,"off":[0,1.1]}},{"type":"Feature","geometry":{"type":"Point","coordinates":[20.45865,44.821397]},"properties":{"line":"31","mode":"bus","color":"#0059a9","colorDark":"#00294f","band":0,"sc":0.82,"off":[3.4,1.1]}},{"type":"Feature","geometry":{"type":"Point","coordinates":[20.45865,44.821397]},"properties":{"line":"31N","mode":"bus","color":"#0059a9","colorDark":"#00294f","band":0,"sc":0.82,"off":[6.8,1.1]}},{"type":"Feature","geometry":{"type":"Point","coordinates":[20.45865,44.821397]},"properties":{"line":"33N","mode":"bus","color":"#0059a9","colorDark":"#00294f","band":0,"sc":0.82,"off":[-6.8,3.1]}},{"type":"Feature","geometry":{"type":"Point","coordinates":[20.45865,44.821397]},"properties":{"line":"41","mode":"bus","color":"#149a3f","colorDark":"#0a5121","band":0,"sc":0.82,"off":[-3.4,3.1]}},{"type":"Feature","geometry":{"type":"Point","coordinates":[20.45865,44.821397]},"properties":{"line":"101N","mode":"bus","color":"#0059a9","colorDark":"#00294f","band":0,"sc":0.82,"off":[0,3.1]}},{"type":"Feature","geometry":{"type":"Point","coordinates":[20.45865,44.821397]},"properties":{"line":"101Na","mode":"bus","color":"#0059a9","colorDark":"#00294f","band":0,"sc":0.82,"off":[3.4,3.1]}},{"type":"Feature","geometry":{"type":"Point","coordinates":[20.45865,44.821397]},"properties":{"line":"105N","mode":"bus","color":"#0059a9","colorDark":"#00294f","band":0,"sc":0.82,"off":[6.8,3.1]}},{"type":"Feature","geometry":{"type":"Point","coordinates":[20.45865,44.821397]},"properties":{"line":"302N","mode":"bus","color":"#0059a9","colorDark":"#00294f","band":0,"sc":0.82,"off":[-6.8,5.1]}},{"type":"Feature","geometry":{"type":"Point","coordinates":[20.45865,44.821397]},"properties":{"line":"304N","mode":"bus","color":"#0059a9","colorDark":"#00294f","band":0,"sc":0.82,"off":[-3.4,5.1]}},{"type":"Feature","geometry":{"type":"Point","coordinates":[20.45865,44.821397]},"properties":{"line":"304Na","mode":"bus","color":"#0059a9","colorDark":"#00294f","band":0,"sc":0.82,"off":[0,5.1]}},{"type":"Feature","geometry":{"type":"Point","coordinates":[20.45865,44.821397]},"properties":{"line":"307N","mode":"bus","color":"#0059a9","colorDark":"#00294f","band":0,"sc":0.82,"off":[3.4,5.1]}},{"type":"Feature","geometry":{"type":"Point","coordinates":[20.45865,44.821397]},"properties":{"line":"307Na","mode":"bus","color":"#0059a9","colorDark":"#00294f","band":0,"sc":0.82,"off":[6.8,5.1]}},{"type":"Feature","geometry":{"type":"Point","coordinates":[20.45865,44.821397]},"properties":{"line":"511N","mode":"bus","color":"#0059a9","colorDark":"#00294f","band":0,"sc":0.82,"off":[-6.8,7.1]}},{"type":"Feature","geometry":{"type":"Point","coordinates":[20.45865,44.821397]},"properties":{"line":"511Na","mode":"bus","color":"#0059a9","colorDark":"#00294f","band":0,"sc":0.82,"off":[-3.4,7.1]}},{"type":"Feature","geometry":{"type":"Point","coordinates":[20.45865,44.821397]},"properties":{"line":"511Nb","mode":"bus","color":"#0059a9","colorDark":"#00294f","band":0,"sc":0.82,"off":[0,7.1]}},{"type":"Feature","geometry":{"type":"Point","coordinates":[20.45865,44.821397]},"properties":{"line":"603N","mode":"bus","color":"#0059a9","colorDark":"#00294f","band":0,"sc":0.82,"off":[3.4,7.1]}},{"type":"Feature","geometry":{"type":"Point","coordinates":[20.45865,44.821397]},"properties":{"line":"603Na","mode":"bus","color":"#0059a9","colorDark":"#00294f","band":0,"sc":0.82,"off":[6.8,7.1]}},{"type":"Feature","geometry":{"type":"Point","coordinates":[20.45865,44.821397]},"properties":{"line":"706N","mode":"bus","color":"#0059a9","colorDark":"#00294f","band":0,"sc":0.82,"off":[-3.4,9.1]}},{"type":"Feature","geometry":{"type":"Point","coordinates":[20.45865,44.821397]},"properties":{"line":"707N","mode":"bus","color":"#0059a9","colorDark":"#00294f","band":0,"sc":0.82,"off":[0,9.1]}},{"type":"Feature","geometry":{"type":"Point","coordinates":[20.45865,44.821397]},"properties":{"line":"E9","mode":"bus","color":"#0059a9","colorDark":"#00294f","band":0,"sc":0.82,"off":[3.4,9.1]}},{"type":"Feature","geometry":{"type":"Point","coordinates":[20.506079,44.798287]},"properties":{"name":"Zvezdara","band":0,"modes":"bus","arr":["28","40","64","77"],"off":[0,-0.8]}},{"type":"Feature","geometry":{"type":"Point","coordinates":[20.506079,44.798287]},"properties":{"line":"28","mode":"bus","color":"#149a3f","colorDark":"#0a5121","band":0,"off":[-5.1,1.1]}},{"type":"Feature","geometry":{"type":"Point","coordinates":[20.506079,44.798287]},"properties":{"line":"40","mode":"bus","color":"#149a3f","colorDark":"#0a5121","band":0,"off":[-1.7,1.1]}},{"type":"Feature","geometry":{"type":"Point","coordinates":[20.506079,44.798287]},"properties":{"line":"64","mode":"bus","color":"#0059a9","colorDark":"#00294f","band":0,"off":[1.7,1.1]}},{"type":"Feature","geometry":{"type":"Point","coordinates":[20.506079,44.798287]},"properties":{"line":"77","mode":"bus","color":"#0059a9","colorDark":"#00294f","band":0,"off":[5.1,1.1]}},{"type":"Feature","geometry":{"type":"Point","coordinates":[20.465461,44.799248]},"properties":{"name":"Birčaninova","band":0,"modes":"bus","arr":["30","39","47","59","401","402"],"off":[0,-0.8]}},{"type":"Feature","geometry":{"type":"Point","coordinates":[20.465461,44.799248]},"properties":{"line":"30","mode":"bus","color":"#0059a9","colorDark":"#00294f","band":0,"off":[-6.8,1.1]}},{"type":"Feature","geometry":{"type":"Point","coordinates":[20.465461,44.799248]},"properties":{"line":"39","mode":"bus","color":"#0059a9","colorDark":"#00294f","band":0,"off":[-3.4,1.1]}},{"type":"Feature","geometry":{"type":"Point","coordinates":[20.465461,44.799248]},"properties":{"line":"47","mode":"bus","color":"#0059a9","colorDark":"#00294f","band":0,"off":[0,1.1]}},{"type":"Feature","geometry":{"type":"Point","coordinates":[20.465461,44.799248]},"properties":{"line":"59","mode":"bus","color":"#0059a9","colorDark":"#00294f","band":0,"off":[3.4,1.1]}},{"type":"Feature","geometry":{"type":"Point","coordinates":[20.465461,44.799248]},"properties":{"line":"401","mode":"bus","color":"#0059a9","colorDark":"#00294f","band":0,"off":[6.8,1.1]}},{"type":"Feature","geometry":{"type":"Point","coordinates":[20.465461,44.799248]},"properties":{"line":"402","mode":"bus","color":"#0059a9","colorDark":"#00294f","band":0,"off":[0,3.1]}},{"type":"Feature","geometry":{"type":"Point","coordinates":[20.497421,44.775425]},"properties":{"name":"Medaković 2","band":0,"modes":"bus","arr":["30"],"off":[0,-0.8]}},{"type":"Feature","geometry":{"type":"Point","coordinates":[20.497421,44.775425]},"properties":{"line":"30","mode":"bus","color":"#0059a9","colorDark":"#00294f","band":0,"off":[0,1.1]}},{"type":"Feature","geometry":{"type":"Point","coordinates":[20.479653,44.804814]},"properties":{"name":"Vukov spomenik","band":0,"modes":"bus","arr":["32","66","EKO1"],"off":[0,-0.8]}},{"type":"Feature","geometry":{"type":"Point","coordinates":[20.479653,44.804814]},"properties":{"line":"32","mode":"bus","color":"#0059a9","colorDark":"#00294f","band":0,"off":[-3.4,1.1]}},{"type":"Feature","geometry":{"type":"Point","coordinates":[20.479653,44.804814]},"properties":{"line":"66","mode":"bus","color":"#0059a9","colorDark":"#00294f","band":0,"off":[0,1.1]}},{"type":"Feature","geometry":{"type":"Point","coordinates":[20.479653,44.804814]},"properties":{"line":"EKO1","mode":"bus","color":"#0059a9","colorDark":"#00294f","band":0,"off":[3.4,1.1]}},{"type":"Feature","geometry":{"type":"Point","coordinates":[20.548284,44.830864]},"properties":{"name":"Višnjica","band":0,"modes":"bus","arr":["32","32E","32N"],"off":[0,-0.8]}},{"type":"Feature","geometry":{"type":"Point","coordinates":[20.548284,44.830864]},"properties":{"line":"32","mode":"bus","color":"#0059a9","colorDark":"#00294f","band":0,"off":[-3.4,1.1]}},{"type":"Feature","geometry":{"type":"Point","coordinates":[20.548284,44.830864]},"properties":{"line":"32E","mode":"bus","color":"#0059a9","colorDark":"#00294f","band":0,"off":[0,1.1]}},{"type":"Feature","geometry":{"type":"Point","coordinates":[20.548284,44.830864]},"properties":{"line":"32N","mode":"bus","color":"#0059a9","colorDark":"#00294f","band":0,"off":[3.4,1.1]}},{"type":"Feature","geometry":{"type":"Point","coordinates":[20.486098,44.819355]},"properties":{"name":"ŽS Pančevački most","band":0,"modes":"bus","arr":["33","37","44","44a","48","58","96","101","104","105","106","108","111","202"],"off":[0,-0.8],"sc":0.95}},{"type":"Feature","geometry":{"type":"Point","coordinates":[20.486098,44.819355]},"properties":{"name":"Železnička stanica Dunav","band":0,"modes":"bus","arr":["33","37","44","44a","48","58","96","101","104","105","106","108","111","202"],"off":[0,-1.9],"sc":0.95}},{"type":"Feature","geometry":{"type":"Point","coordinates":[20.486098,44.819355]},"properties":{"name":"Omladinski stadion/izlaz/","band":0,"modes":"bus","arr":["33","37","44","44a","48","58","96","101","104","105","106","108","111","202"],"off":[0,-4.1],"sc":0.95}},{"type":"Feature","geometry":{"type":"Point","coordinates":[20.486098,44.819355]},"properties":{"line":"33","mode":"bus","color":"#0059a9","colorDark":"#00294f","band":0,"sc":0.95,"off":[-6.8,1.1]}},{"type":"Feature","geometry":{"type":"Point","coordinates":[20.486098,44.819355]},"properties":{"line":"37","mode":"bus","color":"#0059a9","colorDark":"#00294f","band":0,"sc":0.95,"off":[-3.4,1.1]}},{"type":"Feature","geometry":{"type":"Point","coordinates":[20.486098,44.819355]},"properties":{"line":"44","mode":"bus","color":"#0059a9","colorDark":"#00294f","band":0,"sc":0.95,"off":[0,1.1]}},{"type":"Feature","geometry":{"type":"Point","coordinates":[20.486098,44.819355]},"properties":{"line":"44a","mode":"bus","color":"#0059a9","colorDark":"#00294f","band":0,"sc":0.95,"off":[3.4,1.1]}},{"type":"Feature","geometry":{"type":"Point","coordinates":[20.486098,44.819355]},"properties":{"line":"48","mode":"bus","color":"#0059a9","colorDark":"#00294f","band":0,"sc":0.95,"off":[6.8,1.1]}},{"type":"Feature","geometry":{"type":"Point","coordinates":[20.486098,44.819355]},"properties":{"line":"58","mode":"bus","color":"#0059a9","colorDark":"#00294f","band":0,"sc":0.95,"off":[-6.8,3.1]}},{"type":"Feature","geometry":{"type":"Point","coordinates":[20.486098,44.819355]},"properties":{"line":"96","mode":"bus","color":"#0059a9","colorDark":"#00294f","band":0,"sc":0.95,"off":[-3.4,3.1]}},{"type":"Feature","geometry":{"type":"Point","coordinates":[20.486098,44.819355]},"properties":{"line":"101","mode":"bus","color":"#0059a9","colorDark":"#00294f","band":0,"sc":0.95,"off":[0,3.1]}},{"type":"Feature","geometry":{"type":"Point","coordinates":[20.486098,44.819355]},"properties":{"line":"104","mode":"bus","color":"#0059a9","colorDark":"#00294f","band":0,"sc":0.95,"off":[3.4,3.1]}},{"type":"Feature","geometry":{"type":"Point","coordinates":[20.486098,44.819355]},"properties":{"line":"105","mode":"bus","color":"#0059a9","colorDark":"#00294f","band":0,"sc":0.95,"off":[6.8,3.1]}},{"type":"Feature","geometry":{"type":"Point","coordinates":[20.486098,44.819355]},"properties":{"line":"106","mode":"bus","color":"#0059a9","colorDark":"#00294f","band":0,"sc":0.95,"off":[-5.1,5.1]}},{"type":"Feature","geometry":{"type":"Point","coordinates":[20.486098,44.819355]},"properties":{"line":"108","mode":"bus","color":"#0059a9","colorDark":"#00294f","band":0,"sc":0.95,"off":[-1.7,5.1]}},{"type":"Feature","geometry":{"type":"Point","coordinates":[20.486098,44.819355]},"properties":{"line":"111","mode":"bus","color":"#0059a9","colorDark":"#00294f","band":0,"sc":0.95,"off":[1.7,5.1]}},{"type":"Feature","geometry":{"type":"Point","coordinates":[20.486098,44.819355]},"properties":{"line":"202","mode":"bus","color":"#0059a9","colorDark":"#00294f","band":0,"sc":0.95,"off":[5.1,5.1]}},{"type":"Feature","geometry":{"type":"Point","coordinates":[20.440685,44.795226]},"properties":{"name":"Topčidersko brdo /Senjak/","band":0,"modes":"tram,bus","arr":["2L","34","44","44a"],"off":[0,-0.8]}},{"type":"Feature","geometry":{"type":"Point","coordinates":[20.440685,44.795226]},"properties":{"name":"Ruska","band":0,"modes":"tram,bus","arr":["2L","34","44","44a"],"off":[0,-3]}},{"type":"Feature","geometry":{"type":"Point","coordinates":[20.440685,44.795226]},"properties":{"line":"2L","mode":"tram","color":"#d6212b","colorDark":"#7c1116","band":0,"off":[-5.1,1.1]}},{"type":"Feature","geometry":{"type":"Point","coordinates":[20.440685,44.795226]},"properties":{"line":"34","mode":"bus","color":"#0059a9","colorDark":"#00294f","band":0,"off":[-1.7,1.1]}},{"type":"Feature","geometry":{"type":"Point","coordinates":[20.440685,44.795226]},"properties":{"line":"44","mode":"bus","color":"#0059a9","colorDark":"#00294f","band":0,"off":[1.7,1.1]}},{"type":"Feature","geometry":{"type":"Point","coordinates":[20.440685,44.795226]},"properties":{"line":"44a","mode":"bus","color":"#0059a9","colorDark":"#00294f","band":0,"off":[5.1,1.1]}},{"type":"Feature","geometry":{"type":"Point","coordinates":[20.455341,44.792433]},"properties":{"name":"Železnička stanica BGD centar","band":0,"modes":"bus","arr":["36","38L","600"],"off":[0,-0.8]}},{"type":"Feature","geometry":{"type":"Point","coordinates":[20.455341,44.792433]},"properties":{"name":"Železnička stanica Beograd centar - Terminus (pola","band":0,"modes":"bus","arr":["36","38L","600"],"off":[0,-3]}},{"type":"Feature","geometry":{"type":"Point","coordinates":[20.455341,44.792433]},"properties":{"name":"Gučevska","band":0,"modes":"bus","arr":["36","38L","600"],"off":[0,-6.3]}},{"type":"Feature","geometry":{"type":"Point","coordinates":[20.455341,44.792433]},"properties":{"line":"36","mode":"bus","color":"#0059a9","colorDark":"#00294f","band":0,"off":[-3.4,1.1]}},{"type":"Feature","geometry":{"type":"Point","coordinates":[20.455341,44.792433]},"properties":{"line":"38L","mode":"bus","color":"#0059a9","colorDark":"#00294f","band":0,"off":[0,1.1]}},{"type":"Feature","geometry":{"type":"Point","coordinates":[20.455341,44.792433]},"properties":{"line":"600","mode":"bus","color":"#0059a9","colorDark":"#00294f","band":0,"off":[3.4,1.1]}},{"type":"Feature","geometry":{"type":"Point","coordinates":[20.460103,44.75711]},"properties":{"name":"Pere Velimirovića","band":0,"modes":"bus","arr":["34"],"off":[0,-0.8]}},{"type":"Feature","geometry":{"type":"Point","coordinates":[20.460103,44.75711]},"properties":{"line":"34","mode":"bus","color":"#0059a9","colorDark":"#00294f","band":0,"off":[0,1.1]}},{"type":"Feature","geometry":{"type":"Point","coordinates":[20.54699,44.810139]},"properties":{"name":"Lešće /groblje/","band":0,"modes":"bus","arr":["35","63"],"off":[0,-0.8]}},{"type":"Feature","geometry":{"type":"Point","coordinates":[20.54699,44.810139]},"properties":{"line":"35","mode":"bus","color":"#0059a9","colorDark":"#00294f","band":0,"off":[-1.7,1.1]}},{"type":"Feature","geometry":{"type":"Point","coordinates":[20.54699,44.810139]},"properties":{"line":"63","mode":"bus","color":"#0059a9","colorDark":"#00294f","band":0,"off":[1.7,1.1]}},{"type":"Feature","geometry":{"type":"Point","coordinates":[20.529133,44.756177]},"properties":{"name":"VML","band":0,"modes":"bus","arr":["38","308"],"off":[0,-0.8]}},{"type":"Feature","geometry":{"type":"Point","coordinates":[20.529133,44.756177]},"properties":{"line":"38","mode":"bus","color":"#0059a9","colorDark":"#00294f","band":0,"off":[-1.7,1.1]}},{"type":"Feature","geometry":{"type":"Point","coordinates":[20.529133,44.756177]},"properties":{"line":"308","mode":"bus","color":"#0059a9","colorDark":"#00294f","band":0,"off":[1.7,1.1]}},{"type":"Feature","geometry":{"type":"Point","coordinates":[20.501213,44.744089]},"properties":{"name":"Kumodraž 1","band":0,"modes":"bus","arr":["39"],"off":[0,-0.8]}},{"type":"Feature","geometry":{"type":"Point","coordinates":[20.501213,44.744089]},"properties":{"line":"39","mode":"bus","color":"#0059a9","colorDark":"#00294f","band":0,"off":[0,1.1]}},{"type":"Feature","geometry":{"type":"Point","coordinates":[20.479942,44.75208]},"properties":{"name":"Banjica 2","band":0,"modes":"bus","arr":["40","41","78"],"off":[0,-0.8]}},{"type":"Feature","geometry":{"type":"Point","coordinates":[20.479942,44.75208]},"properties":{"line":"40","mode":"bus","color":"#149a3f","colorDark":"#0a5121","band":0,"off":[-3.4,1.1]}},{"type":"Feature","geometry":{"type":"Point","coordinates":[20.479942,44.75208]},"properties":{"line":"41","mode":"bus","color":"#149a3f","colorDark":"#0a5121","band":0,"off":[0,1.1]}},{"type":"Feature","geometry":{"type":"Point","coordinates":[20.479942,44.75208]},"properties":{"line":"78","mode":"bus","color":"#0059a9","colorDark":"#00294f","band":0,"off":[3.4,1.1]}},{"type":"Feature","geometry":{"type":"Point","coordinates":[20.428605,44.718462]},"properties":{"name":"Petlovo brdo","band":0,"modes":"bus","arr":["42","56","59","501","E2"],"off":[0,-0.8]}},{"type":"Feature","geometry":{"type":"Point","coordinates":[20.428605,44.718462]},"properties":{"line":"42","mode":"bus","color":"#0059a9","colorDark":"#00294f","band":0,"off":[-6.8,1.1]}},{"type":"Feature","geometry":{"type":"Point","coordinates":[20.428605,44.718462]},"properties":{"line":"56","mode":"bus","color":"#0059a9","colorDark":"#00294f","band":0,"off":[-3.4,1.1]}},{"type":"Feature","geometry":{"type":"Point","coordinates":[20.428605,44.718462]},"properties":{"line":"59","mode":"bus","color":"#0059a9","colorDark":"#00294f","band":0,"off":[0,1.1]}},{"type":"Feature","geometry":{"type":"Point","coordinates":[20.428605,44.718462]},"properties":{"line":"501","mode":"bus","color":"#0059a9","colorDark":"#00294f","band":0,"off":[3.4,1.1]}},{"type":"Feature","geometry":{"type":"Point","coordinates":[20.428605,44.718462]},"properties":{"line":"E2","mode":"bus","color":"#0059a9","colorDark":"#00294f","band":0,"off":[6.8,1.1]}},{"type":"Feature","geometry":{"type":"Point","coordinates":[20.467035,44.851482]},"properties":{"name":"Kotež","band":0,"modes":"bus","arr":["43"],"off":[0,-0.8]}},{"type":"Feature","geometry":{"type":"Point","coordinates":[20.467035,44.851482]},"properties":{"line":"43","mode":"bus","color":"#0059a9","colorDark":"#00294f","band":0,"off":[0,1.1]}},{"type":"Feature","geometry":{"type":"Point","coordinates":[20.386848,44.79729]},"properties":{"name":"Blok 70","band":0,"modes":"bus","arr":["45","68","82","602"],"off":[0,-0.8]}},{"type":"Feature","geometry":{"type":"Point","coordinates":[20.386848,44.79729]},"properties":{"name":"Blok 44","band":0,"modes":"bus","arr":["45","68","82","602"],"off":[0,-1.9]}},{"type":"Feature","geometry":{"type":"Point","coordinates":[20.386848,44.79729]},"properties":{"line":"45","mode":"bus","color":"#0059a9","colorDark":"#00294f","band":0,"off":[-5.1,1.1]}},{"type":"Feature","geometry":{"type":"Point","coordinates":[20.386848,44.79729]},"properties":{"line":"68","mode":"bus","color":"#0059a9","colorDark":"#00294f","band":0,"off":[-1.7,1.1]}},{"type":"Feature","geometry":{"type":"Point","coordinates":[20.386848,44.79729]},"properties":{"line":"82","mode":"bus","color":"#0059a9","colorDark":"#00294f","band":0,"off":[1.7,1.1]}},{"type":"Feature","geometry":{"type":"Point","coordinates":[20.386848,44.79729]},"properties":{"line":"602","mode":"bus","color":"#0059a9","colorDark":"#00294f","band":0,"off":[5.1,1.1]}},{"type":"Feature","geometry":{"type":"Point","coordinates":[20.504064,44.79351]},"properties":{"name":"Zvezdara /pijaca/","band":0,"modes":"bus","arr":["55","309"],"off":[0,-0.8]}},{"type":"Feature","geometry":{"type":"Point","coordinates":[20.504064,44.79351]},"properties":{"name":"Zvezdara","band":0,"modes":"bus","arr":["55","309"],"off":[0,-1.9]}},{"type":"Feature","geometry":{"type":"Point","coordinates":[20.504064,44.79351]},"properties":{"line":"55","mode":"bus","color":"#0059a9","colorDark":"#00294f","band":0,"off":[-1.7,1.1]}},{"type":"Feature","geometry":{"type":"Point","coordinates":[20.504064,44.79351]},"properties":{"line":"309","mode":"bus","color":"#0059a9","colorDark":"#00294f","band":0,"off":[1.7,1.1]}},{"type":"Feature","geometry":{"type":"Point","coordinates":[20.449734,44.748186]},"properties":{"name":"Miljakovac 1","band":0,"modes":"bus","arr":["54","502","505","506"],"off":[0,-0.8]}},{"type":"Feature","geometry":{"type":"Point","coordinates":[20.449734,44.748186]},"properties":{"line":"54","mode":"bus","color":"#0059a9","colorDark":"#00294f","band":0,"off":[-5.1,1.1]}},{"type":"Feature","geometry":{"type":"Point","coordinates":[20.449734,44.748186]},"properties":{"line":"502","mode":"bus","color":"#0059a9","colorDark":"#00294f","band":0,"off":[-1.7,1.1]}},{"type":"Feature","geometry":{"type":"Point","coordinates":[20.449734,44.748186]},"properties":{"line":"505","mode":"bus","color":"#0059a9","colorDark":"#00294f","band":0,"off":[1.7,1.1]}},{"type":"Feature","geometry":{"type":"Point","coordinates":[20.449734,44.748186]},"properties":{"line":"506","mode":"bus","color":"#0059a9","colorDark":"#00294f","band":0,"off":[5.1,1.1]}},{"type":"Feature","geometry":{"type":"Point","coordinates":[20.449457,44.704453]},"properties":{"name":"Železnička stanica Resnik","band":0,"modes":"bus","arr":["47","47N","47Na","503","504"],"off":[0,-0.8]}},{"type":"Feature","geometry":{"type":"Point","coordinates":[20.449457,44.704453]},"properties":{"line":"47","mode":"bus","color":"#0059a9","colorDark":"#00294f","band":0,"off":[-6.8,1.1]}},{"type":"Feature","geometry":{"type":"Point","coordinates":[20.449457,44.704453]},"properties":{"line":"47N","mode":"bus","color":"#0059a9","colorDark":"#00294f","band":0,"off":[-3.4,1.1]}},{"type":"Feature","geometry":{"type":"Point","coordinates":[20.449457,44.704453]},"properties":{"line":"47Na","mode":"bus","color":"#0059a9","colorDark":"#00294f","band":0,"off":[0,1.1]}},{"type":"Feature","geometry":{"type":"Point","coordinates":[20.449457,44.704453]},"properties":{"line":"503","mode":"bus","color":"#0059a9","colorDark":"#00294f","band":0,"off":[3.4,1.1]}},{"type":"Feature","geometry":{"type":"Point","coordinates":[20.449457,44.704453]},"properties":{"line":"504","mode":"bus","color":"#0059a9","colorDark":"#00294f","band":0,"off":[6.8,1.1]}},{"type":"Feature","geometry":{"type":"Point","coordinates":[20.463341,44.738005]},"properties":{"name":"Miljakovac 3","band":0,"modes":"bus","arr":["48"],"off":[0,-0.8]}},{"type":"Feature","geometry":{"type":"Point","coordinates":[20.463341,44.738005]},"properties":{"line":"48","mode":"bus","color":"#0059a9","colorDark":"#00294f","band":0,"off":[0,1.1]}},{"type":"Feature","geometry":{"type":"Point","coordinates":[20.41381,44.768478]},"properties":{"name":"Banovo brdo","band":0,"modes":"tram,bus","arr":["12","13","49","50","57","85","512","531","531a","532","532a","533","607"],"off":[0,-0.8],"sc":0.98}},{"type":"Feature","geometry":{"type":"Point","coordinates":[20.41381,44.768478]},"properties":{"line":"12","mode":"tram","color":"#d6212b","colorDark":"#7c1116","band":0,"sc":0.98,"off":[-6.8,1.1]}},{"type":"Feature","geometry":{"type":"Point","coordinates":[20.41381,44.768478]},"properties":{"line":"13","mode":"tram","color":"#d6212b","colorDark":"#7c1116","band":0,"sc":0.98,"off":[-3.4,1.1]}},{"type":"Feature","geometry":{"type":"Point","coordinates":[20.41381,44.768478]},"properties":{"line":"49","mode":"bus","color":"#0059a9","colorDark":"#00294f","band":0,"sc":0.98,"off":[0,1.1]}},{"type":"Feature","geometry":{"type":"Point","coordinates":[20.41381,44.768478]},"properties":{"line":"50","mode":"bus","color":"#0059a9","colorDark":"#00294f","band":0,"sc":0.98,"off":[3.4,1.1]}},{"type":"Feature","geometry":{"type":"Point","coordinates":[20.41381,44.768478]},"properties":{"line":"57","mode":"bus","color":"#0059a9","colorDark":"#00294f","band":0,"sc":0.98,"off":[6.8,1.1]}},{"type":"Feature","geometry":{"type":"Point","coordinates":[20.41381,44.768478]},"properties":{"line":"85","mode":"bus","color":"#0059a9","colorDark":"#00294f","band":0,"sc":0.98,"off":[-6.8,3.1]}},{"type":"Feature","geometry":{"type":"Point","coordinates":[20.41381,44.768478]},"properties":{"line":"512","mode":"bus","color":"#0059a9","colorDark":"#00294f","band":0,"sc":0.98,"off":[-3.4,3.1]}},{"type":"Feature","geometry":{"type":"Point","coordinates":[20.41381,44.768478]},"properties":{"line":"531","mode":"bus","color":"#0059a9","colorDark":"#00294f","band":0,"sc":0.98,"off":[0,3.1]}},{"type":"Feature","geometry":{"type":"Point","coordinates":[20.41381,44.768478]},"properties":{"line":"531a","mode":"bus","color":"#0059a9","colorDark":"#00294f","band":0,"sc":0.98,"off":[3.4,3.1]}},{"type":"Feature","geometry":{"type":"Point","coordinates":[20.41381,44.768478]},"properties":{"line":"532","mode":"bus","color":"#0059a9","colorDark":"#00294f","band":0,"sc":0.98,"off":[6.8,3.1]}},{"type":"Feature","geometry":{"type":"Point","coordinates":[20.41381,44.768478]},"properties":{"line":"532a","mode":"bus","color":"#0059a9","colorDark":"#00294f","band":0,"sc":0.98,"off":[-3.4,5.1]}},{"type":"Feature","geometry":{"type":"Point","coordinates":[20.41381,44.768478]},"properties":{"line":"533","mode":"bus","color":"#0059a9","colorDark":"#00294f","band":0,"sc":0.98,"off":[0,5.1]}},{"type":"Feature","geometry":{"type":"Point","coordinates":[20.41381,44.768478]},"properties":{"line":"607","mode":"bus","color":"#0059a9","colorDark":"#00294f","band":0,"sc":0.98,"off":[3.4,5.1]}},{"type":"Feature","geometry":{"type":"Point","coordinates":[20.49669,44.754164]},"properties":{"name":"Naselje Stepa Stepanović","band":0,"modes":"bus","arr":["49"],"off":[0,-0.8]}},{"type":"Feature","geometry":{"type":"Point","coordinates":[20.49669,44.754164]},"properties":{"name":"Generala Štefanika","band":0,"modes":"bus","arr":["49"],"off":[0,-3]}},{"type":"Feature","geometry":{"type":"Point","coordinates":[20.49669,44.754164]},"properties":{"line":"49","mode":"bus","color":"#0059a9","colorDark":"#00294f","band":0,"off":[0,1.1]}},{"type":"Feature","geometry":{"type":"Point","coordinates":[20.403729,44.748977]},"properties":{"name":"Bele vode","band":0,"modes":"bus","arr":["51","51N"],"off":[0,-0.8]}},{"type":"Feature","geometry":{"type":"Point","coordinates":[20.403729,44.748977]},"properties":{"line":"51","mode":"bus","color":"#0059a9","colorDark":"#00294f","band":0,"off":[-1.7,1.1]}},{"type":"Feature","geometry":{"type":"Point","coordinates":[20.403729,44.748977]},"properties":{"line":"51N","mode":"bus","color":"#0059a9","colorDark":"#00294f","band":0,"off":[1.7,1.1]}},{"type":"Feature","geometry":{"type":"Point","coordinates":[20.457571,44.815567]},"properties":{"name":"Zeleni venac","band":0,"modes":"bus","arr":["52","53","56","56L","60","60L","71","72","75","706"],"off":[0,-0.8]}},{"type":"Feature","geometry":{"type":"Point","coordinates":[20.457571,44.815567]},"properties":{"line":"52","mode":"bus","color":"#0059a9","colorDark":"#00294f","band":0,"off":[-6.8,1.1]}},{"type":"Feature","geometry":{"type":"Point","coordinates":[20.457571,44.815567]},"properties":{"line":"53","mode":"bus","color":"#0059a9","colorDark":"#00294f","band":0,"off":[-3.4,1.1]}},{"type":"Feature","geometry":{"type":"Point","coordinates":[20.457571,44.815567]},"properties":{"line":"56","mode":"bus","color":"#0059a9","colorDark":"#00294f","band":0,"off":[0,1.1]}},{"type":"Feature","geometry":{"type":"Point","coordinates":[20.457571,44.815567]},"properties":{"line":"56L","mode":"bus","color":"#0059a9","colorDark":"#00294f","band":0,"off":[3.4,1.1]}},{"type":"Feature","geometry":{"type":"Point","coordinates":[20.457571,44.815567]},"properties":{"line":"60","mode":"bus","color":"#0059a9","colorDark":"#00294f","band":0,"off":[6.8,1.1]}},{"type":"Feature","geometry":{"type":"Point","coordinates":[20.457571,44.815567]},"properties":{"line":"60L","mode":"bus","color":"#0059a9","colorDark":"#00294f","band":0,"off":[-6.8,3.1]}},{"type":"Feature","geometry":{"type":"Point","coordinates":[20.457571,44.815567]},"properties":{"line":"71","mode":"bus","color":"#0059a9","colorDark":"#00294f","band":0,"off":[-3.4,3.1]}},{"type":"Feature","geometry":{"type":"Point","coordinates":[20.457571,44.815567]},"properties":{"line":"72","mode":"bus","color":"#0059a9","colorDark":"#00294f","band":0,"off":[0,3.1]}},{"type":"Feature","geometry":{"type":"Point","coordinates":[20.457571,44.815567]},"properties":{"line":"75","mode":"bus","color":"#0059a9","colorDark":"#00294f","band":0,"off":[3.4,3.1]}},{"type":"Feature","geometry":{"type":"Point","coordinates":[20.457571,44.815567]},"properties":{"line":"706","mode":"bus","color":"#0059a9","colorDark":"#00294f","band":0,"off":[6.8,3.1]}},{"type":"Feature","geometry":{"type":"Point","coordinates":[20.419144,44.743706]},"properties":{"name":"Cerak Vinogradi","band":0,"modes":"bus","arr":["52","534"],"off":[0,-0.8]}},{"type":"Feature","geometry":{"type":"Point","coordinates":[20.419144,44.743706]},"properties":{"line":"52","mode":"bus","color":"#0059a9","colorDark":"#00294f","band":0,"off":[-1.7,1.1]}},{"type":"Feature","geometry":{"type":"Point","coordinates":[20.419144,44.743706]},"properties":{"line":"534","mode":"bus","color":"#0059a9","colorDark":"#00294f","band":0,"off":[1.7,1.1]}},{"type":"Feature","geometry":{"type":"Point","coordinates":[20.362039,44.770464]},"properties":{"name":"MZ Makiš","band":0,"modes":"bus","arr":["54"],"off":[0,-0.8]}},{"type":"Feature","geometry":{"type":"Point","coordinates":[20.362039,44.770464]},"properties":{"line":"54","mode":"bus","color":"#0059a9","colorDark":"#00294f","band":0,"off":[0,1.1]}},{"type":"Feature","geometry":{"type":"Point","coordinates":[20.382804,44.72068]},"properties":{"name":"Stari Železnik","band":0,"modes":"bus","arr":["55"],"off":[0,-0.8]}},{"type":"Feature","geometry":{"type":"Point","coordinates":[20.382804,44.72068]},"properties":{"line":"55","mode":"bus","color":"#0059a9","colorDark":"#00294f","band":0,"off":[0,1.1]}},{"type":"Feature","geometry":{"type":"Point","coordinates":[20.404775,44.777971]},"properties":{"name":"Čukarička padina","band":0,"modes":"bus","arr":["56L","87","87A"],"off":[0,-0.8]}},{"type":"Feature","geometry":{"type":"Point","coordinates":[20.404775,44.777971]},"properties":{"line":"56L","mode":"bus","color":"#0059a9","colorDark":"#00294f","band":0,"off":[-3.4,1.1]}},{"type":"Feature","geometry":{"type":"Point","coordinates":[20.404775,44.777971]},"properties":{"line":"87","mode":"bus","color":"#0059a9","colorDark":"#00294f","band":0,"off":[0,1.1]}},{"type":"Feature","geometry":{"type":"Point","coordinates":[20.404775,44.777971]},"properties":{"line":"87A","mode":"bus","color":"#0059a9","colorDark":"#00294f","band":0,"off":[3.4,1.1]}},{"type":"Feature","geometry":{"type":"Point","coordinates":[20.45151,44.682821]},"properties":{"name":"13. Septembar","band":0,"modes":"bus","arr":["56N","531","531a"],"off":[0,-0.8]}},{"type":"Feature","geometry":{"type":"Point","coordinates":[20.45151,44.682821]},"properties":{"line":"56N","mode":"bus","color":"#0059a9","colorDark":"#00294f","band":0,"off":[-3.4,1.1]}},{"type":"Feature","geometry":{"type":"Point","coordinates":[20.45151,44.682821]},"properties":{"line":"531","mode":"bus","color":"#0059a9","colorDark":"#00294f","band":0,"off":[0,1.1]}},{"type":"Feature","geometry":{"type":"Point","coordinates":[20.45151,44.682821]},"properties":{"line":"531a","mode":"bus","color":"#0059a9","colorDark":"#00294f","band":0,"off":[3.4,1.1]}},{"type":"Feature","geometry":{"type":"Point","coordinates":[20.380272,44.731874]},"properties":{"name":"Novi Železnik","band":0,"modes":"bus","arr":["58","88","511Nb","522"],"off":[0,-0.8]}},{"type":"Feature","geometry":{"type":"Point","coordinates":[20.380272,44.731874]},"properties":{"line":"58","mode":"bus","color":"#0059a9","colorDark":"#00294f","band":0,"off":[-5.1,1.1]}},{"type":"Feature","geometry":{"type":"Point","coordinates":[20.380272,44.731874]},"properties":{"line":"88","mode":"bus","color":"#0059a9","colorDark":"#00294f","band":0,"off":[-1.7,1.1]}},{"type":"Feature","geometry":{"type":"Point","coordinates":[20.380272,44.731874]},"properties":{"line":"511Nb","mode":"bus","color":"#0059a9","colorDark":"#00294f","band":0,"off":[1.7,1.1]}},{"type":"Feature","geometry":{"type":"Point","coordinates":[20.380272,44.731874]},"properties":{"line":"522","mode":"bus","color":"#0059a9","colorDark":"#00294f","band":0,"off":[5.1,1.1]}},{"type":"Feature","geometry":{"type":"Point","coordinates":[20.413835,44.801438]},"properties":{"name":"Toplana","band":0,"modes":"bus","arr":["60","60L"],"off":[0,-0.8]}},{"type":"Feature","geometry":{"type":"Point","coordinates":[20.413835,44.801438]},"properties":{"line":"60","mode":"bus","color":"#0059a9","colorDark":"#00294f","band":0,"off":[-1.7,1.1]}},{"type":"Feature","geometry":{"type":"Point","coordinates":[20.413835,44.801438]},"properties":{"line":"60L","mode":"bus","color":"#0059a9","colorDark":"#00294f","band":0,"off":[1.7,1.1]}},{"type":"Feature","geometry":{"type":"Point","coordinates":[20.509411,44.80687]},"properties":{"name":"Zvezdara 2","band":0,"modes":"bus","arr":["65"],"off":[0,-0.8]}},{"type":"Feature","geometry":{"type":"Point","coordinates":[20.509411,44.80687]},"properties":{"line":"65","mode":"bus","color":"#0059a9","colorDark":"#00294f","band":0,"off":[0,1.1]}},{"type":"Feature","geometry":{"type":"Point","coordinates":[20.363947,44.82222]},"properties":{"name":"Novo bežanijsko groblje","band":0,"modes":"bus","arr":["65"],"off":[0,-0.8]}},{"type":"Feature","geometry":{"type":"Point","coordinates":[20.363947,44.82222]},"properties":{"line":"65","mode":"bus","color":"#0059a9","colorDark":"#00294f","band":0,"off":[0,1.1]}},{"type":"Feature","geometry":{"type":"Point","coordinates":[20.501982,44.80383]},"properties":{"name":"Naučno-tehnološki park","band":0,"modes":"bus","arr":["66"],"off":[0,-0.8]}},{"type":"Feature","geometry":{"type":"Point","coordinates":[20.501982,44.80383]},"properties":{"line":"66","mode":"bus","color":"#0059a9","colorDark":"#00294f","band":0,"off":[0,1.1]}},{"type":"Feature","geometry":{"type":"Point","coordinates":[20.400151,44.798263]},"properties":{"name":"Blok 70A","band":0,"modes":"bus","arr":["67","76","610e","610ea","708"],"off":[0,-0.8]}},{"type":"Feature","geometry":{"type":"Point","coordinates":[20.400151,44.798263]},"properties":{"line":"67","mode":"bus","color":"#0059a9","colorDark":"#00294f","band":0,"off":[-6.8,1.1]}},{"type":"Feature","geometry":{"type":"Point","coordinates":[20.400151,44.798263]},"properties":{"line":"76","mode":"bus","color":"#0059a9","colorDark":"#00294f","band":0,"off":[-3.4,1.1]}},{"type":"Feature","geometry":{"type":"Point","coordinates":[20.400151,44.798263]},"properties":{"line":"610e","mode":"bus","color":"#0059a9","colorDark":"#00294f","band":0,"off":[0,1.1]}},{"type":"Feature","geometry":{"type":"Point","coordinates":[20.400151,44.798263]},"properties":{"line":"610ea","mode":"bus","color":"#0059a9","colorDark":"#00294f","band":0,"off":[3.4,1.1]}},{"type":"Feature","geometry":{"type":"Point","coordinates":[20.400151,44.798263]},"properties":{"line":"708","mode":"bus","color":"#0059a9","colorDark":"#00294f","band":0,"off":[6.8,1.1]}},{"type":"Feature","geometry":{"type":"Point","coordinates":[20.363078,44.807864]},"properties":{"name":"Bežanijska kosa","band":0,"modes":"bus","arr":["70","74","75"],"off":[0,-0.8]}},{"type":"Feature","geometry":{"type":"Point","coordinates":[20.363078,44.807864]},"properties":{"line":"70","mode":"bus","color":"#0059a9","colorDark":"#00294f","band":0,"off":[-3.4,1.1]}},{"type":"Feature","geometry":{"type":"Point","coordinates":[20.363078,44.807864]},"properties":{"line":"74","mode":"bus","color":"#0059a9","colorDark":"#00294f","band":0,"off":[0,1.1]}},{"type":"Feature","geometry":{"type":"Point","coordinates":[20.363078,44.807864]},"properties":{"line":"75","mode":"bus","color":"#0059a9","colorDark":"#00294f","band":0,"off":[3.4,1.1]}},{"type":"Feature","geometry":{"type":"Point","coordinates":[20.561103,44.709875]},"properties":{"name":"IKEA","band":0,"modes":"bus","arr":["70"],"off":[0,-0.8]}},{"type":"Feature","geometry":{"type":"Point","coordinates":[20.561103,44.709875]},"properties":{"line":"70","mode":"bus","color":"#0059a9","colorDark":"#00294f","band":0,"off":[0,1.1]}},{"type":"Feature","geometry":{"type":"Point","coordinates":[20.349054,44.805015]},"properties":{"name":"Ledine","band":0,"modes":"bus","arr":["71","603"],"off":[0,-0.8]}},{"type":"Feature","geometry":{"type":"Point","coordinates":[20.349054,44.805015]},"properties":{"line":"71","mode":"bus","color":"#0059a9","colorDark":"#00294f","band":0,"off":[-1.7,1.1]}},{"type":"Feature","geometry":{"type":"Point","coordinates":[20.349054,44.805015]},"properties":{"line":"603","mode":"bus","color":"#0059a9","colorDark":"#00294f","band":0,"off":[1.7,1.1]}},{"type":"Feature","geometry":{"type":"Point","coordinates":[20.290255,44.82038]},"properties":{"name":"Aerodrom Nikola Tesla /dolasci/","band":0,"modes":"bus","arr":["72","72N","600","607","A1"],"off":[0,-0.8]}},{"type":"Feature","geometry":{"type":"Point","coordinates":[20.290255,44.82038]},"properties":{"line":"72","mode":"bus","color":"#0059a9","colorDark":"#00294f","band":0,"off":[-6.8,1.1]}},{"type":"Feature","geometry":{"type":"Point","coordinates":[20.290255,44.82038]},"properties":{"line":"72N","mode":"bus","color":"#0059a9","colorDark":"#00294f","band":0,"off":[-3.4,1.1]}},{"type":"Feature","geometry":{"type":"Point","coordinates":[20.290255,44.82038]},"properties":{"line":"600","mode":"bus","color":"#0059a9","colorDark":"#00294f","band":0,"off":[0,1.1]}},{"type":"Feature","geometry":{"type":"Point","coordinates":[20.290255,44.82038]},"properties":{"line":"607","mode":"bus","color":"#0059a9","colorDark":"#00294f","band":0,"off":[3.4,1.1]}},{"type":"Feature","geometry":{"type":"Point","coordinates":[20.290255,44.82038]},"properties":{"line":"A1","mode":"bus","color":"#0059a9","colorDark":"#00294f","band":0,"off":[6.8,1.1]}},{"type":"Feature","geometry":{"type":"Point","coordinates":[20.270974,44.899948]},"properties":{"name":"Batajnica /železnička stanica/","band":0,"modes":"bus","arr":["73","700","702"],"off":[0,-0.8]}},{"type":"Feature","geometry":{"type":"Point","coordinates":[20.270974,44.899948]},"properties":{"line":"73","mode":"bus","color":"#0059a9","colorDark":"#00294f","band":0,"off":[-3.4,1.1]}},{"type":"Feature","geometry":{"type":"Point","coordinates":[20.270974,44.899948]},"properties":{"line":"700","mode":"bus","color":"#0059a9","colorDark":"#00294f","band":0,"off":[0,1.1]}},{"type":"Feature","geometry":{"type":"Point","coordinates":[20.270974,44.899948]},"properties":{"line":"702","mode":"bus","color":"#0059a9","colorDark":"#00294f","band":0,"off":[3.4,1.1]}},{"type":"Feature","geometry":{"type":"Point","coordinates":[20.380146,44.829896]},"properties":{"name":"Bežanijska kosa","band":0,"modes":"bus","arr":["76","77"],"off":[0,-0.8]}},{"type":"Feature","geometry":{"type":"Point","coordinates":[20.380146,44.829896]},"properties":{"line":"76","mode":"bus","color":"#0059a9","colorDark":"#00294f","band":0,"off":[-1.7,1.1]}},{"type":"Feature","geometry":{"type":"Point","coordinates":[20.380146,44.829896]},"properties":{"line":"77","mode":"bus","color":"#0059a9","colorDark":"#00294f","band":0,"off":[1.7,1.1]}},{"type":"Feature","geometry":{"type":"Point","coordinates":[20.415165,44.843011]},"properties":{"name":"Kej oslobođenja","band":0,"modes":"bus","arr":["82","88","610","611","703","705","706E"],"off":[0,-0.8]}},{"type":"Feature","geometry":{"type":"Point","coordinates":[20.415165,44.843011]},"properties":{"line":"82","mode":"bus","color":"#0059a9","colorDark":"#00294f","band":0,"off":[-6.8,1.1]}},{"type":"Feature","geometry":{"type":"Point","coordinates":[20.415165,44.843011]},"properties":{"line":"88","mode":"bus","color":"#0059a9","colorDark":"#00294f","band":0,"off":[-3.4,1.1]}},{"type":"Feature","geometry":{"type":"Point","coordinates":[20.415165,44.843011]},"properties":{"line":"610","mode":"bus","color":"#0059a9","colorDark":"#00294f","band":0,"off":[0,1.1]}},{"type":"Feature","geometry":{"type":"Point","coordinates":[20.415165,44.843011]},"properties":{"line":"611","mode":"bus","color":"#0059a9","colorDark":"#00294f","band":0,"off":[3.4,1.1]}},{"type":"Feature","geometry":{"type":"Point","coordinates":[20.415165,44.843011]},"properties":{"line":"703","mode":"bus","color":"#0059a9","colorDark":"#00294f","band":0,"off":[6.8,1.1]}},{"type":"Feature","geometry":{"type":"Point","coordinates":[20.415165,44.843011]},"properties":{"line":"705","mode":"bus","color":"#0059a9","colorDark":"#00294f","band":0,"off":[-1.7,3.1]}},{"type":"Feature","geometry":{"type":"Point","coordinates":[20.415165,44.843011]},"properties":{"line":"706E","mode":"bus","color":"#0059a9","colorDark":"#00294f","band":0,"off":[1.7,3.1]}},{"type":"Feature","geometry":{"type":"Point","coordinates":[20.370013,44.857078]},"properties":{"name":"Nova Galenika","band":0,"modes":"bus","arr":["84","612"],"off":[0,-0.8]}},{"type":"Feature","geometry":{"type":"Point","coordinates":[20.370013,44.857078]},"properties":{"line":"84","mode":"bus","color":"#0059a9","colorDark":"#00294f","band":0,"off":[-1.7,1.1]}},{"type":"Feature","geometry":{"type":"Point","coordinates":[20.370013,44.857078]},"properties":{"line":"612","mode":"bus","color":"#0059a9","colorDark":"#00294f","band":0,"off":[1.7,1.1]}},{"type":"Feature","geometry":{"type":"Point","coordinates":[20.448334,44.8744]},"properties":{"name":"Borča 3","band":0,"modes":"bus","arr":["85","95","95N","96","101Nb"],"off":[0,-0.8]}},{"type":"Feature","geometry":{"type":"Point","coordinates":[20.448334,44.8744]},"properties":{"line":"85","mode":"bus","color":"#0059a9","colorDark":"#00294f","band":0,"off":[-6.8,1.1]}},{"type":"Feature","geometry":{"type":"Point","coordinates":[20.448334,44.8744]},"properties":{"line":"95","mode":"bus","color":"#0059a9","colorDark":"#00294f","band":0,"off":[-3.4,1.1]}},{"type":"Feature","geometry":{"type":"Point","coordinates":[20.448334,44.8744]},"properties":{"line":"95N","mode":"bus","color":"#0059a9","colorDark":"#00294f","band":0,"off":[0,1.1]}},{"type":"Feature","geometry":{"type":"Point","coordinates":[20.448334,44.8744]},"properties":{"line":"96","mode":"bus","color":"#0059a9","colorDark":"#00294f","band":0,"off":[3.4,1.1]}},{"type":"Feature","geometry":{"type":"Point","coordinates":[20.448334,44.8744]},"properties":{"line":"101Nb","mode":"bus","color":"#0059a9","colorDark":"#00294f","band":0,"off":[6.8,1.1]}},{"type":"Feature","geometry":{"type":"Point","coordinates":[20.364451,44.802109]},"properties":{"name":"Novi Beograd /Blok 72/","band":0,"modes":"bus","arr":["89"],"off":[0,-0.8]}},{"type":"Feature","geometry":{"type":"Point","coordinates":[20.364451,44.802109]},"properties":{"line":"89","mode":"bus","color":"#0059a9","colorDark":"#00294f","band":0,"off":[0,1.1]}},{"type":"Feature","geometry":{"type":"Point","coordinates":[20.332433,44.717854]},"properties":{"name":"Okretnica /česma/","band":0,"modes":"bus","arr":["91a"],"off":[0,-0.8]}},{"type":"Feature","geometry":{"type":"Point","coordinates":[20.332433,44.717854]},"properties":{"line":"91a","mode":"bus","color":"#0059a9","colorDark":"#00294f","band":0,"off":[0,1.1]}},{"type":"Feature","geometry":{"type":"Point","coordinates":[20.319883,44.713621]},"properties":{"name":"Ostružnica /Novo naselje/","band":0,"modes":"bus","arr":["91"],"off":[0,-0.8]}},{"type":"Feature","geometry":{"type":"Point","coordinates":[20.319883,44.713621]},"properties":{"line":"91","mode":"bus","color":"#0059a9","colorDark":"#00294f","band":0,"off":[0,1.1]}},{"type":"Feature","geometry":{"type":"Point","coordinates":[20.309686,44.718189]},"properties":{"name":"Ostružnica /Karaula/","band":0,"modes":"bus","arr":["92"],"off":[0,-0.8]}},{"type":"Feature","geometry":{"type":"Point","coordinates":[20.309686,44.718189]},"properties":{"line":"92","mode":"bus","color":"#0059a9","colorDark":"#00294f","band":0,"off":[0,1.1]}},{"type":"Feature","geometry":{"type":"Point","coordinates":[20.464355,44.71148]},"properties":{"name":"Resnik (Edvarda Griga)","band":0,"modes":"bus","arr":["94"],"off":[0,-0.8]}},{"type":"Feature","geometry":{"type":"Point","coordinates":[20.464355,44.71148]},"properties":{"line":"94","mode":"bus","color":"#0059a9","colorDark":"#00294f","band":0,"off":[0,1.1]}},{"type":"Feature","geometry":{"type":"Point","coordinates":[20.490132,44.81337]},"properties":{"name":"Omladinski stadion /ulaz/","band":0,"modes":"tram,bus","arr":["12","101","104","105","106","108","111","202"],"off":[0,-0.8]}},{"type":"Feature","geometry":{"type":"Point","coordinates":[20.490132,44.81337]},"properties":{"name":"Omladinski stadion","band":0,"modes":"tram,bus","arr":["12","101","104","105","106","108","111","202"],"off":[0,-3]}},{"type":"Feature","geometry":{"type":"Point","coordinates":[20.490132,44.81337]},"properties":{"line":"12","mode":"tram","color":"#d6212b","colorDark":"#7c1116","band":0,"off":[-6.8,1.1]}},{"type":"Feature","geometry":{"type":"Point","coordinates":[20.490132,44.81337]},"properties":{"line":"101","mode":"bus","color":"#0059a9","colorDark":"#00294f","band":0,"off":[-3.4,1.1]}},{"type":"Feature","geometry":{"type":"Point","coordinates":[20.490132,44.81337]},"properties":{"line":"104","mode":"bus","color":"#0059a9","colorDark":"#00294f","band":0,"off":[0,1.1]}},{"type":"Feature","geometry":{"type":"Point","coordinates":[20.490132,44.81337]},"properties":{"line":"105","mode":"bus","color":"#0059a9","colorDark":"#00294f","band":0,"off":[3.4,1.1]}},{"type":"Feature","geometry":{"type":"Point","coordinates":[20.490132,44.81337]},"properties":{"line":"106","mode":"bus","color":"#0059a9","colorDark":"#00294f","band":0,"off":[6.8,1.1]}},{"type":"Feature","geometry":{"type":"Point","coordinates":[20.490132,44.81337]},"properties":{"line":"108","mode":"bus","color":"#0059a9","colorDark":"#00294f","band":0,"off":[-3.4,3.1]}},{"type":"Feature","geometry":{"type":"Point","coordinates":[20.490132,44.81337]},"properties":{"line":"111","mode":"bus","color":"#0059a9","colorDark":"#00294f","band":0,"off":[0,3.1]}},{"type":"Feature","geometry":{"type":"Point","coordinates":[20.490132,44.81337]},"properties":{"line":"202","mode":"bus","color":"#0059a9","colorDark":"#00294f","band":0,"off":[3.4,3.1]}},{"type":"Feature","geometry":{"type":"Point","coordinates":[20.424896,44.944881]},"properties":{"name":"Padinska skela","band":0,"modes":"bus","arr":["101","101N","101Na","102","102a","102b","102P","103","107","107a","109","110"],"off":[0,-0.8]}},{"type":"Feature","geometry":{"type":"Point","coordinates":[20.424896,44.944881]},"properties":{"line":"101","mode":"bus","color":"#0059a9","colorDark":"#00294f","band":0,"off":[-6.8,1.1]}},{"type":"Feature","geometry":{"type":"Point","coordinates":[20.424896,44.944881]},"properties":{"line":"101N","mode":"bus","color":"#0059a9","colorDark":"#00294f","band":0,"off":[-3.4,1.1]}},{"type":"Feature","geometry":{"type":"Point","coordinates":[20.424896,44.944881]},"properties":{"line":"101Na","mode":"bus","color":"#0059a9","colorDark":"#00294f","band":0,"off":[0,1.1]}},{"type":"Feature","geometry":{"type":"Point","coordinates":[20.424896,44.944881]},"properties":{"line":"102","mode":"bus","color":"#0059a9","colorDark":"#00294f","band":0,"off":[3.4,1.1]}},{"type":"Feature","geometry":{"type":"Point","coordinates":[20.424896,44.944881]},"properties":{"line":"102a","mode":"bus","color":"#0059a9","colorDark":"#00294f","band":0,"off":[6.8,1.1]}},{"type":"Feature","geometry":{"type":"Point","coordinates":[20.424896,44.944881]},"properties":{"line":"102b","mode":"bus","color":"#0059a9","colorDark":"#00294f","band":0,"off":[-6.8,3.1]}},{"type":"Feature","geometry":{"type":"Point","coordinates":[20.424896,44.944881]},"properties":{"line":"102P","mode":"bus","color":"#0059a9","colorDark":"#00294f","band":0,"off":[-3.4,3.1]}},{"type":"Feature","geometry":{"type":"Point","coordinates":[20.424896,44.944881]},"properties":{"line":"103","mode":"bus","color":"#0059a9","colorDark":"#00294f","band":0,"off":[0,3.1]}},{"type":"Feature","geometry":{"type":"Point","coordinates":[20.424896,44.944881]},"properties":{"line":"107","mode":"bus","color":"#0059a9","colorDark":"#00294f","band":0,"off":[3.4,3.1]}},{"type":"Feature","geometry":{"type":"Point","coordinates":[20.424896,44.944881]},"properties":{"line":"107a","mode":"bus","color":"#0059a9","colorDark":"#00294f","band":0,"off":[6.8,3.1]}},{"type":"Feature","geometry":{"type":"Point","coordinates":[20.424896,44.944881]},"properties":{"line":"109","mode":"bus","color":"#0059a9","colorDark":"#00294f","band":0,"off":[-1.7,5.1]}},{"type":"Feature","geometry":{"type":"Point","coordinates":[20.424896,44.944881]},"properties":{"line":"110","mode":"bus","color":"#0059a9","colorDark":"#00294f","band":0,"off":[1.7,5.1]}},{"type":"Feature","geometry":{"type":"Point","coordinates":[20.35635,44.977997]},"properties":{"name":"Vrbovski","band":0,"modes":"bus","arr":["102","102a"],"off":[0,-0.8]}},{"type":"Feature","geometry":{"type":"Point","coordinates":[20.35635,44.977997]},"properties":{"line":"102","mode":"bus","color":"#0059a9","colorDark":"#00294f","band":0,"off":[-1.7,1.1]}},{"type":"Feature","geometry":{"type":"Point","coordinates":[20.35635,44.977997]},"properties":{"line":"102a","mode":"bus","color":"#0059a9","colorDark":"#00294f","band":0,"off":[1.7,1.1]}},{"type":"Feature","geometry":{"type":"Point","coordinates":[20.38687,45.017152]},"properties":{"name":"Preliv","band":0,"modes":"bus","arr":["102P"],"off":[0,-0.8]}},{"type":"Feature","geometry":{"type":"Point","coordinates":[20.38687,45.017152]},"properties":{"line":"102P","mode":"bus","color":"#0059a9","colorDark":"#00294f","band":0,"off":[0,1.1]}},{"type":"Feature","geometry":{"type":"Point","coordinates":[20.417758,44.860831]},"properties":{"name":"Crvenka","band":0,"modes":"bus","arr":["104"],"off":[0,-0.8]}},{"type":"Feature","geometry":{"type":"Point","coordinates":[20.417758,44.860831]},"properties":{"line":"104","mode":"bus","color":"#0059a9","colorDark":"#00294f","band":0,"off":[0,1.1]}},{"type":"Feature","geometry":{"type":"Point","coordinates":[20.53529,44.887972]},"properties":{"name":"Ovča /centar/","band":0,"modes":"bus","arr":["105N"],"off":[0,-0.8]}},{"type":"Feature","geometry":{"type":"Point","coordinates":[20.53529,44.887972]},"properties":{"line":"105N","mode":"bus","color":"#0059a9","colorDark":"#00294f","band":0,"off":[0,1.1]}},{"type":"Feature","geometry":{"type":"Point","coordinates":[20.543306,44.875509]},"properties":{"name":"Ovča /Železnička stanica/","band":0,"modes":"bus","arr":["105","105L"],"off":[0,-0.8]}},{"type":"Feature","geometry":{"type":"Point","coordinates":[20.543306,44.875509]},"properties":{"line":"105","mode":"bus","color":"#0059a9","colorDark":"#00294f","band":0,"off":[-1.7,1.1]}},{"type":"Feature","geometry":{"type":"Point","coordinates":[20.543306,44.875509]},"properties":{"line":"105L","mode":"bus","color":"#0059a9","colorDark":"#00294f","band":0,"off":[1.7,1.1]}},{"type":"Feature","geometry":{"type":"Point","coordinates":[20.557663,44.918112]},"properties":{"name":"Jabučki rit","band":0,"modes":"bus","arr":["106"],"off":[0,-0.8]}},{"type":"Feature","geometry":{"type":"Point","coordinates":[20.557663,44.918112]},"properties":{"line":"106","mode":"bus","color":"#0059a9","colorDark":"#00294f","band":0,"off":[0,1.1]}},{"type":"Feature","geometry":{"type":"Point","coordinates":[20.383278,45.067019]},"properties":{"name":"Dunavac","band":0,"modes":"bus","arr":["107","107a"],"off":[0,-0.8]}},{"type":"Feature","geometry":{"type":"Point","coordinates":[20.383278,45.067019]},"properties":{"line":"107","mode":"bus","color":"#0059a9","colorDark":"#00294f","band":0,"off":[-1.7,1.1]}},{"type":"Feature","geometry":{"type":"Point","coordinates":[20.383278,45.067019]},"properties":{"line":"107a","mode":"bus","color":"#0059a9","colorDark":"#00294f","band":0,"off":[1.7,1.1]}},{"type":"Feature","geometry":{"type":"Point","coordinates":[20.614793,44.870185]},"properties":{"name":"Reva /Duboka bara/","band":0,"modes":"bus","arr":["108","112"],"off":[0,-0.8]}},{"type":"Feature","geometry":{"type":"Point","coordinates":[20.614793,44.870185]},"properties":{"line":"108","mode":"bus","color":"#0059a9","colorDark":"#00294f","band":0,"off":[-1.7,1.1]}},{"type":"Feature","geometry":{"type":"Point","coordinates":[20.614793,44.870185]},"properties":{"line":"112","mode":"bus","color":"#0059a9","colorDark":"#00294f","band":0,"off":[1.7,1.1]}},{"type":"Feature","geometry":{"type":"Point","coordinates":[20.380627,45.064503]},"properties":{"name":"Put za Dunavac","band":0,"modes":"bus","arr":["109"],"off":[0,-0.8]}},{"type":"Feature","geometry":{"type":"Point","coordinates":[20.380627,45.064503]},"properties":{"line":"109","mode":"bus","color":"#0059a9","colorDark":"#00294f","band":0,"off":[0,1.1]}},{"type":"Feature","geometry":{"type":"Point","coordinates":[20.465966,45.003376]},"properties":{"name":"Obala Tamiša","band":0,"modes":"bus","arr":["110"],"off":[0,-0.8]}},{"type":"Feature","geometry":{"type":"Point","coordinates":[20.465966,45.003376]},"properties":{"line":"110","mode":"bus","color":"#0059a9","colorDark":"#00294f","band":0,"off":[0,1.1]}},{"type":"Feature","geometry":{"type":"Point","coordinates":[20.456234,44.91116]},"properties":{"name":"SC Kovilovo","band":0,"modes":"bus","arr":["111"],"off":[0,-0.8]}},{"type":"Feature","geometry":{"type":"Point","coordinates":[20.456234,44.91116]},"properties":{"line":"111","mode":"bus","color":"#0059a9","colorDark":"#00294f","band":0,"off":[0,1.1]}},{"type":"Feature","geometry":{"type":"Point","coordinates":[20.601538,44.812162]},"properties":{"name":"Veliko selo","band":0,"modes":"bus","arr":["202","202N"],"off":[0,-0.8]}},{"type":"Feature","geometry":{"type":"Point","coordinates":[20.601538,44.812162]},"properties":{"line":"202","mode":"bus","color":"#0059a9","colorDark":"#00294f","band":0,"off":[-1.7,1.1]}},{"type":"Feature","geometry":{"type":"Point","coordinates":[20.601538,44.812162]},"properties":{"line":"202N","mode":"bus","color":"#0059a9","colorDark":"#00294f","band":0,"off":[1.7,1.1]}},{"type":"Feature","geometry":{"type":"Point","coordinates":[20.560583,44.752192]},"properties":{"name":"Kaluđerica","band":0,"modes":"bus","arr":["301Na","309"],"off":[0,-0.8]}},{"type":"Feature","geometry":{"type":"Point","coordinates":[20.560583,44.752192]},"properties":{"line":"301Na","mode":"bus","color":"#0059a9","colorDark":"#00294f","band":0,"off":[-1.7,1.1]}},{"type":"Feature","geometry":{"type":"Point","coordinates":[20.560583,44.752192]},"properties":{"line":"309","mode":"bus","color":"#0059a9","colorDark":"#00294f","band":0,"off":[1.7,1.1]}},{"type":"Feature","geometry":{"type":"Point","coordinates":[20.564426,44.764544]},"properties":{"name":"Put za Institut","band":0,"modes":"bus","arr":["309L"],"off":[0,-0.8]}},{"type":"Feature","geometry":{"type":"Point","coordinates":[20.564426,44.764544]},"properties":{"line":"309L","mode":"bus","color":"#0059a9","colorDark":"#00294f","band":0,"off":[0,1.1]}},{"type":"Feature","geometry":{"type":"Point","coordinates":[20.716271,44.673624]},"properties":{"name":"Šumadijska","band":0,"modes":"bus","arr":["304Na"],"off":[0,-0.8]}},{"type":"Feature","geometry":{"type":"Point","coordinates":[20.716271,44.673624]},"properties":{"line":"304Na","mode":"bus","color":"#0059a9","colorDark":"#00294f","band":0,"off":[0,1.1]}},{"type":"Feature","geometry":{"type":"Point","coordinates":[20.717097,44.670076]},"properties":{"name":"JA","band":0,"modes":"bus","arr":["301Na"],"off":[0,-0.8]}},{"type":"Feature","geometry":{"type":"Point","coordinates":[20.717097,44.670076]},"properties":{"name":"Grocka","band":0,"modes":"bus","arr":["301Na"],"off":[0,-1.9]}},{"type":"Feature","geometry":{"type":"Point","coordinates":[20.717097,44.670076]},"properties":{"line":"301Na","mode":"bus","color":"#0059a9","colorDark":"#00294f","band":0,"off":[0,1.1]}},{"type":"Feature","geometry":{"type":"Point","coordinates":[20.695033,44.632261]},"properties":{"name":"Begaljica","band":0,"modes":"bus","arr":["302","302a","302b","302N"],"off":[0,-0.8]}},{"type":"Feature","geometry":{"type":"Point","coordinates":[20.695033,44.632261]},"properties":{"line":"302","mode":"bus","color":"#0059a9","colorDark":"#00294f","band":0,"off":[-5.1,1.1]}},{"type":"Feature","geometry":{"type":"Point","coordinates":[20.695033,44.632261]},"properties":{"line":"302a","mode":"bus","color":"#0059a9","colorDark":"#00294f","band":0,"off":[-1.7,1.1]}},{"type":"Feature","geometry":{"type":"Point","coordinates":[20.695033,44.632261]},"properties":{"line":"302b","mode":"bus","color":"#0059a9","colorDark":"#00294f","band":0,"off":[1.7,1.1]}},{"type":"Feature","geometry":{"type":"Point","coordinates":[20.695033,44.632261]},"properties":{"line":"302N","mode":"bus","color":"#0059a9","colorDark":"#00294f","band":0,"off":[5.1,1.1]}},{"type":"Feature","geometry":{"type":"Point","coordinates":[20.607572,44.722069]},"properties":{"name":"Boleč","band":0,"modes":"bus","arr":["305","305a"],"off":[0,-0.8]}},{"type":"Feature","geometry":{"type":"Point","coordinates":[20.607572,44.722069]},"properties":{"line":"305","mode":"bus","color":"#0059a9","colorDark":"#00294f","band":0,"off":[-1.7,1.1]}},{"type":"Feature","geometry":{"type":"Point","coordinates":[20.607572,44.722069]},"properties":{"line":"305a","mode":"bus","color":"#0059a9","colorDark":"#00294f","band":0,"off":[1.7,1.1]}},{"type":"Feature","geometry":{"type":"Point","coordinates":[20.596041,44.671626]},"properties":{"name":"Vrčin","band":0,"modes":"bus","arr":["303"],"off":[0,-0.8]}},{"type":"Feature","geometry":{"type":"Point","coordinates":[20.596041,44.671626]},"properties":{"line":"303","mode":"bus","color":"#0059a9","colorDark":"#00294f","band":0,"off":[0,1.1]}},{"type":"Feature","geometry":{"type":"Point","coordinates":[20.659016,44.738651]},"properties":{"name":"Ritopek","band":0,"modes":"bus","arr":["304","304N","304Nb"],"off":[0,-0.8]}},{"type":"Feature","geometry":{"type":"Point","coordinates":[20.659016,44.738651]},"properties":{"line":"304","mode":"bus","color":"#0059a9","colorDark":"#00294f","band":0,"off":[-3.4,1.1]}},{"type":"Feature","geometry":{"type":"Point","coordinates":[20.659016,44.738651]},"properties":{"line":"304N","mode":"bus","color":"#0059a9","colorDark":"#00294f","band":0,"off":[0,1.1]}},{"type":"Feature","geometry":{"type":"Point","coordinates":[20.659016,44.738651]},"properties":{"line":"304Nb","mode":"bus","color":"#0059a9","colorDark":"#00294f","band":0,"off":[3.4,1.1]}},{"type":"Feature","geometry":{"type":"Point","coordinates":[20.610752,44.767116]},"properties":{"name":"Vinča","band":0,"modes":"bus","arr":["307","307N","307Na"],"off":[0,-0.8]}},{"type":"Feature","geometry":{"type":"Point","coordinates":[20.610752,44.767116]},"properties":{"line":"307","mode":"bus","color":"#0059a9","colorDark":"#00294f","band":0,"off":[-3.4,1.1]}},{"type":"Feature","geometry":{"type":"Point","coordinates":[20.610752,44.767116]},"properties":{"line":"307N","mode":"bus","color":"#0059a9","colorDark":"#00294f","band":0,"off":[0,1.1]}},{"type":"Feature","geometry":{"type":"Point","coordinates":[20.610752,44.767116]},"properties":{"line":"307Na","mode":"bus","color":"#0059a9","colorDark":"#00294f","band":0,"off":[3.4,1.1]}},{"type":"Feature","geometry":{"type":"Point","coordinates":[20.57551,44.730423]},"properties":{"name":"Leštane","band":0,"modes":"bus","arr":["306","306b","306v"],"off":[0,-0.8]}},{"type":"Feature","geometry":{"type":"Point","coordinates":[20.57551,44.730423]},"properties":{"line":"306","mode":"bus","color":"#0059a9","colorDark":"#00294f","band":0,"off":[-3.4,1.1]}},{"type":"Feature","geometry":{"type":"Point","coordinates":[20.57551,44.730423]},"properties":{"line":"306b","mode":"bus","color":"#0059a9","colorDark":"#00294f","band":0,"off":[0,1.1]}},{"type":"Feature","geometry":{"type":"Point","coordinates":[20.57551,44.730423]},"properties":{"line":"306v","mode":"bus","color":"#0059a9","colorDark":"#00294f","band":0,"off":[3.4,1.1]}},{"type":"Feature","geometry":{"type":"Point","coordinates":[20.546664,44.736602]},"properties":{"name":"Bubanj potok","band":0,"modes":"bus","arr":["306a"],"off":[0,-0.8]}},{"type":"Feature","geometry":{"type":"Point","coordinates":[20.546664,44.736602]},"properties":{"line":"306a","mode":"bus","color":"#0059a9","colorDark":"#00294f","band":0,"off":[0,1.1]}},{"type":"Feature","geometry":{"type":"Point","coordinates":[20.552922,44.755236]},"properties":{"name":"Kaluđerica (Višnjićeva)","band":0,"modes":"bus","arr":["309L"],"off":[0,-0.8]}},{"type":"Feature","geometry":{"type":"Point","coordinates":[20.552922,44.755236]},"properties":{"line":"309L","mode":"bus","color":"#0059a9","colorDark":"#00294f","band":0,"off":[0,1.1]}},{"type":"Feature","geometry":{"type":"Point","coordinates":[20.531076,44.774074]},"properties":{"name":"Mali mokri lug (crkva)","band":0,"modes":"bus","arr":["310"],"off":[0,-0.8]}},{"type":"Feature","geometry":{"type":"Point","coordinates":[20.531076,44.774074]},"properties":{"line":"310","mode":"bus","color":"#0059a9","colorDark":"#00294f","band":0,"off":[0,1.1]}},{"type":"Feature","geometry":{"type":"Point","coordinates":[20.583078,44.719546]},"properties":{"name":"Leštane (Ravan)","band":0,"modes":"bus","arr":["311"],"off":[0,-0.8]}},{"type":"Feature","geometry":{"type":"Point","coordinates":[20.583078,44.719546]},"properties":{"line":"311","mode":"bus","color":"#0059a9","colorDark":"#00294f","band":0,"off":[0,1.1]}},{"type":"Feature","geometry":{"type":"Point","coordinates":[20.525444,44.760418]},"properties":{"name":"M.Z. VML","band":0,"modes":"bus","arr":["312"],"off":[0,-0.8]}},{"type":"Feature","geometry":{"type":"Point","coordinates":[20.525444,44.760418]},"properties":{"line":"312","mode":"bus","color":"#0059a9","colorDark":"#00294f","band":0,"off":[0,1.1]}},{"type":"Feature","geometry":{"type":"Point","coordinates":[20.47084,44.695858]},"properties":{"name":"Pinosava","band":0,"modes":"bus","arr":["401","401a","401N"],"off":[0,-0.8]}},{"type":"Feature","geometry":{"type":"Point","coordinates":[20.47084,44.695858]},"properties":{"line":"401","mode":"bus","color":"#0059a9","colorDark":"#00294f","band":0,"off":[-3.4,1.1]}},{"type":"Feature","geometry":{"type":"Point","coordinates":[20.47084,44.695858]},"properties":{"line":"401a","mode":"bus","color":"#0059a9","colorDark":"#00294f","band":0,"off":[0,1.1]}},{"type":"Feature","geometry":{"type":"Point","coordinates":[20.47084,44.695858]},"properties":{"line":"401N","mode":"bus","color":"#0059a9","colorDark":"#00294f","band":0,"off":[3.4,1.1]}},{"type":"Feature","geometry":{"type":"Point","coordinates":[20.52681,44.709256]},"properties":{"name":"Beli potok","band":0,"modes":"bus","arr":["402"],"off":[0,-0.8]}},{"type":"Feature","geometry":{"type":"Point","coordinates":[20.52681,44.709256]},"properties":{"line":"402","mode":"bus","color":"#0059a9","colorDark":"#00294f","band":0,"off":[0,1.1]}},{"type":"Feature","geometry":{"type":"Point","coordinates":[20.483945,44.760881]},"properties":{"name":"Voždovac","band":0,"modes":"bus","arr":["403","405","406","406L","407","408","409","503"],"off":[0,-0.8]}},{"type":"Feature","geometry":{"type":"Point","coordinates":[20.483945,44.760881]},"properties":{"line":"403","mode":"bus","color":"#0059a9","colorDark":"#00294f","band":0,"off":[-6.8,1.1]}},{"type":"Feature","geometry":{"type":"Point","coordinates":[20.483945,44.760881]},"properties":{"line":"405","mode":"bus","color":"#0059a9","colorDark":"#00294f","band":0,"off":[-3.4,1.1]}},{"type":"Feature","geometry":{"type":"Point","coordinates":[20.483945,44.760881]},"properties":{"line":"406","mode":"bus","color":"#0059a9","colorDark":"#00294f","band":0,"off":[0,1.1]}},{"type":"Feature","geometry":{"type":"Point","coordinates":[20.483945,44.760881]},"properties":{"line":"406L","mode":"bus","color":"#0059a9","colorDark":"#00294f","band":0,"off":[3.4,1.1]}},{"type":"Feature","geometry":{"type":"Point","coordinates":[20.483945,44.760881]},"properties":{"line":"407","mode":"bus","color":"#0059a9","colorDark":"#00294f","band":0,"off":[6.8,1.1]}},{"type":"Feature","geometry":{"type":"Point","coordinates":[20.483945,44.760881]},"properties":{"line":"408","mode":"bus","color":"#0059a9","colorDark":"#00294f","band":0,"off":[-3.4,3.1]}},{"type":"Feature","geometry":{"type":"Point","coordinates":[20.483945,44.760881]},"properties":{"line":"409","mode":"bus","color":"#0059a9","colorDark":"#00294f","band":0,"off":[0,3.1]}},{"type":"Feature","geometry":{"type":"Point","coordinates":[20.483945,44.760881]},"properties":{"line":"503","mode":"bus","color":"#0059a9","colorDark":"#00294f","band":0,"off":[3.4,3.1]}},{"type":"Feature","geometry":{"type":"Point","coordinates":[20.540065,44.696947]},"properties":{"name":"Zuce","band":0,"modes":"bus","arr":["403"],"off":[0,-0.8]}},{"type":"Feature","geometry":{"type":"Point","coordinates":[20.540065,44.696947]},"properties":{"line":"403","mode":"bus","color":"#0059a9","colorDark":"#00294f","band":0,"off":[0,1.1]}},{"type":"Feature","geometry":{"type":"Point","coordinates":[20.474515,44.657537]},"properties":{"name":"Bela reka","band":0,"modes":"bus","arr":["404","407","407L"],"off":[0,-0.8]}},{"type":"Feature","geometry":{"type":"Point","coordinates":[20.474515,44.657537]},"properties":{"line":"404","mode":"bus","color":"#0059a9","colorDark":"#00294f","band":0,"off":[-3.4,1.1]}},{"type":"Feature","geometry":{"type":"Point","coordinates":[20.474515,44.657537]},"properties":{"line":"407","mode":"bus","color":"#0059a9","colorDark":"#00294f","band":0,"off":[0,1.1]}},{"type":"Feature","geometry":{"type":"Point","coordinates":[20.474515,44.657537]},"properties":{"line":"407L","mode":"bus","color":"#0059a9","colorDark":"#00294f","band":0,"off":[3.4,1.1]}},{"type":"Feature","geometry":{"type":"Point","coordinates":[20.555784,44.608664]},"properties":{"name":"Trešnja /okretnica/","band":0,"modes":"bus","arr":["404"],"off":[0,-0.8]}},{"type":"Feature","geometry":{"type":"Point","coordinates":[20.555784,44.608664]},"properties":{"line":"404","mode":"bus","color":"#0059a9","colorDark":"#00294f","band":0,"off":[0,1.1]}},{"type":"Feature","geometry":{"type":"Point","coordinates":[20.45504,44.615207]},"properties":{"name":"Glumčevo brdo","band":0,"modes":"bus","arr":["405","405L"],"off":[0,-0.8]}},{"type":"Feature","geometry":{"type":"Point","coordinates":[20.45504,44.615207]},"properties":{"line":"405","mode":"bus","color":"#0059a9","colorDark":"#00294f","band":0,"off":[-1.7,1.1]}},{"type":"Feature","geometry":{"type":"Point","coordinates":[20.45504,44.615207]},"properties":{"line":"405L","mode":"bus","color":"#0059a9","colorDark":"#00294f","band":0,"off":[1.7,1.1]}},{"type":"Feature","geometry":{"type":"Point","coordinates":[20.490872,44.704443]},"properties":{"name":"Institut Jaroslav Černi","band":0,"modes":"bus","arr":["406"],"off":[0,-0.8]}},{"type":"Feature","geometry":{"type":"Point","coordinates":[20.490872,44.704443]},"properties":{"line":"406","mode":"bus","color":"#0059a9","colorDark":"#00294f","band":0,"off":[0,1.1]}},{"type":"Feature","geometry":{"type":"Point","coordinates":[20.519764,44.711887]},"properties":{"name":"Beli potok (Igralište)","band":0,"modes":"bus","arr":["406L"],"off":[0,-0.8]}},{"type":"Feature","geometry":{"type":"Point","coordinates":[20.519764,44.711887]},"properties":{"line":"406L","mode":"bus","color":"#0059a9","colorDark":"#00294f","band":0,"off":[0,1.1]}},{"type":"Feature","geometry":{"type":"Point","coordinates":[20.428827,44.642392]},"properties":{"name":"Trebež (okretnica)","band":0,"modes":"bus","arr":["407L"],"off":[0,-0.8]}},{"type":"Feature","geometry":{"type":"Point","coordinates":[20.428827,44.642392]},"properties":{"line":"407L","mode":"bus","color":"#0059a9","colorDark":"#00294f","band":0,"off":[0,1.1]}},{"type":"Feature","geometry":{"type":"Point","coordinates":[20.581059,44.560483]},"properties":{"name":"Ralja /Drumine/","band":0,"modes":"bus","arr":["408"],"off":[0,-0.8]}},{"type":"Feature","geometry":{"type":"Point","coordinates":[20.581059,44.560483]},"properties":{"line":"408","mode":"bus","color":"#0059a9","colorDark":"#00294f","band":0,"off":[0,1.1]}},{"type":"Feature","geometry":{"type":"Point","coordinates":[20.413313,44.805723]},"properties":{"name":"BAS","band":0,"modes":"bus","arr":["493N"],"off":[0,-0.8]}},{"type":"Feature","geometry":{"type":"Point","coordinates":[20.413313,44.805723]},"properties":{"line":"493N","mode":"bus","color":"#0059a9","colorDark":"#00294f","band":0,"off":[0,1.1]}},{"type":"Feature","geometry":{"type":"Point","coordinates":[20.69215,44.439837]},"properties":{"name":"Mladenovac AS","band":0,"modes":"bus","arr":["493N"],"off":[0,-0.8]}},{"type":"Feature","geometry":{"type":"Point","coordinates":[20.69215,44.439837]},"properties":{"line":"493N","mode":"bus","color":"#0059a9","colorDark":"#00294f","band":0,"off":[0,1.1]}},{"type":"Feature","geometry":{"type":"Point","coordinates":[20.428177,44.715085]},"properties":{"name":"Staro Kijevo","band":0,"modes":"bus","arr":["501"],"off":[0,-0.8]}},{"type":"Feature","geometry":{"type":"Point","coordinates":[20.428177,44.715085]},"properties":{"line":"501","mode":"bus","color":"#0059a9","colorDark":"#00294f","band":0,"off":[0,1.1]}},{"type":"Feature","geometry":{"type":"Point","coordinates":[20.412509,44.709505]},"properties":{"name":"Orlovača groblje","band":0,"modes":"bus","arr":["502","533"],"off":[0,-0.8]}},{"type":"Feature","geometry":{"type":"Point","coordinates":[20.412509,44.709505]},"properties":{"line":"502","mode":"bus","color":"#0059a9","colorDark":"#00294f","band":0,"off":[-1.7,1.1]}},{"type":"Feature","geometry":{"type":"Point","coordinates":[20.412509,44.709505]},"properties":{"line":"533","mode":"bus","color":"#0059a9","colorDark":"#00294f","band":0,"off":[1.7,1.1]}},{"type":"Feature","geometry":{"type":"Point","coordinates":[20.46916,44.728251]},"properties":{"name":"Miljakovačke livade","band":0,"modes":"bus","arr":["505"],"off":[0,-0.8]}},{"type":"Feature","geometry":{"type":"Point","coordinates":[20.46916,44.728251]},"properties":{"line":"505","mode":"bus","color":"#0059a9","colorDark":"#00294f","band":0,"off":[0,1.1]}},{"type":"Feature","geometry":{"type":"Point","coordinates":[20.461006,44.69693]},"properties":{"name":"Resnik (Patin majdan)","band":0,"modes":"bus","arr":["506"],"off":[0,-0.8]}},{"type":"Feature","geometry":{"type":"Point","coordinates":[20.461006,44.69693]},"properties":{"line":"506","mode":"bus","color":"#0059a9","colorDark":"#00294f","band":0,"off":[0,1.1]}},{"type":"Feature","geometry":{"type":"Point","coordinates":[20.441432,44.690078]},"properties":{"name":"Oslobođenja 2","band":0,"modes":"bus","arr":["532","532a"],"off":[0,-0.8]}},{"type":"Feature","geometry":{"type":"Point","coordinates":[20.441432,44.690078]},"properties":{"line":"532","mode":"bus","color":"#0059a9","colorDark":"#00294f","band":0,"off":[-1.7,1.1]}},{"type":"Feature","geometry":{"type":"Point","coordinates":[20.441432,44.690078]},"properties":{"line":"532a","mode":"bus","color":"#0059a9","colorDark":"#00294f","band":0,"off":[1.7,1.1]}},{"type":"Feature","geometry":{"type":"Point","coordinates":[20.4464,44.675378]},"properties":{"name":"Rušanj (Drobnjački kraj)","band":0,"modes":"bus","arr":["507"],"off":[0,-0.8]}},{"type":"Feature","geometry":{"type":"Point","coordinates":[20.4464,44.675378]},"properties":{"line":"507","mode":"bus","color":"#0059a9","colorDark":"#00294f","band":0,"off":[0,1.1]}},{"type":"Feature","geometry":{"type":"Point","coordinates":[20.403913,44.650511]},"properties":{"name":"Sremčica","band":0,"modes":"bus","arr":["511","511N","511Na","551"],"off":[0,-0.8]}},{"type":"Feature","geometry":{"type":"Point","coordinates":[20.403913,44.650511]},"properties":{"line":"511","mode":"bus","color":"#0059a9","colorDark":"#00294f","band":0,"off":[-5.1,1.1]}},{"type":"Feature","geometry":{"type":"Point","coordinates":[20.403913,44.650511]},"properties":{"line":"511N","mode":"bus","color":"#0059a9","colorDark":"#00294f","band":0,"off":[-1.7,1.1]}},{"type":"Feature","geometry":{"type":"Point","coordinates":[20.403913,44.650511]},"properties":{"line":"511Na","mode":"bus","color":"#0059a9","colorDark":"#00294f","band":0,"off":[1.7,1.1]}},{"type":"Feature","geometry":{"type":"Point","coordinates":[20.403913,44.650511]},"properties":{"line":"551","mode":"bus","color":"#0059a9","colorDark":"#00294f","band":0,"off":[5.1,1.1]}},{"type":"Feature","geometry":{"type":"Point","coordinates":[20.384755,44.689187]},"properties":{"name":"Sremčica /Naselje Gorica/","band":0,"modes":"bus","arr":["512","513"],"off":[0,-0.8]}},{"type":"Feature","geometry":{"type":"Point","coordinates":[20.384755,44.689187]},"properties":{"line":"512","mode":"bus","color":"#0059a9","colorDark":"#00294f","band":0,"off":[-1.7,1.1]}},{"type":"Feature","geometry":{"type":"Point","coordinates":[20.384755,44.689187]},"properties":{"line":"513","mode":"bus","color":"#0059a9","colorDark":"#00294f","band":0,"off":[1.7,1.1]}},{"type":"Feature","geometry":{"type":"Point","coordinates":[20.360697,44.674069]},"properties":{"name":"Velika Moštanica (Živojina Tabakovića)","band":0,"modes":"bus","arr":["513"],"off":[0,-0.8]}},{"type":"Feature","geometry":{"type":"Point","coordinates":[20.360697,44.674069]},"properties":{"line":"513","mode":"bus","color":"#0059a9","colorDark":"#00294f","band":0,"off":[0,1.1]}},{"type":"Feature","geometry":{"type":"Point","coordinates":[20.378748,44.713028]},"properties":{"name":"Železnik /Tariš/","band":0,"modes":"bus","arr":["521","521a"],"off":[0,-0.8]}},{"type":"Feature","geometry":{"type":"Point","coordinates":[20.378748,44.713028]},"properties":{"line":"521","mode":"bus","color":"#0059a9","colorDark":"#00294f","band":0,"off":[-1.7,1.1]}},{"type":"Feature","geometry":{"type":"Point","coordinates":[20.378748,44.713028]},"properties":{"line":"521a","mode":"bus","color":"#0059a9","colorDark":"#00294f","band":0,"off":[1.7,1.1]}},{"type":"Feature","geometry":{"type":"Point","coordinates":[20.521966,44.64789]},"properties":{"name":"Ripanj /groblje/","band":0,"modes":"bus","arr":["534"],"off":[0,-0.8]}},{"type":"Feature","geometry":{"type":"Point","coordinates":[20.521966,44.64789]},"properties":{"line":"534","mode":"bus","color":"#0059a9","colorDark":"#00294f","band":0,"off":[0,1.1]}},{"type":"Feature","geometry":{"type":"Point","coordinates":[20.315068,44.655913]},"properties":{"name":"Rucka /Okretnica/","band":0,"modes":"bus","arr":["553"],"off":[0,-0.8]}},{"type":"Feature","geometry":{"type":"Point","coordinates":[20.315068,44.655913]},"properties":{"line":"553","mode":"bus","color":"#0059a9","colorDark":"#00294f","band":0,"off":[0,1.1]}},{"type":"Feature","geometry":{"type":"Point","coordinates":[20.264269,44.379068]},"properties":{"name":"Lazarevac AS","band":0,"modes":"bus","arr":["581N"],"off":[0,-0.8]}},{"type":"Feature","geometry":{"type":"Point","coordinates":[20.264269,44.379068]},"properties":{"line":"581N","mode":"bus","color":"#0059a9","colorDark":"#00294f","band":0,"off":[0,1.1]}},{"type":"Feature","geometry":{"type":"Point","coordinates":[20.26962,44.790873]},"properties":{"name":"Surčin /centar/","band":0,"modes":"bus","arr":["601N","601Na"],"off":[0,-0.8]}},{"type":"Feature","geometry":{"type":"Point","coordinates":[20.26962,44.790873]},"properties":{"line":"601N","mode":"bus","color":"#0059a9","colorDark":"#00294f","band":0,"off":[-1.7,1.1]}},{"type":"Feature","geometry":{"type":"Point","coordinates":[20.26962,44.790873]},"properties":{"line":"601Na","mode":"bus","color":"#0059a9","colorDark":"#00294f","band":0,"off":[1.7,1.1]}},{"type":"Feature","geometry":{"type":"Point","coordinates":[20.249578,44.780884]},"properties":{"name":"Surčin","band":0,"modes":"bus","arr":["601","606"],"off":[0,-0.8]}},{"type":"Feature","geometry":{"type":"Point","coordinates":[20.249578,44.780884]},"properties":{"line":"601","mode":"bus","color":"#0059a9","colorDark":"#00294f","band":0,"off":[-1.7,1.1]}},{"type":"Feature","geometry":{"type":"Point","coordinates":[20.249578,44.780884]},"properties":{"line":"606","mode":"bus","color":"#0059a9","colorDark":"#00294f","band":0,"off":[1.7,1.1]}},{"type":"Feature","geometry":{"type":"Point","coordinates":[20.270579,44.745327]},"properties":{"name":"Jakovo","band":0,"modes":"bus","arr":["610","610e","610ea"],"off":[0,-0.8]}},{"type":"Feature","geometry":{"type":"Point","coordinates":[20.270579,44.745327]},"properties":{"line":"610","mode":"bus","color":"#0059a9","colorDark":"#00294f","band":0,"off":[-3.4,1.1]}},{"type":"Feature","geometry":{"type":"Point","coordinates":[20.270579,44.745327]},"properties":{"line":"610e","mode":"bus","color":"#0059a9","colorDark":"#00294f","band":0,"off":[0,1.1]}},{"type":"Feature","geometry":{"type":"Point","coordinates":[20.270579,44.745327]},"properties":{"line":"610ea","mode":"bus","color":"#0059a9","colorDark":"#00294f","band":0,"off":[3.4,1.1]}},{"type":"Feature","geometry":{"type":"Point","coordinates":[20.231756,44.787999]},"properties":{"name":"SRC Surčin","band":0,"modes":"bus","arr":["602"],"off":[0,-0.8]}},{"type":"Feature","geometry":{"type":"Point","coordinates":[20.231756,44.787999]},"properties":{"line":"602","mode":"bus","color":"#0059a9","colorDark":"#00294f","band":0,"off":[0,1.1]}},{"type":"Feature","geometry":{"type":"Point","coordinates":[20.18001,44.878025]},"properties":{"name":"Ugrinovci","band":0,"modes":"bus","arr":["603","603N","603Na","703","711"],"off":[0,-0.8]}},{"type":"Feature","geometry":{"type":"Point","coordinates":[20.18001,44.878025]},"properties":{"line":"603","mode":"bus","color":"#0059a9","colorDark":"#00294f","band":0,"off":[-6.8,1.1]}},{"type":"Feature","geometry":{"type":"Point","coordinates":[20.18001,44.878025]},"properties":{"line":"603N","mode":"bus","color":"#0059a9","colorDark":"#00294f","band":0,"off":[-3.4,1.1]}},{"type":"Feature","geometry":{"type":"Point","coordinates":[20.18001,44.878025]},"properties":{"line":"603Na","mode":"bus","color":"#0059a9","colorDark":"#00294f","band":0,"off":[0,1.1]}},{"type":"Feature","geometry":{"type":"Point","coordinates":[20.18001,44.878025]},"properties":{"line":"703","mode":"bus","color":"#0059a9","colorDark":"#00294f","band":0,"off":[3.4,1.1]}},{"type":"Feature","geometry":{"type":"Point","coordinates":[20.18001,44.878025]},"properties":{"line":"711","mode":"bus","color":"#0059a9","colorDark":"#00294f","band":0,"off":[6.8,1.1]}},{"type":"Feature","geometry":{"type":"Point","coordinates":[20.100824,44.806024]},"properties":{"name":"Preka kaldrma","band":0,"modes":"bus","arr":["604"],"off":[0,-0.8]}},{"type":"Feature","geometry":{"type":"Point","coordinates":[20.100824,44.806024]},"properties":{"line":"604","mode":"bus","color":"#0059a9","colorDark":"#00294f","band":0,"off":[0,1.1]}},{"type":"Feature","geometry":{"type":"Point","coordinates":[20.149697,44.718214]},"properties":{"name":"Progar","band":0,"modes":"bus","arr":["605"],"off":[0,-0.8]}},{"type":"Feature","geometry":{"type":"Point","coordinates":[20.149697,44.718214]},"properties":{"line":"605","mode":"bus","color":"#0059a9","colorDark":"#00294f","band":0,"off":[0,1.1]}},{"type":"Feature","geometry":{"type":"Point","coordinates":[20.147378,44.855457]},"properties":{"name":"Grmovac /25.nova/","band":0,"modes":"bus","arr":["606"],"off":[0,-0.8]}},{"type":"Feature","geometry":{"type":"Point","coordinates":[20.147378,44.855457]},"properties":{"line":"606","mode":"bus","color":"#0059a9","colorDark":"#00294f","band":0,"off":[0,1.1]}},{"type":"Feature","geometry":{"type":"Point","coordinates":[20.235947,44.836478]},"properties":{"name":"Dobanovci /groblje/","band":0,"modes":"bus","arr":["611"],"off":[0,-0.8]}},{"type":"Feature","geometry":{"type":"Point","coordinates":[20.235947,44.836478]},"properties":{"line":"611","mode":"bus","color":"#0059a9","colorDark":"#00294f","band":0,"off":[0,1.1]}},{"type":"Feature","geometry":{"type":"Point","coordinates":[20.298983,44.830981]},"properties":{"name":"Radiofar","band":0,"modes":"bus","arr":["613"],"off":[0,-0.8]}},{"type":"Feature","geometry":{"type":"Point","coordinates":[20.298983,44.830981]},"properties":{"line":"613","mode":"bus","color":"#0059a9","colorDark":"#00294f","band":0,"off":[0,1.1]}},{"type":"Feature","geometry":{"type":"Point","coordinates":[20.27122,44.915497]},"properties":{"name":"Batajnica","band":0,"modes":"bus","arr":["706","706N"],"off":[0,-0.8]}},{"type":"Feature","geometry":{"type":"Point","coordinates":[20.27122,44.915497]},"properties":{"line":"706","mode":"bus","color":"#0059a9","colorDark":"#00294f","band":0,"off":[-1.7,1.1]}},{"type":"Feature","geometry":{"type":"Point","coordinates":[20.27122,44.915497]},"properties":{"line":"706N","mode":"bus","color":"#0059a9","colorDark":"#00294f","band":0,"off":[1.7,1.1]}},{"type":"Feature","geometry":{"type":"Point","coordinates":[20.213903,44.90121]},"properties":{"name":"Busije/terminus/","band":0,"modes":"bus","arr":["702"],"off":[0,-0.8]}},{"type":"Feature","geometry":{"type":"Point","coordinates":[20.213903,44.90121]},"properties":{"line":"702","mode":"bus","color":"#0059a9","colorDark":"#00294f","band":0,"off":[0,1.1]}},{"type":"Feature","geometry":{"type":"Point","coordinates":[20.319242,44.875612]},"properties":{"name":"Zemun polje","band":0,"modes":"bus","arr":["704","707","707N","708","709"],"off":[0,-0.8]}},{"type":"Feature","geometry":{"type":"Point","coordinates":[20.319242,44.875612]},"properties":{"line":"704","mode":"bus","color":"#0059a9","colorDark":"#00294f","band":0,"off":[-6.8,1.1]}},{"type":"Feature","geometry":{"type":"Point","coordinates":[20.319242,44.875612]},"properties":{"line":"707","mode":"bus","color":"#0059a9","colorDark":"#00294f","band":0,"off":[-3.4,1.1]}},{"type":"Feature","geometry":{"type":"Point","coordinates":[20.319242,44.875612]},"properties":{"line":"707N","mode":"bus","color":"#0059a9","colorDark":"#00294f","band":0,"off":[0,1.1]}},{"type":"Feature","geometry":{"type":"Point","coordinates":[20.319242,44.875612]},"properties":{"line":"708","mode":"bus","color":"#0059a9","colorDark":"#00294f","band":0,"off":[3.4,1.1]}},{"type":"Feature","geometry":{"type":"Point","coordinates":[20.319242,44.875612]},"properties":{"line":"709","mode":"bus","color":"#0059a9","colorDark":"#00294f","band":0,"off":[6.8,1.1]}},{"type":"Feature","geometry":{"type":"Point","coordinates":[20.342664,44.88587]},"properties":{"name":"13. maj","band":0,"modes":"bus","arr":["705"],"off":[0,-0.8]}},{"type":"Feature","geometry":{"type":"Point","coordinates":[20.342664,44.88587]},"properties":{"line":"705","mode":"bus","color":"#0059a9","colorDark":"#00294f","band":0,"off":[0,1.1]}},{"type":"Feature","geometry":{"type":"Point","coordinates":[20.244993,44.927249]},"properties":{"name":"Aerodrom Batajnica","band":0,"modes":"bus","arr":["706E"],"off":[0,-0.8]}},{"type":"Feature","geometry":{"type":"Point","coordinates":[20.244993,44.927249]},"properties":{"line":"706E","mode":"bus","color":"#0059a9","colorDark":"#00294f","band":0,"off":[0,1.1]}},{"type":"Feature","geometry":{"type":"Point","coordinates":[20.197027,44.655786]},"properties":{"name":"Obrenovac AS","band":0,"modes":"bus","arr":["860N"],"off":[0,-0.8]}},{"type":"Feature","geometry":{"type":"Point","coordinates":[20.197027,44.655786]},"properties":{"line":"860N","mode":"bus","color":"#0059a9","colorDark":"#00294f","band":0,"off":[0,1.1]}},{"type":"Feature","geometry":{"type":"Point","coordinates":[20.449452,44.819237]},"properties":{"name":"Pristanište Ka Bloku 45","band":0,"modes":"tram","arr":["2","2L"],"off":[0,-0.8]}},{"type":"Feature","geometry":{"type":"Point","coordinates":[20.449452,44.819237]},"properties":{"name":"Pristanište 1","band":0,"modes":"tram","arr":["2","2L"],"off":[0,-3]}},{"type":"Feature","geometry":{"type":"Point","coordinates":[20.449452,44.819237]},"properties":{"name":"Pristanište","band":0,"modes":"tram","arr":["2","2L"],"off":[0,-4.1]}},{"type":"Feature","geometry":{"type":"Point","coordinates":[20.449452,44.819237]},"properties":{"line":"2","mode":"tram","color":"#d6212b","colorDark":"#7c1116","band":0,"off":[-1.7,1.1]}},{"type":"Feature","geometry":{"type":"Point","coordinates":[20.449452,44.819237]},"properties":{"line":"2L","mode":"tram","color":"#d6212b","colorDark":"#7c1116","band":0,"off":[1.7,1.1]}},{"type":"Feature","geometry":{"type":"Point","coordinates":[20.453246,44.825372]},"properties":{"name":"Kalemegdan (Donji grad)","band":0,"modes":"tram","arr":["5","10","11"],"off":[0,-0.8]}},{"type":"Feature","geometry":{"type":"Point","coordinates":[20.453246,44.825372]},"properties":{"line":"5","mode":"tram","color":"#d6212b","colorDark":"#7c1116","band":0,"off":[-3.4,1.1]}},{"type":"Feature","geometry":{"type":"Point","coordinates":[20.453246,44.825372]},"properties":{"line":"10","mode":"tram","color":"#d6212b","colorDark":"#7c1116","band":0,"off":[0,1.1]}},{"type":"Feature","geometry":{"type":"Point","coordinates":[20.453246,44.825372]},"properties":{"line":"11","mode":"tram","color":"#d6212b","colorDark":"#7c1116","band":0,"off":[3.4,1.1]}},{"type":"Feature","geometry":{"type":"Point","coordinates":[20.470307,44.809552]},"properties":{"name":"Tašmajdan /park/","band":0,"modes":"tram","arr":["6"],"off":[0,-0.8]}},{"type":"Feature","geometry":{"type":"Point","coordinates":[20.470307,44.809552]},"properties":{"line":"6","mode":"tram","color":"#d6212b","colorDark":"#7c1116","band":0,"off":[0,1.1]}},{"type":"Feature","geometry":{"type":"Point","coordinates":[20.478033,44.757229]},"properties":{"name":"Banjica","band":0,"modes":"tram","arr":["9L","10","14"],"off":[0,-0.8]}},{"type":"Feature","geometry":{"type":"Point","coordinates":[20.478033,44.757229]},"properties":{"line":"9L","mode":"tram","color":"#d6212b","colorDark":"#7c1116","band":0,"off":[-3.4,1.1]}},{"type":"Feature","geometry":{"type":"Point","coordinates":[20.478033,44.757229]},"properties":{"line":"10","mode":"tram","color":"#d6212b","colorDark":"#7c1116","band":0,"off":[0,1.1]}},{"type":"Feature","geometry":{"type":"Point","coordinates":[20.478033,44.757229]},"properties":{"line":"14","mode":"tram","color":"#d6212b","colorDark":"#7c1116","band":0,"off":[3.4,1.1]}},{"type":"Feature","geometry":{"type":"Point","coordinates":[20.456189,44.829837]},"properties":{"name":"Dorćol /SRC Milan Gale Muškatirović/","band":1,"modes":"bus","arr":["2A","24","79","EKO2"],"off":[0,-0.8]}},{"type":"Feature","geometry":{"type":"Point","coordinates":[20.456189,44.829837]},"properties":{"line":"2A","mode":"bus","color":"#0059a9","colorDark":"#00294f","band":1,"off":[-5.1,1.1]}},{"type":"Feature","geometry":{"type":"Point","coordinates":[20.456189,44.829837]},"properties":{"line":"24","mode":"bus","color":"#0059a9","colorDark":"#00294f","band":1,"off":[-1.7,1.1]}},{"type":"Feature","geometry":{"type":"Point","coordinates":[20.456189,44.829837]},"properties":{"line":"79","mode":"bus","color":"#0059a9","colorDark":"#00294f","band":1,"off":[1.7,1.1]}},{"type":"Feature","geometry":{"type":"Point","coordinates":[20.456189,44.829837]},"properties":{"line":"EKO2","mode":"bus","color":"#0059a9","colorDark":"#00294f","band":1,"off":[5.1,1.1]}},{"type":"Feature","geometry":{"type":"Point","coordinates":[20.444641,44.801044]},"properties":{"name":"TC Galerija","band":1,"modes":"bus","arr":["3A","46","51","91","91a","92","511","551","553","601","EKO2"],"off":[0,-0.8]}},{"type":"Feature","geometry":{"type":"Point","coordinates":[20.444641,44.801044]},"properties":{"name":"Beograd na vodi","band":1,"modes":"bus","arr":["3A","46","51","91","91a","92","511","551","553","601","EKO2"],"off":[0,-1.9]}},{"type":"Feature","geometry":{"type":"Point","coordinates":[20.444641,44.801044]},"properties":{"line":"3A","mode":"bus","color":"#0059a9","colorDark":"#00294f","band":1,"off":[-6.8,1.1]}},{"type":"Feature","geometry":{"type":"Point","coordinates":[20.444641,44.801044]},"properties":{"line":"46","mode":"bus","color":"#0059a9","colorDark":"#00294f","band":1,"off":[-3.4,1.1]}},{"type":"Feature","geometry":{"type":"Point","coordinates":[20.444641,44.801044]},"properties":{"line":"51","mode":"bus","color":"#0059a9","colorDark":"#00294f","band":1,"off":[0,1.1]}},{"type":"Feature","geometry":{"type":"Point","coordinates":[20.444641,44.801044]},"properties":{"line":"91","mode":"bus","color":"#0059a9","colorDark":"#00294f","band":1,"off":[3.4,1.1]}},{"type":"Feature","geometry":{"type":"Point","coordinates":[20.444641,44.801044]},"properties":{"line":"91a","mode":"bus","color":"#0059a9","colorDark":"#00294f","band":1,"off":[6.8,1.1]}},{"type":"Feature","geometry":{"type":"Point","coordinates":[20.444641,44.801044]},"properties":{"line":"92","mode":"bus","color":"#0059a9","colorDark":"#00294f","band":1,"off":[-6.8,3.1]}},{"type":"Feature","geometry":{"type":"Point","coordinates":[20.444641,44.801044]},"properties":{"line":"511","mode":"bus","color":"#0059a9","colorDark":"#00294f","band":1,"off":[-3.4,3.1]}},{"type":"Feature","geometry":{"type":"Point","coordinates":[20.444641,44.801044]},"properties":{"line":"551","mode":"bus","color":"#0059a9","colorDark":"#00294f","band":1,"off":[0,3.1]}},{"type":"Feature","geometry":{"type":"Point","coordinates":[20.444641,44.801044]},"properties":{"line":"553","mode":"bus","color":"#0059a9","colorDark":"#00294f","band":1,"off":[3.4,3.1]}},{"type":"Feature","geometry":{"type":"Point","coordinates":[20.444641,44.801044]},"properties":{"line":"601","mode":"bus","color":"#0059a9","colorDark":"#00294f","band":1,"off":[6.8,3.1]}},{"type":"Feature","geometry":{"type":"Point","coordinates":[20.444641,44.801044]},"properties":{"line":"EKO2","mode":"bus","color":"#0059a9","colorDark":"#00294f","band":1,"off":[0,5.1]}},{"type":"Feature","geometry":{"type":"Point","coordinates":[20.432407,44.734385]},"properties":{"name":"Kneževac","band":1,"modes":"bus","arr":["3A","37","37N","507"],"off":[0,-0.8]}},{"type":"Feature","geometry":{"type":"Point","coordinates":[20.432407,44.734385]},"properties":{"line":"3A","mode":"bus","color":"#0059a9","colorDark":"#00294f","band":1,"off":[-5.1,1.1]}},{"type":"Feature","geometry":{"type":"Point","coordinates":[20.432407,44.734385]},"properties":{"line":"37","mode":"bus","color":"#0059a9","colorDark":"#00294f","band":1,"off":[-1.7,1.1]}},{"type":"Feature","geometry":{"type":"Point","coordinates":[20.432407,44.734385]},"properties":{"line":"37N","mode":"bus","color":"#0059a9","colorDark":"#00294f","band":1,"off":[1.7,1.1]}},{"type":"Feature","geometry":{"type":"Point","coordinates":[20.432407,44.734385]},"properties":{"line":"507","mode":"bus","color":"#0059a9","colorDark":"#00294f","band":1,"off":[5.1,1.1]}},{"type":"Feature","geometry":{"type":"Point","coordinates":[20.374565,44.793427]},"properties":{"name":"Blok 45","band":1,"modes":"tram,bus","arr":["7L","9A","9L","11","13","73","94","95","95N","604","605","E6"],"off":[0,-0.8]}},{"type":"Feature","geometry":{"type":"Point","coordinates":[20.374565,44.793427]},"properties":{"line":"7L","mode":"tram","color":"#d6212b","colorDark":"#7c1116","band":1,"off":[-6.8,1.1]}},{"type":"Feature","geometry":{"type":"Point","coordinates":[20.374565,44.793427]},"properties":{"line":"9A","mode":"bus","color":"#0059a9","colorDark":"#00294f","band":1,"off":[-3.4,1.1]}},{"type":"Feature","geometry":{"type":"Point","coordinates":[20.374565,44.793427]},"properties":{"line":"9L","mode":"tram","color":"#d6212b","colorDark":"#7c1116","band":1,"off":[0,1.1]}},{"type":"Feature","geometry":{"type":"Point","coordinates":[20.374565,44.793427]},"properties":{"line":"11","mode":"tram","color":"#d6212b","colorDark":"#7c1116","band":1,"off":[3.4,1.1]}},{"type":"Feature","geometry":{"type":"Point","coordinates":[20.374565,44.793427]},"properties":{"line":"13","mode":"tram","color":"#d6212b","colorDark":"#7c1116","band":1,"off":[6.8,1.1]}},{"type":"Feature","geometry":{"type":"Point","coordinates":[20.374565,44.793427]},"properties":{"line":"73","mode":"bus","color":"#0059a9","colorDark":"#00294f","band":1,"off":[-6.8,3.1]}},{"type":"Feature","geometry":{"type":"Point","coordinates":[20.374565,44.793427]},"properties":{"line":"94","mode":"bus","color":"#0059a9","colorDark":"#00294f","band":1,"off":[-3.4,3.1]}},{"type":"Feature","geometry":{"type":"Point","coordinates":[20.374565,44.793427]},"properties":{"line":"95","mode":"bus","color":"#0059a9","colorDark":"#00294f","band":1,"off":[0,3.1]}},{"type":"Feature","geometry":{"type":"Point","coordinates":[20.374565,44.793427]},"properties":{"line":"95N","mode":"bus","color":"#0059a9","colorDark":"#00294f","band":1,"off":[3.4,3.1]}},{"type":"Feature","geometry":{"type":"Point","coordinates":[20.374565,44.793427]},"properties":{"line":"604","mode":"bus","color":"#0059a9","colorDark":"#00294f","band":1,"off":[6.8,3.1]}},{"type":"Feature","geometry":{"type":"Point","coordinates":[20.374565,44.793427]},"properties":{"line":"605","mode":"bus","color":"#0059a9","colorDark":"#00294f","band":1,"off":[-1.7,5.1]}},{"type":"Feature","geometry":{"type":"Point","coordinates":[20.374565,44.793427]},"properties":{"line":"E6","mode":"bus","color":"#0059a9","colorDark":"#00294f","band":1,"off":[1.7,5.1]}},{"type":"Feature","geometry":{"type":"Point","coordinates":[20.465575,44.803055]},"properties":{"name":"Trg Slavija /Nemanjina/","band":1,"modes":"bus","arr":["19","21A","22","30","39","47","47Na","59","401","401a","402","581N","601N","860N","A1"],"off":[0,-0.8],"sc":0.94}},{"type":"Feature","geometry":{"type":"Point","coordinates":[20.465575,44.803055]},"properties":{"name":"Trg Slavija /Bulevar oslobođenja/","band":1,"modes":"bus","arr":["19","21A","22","30","39","47","47Na","59","401","401a","402","581N","601N","860N","A1"],"off":[0,-3],"sc":0.94}},{"type":"Feature","geometry":{"type":"Point","coordinates":[20.465575,44.803055]},"properties":{"name":"Trg Slavija","band":1,"modes":"bus","arr":["19","21A","22","30","39","47","47Na","59","401","401a","402","581N","601N","860N","A1"],"off":[0,-5.2],"sc":0.94}},{"type":"Feature","geometry":{"type":"Point","coordinates":[20.465575,44.803055]},"properties":{"line":"19","mode":"bus","color":"#149a3f","colorDark":"#0a5121","band":1,"sc":0.94,"off":[-6.8,1.1]}},{"type":"Feature","geometry":{"type":"Point","coordinates":[20.465575,44.803055]},"properties":{"line":"21A","mode":"bus","color":"#0059a9","colorDark":"#00294f","band":1,"sc":0.94,"off":[-3.4,1.1]}},{"type":"Feature","geometry":{"type":"Point","coordinates":[20.465575,44.803055]},"properties":{"line":"22","mode":"bus","color":"#149a3f","colorDark":"#0a5121","band":1,"sc":0.94,"off":[0,1.1]}},{"type":"Feature","geometry":{"type":"Point","coordinates":[20.465575,44.803055]},"properties":{"line":"30","mode":"bus","color":"#0059a9","colorDark":"#00294f","band":1,"sc":0.94,"off":[3.4,1.1]}},{"type":"Feature","geometry":{"type":"Point","coordinates":[20.465575,44.803055]},"properties":{"line":"39","mode":"bus","color":"#0059a9","colorDark":"#00294f","band":1,"sc":0.94,"off":[6.8,1.1]}},{"type":"Feature","geometry":{"type":"Point","coordinates":[20.465575,44.803055]},"properties":{"line":"47","mode":"bus","color":"#0059a9","colorDark":"#00294f","band":1,"sc":0.94,"off":[-6.8,3.1]}},{"type":"Feature","geometry":{"type":"Point","coordinates":[20.465575,44.803055]},"properties":{"line":"47Na","mode":"bus","color":"#0059a9","colorDark":"#00294f","band":1,"sc":0.94,"off":[-3.4,3.1]}},{"type":"Feature","geometry":{"type":"Point","coordinates":[20.465575,44.803055]},"properties":{"line":"59","mode":"bus","color":"#0059a9","colorDark":"#00294f","band":1,"sc":0.94,"off":[0,3.1]}},{"type":"Feature","geometry":{"type":"Point","coordinates":[20.465575,44.803055]},"properties":{"line":"401","mode":"bus","color":"#0059a9","colorDark":"#00294f","band":1,"sc":0.94,"off":[3.4,3.1]}},{"type":"Feature","geometry":{"type":"Point","coordinates":[20.465575,44.803055]},"properties":{"line":"401a","mode":"bus","color":"#0059a9","colorDark":"#00294f","band":1,"sc":0.94,"off":[6.8,3.1]}},{"type":"Feature","geometry":{"type":"Point","coordinates":[20.465575,44.803055]},"properties":{"line":"402","mode":"bus","color":"#0059a9","colorDark":"#00294f","band":1,"sc":0.94,"off":[-6.8,5.1]}},{"type":"Feature","geometry":{"type":"Point","coordinates":[20.465575,44.803055]},"properties":{"line":"581N","mode":"bus","color":"#0059a9","colorDark":"#00294f","band":1,"sc":0.94,"off":[-3.4,5.1]}},{"type":"Feature","geometry":{"type":"Point","coordinates":[20.465575,44.803055]},"properties":{"line":"601N","mode":"bus","color":"#0059a9","colorDark":"#00294f","band":1,"sc":0.94,"off":[0,5.1]}},{"type":"Feature","geometry":{"type":"Point","coordinates":[20.465575,44.803055]},"properties":{"line":"860N","mode":"bus","color":"#0059a9","colorDark":"#00294f","band":1,"sc":0.94,"off":[3.4,5.1]}},{"type":"Feature","geometry":{"type":"Point","coordinates":[20.465575,44.803055]},"properties":{"line":"A1","mode":"bus","color":"#0059a9","colorDark":"#00294f","band":1,"sc":0.94,"off":[6.8,5.1]}},{"type":"Feature","geometry":{"type":"Point","coordinates":[20.368757,44.841812]},"properties":{"name":"Zemun /Novi grad/","band":1,"modes":"bus","arr":["15","45","78","709"],"off":[0,-0.8]}},{"type":"Feature","geometry":{"type":"Point","coordinates":[20.368757,44.841812]},"properties":{"line":"15","mode":"bus","color":"#0059a9","colorDark":"#00294f","band":1,"off":[-5.1,1.1]}},{"type":"Feature","geometry":{"type":"Point","coordinates":[20.368757,44.841812]},"properties":{"line":"45","mode":"bus","color":"#0059a9","colorDark":"#00294f","band":1,"off":[-1.7,1.1]}},{"type":"Feature","geometry":{"type":"Point","coordinates":[20.368757,44.841812]},"properties":{"line":"78","mode":"bus","color":"#0059a9","colorDark":"#00294f","band":1,"off":[1.7,1.1]}},{"type":"Feature","geometry":{"type":"Point","coordinates":[20.368757,44.841812]},"properties":{"line":"709","mode":"bus","color":"#0059a9","colorDark":"#00294f","band":1,"off":[5.1,1.1]}},{"type":"Feature","geometry":{"type":"Point","coordinates":[20.46199,44.815754]},"properties":{"name":"Trg Republike","band":1,"modes":"bus","arr":["15N","27","27N","32E","32N","37N","43","47N","51N","56N","72N","101Nb","202N","301Na","304Nb","E2"],"off":[0,-0.8],"sc":0.92}},{"type":"Feature","geometry":{"type":"Point","coordinates":[20.46199,44.815754]},"properties":{"name":"Trg republike","band":1,"modes":"bus","arr":["15N","27","27N","32E","32N","37N","43","47N","51N","56N","72N","101Nb","202N","301Na","304Nb","E2"],"off":[0,-1.9],"sc":0.92}},{"type":"Feature","geometry":{"type":"Point","coordinates":[20.46199,44.815754]},"properties":{"line":"15N","mode":"bus","color":"#0059a9","colorDark":"#00294f","band":1,"sc":0.92,"off":[-6.8,1.1]}},{"type":"Feature","geometry":{"type":"Point","coordinates":[20.46199,44.815754]},"properties":{"line":"27","mode":"bus","color":"#0059a9","colorDark":"#00294f","band":1,"sc":0.92,"off":[-3.4,1.1]}},{"type":"Feature","geometry":{"type":"Point","coordinates":[20.46199,44.815754]},"properties":{"line":"27N","mode":"bus","color":"#0059a9","colorDark":"#00294f","band":1,"sc":0.92,"off":[0,1.1]}},{"type":"Feature","geometry":{"type":"Point","coordinates":[20.46199,44.815754]},"properties":{"line":"32E","mode":"bus","color":"#0059a9","colorDark":"#00294f","band":1,"sc":0.92,"off":[3.4,1.1]}},{"type":"Feature","geometry":{"type":"Point","coordinates":[20.46199,44.815754]},"properties":{"line":"32N","mode":"bus","color":"#0059a9","colorDark":"#00294f","band":1,"sc":0.92,"off":[6.8,1.1]}},{"type":"Feature","geometry":{"type":"Point","coordinates":[20.46199,44.815754]},"properties":{"line":"37N","mode":"bus","color":"#0059a9","colorDark":"#00294f","band":1,"sc":0.92,"off":[-6.8,3.1]}},{"type":"Feature","geometry":{"type":"Point","coordinates":[20.46199,44.815754]},"properties":{"line":"43","mode":"bus","color":"#0059a9","colorDark":"#00294f","band":1,"sc":0.92,"off":[-3.4,3.1]}},{"type":"Feature","geometry":{"type":"Point","coordinates":[20.46199,44.815754]},"properties":{"line":"47N","mode":"bus","color":"#0059a9","colorDark":"#00294f","band":1,"sc":0.92,"off":[0,3.1]}},{"type":"Feature","geometry":{"type":"Point","coordinates":[20.46199,44.815754]},"properties":{"line":"51N","mode":"bus","color":"#0059a9","colorDark":"#00294f","band":1,"sc":0.92,"off":[3.4,3.1]}},{"type":"Feature","geometry":{"type":"Point","coordinates":[20.46199,44.815754]},"properties":{"line":"56N","mode":"bus","color":"#0059a9","colorDark":"#00294f","band":1,"sc":0.92,"off":[6.8,3.1]}},{"type":"Feature","geometry":{"type":"Point","coordinates":[20.46199,44.815754]},"properties":{"line":"72N","mode":"bus","color":"#0059a9","colorDark":"#00294f","band":1,"sc":0.92,"off":[-6.8,5.1]}},{"type":"Feature","geometry":{"type":"Point","coordinates":[20.46199,44.815754]},"properties":{"line":"101Nb","mode":"bus","color":"#0059a9","colorDark":"#00294f","band":1,"sc":0.92,"off":[-3.4,5.1]}},{"type":"Feature","geometry":{"type":"Point","coordinates":[20.46199,44.815754]},"properties":{"line":"202N","mode":"bus","color":"#0059a9","colorDark":"#00294f","band":1,"sc":0.92,"off":[0,5.1]}},{"type":"Feature","geometry":{"type":"Point","coordinates":[20.46199,44.815754]},"properties":{"line":"301Na","mode":"bus","color":"#0059a9","colorDark":"#00294f","band":1,"sc":0.92,"off":[3.4,5.1]}},{"type":"Feature","geometry":{"type":"Point","coordinates":[20.46199,44.815754]},"properties":{"line":"304Nb","mode":"bus","color":"#0059a9","colorDark":"#00294f","band":1,"sc":0.92,"off":[6.8,5.1]}},{"type":"Feature","geometry":{"type":"Point","coordinates":[20.46199,44.815754]},"properties":{"line":"E2","mode":"bus","color":"#0059a9","colorDark":"#00294f","band":1,"sc":0.92,"off":[0,7.1]}},{"type":"Feature","geometry":{"type":"Point","coordinates":[20.334068,44.857457]},"properties":{"name":"Železnička stanica Zemun polje","band":1,"modes":"bus","arr":["15N"],"off":[0,-0.8]}},{"type":"Feature","geometry":{"type":"Point","coordinates":[20.334068,44.857457]},"properties":{"line":"15N","mode":"bus","color":"#0059a9","colorDark":"#00294f","band":1,"off":[0,1.1]}},{"type":"Feature","geometry":{"type":"Point","coordinates":[20.521972,44.807181]},"properties":{"name":"Karaburma 2","band":1,"modes":"bus","arr":["16","23","25"],"off":[0,-0.8]}},{"type":"Feature","geometry":{"type":"Point","coordinates":[20.521972,44.807181]},"properties":{"line":"16","mode":"bus","color":"#0059a9","colorDark":"#00294f","band":1,"off":[-3.4,1.1]}},{"type":"Feature","geometry":{"type":"Point","coordinates":[20.521972,44.807181]},"properties":{"line":"23","mode":"bus","color":"#0059a9","colorDark":"#00294f","band":1,"off":[0,1.1]}},{"type":"Feature","geometry":{"type":"Point","coordinates":[20.521972,44.807181]},"properties":{"line":"25","mode":"bus","color":"#0059a9","colorDark":"#00294f","band":1,"off":[3.4,1.1]}},{"type":"Feature","geometry":{"type":"Point","coordinates":[20.404673,44.830343]},"properties":{"name":"Novi Beograd /Paviljoni/","band":1,"modes":"bus","arr":["16","81","81L","613","711"],"off":[0,-0.8]}},{"type":"Feature","geometry":{"type":"Point","coordinates":[20.404673,44.830343]},"properties":{"line":"16","mode":"bus","color":"#0059a9","colorDark":"#00294f","band":1,"off":[-6.8,1.1]}},{"type":"Feature","geometry":{"type":"Point","coordinates":[20.404673,44.830343]},"properties":{"line":"81","mode":"bus","color":"#0059a9","colorDark":"#00294f","band":1,"off":[-3.4,1.1]}},{"type":"Feature","geometry":{"type":"Point","coordinates":[20.404673,44.830343]},"properties":{"line":"81L","mode":"bus","color":"#0059a9","colorDark":"#00294f","band":1,"off":[0,1.1]}},{"type":"Feature","geometry":{"type":"Point","coordinates":[20.404673,44.830343]},"properties":{"line":"613","mode":"bus","color":"#0059a9","colorDark":"#00294f","band":1,"off":[3.4,1.1]}},{"type":"Feature","geometry":{"type":"Point","coordinates":[20.404673,44.830343]},"properties":{"line":"711","mode":"bus","color":"#0059a9","colorDark":"#00294f","band":1,"off":[6.8,1.1]}},{"type":"Feature","geometry":{"type":"Point","coordinates":[20.513844,44.782955]},"properties":{"name":"Ustanička","band":1,"modes":"bus","arr":["17","19","31","31N","50","63","302","302a","302b","303","304","305","305a","306","306a","306b","306v","307","311"],"off":[0,-0.8],"sc":0.87}},{"type":"Feature","geometry":{"type":"Point","coordinates":[20.513844,44.782955]},"properties":{"name":"Konjarnik","band":1,"modes":"bus","arr":["17","19","31","31N","50","63","302","302a","302b","303","304","305","305a","306","306a","306b","306v","307","311"],"off":[0,-1.9],"sc":0.87}},{"type":"Feature","geometry":{"type":"Point","coordinates":[20.513844,44.782955]},"properties":{"line":"17","mode":"bus","color":"#0059a9","colorDark":"#00294f","band":1,"sc":0.87,"off":[-6.8,1.1]}},{"type":"Feature","geometry":{"type":"Point","coordinates":[20.513844,44.782955]},"properties":{"line":"19","mode":"bus","color":"#149a3f","colorDark":"#0a5121","band":1,"sc":0.87,"off":[-3.4,1.1]}},{"type":"Feature","geometry":{"type":"Point","coordinates":[20.513844,44.782955]},"properties":{"line":"31","mode":"bus","color":"#0059a9","colorDark":"#00294f","band":1,"sc":0.87,"off":[0,1.1]}},{"type":"Feature","geometry":{"type":"Point","coordinates":[20.513844,44.782955]},"properties":{"line":"31N","mode":"bus","color":"#0059a9","colorDark":"#00294f","band":1,"sc":0.87,"off":[3.4,1.1]}},{"type":"Feature","geometry":{"type":"Point","coordinates":[20.513844,44.782955]},"properties":{"line":"50","mode":"bus","color":"#0059a9","colorDark":"#00294f","band":1,"sc":0.87,"off":[6.8,1.1]}},{"type":"Feature","geometry":{"type":"Point","coordinates":[20.513844,44.782955]},"properties":{"line":"63","mode":"bus","color":"#0059a9","colorDark":"#00294f","band":1,"sc":0.87,"off":[-6.8,3.1]}},{"type":"Feature","geometry":{"type":"Point","coordinates":[20.513844,44.782955]},"properties":{"line":"302","mode":"bus","color":"#0059a9","colorDark":"#00294f","band":1,"sc":0.87,"off":[-3.4,3.1]}},{"type":"Feature","geometry":{"type":"Point","coordinates":[20.513844,44.782955]},"properties":{"line":"302a","mode":"bus","color":"#0059a9","colorDark":"#00294f","band":1,"sc":0.87,"off":[0,3.1]}},{"type":"Feature","geometry":{"type":"Point","coordinates":[20.513844,44.782955]},"properties":{"line":"302b","mode":"bus","color":"#0059a9","colorDark":"#00294f","band":1,"sc":0.87,"off":[3.4,3.1]}},{"type":"Feature","geometry":{"type":"Point","coordinates":[20.513844,44.782955]},"properties":{"line":"303","mode":"bus","color":"#0059a9","colorDark":"#00294f","band":1,"sc":0.87,"off":[6.8,3.1]}},{"type":"Feature","geometry":{"type":"Point","coordinates":[20.513844,44.782955]},"properties":{"line":"304","mode":"bus","color":"#0059a9","colorDark":"#00294f","band":1,"sc":0.87,"off":[-6.8,5.1]}},{"type":"Feature","geometry":{"type":"Point","coordinates":[20.513844,44.782955]},"properties":{"line":"305","mode":"bus","color":"#0059a9","colorDark":"#00294f","band":1,"sc":0.87,"off":[-3.4,5.1]}},{"type":"Feature","geometry":{"type":"Point","coordinates":[20.513844,44.782955]},"properties":{"line":"305a","mode":"bus","color":"#0059a9","colorDark":"#00294f","band":1,"sc":0.87,"off":[0,5.1]}},{"type":"Feature","geometry":{"type":"Point","coordinates":[20.513844,44.782955]},"properties":{"line":"306","mode":"bus","color":"#0059a9","colorDark":"#00294f","band":1,"sc":0.87,"off":[3.4,5.1]}},{"type":"Feature","geometry":{"type":"Point","coordinates":[20.513844,44.782955]},"properties":{"line":"306a","mode":"bus","color":"#0059a9","colorDark":"#00294f","band":1,"sc":0.87,"off":[6.8,5.1]}},{"type":"Feature","geometry":{"type":"Point","coordinates":[20.513844,44.782955]},"properties":{"line":"306b","mode":"bus","color":"#0059a9","colorDark":"#00294f","band":1,"sc":0.87,"off":[-5.1,7.1]}},{"type":"Feature","geometry":{"type":"Point","coordinates":[20.513844,44.782955]},"properties":{"line":"306v","mode":"bus","color":"#0059a9","colorDark":"#00294f","band":1,"sc":0.87,"off":[-1.7,7.1]}},{"type":"Feature","geometry":{"type":"Point","coordinates":[20.513844,44.782955]},"properties":{"line":"307","mode":"bus","color":"#0059a9","colorDark":"#00294f","band":1,"sc":0.87,"off":[1.7,7.1]}},{"type":"Feature","geometry":{"type":"Point","coordinates":[20.513844,44.782955]},"properties":{"line":"311","mode":"bus","color":"#0059a9","colorDark":"#00294f","band":1,"sc":0.87,"off":[5.1,7.1]}},{"type":"Feature","geometry":{"type":"Point","coordinates":[20.41266,44.823478]},"properties":{"name":"GO Novi Beograd","band":1,"modes":"bus","arr":["601N","601Na"],"off":[0,-0.8]}},{"type":"Feature","geometry":{"type":"Point","coordinates":[20.41266,44.823478]},"properties":{"line":"601N","mode":"bus","color":"#0059a9","colorDark":"#00294f","band":1,"off":[-1.7,1.1]}},{"type":"Feature","geometry":{"type":"Point","coordinates":[20.41266,44.823478]},"properties":{"line":"601Na","mode":"bus","color":"#0059a9","colorDark":"#00294f","band":1,"off":[1.7,1.1]}},{"type":"Feature","geometry":{"type":"Point","coordinates":[20.378251,44.859239]},"properties":{"name":"Zemun /Gornji grad/","band":1,"modes":"bus","arr":["17"],"off":[0,-0.8]}},{"type":"Feature","geometry":{"type":"Point","coordinates":[20.378251,44.859239]},"properties":{"line":"17","mode":"bus","color":"#0059a9","colorDark":"#00294f","band":1,"off":[0,1.1]}},{"type":"Feature","geometry":{"type":"Point","coordinates":[20.50779,44.772151]},"properties":{"name":"Medaković 3","band":1,"modes":"bus","arr":["18","18N","20","26L","29","29N"],"off":[0,-0.8]}},{"type":"Feature","geometry":{"type":"Point","coordinates":[20.50779,44.772151]},"properties":{"line":"18","mode":"bus","color":"#0059a9","colorDark":"#00294f","band":1,"off":[-6.8,1.1]}},{"type":"Feature","geometry":{"type":"Point","coordinates":[20.50779,44.772151]},"properties":{"line":"18N","mode":"bus","color":"#0059a9","colorDark":"#00294f","band":1,"off":[-3.4,1.1]}},{"type":"Feature","geometry":{"type":"Point","coordinates":[20.50779,44.772151]},"properties":{"line":"20","mode":"bus","color":"#0059a9","colorDark":"#00294f","band":1,"off":[0,1.1]}},{"type":"Feature","geometry":{"type":"Point","coordinates":[20.50779,44.772151]},"properties":{"line":"26L","mode":"bus","color":"#0059a9","colorDark":"#00294f","band":1,"off":[3.4,1.1]}},{"type":"Feature","geometry":{"type":"Point","coordinates":[20.50779,44.772151]},"properties":{"line":"29","mode":"bus","color":"#149a3f","colorDark":"#0a5121","band":1,"off":[6.8,1.1]}},{"type":"Feature","geometry":{"type":"Point","coordinates":[20.50779,44.772151]},"properties":{"line":"29N","mode":"bus","color":"#0059a9","colorDark":"#00294f","band":1,"off":[0,3.1]}},{"type":"Feature","geometry":{"type":"Point","coordinates":[20.379334,44.848465]},"properties":{"name":"Zemun /Bačka/","band":1,"modes":"bus","arr":["18","18N","83","103","105L","112"],"off":[0,-0.8]}},{"type":"Feature","geometry":{"type":"Point","coordinates":[20.379334,44.848465]},"properties":{"line":"18","mode":"bus","color":"#0059a9","colorDark":"#00294f","band":1,"off":[-6.8,1.1]}},{"type":"Feature","geometry":{"type":"Point","coordinates":[20.379334,44.848465]},"properties":{"line":"18N","mode":"bus","color":"#0059a9","colorDark":"#00294f","band":1,"off":[-3.4,1.1]}},{"type":"Feature","geometry":{"type":"Point","coordinates":[20.379334,44.848465]},"properties":{"line":"83","mode":"bus","color":"#0059a9","colorDark":"#00294f","band":1,"off":[0,1.1]}},{"type":"Feature","geometry":{"type":"Point","coordinates":[20.379334,44.848465]},"properties":{"line":"103","mode":"bus","color":"#0059a9","colorDark":"#00294f","band":1,"off":[3.4,1.1]}},{"type":"Feature","geometry":{"type":"Point","coordinates":[20.379334,44.848465]},"properties":{"line":"105L","mode":"bus","color":"#0059a9","colorDark":"#00294f","band":1,"off":[6.8,1.1]}},{"type":"Feature","geometry":{"type":"Point","coordinates":[20.379334,44.848465]},"properties":{"line":"112","mode":"bus","color":"#0059a9","colorDark":"#00294f","band":1,"off":[0,3.1]}},{"type":"Feature","geometry":{"type":"Point","coordinates":[20.4065,44.807338]},"properties":{"name":"Naselje Belvil","band":1,"modes":"bus","arr":["EKO1"],"off":[0,-0.8]}},{"type":"Feature","geometry":{"type":"Point","coordinates":[20.4065,44.807338]},"properties":{"name":"Garaža Novi Beograd","band":1,"modes":"bus","arr":["EKO1"],"off":[0,-1.9]}},{"type":"Feature","geometry":{"type":"Point","coordinates":[20.4065,44.807338]},"properties":{"line":"EKO1","mode":"bus","color":"#0059a9","colorDark":"#00294f","band":1,"off":[0,1.1]}},{"type":"Feature","geometry":{"type":"Point","coordinates":[20.48571,44.797874]},"properties":{"name":"Crveni krst","band":1,"modes":"bus","arr":["83"],"off":[0,-0.8]}},{"type":"Feature","geometry":{"type":"Point","coordinates":[20.48571,44.797874]},"properties":{"line":"83","mode":"bus","color":"#0059a9","colorDark":"#00294f","band":1,"off":[0,1.1]}},{"type":"Feature","geometry":{"type":"Point","coordinates":[20.536988,44.793475]},"properties":{"name":"Mirijevo 3","band":1,"modes":"bus","arr":["20","27","27N","74"],"off":[0,-0.8]}},{"type":"Feature","geometry":{"type":"Point","coordinates":[20.536988,44.793475]},"properties":{"line":"20","mode":"bus","color":"#0059a9","colorDark":"#00294f","band":1,"off":[-5.1,1.1]}},{"type":"Feature","geometry":{"type":"Point","coordinates":[20.536988,44.793475]},"properties":{"line":"27","mode":"bus","color":"#0059a9","colorDark":"#00294f","band":1,"off":[-1.7,1.1]}},{"type":"Feature","geometry":{"type":"Point","coordinates":[20.536988,44.793475]},"properties":{"line":"27N","mode":"bus","color":"#0059a9","colorDark":"#00294f","band":1,"off":[1.7,1.1]}},{"type":"Feature","geometry":{"type":"Point","coordinates":[20.536988,44.793475]},"properties":{"line":"74","mode":"bus","color":"#0059a9","colorDark":"#00294f","band":1,"off":[5.1,1.1]}},{"type":"Feature","geometry":{"type":"Point","coordinates":[20.517658,44.784949]},"properties":{"name":"Ustanička","band":1,"modes":"tram,bus","arr":["5","6","7L","14","50"],"off":[0,-0.8]}},{"type":"Feature","geometry":{"type":"Point","coordinates":[20.517658,44.784949]},"properties":{"name":"Bulevar kralja Aleksandra","band":1,"modes":"tram,bus","arr":["5","6","7L","14","50"],"off":[0,-1.9]}},{"type":"Feature","geometry":{"type":"Point","coordinates":[20.517658,44.784949]},"properties":{"line":"5","mode":"tram","color":"#d6212b","colorDark":"#7c1116","band":1,"off":[-6.8,1.1]}},{"type":"Feature","geometry":{"type":"Point","coordinates":[20.517658,44.784949]},"properties":{"line":"6","mode":"tram","color":"#d6212b","colorDark":"#7c1116","band":1,"off":[-3.4,1.1]}},{"type":"Feature","geometry":{"type":"Point","coordinates":[20.517658,44.784949]},"properties":{"line":"7L","mode":"tram","color":"#d6212b","colorDark":"#7c1116","band":1,"off":[0,1.1]}},{"type":"Feature","geometry":{"type":"Point","coordinates":[20.517658,44.784949]},"properties":{"line":"14","mode":"tram","color":"#d6212b","colorDark":"#7c1116","band":1,"off":[3.4,1.1]}},{"type":"Feature","geometry":{"type":"Point","coordinates":[20.517658,44.784949]},"properties":{"line":"50","mode":"bus","color":"#0059a9","colorDark":"#00294f","band":1,"off":[6.8,1.1]}},{"type":"Feature","geometry":{"type":"Point","coordinates":[20.501487,44.782874]},"properties":{"name":"Šumice","band":1,"modes":"bus","arr":["38","64","308","310"],"off":[0,-0.8]}},{"type":"Feature","geometry":{"type":"Point","coordinates":[20.501487,44.782874]},"properties":{"line":"38","mode":"bus","color":"#0059a9","colorDark":"#00294f","band":1,"off":[-5.1,1.1]}},{"type":"Feature","geometry":{"type":"Point","coordinates":[20.501487,44.782874]},"properties":{"line":"64","mode":"bus","color":"#0059a9","colorDark":"#00294f","band":1,"off":[-1.7,1.1]}},{"type":"Feature","geometry":{"type":"Point","coordinates":[20.501487,44.782874]},"properties":{"line":"308","mode":"bus","color":"#0059a9","colorDark":"#00294f","band":1,"off":[1.7,1.1]}},{"type":"Feature","geometry":{"type":"Point","coordinates":[20.501487,44.782874]},"properties":{"line":"310","mode":"bus","color":"#0059a9","colorDark":"#00294f","band":1,"off":[5.1,1.1]}},{"type":"Feature","geometry":{"type":"Point","coordinates":[20.506973,44.786098]},"properties":{"name":"Učiteljsko naselje","band":1,"modes":"bus","arr":["21A"],"off":[0,-0.8]}},{"type":"Feature","geometry":{"type":"Point","coordinates":[20.506973,44.786098]},"properties":{"line":"21A","mode":"bus","color":"#0059a9","colorDark":"#00294f","band":1,"off":[0,1.1]}},{"type":"Feature","geometry":{"type":"Point","coordinates":[20.484868,44.790632]},"properties":{"name":"Kruševačka","band":1,"modes":"bus","arr":["22"],"off":[0,-0.8]}},{"type":"Feature","geometry":{"type":"Point","coordinates":[20.484868,44.790632]},"properties":{"line":"22","mode":"bus","color":"#149a3f","colorDark":"#0a5121","band":1,"off":[0,1.1]}},{"type":"Feature","geometry":{"type":"Point","coordinates":[20.420521,44.731941]},"properties":{"name":"Vidikovac","band":1,"modes":"bus","arr":["23","53","89","504","521","521a"],"off":[0,-0.8]}},{"type":"Feature","geometry":{"type":"Point","coordinates":[20.420521,44.731941]},"properties":{"line":"23","mode":"bus","color":"#0059a9","colorDark":"#00294f","band":1,"off":[-6.8,1.1]}},{"type":"Feature","geometry":{"type":"Point","coordinates":[20.420521,44.731941]},"properties":{"line":"53","mode":"bus","color":"#0059a9","colorDark":"#00294f","band":1,"off":[-3.4,1.1]}},{"type":"Feature","geometry":{"type":"Point","coordinates":[20.420521,44.731941]},"properties":{"line":"89","mode":"bus","color":"#0059a9","colorDark":"#00294f","band":1,"off":[0,1.1]}},{"type":"Feature","geometry":{"type":"Point","coordinates":[20.420521,44.731941]},"properties":{"line":"504","mode":"bus","color":"#0059a9","colorDark":"#00294f","band":1,"off":[3.4,1.1]}},{"type":"Feature","geometry":{"type":"Point","coordinates":[20.420521,44.731941]},"properties":{"line":"521","mode":"bus","color":"#0059a9","colorDark":"#00294f","band":1,"off":[6.8,1.1]}},{"type":"Feature","geometry":{"type":"Point","coordinates":[20.420521,44.731941]},"properties":{"line":"521a","mode":"bus","color":"#0059a9","colorDark":"#00294f","band":1,"off":[0,3.1]}},{"type":"Feature","geometry":{"type":"Point","coordinates":[20.473217,44.794058]},"properties":{"name":"Neimar","band":1,"modes":"bus","arr":["24"],"off":[0,-0.8]}},{"type":"Feature","geometry":{"type":"Point","coordinates":[20.473217,44.794058]},"properties":{"line":"24","mode":"bus","color":"#0059a9","colorDark":"#00294f","band":1,"off":[0,1.1]}},{"type":"Feature","geometry":{"type":"Point","coordinates":[20.497825,44.748583]},"properties":{"name":"Kumodraž 2","band":1,"modes":"bus","arr":["25"],"off":[0,-0.8]}},{"type":"Feature","geometry":{"type":"Point","coordinates":[20.497825,44.748583]},"properties":{"line":"25","mode":"bus","color":"#0059a9","colorDark":"#00294f","band":1,"off":[0,1.1]}},{"type":"Feature","geometry":{"type":"Point","coordinates":[20.5456,44.786252]},"properties":{"name":"Mirijevo 4","band":1,"modes":"bus","arr":["25P","27E","79","E6"],"off":[0,-0.8]}},{"type":"Feature","geometry":{"type":"Point","coordinates":[20.5456,44.786252]},"properties":{"line":"25P","mode":"bus","color":"#0059a9","colorDark":"#00294f","band":1,"off":[-5.1,1.1]}},{"type":"Feature","geometry":{"type":"Point","coordinates":[20.5456,44.786252]},"properties":{"line":"27E","mode":"bus","color":"#0059a9","colorDark":"#00294f","band":1,"off":[-1.7,1.1]}},{"type":"Feature","geometry":{"type":"Point","coordinates":[20.5456,44.786252]},"properties":{"line":"79","mode":"bus","color":"#0059a9","colorDark":"#00294f","band":1,"off":[1.7,1.1]}},{"type":"Feature","geometry":{"type":"Point","coordinates":[20.5456,44.786252]},"properties":{"line":"E6","mode":"bus","color":"#0059a9","colorDark":"#00294f","band":1,"off":[5.1,1.1]}},{"type":"Feature","geometry":{"type":"Point","coordinates":[20.515883,44.742257]},"properties":{"name":"Kumodraž 1","band":1,"modes":"bus","arr":["25P"],"off":[0,-0.8]}},{"type":"Feature","geometry":{"type":"Point","coordinates":[20.515883,44.742257]},"properties":{"name":"Kumodraž (Stepina kuća)","band":1,"modes":"bus","arr":["25P"],"off":[0,-1.9]}},{"type":"Feature","geometry":{"type":"Point","coordinates":[20.515883,44.742257]},"properties":{"line":"25P","mode":"bus","color":"#0059a9","colorDark":"#00294f","band":1,"off":[0,1.1]}},{"type":"Feature","geometry":{"type":"Point","coordinates":[20.461487,44.828165]},"properties":{"name":"Dorćol /Dunavska/","band":1,"modes":"bus","arr":["26","26N","401N"],"off":[0,-0.8]}},{"type":"Feature","geometry":{"type":"Point","coordinates":[20.461487,44.828165]},"properties":{"line":"26","mode":"bus","color":"#0059a9","colorDark":"#00294f","band":1,"off":[-3.4,1.1]}},{"type":"Feature","geometry":{"type":"Point","coordinates":[20.461487,44.828165]},"properties":{"line":"26N","mode":"bus","color":"#0059a9","colorDark":"#00294f","band":1,"off":[0,1.1]}},{"type":"Feature","geometry":{"type":"Point","coordinates":[20.461487,44.828165]},"properties":{"line":"401N","mode":"bus","color":"#0059a9","colorDark":"#00294f","band":1,"off":[3.4,1.1]}},{"type":"Feature","geometry":{"type":"Point","coordinates":[20.499956,44.765258]},"properties":{"name":"Naselje Braće Jerković","band":1,"modes":"bus","arr":["26","26N"],"off":[0,-0.8]}},{"type":"Feature","geometry":{"type":"Point","coordinates":[20.499956,44.765258]},"properties":{"line":"26","mode":"bus","color":"#0059a9","colorDark":"#00294f","band":1,"off":[-1.7,1.1]}},{"type":"Feature","geometry":{"type":"Point","coordinates":[20.499956,44.765258]},"properties":{"line":"26N","mode":"bus","color":"#0059a9","colorDark":"#00294f","band":1,"off":[1.7,1.1]}},{"type":"Feature","geometry":{"type":"Point","coordinates":[20.510814,44.76421]},"properties":{"name":"Vojvode Vlahovića (terminus)","band":1,"modes":"bus","arr":["26L"],"off":[0,-0.8]}},{"type":"Feature","geometry":{"type":"Point","coordinates":[20.510814,44.76421]},"properties":{"line":"26L","mode":"bus","color":"#0059a9","colorDark":"#00294f","band":1,"off":[0,1.1]}},{"type":"Feature","geometry":{"type":"Point","coordinates":[20.438421,44.811556]},"properties":{"name":"Novi Beograd (Blok 20)","band":1,"modes":"bus","arr":["27E","35","612"],"off":[0,-0.8]}},{"type":"Feature","geometry":{"type":"Point","coordinates":[20.438421,44.811556]},"properties":{"line":"27E","mode":"bus","color":"#0059a9","colorDark":"#00294f","band":1,"off":[-3.4,1.1]}},{"type":"Feature","geometry":{"type":"Point","coordinates":[20.438421,44.811556]},"properties":{"line":"35","mode":"bus","color":"#0059a9","colorDark":"#00294f","band":1,"off":[0,1.1]}},{"type":"Feature","geometry":{"type":"Point","coordinates":[20.438421,44.811556]},"properties":{"line":"612","mode":"bus","color":"#0059a9","colorDark":"#00294f","band":1,"off":[3.4,1.1]}},{"type":"Feature","geometry":{"type":"Point","coordinates":[20.45865,44.820084]},"properties":{"name":"Studentski trg","band":1,"modes":"bus","arr":["28","29","29N","31","31N","33N","41","101N","101Na","105N","302N","304N","304Na","307N","307Na","511N","511Na","511Nb","603N","603Na","706N","707N","E9"],"off":[0,-0.8],"sc":0.85}},{"type":"Feature","geometry":{"type":"Point","coordinates":[20.45865,44.820084]},"properties":{"line":"28","mode":"bus","color":"#149a3f","colorDark":"#0a5121","band":1,"sc":0.82,"off":[-6.8,1.1]}},{"type":"Feature","geometry":{"type":"Point","coordinates":[20.45865,44.820084]},"properties":{"line":"29","mode":"bus","color":"#149a3f","colorDark":"#0a5121","band":1,"sc":0.82,"off":[-3.4,1.1]}},{"type":"Feature","geometry":{"type":"Point","coordinates":[20.45865,44.820084]},"properties":{"line":"29N","mode":"bus","color":"#0059a9","colorDark":"#00294f","band":1,"sc":0.82,"off":[0,1.1]}},{"type":"Feature","geometry":{"type":"Point","coordinates":[20.45865,44.820084]},"properties":{"line":"31","mode":"bus","color":"#0059a9","colorDark":"#00294f","band":1,"sc":0.82,"off":[3.4,1.1]}},{"type":"Feature","geometry":{"type":"Point","coordinates":[20.45865,44.820084]},"properties":{"line":"31N","mode":"bus","color":"#0059a9","colorDark":"#00294f","band":1,"sc":0.82,"off":[6.8,1.1]}},{"type":"Feature","geometry":{"type":"Point","coordinates":[20.45865,44.820084]},"properties":{"line":"33N","mode":"bus","color":"#0059a9","colorDark":"#00294f","band":1,"sc":0.82,"off":[-6.8,3.1]}},{"type":"Feature","geometry":{"type":"Point","coordinates":[20.45865,44.820084]},"properties":{"line":"41","mode":"bus","color":"#149a3f","colorDark":"#0a5121","band":1,"sc":0.82,"off":[-3.4,3.1]}},{"type":"Feature","geometry":{"type":"Point","coordinates":[20.45865,44.820084]},"properties":{"line":"101N","mode":"bus","color":"#0059a9","colorDark":"#00294f","band":1,"sc":0.82,"off":[0,3.1]}},{"type":"Feature","geometry":{"type":"Point","coordinates":[20.45865,44.820084]},"properties":{"line":"101Na","mode":"bus","color":"#0059a9","colorDark":"#00294f","band":1,"sc":0.82,"off":[3.4,3.1]}},{"type":"Feature","geometry":{"type":"Point","coordinates":[20.45865,44.820084]},"properties":{"line":"105N","mode":"bus","color":"#0059a9","colorDark":"#00294f","band":1,"sc":0.82,"off":[6.8,3.1]}},{"type":"Feature","geometry":{"type":"Point","coordinates":[20.45865,44.820084]},"properties":{"line":"302N","mode":"bus","color":"#0059a9","colorDark":"#00294f","band":1,"sc":0.82,"off":[-6.8,5.1]}},{"type":"Feature","geometry":{"type":"Point","coordinates":[20.45865,44.820084]},"properties":{"line":"304N","mode":"bus","color":"#0059a9","colorDark":"#00294f","band":1,"sc":0.82,"off":[-3.4,5.1]}},{"type":"Feature","geometry":{"type":"Point","coordinates":[20.45865,44.820084]},"properties":{"line":"304Na","mode":"bus","color":"#0059a9","colorDark":"#00294f","band":1,"sc":0.82,"off":[0,5.1]}},{"type":"Feature","geometry":{"type":"Point","coordinates":[20.45865,44.820084]},"properties":{"line":"307N","mode":"bus","color":"#0059a9","colorDark":"#00294f","band":1,"sc":0.82,"off":[3.4,5.1]}},{"type":"Feature","geometry":{"type":"Point","coordinates":[20.45865,44.820084]},"properties":{"line":"307Na","mode":"bus","color":"#0059a9","colorDark":"#00294f","band":1,"sc":0.82,"off":[6.8,5.1]}},{"type":"Feature","geometry":{"type":"Point","coordinates":[20.45865,44.820084]},"properties":{"line":"511N","mode":"bus","color":"#0059a9","colorDark":"#00294f","band":1,"sc":0.82,"off":[-6.8,7.1]}},{"type":"Feature","geometry":{"type":"Point","coordinates":[20.45865,44.820084]},"properties":{"line":"511Na","mode":"bus","color":"#0059a9","colorDark":"#00294f","band":1,"sc":0.82,"off":[-3.4,7.1]}},{"type":"Feature","geometry":{"type":"Point","coordinates":[20.45865,44.820084]},"properties":{"line":"511Nb","mode":"bus","color":"#0059a9","colorDark":"#00294f","band":1,"sc":0.82,"off":[0,7.1]}},{"type":"Feature","geometry":{"type":"Point","coordinates":[20.45865,44.820084]},"properties":{"line":"603N","mode":"bus","color":"#0059a9","colorDark":"#00294f","band":1,"sc":0.82,"off":[3.4,7.1]}},{"type":"Feature","geometry":{"type":"Point","coordinates":[20.45865,44.820084]},"properties":{"line":"603Na","mode":"bus","color":"#0059a9","colorDark":"#00294f","band":1,"sc":0.82,"off":[6.8,7.1]}},{"type":"Feature","geometry":{"type":"Point","coordinates":[20.45865,44.820084]},"properties":{"line":"706N","mode":"bus","color":"#0059a9","colorDark":"#00294f","band":1,"sc":0.82,"off":[-3.4,9.1]}},{"type":"Feature","geometry":{"type":"Point","coordinates":[20.45865,44.820084]},"properties":{"line":"707N","mode":"bus","color":"#0059a9","colorDark":"#00294f","band":1,"sc":0.82,"off":[0,9.1]}},{"type":"Feature","geometry":{"type":"Point","coordinates":[20.45865,44.820084]},"properties":{"line":"E9","mode":"bus","color":"#0059a9","colorDark":"#00294f","band":1,"sc":0.82,"off":[3.4,9.1]}},{"type":"Feature","geometry":{"type":"Point","coordinates":[20.506079,44.798287]},"properties":{"name":"Zvezdara","band":1,"modes":"bus","arr":["28","40","64","77"],"off":[0,-0.8]}},{"type":"Feature","geometry":{"type":"Point","coordinates":[20.506079,44.798287]},"properties":{"line":"28","mode":"bus","color":"#149a3f","colorDark":"#0a5121","band":1,"off":[-5.1,1.1]}},{"type":"Feature","geometry":{"type":"Point","coordinates":[20.506079,44.798287]},"properties":{"line":"40","mode":"bus","color":"#149a3f","colorDark":"#0a5121","band":1,"off":[-1.7,1.1]}},{"type":"Feature","geometry":{"type":"Point","coordinates":[20.506079,44.798287]},"properties":{"line":"64","mode":"bus","color":"#0059a9","colorDark":"#00294f","band":1,"off":[1.7,1.1]}},{"type":"Feature","geometry":{"type":"Point","coordinates":[20.506079,44.798287]},"properties":{"line":"77","mode":"bus","color":"#0059a9","colorDark":"#00294f","band":1,"off":[5.1,1.1]}},{"type":"Feature","geometry":{"type":"Point","coordinates":[20.465461,44.800031]},"properties":{"name":"Birčaninova","band":1,"modes":"bus","arr":["30","39","47","59","401","402"],"off":[0,-0.8]}},{"type":"Feature","geometry":{"type":"Point","coordinates":[20.465461,44.800031]},"properties":{"line":"30","mode":"bus","color":"#0059a9","colorDark":"#00294f","band":1,"off":[-6.8,1.1]}},{"type":"Feature","geometry":{"type":"Point","coordinates":[20.465461,44.800031]},"properties":{"line":"39","mode":"bus","color":"#0059a9","colorDark":"#00294f","band":1,"off":[-3.4,1.1]}},{"type":"Feature","geometry":{"type":"Point","coordinates":[20.465461,44.800031]},"properties":{"line":"47","mode":"bus","color":"#0059a9","colorDark":"#00294f","band":1,"off":[0,1.1]}},{"type":"Feature","geometry":{"type":"Point","coordinates":[20.465461,44.800031]},"properties":{"line":"59","mode":"bus","color":"#0059a9","colorDark":"#00294f","band":1,"off":[3.4,1.1]}},{"type":"Feature","geometry":{"type":"Point","coordinates":[20.465461,44.800031]},"properties":{"line":"401","mode":"bus","color":"#0059a9","colorDark":"#00294f","band":1,"off":[6.8,1.1]}},{"type":"Feature","geometry":{"type":"Point","coordinates":[20.465461,44.800031]},"properties":{"line":"402","mode":"bus","color":"#0059a9","colorDark":"#00294f","band":1,"off":[0,3.1]}},{"type":"Feature","geometry":{"type":"Point","coordinates":[20.497421,44.775425]},"properties":{"name":"Medaković 2","band":1,"modes":"bus","arr":["30"],"off":[0,-0.8]}},{"type":"Feature","geometry":{"type":"Point","coordinates":[20.497421,44.775425]},"properties":{"line":"30","mode":"bus","color":"#0059a9","colorDark":"#00294f","band":1,"off":[0,1.1]}},{"type":"Feature","geometry":{"type":"Point","coordinates":[20.479653,44.804814]},"properties":{"name":"Vukov spomenik","band":1,"modes":"bus","arr":["32","66","EKO1"],"off":[0,-0.8]}},{"type":"Feature","geometry":{"type":"Point","coordinates":[20.479653,44.804814]},"properties":{"line":"32","mode":"bus","color":"#0059a9","colorDark":"#00294f","band":1,"off":[-3.4,1.1]}},{"type":"Feature","geometry":{"type":"Point","coordinates":[20.479653,44.804814]},"properties":{"line":"66","mode":"bus","color":"#0059a9","colorDark":"#00294f","band":1,"off":[0,1.1]}},{"type":"Feature","geometry":{"type":"Point","coordinates":[20.479653,44.804814]},"properties":{"line":"EKO1","mode":"bus","color":"#0059a9","colorDark":"#00294f","band":1,"off":[3.4,1.1]}},{"type":"Feature","geometry":{"type":"Point","coordinates":[20.548284,44.830864]},"properties":{"name":"Višnjica","band":1,"modes":"bus","arr":["32","32E","32N"],"off":[0,-0.8]}},{"type":"Feature","geometry":{"type":"Point","coordinates":[20.548284,44.830864]},"properties":{"line":"32","mode":"bus","color":"#0059a9","colorDark":"#00294f","band":1,"off":[-3.4,1.1]}},{"type":"Feature","geometry":{"type":"Point","coordinates":[20.548284,44.830864]},"properties":{"line":"32E","mode":"bus","color":"#0059a9","colorDark":"#00294f","band":1,"off":[0,1.1]}},{"type":"Feature","geometry":{"type":"Point","coordinates":[20.548284,44.830864]},"properties":{"line":"32N","mode":"bus","color":"#0059a9","colorDark":"#00294f","band":1,"off":[3.4,1.1]}},{"type":"Feature","geometry":{"type":"Point","coordinates":[20.488846,44.819323]},"properties":{"name":"ŽS Pančevački most","band":1,"modes":"bus","arr":["33","37","48","58","96"],"off":[0,-0.8]}},{"type":"Feature","geometry":{"type":"Point","coordinates":[20.488846,44.819323]},"properties":{"line":"33","mode":"bus","color":"#0059a9","colorDark":"#00294f","band":1,"off":[-6.8,1.1]}},{"type":"Feature","geometry":{"type":"Point","coordinates":[20.488846,44.819323]},"properties":{"line":"37","mode":"bus","color":"#0059a9","colorDark":"#00294f","band":1,"off":[-3.4,1.1]}},{"type":"Feature","geometry":{"type":"Point","coordinates":[20.488846,44.819323]},"properties":{"line":"48","mode":"bus","color":"#0059a9","colorDark":"#00294f","band":1,"off":[0,1.1]}},{"type":"Feature","geometry":{"type":"Point","coordinates":[20.488846,44.819323]},"properties":{"line":"58","mode":"bus","color":"#0059a9","colorDark":"#00294f","band":1,"off":[3.4,1.1]}},{"type":"Feature","geometry":{"type":"Point","coordinates":[20.488846,44.819323]},"properties":{"line":"96","mode":"bus","color":"#0059a9","colorDark":"#00294f","band":1,"off":[6.8,1.1]}},{"type":"Feature","geometry":{"type":"Point","coordinates":[20.518135,44.744787]},"properties":{"name":"Kumodraž","band":1,"modes":"bus","arr":["33","33N","E9"],"off":[0,-0.8]}},{"type":"Feature","geometry":{"type":"Point","coordinates":[20.518135,44.744787]},"properties":{"line":"33","mode":"bus","color":"#0059a9","colorDark":"#00294f","band":1,"off":[-3.4,1.1]}},{"type":"Feature","geometry":{"type":"Point","coordinates":[20.518135,44.744787]},"properties":{"line":"33N","mode":"bus","color":"#0059a9","colorDark":"#00294f","band":1,"off":[0,1.1]}},{"type":"Feature","geometry":{"type":"Point","coordinates":[20.518135,44.744787]},"properties":{"line":"E9","mode":"bus","color":"#0059a9","colorDark":"#00294f","band":1,"off":[3.4,1.1]}},{"type":"Feature","geometry":{"type":"Point","coordinates":[20.443103,44.795788]},"properties":{"name":"Topčidersko brdo /Senjak/","band":1,"modes":"bus","arr":["34","44","44a"],"off":[0,-0.8]}},{"type":"Feature","geometry":{"type":"Point","coordinates":[20.443103,44.795788]},"properties":{"line":"34","mode":"bus","color":"#0059a9","colorDark":"#00294f","band":1,"off":[-3.4,1.1]}},{"type":"Feature","geometry":{"type":"Point","coordinates":[20.443103,44.795788]},"properties":{"line":"44","mode":"bus","color":"#0059a9","colorDark":"#00294f","band":1,"off":[0,1.1]}},{"type":"Feature","geometry":{"type":"Point","coordinates":[20.443103,44.795788]},"properties":{"line":"44a","mode":"bus","color":"#0059a9","colorDark":"#00294f","band":1,"off":[3.4,1.1]}},{"type":"Feature","geometry":{"type":"Point","coordinates":[20.455341,44.792654]},"properties":{"name":"Železnička stanica BGD centar","band":1,"modes":"bus","arr":["36","38L","600"],"off":[0,-0.8]}},{"type":"Feature","geometry":{"type":"Point","coordinates":[20.455341,44.792654]},"properties":{"name":"Železnička stanica Beograd centar - Terminus (pola","band":1,"modes":"bus","arr":["36","38L","600"],"off":[0,-3]}},{"type":"Feature","geometry":{"type":"Point","coordinates":[20.455341,44.792654]},"properties":{"name":"Gučevska","band":1,"modes":"bus","arr":["36","38L","600"],"off":[0,-6.3]}},{"type":"Feature","geometry":{"type":"Point","coordinates":[20.455341,44.792654]},"properties":{"line":"36","mode":"bus","color":"#0059a9","colorDark":"#00294f","band":1,"off":[-3.4,1.1]}},{"type":"Feature","geometry":{"type":"Point","coordinates":[20.455341,44.792654]},"properties":{"line":"38L","mode":"bus","color":"#0059a9","colorDark":"#00294f","band":1,"off":[0,1.1]}},{"type":"Feature","geometry":{"type":"Point","coordinates":[20.455341,44.792654]},"properties":{"line":"600","mode":"bus","color":"#0059a9","colorDark":"#00294f","band":1,"off":[3.4,1.1]}},{"type":"Feature","geometry":{"type":"Point","coordinates":[20.460103,44.75711]},"properties":{"name":"Pere Velimirovića","band":1,"modes":"bus","arr":["34"],"off":[0,-0.8]}},{"type":"Feature","geometry":{"type":"Point","coordinates":[20.460103,44.75711]},"properties":{"line":"34","mode":"bus","color":"#0059a9","colorDark":"#00294f","band":1,"off":[0,1.1]}},{"type":"Feature","geometry":{"type":"Point","coordinates":[20.54699,44.810139]},"properties":{"name":"Lešće /groblje/","band":1,"modes":"bus","arr":["35","63"],"off":[0,-0.8]}},{"type":"Feature","geometry":{"type":"Point","coordinates":[20.54699,44.810139]},"properties":{"line":"35","mode":"bus","color":"#0059a9","colorDark":"#00294f","band":1,"off":[-1.7,1.1]}},{"type":"Feature","geometry":{"type":"Point","coordinates":[20.54699,44.810139]},"properties":{"line":"63","mode":"bus","color":"#0059a9","colorDark":"#00294f","band":1,"off":[1.7,1.1]}},{"type":"Feature","geometry":{"type":"Point","coordinates":[20.529133,44.756177]},"properties":{"name":"VML","band":1,"modes":"bus","arr":["38","308"],"off":[0,-0.8]}},{"type":"Feature","geometry":{"type":"Point","coordinates":[20.529133,44.756177]},"properties":{"line":"38","mode":"bus","color":"#0059a9","colorDark":"#00294f","band":1,"off":[-1.7,1.1]}},{"type":"Feature","geometry":{"type":"Point","coordinates":[20.529133,44.756177]},"properties":{"line":"308","mode":"bus","color":"#0059a9","colorDark":"#00294f","band":1,"off":[1.7,1.1]}},{"type":"Feature","geometry":{"type":"Point","coordinates":[20.517328,44.772212]},"properties":{"name":"Pogon Kosmaj","band":1,"modes":"bus","arr":["38L"],"off":[0,-0.8]}},{"type":"Feature","geometry":{"type":"Point","coordinates":[20.517328,44.772212]},"properties":{"line":"38L","mode":"bus","color":"#0059a9","colorDark":"#00294f","band":1,"off":[0,1.1]}},{"type":"Feature","geometry":{"type":"Point","coordinates":[20.501213,44.744089]},"properties":{"name":"Kumodraž 1","band":1,"modes":"bus","arr":["39"],"off":[0,-0.8]}},{"type":"Feature","geometry":{"type":"Point","coordinates":[20.501213,44.744089]},"properties":{"line":"39","mode":"bus","color":"#0059a9","colorDark":"#00294f","band":1,"off":[0,1.1]}},{"type":"Feature","geometry":{"type":"Point","coordinates":[20.479942,44.75208]},"properties":{"name":"Banjica 2","band":1,"modes":"bus","arr":["40","41","78"],"off":[0,-0.8]}},{"type":"Feature","geometry":{"type":"Point","coordinates":[20.479942,44.75208]},"properties":{"line":"40","mode":"bus","color":"#149a3f","colorDark":"#0a5121","band":1,"off":[-3.4,1.1]}},{"type":"Feature","geometry":{"type":"Point","coordinates":[20.479942,44.75208]},"properties":{"line":"41","mode":"bus","color":"#149a3f","colorDark":"#0a5121","band":1,"off":[0,1.1]}},{"type":"Feature","geometry":{"type":"Point","coordinates":[20.479942,44.75208]},"properties":{"line":"78","mode":"bus","color":"#0059a9","colorDark":"#00294f","band":1,"off":[3.4,1.1]}},{"type":"Feature","geometry":{"type":"Point","coordinates":[20.428605,44.718462]},"properties":{"name":"Petlovo brdo","band":1,"modes":"bus","arr":["42","56","59","501","E2"],"off":[0,-0.8]}},{"type":"Feature","geometry":{"type":"Point","coordinates":[20.428605,44.718462]},"properties":{"line":"42","mode":"bus","color":"#0059a9","colorDark":"#00294f","band":1,"off":[-6.8,1.1]}},{"type":"Feature","geometry":{"type":"Point","coordinates":[20.428605,44.718462]},"properties":{"line":"56","mode":"bus","color":"#0059a9","colorDark":"#00294f","band":1,"off":[-3.4,1.1]}},{"type":"Feature","geometry":{"type":"Point","coordinates":[20.428605,44.718462]},"properties":{"line":"59","mode":"bus","color":"#0059a9","colorDark":"#00294f","band":1,"off":[0,1.1]}},{"type":"Feature","geometry":{"type":"Point","coordinates":[20.428605,44.718462]},"properties":{"line":"501","mode":"bus","color":"#0059a9","colorDark":"#00294f","band":1,"off":[3.4,1.1]}},{"type":"Feature","geometry":{"type":"Point","coordinates":[20.428605,44.718462]},"properties":{"line":"E2","mode":"bus","color":"#0059a9","colorDark":"#00294f","band":1,"off":[6.8,1.1]}},{"type":"Feature","geometry":{"type":"Point","coordinates":[20.467035,44.851482]},"properties":{"name":"Kotež","band":1,"modes":"bus","arr":["43"],"off":[0,-0.8]}},{"type":"Feature","geometry":{"type":"Point","coordinates":[20.467035,44.851482]},"properties":{"line":"43","mode":"bus","color":"#0059a9","colorDark":"#00294f","band":1,"off":[0,1.1]}},{"type":"Feature","geometry":{"type":"Point","coordinates":[20.479952,44.81888]},"properties":{"name":"Železnička stanica Dunav","band":1,"modes":"bus","arr":["44","44a"],"off":[0,-0.8]}},{"type":"Feature","geometry":{"type":"Point","coordinates":[20.479952,44.81888]},"properties":{"line":"44","mode":"bus","color":"#0059a9","colorDark":"#00294f","band":1,"off":[-1.7,1.1]}},{"type":"Feature","geometry":{"type":"Point","coordinates":[20.479952,44.81888]},"properties":{"line":"44a","mode":"bus","color":"#0059a9","colorDark":"#00294f","band":1,"off":[1.7,1.1]}},{"type":"Feature","geometry":{"type":"Point","coordinates":[20.383869,44.797058]},"properties":{"name":"Blok 44","band":1,"modes":"bus","arr":["45","82","602"],"off":[0,-0.8]}},{"type":"Feature","geometry":{"type":"Point","coordinates":[20.383869,44.797058]},"properties":{"line":"45","mode":"bus","color":"#0059a9","colorDark":"#00294f","band":1,"off":[-3.4,1.1]}},{"type":"Feature","geometry":{"type":"Point","coordinates":[20.383869,44.797058]},"properties":{"line":"82","mode":"bus","color":"#0059a9","colorDark":"#00294f","band":1,"off":[0,1.1]}},{"type":"Feature","geometry":{"type":"Point","coordinates":[20.383869,44.797058]},"properties":{"line":"602","mode":"bus","color":"#0059a9","colorDark":"#00294f","band":1,"off":[3.4,1.1]}},{"type":"Feature","geometry":{"type":"Point","coordinates":[20.504064,44.79351]},"properties":{"name":"Zvezdara /pijaca/","band":1,"modes":"bus","arr":["55","309"],"off":[0,-0.8]}},{"type":"Feature","geometry":{"type":"Point","coordinates":[20.504064,44.79351]},"properties":{"name":"Zvezdara","band":1,"modes":"bus","arr":["55","309"],"off":[0,-1.9]}},{"type":"Feature","geometry":{"type":"Point","coordinates":[20.504064,44.79351]},"properties":{"line":"55","mode":"bus","color":"#0059a9","colorDark":"#00294f","band":1,"off":[-1.7,1.1]}},{"type":"Feature","geometry":{"type":"Point","coordinates":[20.504064,44.79351]},"properties":{"line":"309","mode":"bus","color":"#0059a9","colorDark":"#00294f","band":1,"off":[1.7,1.1]}},{"type":"Feature","geometry":{"type":"Point","coordinates":[20.531607,44.793776]},"properties":{"name":"Mirijevo","band":1,"modes":"bus","arr":["46"],"off":[0,-0.8]}},{"type":"Feature","geometry":{"type":"Point","coordinates":[20.531607,44.793776]},"properties":{"line":"46","mode":"bus","color":"#0059a9","colorDark":"#00294f","band":1,"off":[0,1.1]}},{"type":"Feature","geometry":{"type":"Point","coordinates":[20.449734,44.748186]},"properties":{"name":"Miljakovac 1","band":1,"modes":"bus","arr":["54","502","505","506"],"off":[0,-0.8]}},{"type":"Feature","geometry":{"type":"Point","coordinates":[20.449734,44.748186]},"properties":{"line":"54","mode":"bus","color":"#0059a9","colorDark":"#00294f","band":1,"off":[-5.1,1.1]}},{"type":"Feature","geometry":{"type":"Point","coordinates":[20.449734,44.748186]},"properties":{"line":"502","mode":"bus","color":"#0059a9","colorDark":"#00294f","band":1,"off":[-1.7,1.1]}},{"type":"Feature","geometry":{"type":"Point","coordinates":[20.449734,44.748186]},"properties":{"line":"505","mode":"bus","color":"#0059a9","colorDark":"#00294f","band":1,"off":[1.7,1.1]}},{"type":"Feature","geometry":{"type":"Point","coordinates":[20.449734,44.748186]},"properties":{"line":"506","mode":"bus","color":"#0059a9","colorDark":"#00294f","band":1,"off":[5.1,1.1]}},{"type":"Feature","geometry":{"type":"Point","coordinates":[20.449457,44.704453]},"properties":{"name":"Železnička stanica Resnik","band":1,"modes":"bus","arr":["47","47N","47Na","503","504"],"off":[0,-0.8]}},{"type":"Feature","geometry":{"type":"Point","coordinates":[20.449457,44.704453]},"properties":{"line":"47","mode":"bus","color":"#0059a9","colorDark":"#00294f","band":1,"off":[-6.8,1.1]}},{"type":"Feature","geometry":{"type":"Point","coordinates":[20.449457,44.704453]},"properties":{"line":"47N","mode":"bus","color":"#0059a9","colorDark":"#00294f","band":1,"off":[-3.4,1.1]}},{"type":"Feature","geometry":{"type":"Point","coordinates":[20.449457,44.704453]},"properties":{"line":"47Na","mode":"bus","color":"#0059a9","colorDark":"#00294f","band":1,"off":[0,1.1]}},{"type":"Feature","geometry":{"type":"Point","coordinates":[20.449457,44.704453]},"properties":{"line":"503","mode":"bus","color":"#0059a9","colorDark":"#00294f","band":1,"off":[3.4,1.1]}},{"type":"Feature","geometry":{"type":"Point","coordinates":[20.449457,44.704453]},"properties":{"line":"504","mode":"bus","color":"#0059a9","colorDark":"#00294f","band":1,"off":[6.8,1.1]}},{"type":"Feature","geometry":{"type":"Point","coordinates":[20.463341,44.738005]},"properties":{"name":"Miljakovac 3","band":1,"modes":"bus","arr":["48"],"off":[0,-0.8]}},{"type":"Feature","geometry":{"type":"Point","coordinates":[20.463341,44.738005]},"properties":{"line":"48","mode":"bus","color":"#0059a9","colorDark":"#00294f","band":1,"off":[0,1.1]}},{"type":"Feature","geometry":{"type":"Point","coordinates":[20.41381,44.768478]},"properties":{"name":"Banovo brdo","band":1,"modes":"tram,bus","arr":["12","13","49","50","57","85","512","531","531a","532","532a","533","607"],"off":[0,-0.8],"sc":0.98}},{"type":"Feature","geometry":{"type":"Point","coordinates":[20.41381,44.768478]},"properties":{"line":"12","mode":"tram","color":"#d6212b","colorDark":"#7c1116","band":1,"sc":0.98,"off":[-6.8,1.1]}},{"type":"Feature","geometry":{"type":"Point","coordinates":[20.41381,44.768478]},"properties":{"line":"13","mode":"tram","color":"#d6212b","colorDark":"#7c1116","band":1,"sc":0.98,"off":[-3.4,1.1]}},{"type":"Feature","geometry":{"type":"Point","coordinates":[20.41381,44.768478]},"properties":{"line":"49","mode":"bus","color":"#0059a9","colorDark":"#00294f","band":1,"sc":0.98,"off":[0,1.1]}},{"type":"Feature","geometry":{"type":"Point","coordinates":[20.41381,44.768478]},"properties":{"line":"50","mode":"bus","color":"#0059a9","colorDark":"#00294f","band":1,"sc":0.98,"off":[3.4,1.1]}},{"type":"Feature","geometry":{"type":"Point","coordinates":[20.41381,44.768478]},"properties":{"line":"57","mode":"bus","color":"#0059a9","colorDark":"#00294f","band":1,"sc":0.98,"off":[6.8,1.1]}},{"type":"Feature","geometry":{"type":"Point","coordinates":[20.41381,44.768478]},"properties":{"line":"85","mode":"bus","color":"#0059a9","colorDark":"#00294f","band":1,"sc":0.98,"off":[-6.8,3.1]}},{"type":"Feature","geometry":{"type":"Point","coordinates":[20.41381,44.768478]},"properties":{"line":"512","mode":"bus","color":"#0059a9","colorDark":"#00294f","band":1,"sc":0.98,"off":[-3.4,3.1]}},{"type":"Feature","geometry":{"type":"Point","coordinates":[20.41381,44.768478]},"properties":{"line":"531","mode":"bus","color":"#0059a9","colorDark":"#00294f","band":1,"sc":0.98,"off":[0,3.1]}},{"type":"Feature","geometry":{"type":"Point","coordinates":[20.41381,44.768478]},"properties":{"line":"531a","mode":"bus","color":"#0059a9","colorDark":"#00294f","band":1,"sc":0.98,"off":[3.4,3.1]}},{"type":"Feature","geometry":{"type":"Point","coordinates":[20.41381,44.768478]},"properties":{"line":"532","mode":"bus","color":"#0059a9","colorDark":"#00294f","band":1,"sc":0.98,"off":[6.8,3.1]}},{"type":"Feature","geometry":{"type":"Point","coordinates":[20.41381,44.768478]},"properties":{"line":"532a","mode":"bus","color":"#0059a9","colorDark":"#00294f","band":1,"sc":0.98,"off":[-3.4,5.1]}},{"type":"Feature","geometry":{"type":"Point","coordinates":[20.41381,44.768478]},"properties":{"line":"533","mode":"bus","color":"#0059a9","colorDark":"#00294f","band":1,"sc":0.98,"off":[0,5.1]}},{"type":"Feature","geometry":{"type":"Point","coordinates":[20.41381,44.768478]},"properties":{"line":"607","mode":"bus","color":"#0059a9","colorDark":"#00294f","band":1,"sc":0.98,"off":[3.4,5.1]}},{"type":"Feature","geometry":{"type":"Point","coordinates":[20.49669,44.754164]},"properties":{"name":"Naselje Stepa Stepanović","band":1,"modes":"bus","arr":["49"],"off":[0,-0.8]}},{"type":"Feature","geometry":{"type":"Point","coordinates":[20.49669,44.754164]},"properties":{"name":"Generala Štefanika","band":1,"modes":"bus","arr":["49"],"off":[0,-3]}},{"type":"Feature","geometry":{"type":"Point","coordinates":[20.49669,44.754164]},"properties":{"line":"49","mode":"bus","color":"#0059a9","colorDark":"#00294f","band":1,"off":[0,1.1]}},{"type":"Feature","geometry":{"type":"Point","coordinates":[20.403729,44.748977]},"properties":{"name":"Bele vode","band":1,"modes":"bus","arr":["51","51N"],"off":[0,-0.8]}},{"type":"Feature","geometry":{"type":"Point","coordinates":[20.403729,44.748977]},"properties":{"line":"51","mode":"bus","color":"#0059a9","colorDark":"#00294f","band":1,"off":[-1.7,1.1]}},{"type":"Feature","geometry":{"type":"Point","coordinates":[20.403729,44.748977]},"properties":{"line":"51N","mode":"bus","color":"#0059a9","colorDark":"#00294f","band":1,"off":[1.7,1.1]}},{"type":"Feature","geometry":{"type":"Point","coordinates":[20.457571,44.81226]},"properties":{"name":"Zeleni venac","band":1,"modes":"bus","arr":["52","53","56","56L","60","60L","71","72","75","706"],"off":[0,-0.8]}},{"type":"Feature","geometry":{"type":"Point","coordinates":[20.457571,44.81226]},"properties":{"line":"52","mode":"bus","color":"#0059a9","colorDark":"#00294f","band":1,"off":[-6.8,1.1]}},{"type":"Feature","geometry":{"type":"Point","coordinates":[20.457571,44.81226]},"properties":{"line":"53","mode":"bus","color":"#0059a9","colorDark":"#00294f","band":1,"off":[-3.4,1.1]}},{"type":"Feature","geometry":{"type":"Point","coordinates":[20.457571,44.81226]},"properties":{"line":"56","mode":"bus","color":"#0059a9","colorDark":"#00294f","band":1,"off":[0,1.1]}},{"type":"Feature","geometry":{"type":"Point","coordinates":[20.457571,44.81226]},"properties":{"line":"56L","mode":"bus","color":"#0059a9","colorDark":"#00294f","band":1,"off":[3.4,1.1]}},{"type":"Feature","geometry":{"type":"Point","coordinates":[20.457571,44.81226]},"properties":{"line":"60","mode":"bus","color":"#0059a9","colorDark":"#00294f","band":1,"off":[6.8,1.1]}},{"type":"Feature","geometry":{"type":"Point","coordinates":[20.457571,44.81226]},"properties":{"line":"60L","mode":"bus","color":"#0059a9","colorDark":"#00294f","band":1,"off":[-6.8,3.1]}},{"type":"Feature","geometry":{"type":"Point","coordinates":[20.457571,44.81226]},"properties":{"line":"71","mode":"bus","color":"#0059a9","colorDark":"#00294f","band":1,"off":[-3.4,3.1]}},{"type":"Feature","geometry":{"type":"Point","coordinates":[20.457571,44.81226]},"properties":{"line":"72","mode":"bus","color":"#0059a9","colorDark":"#00294f","band":1,"off":[0,3.1]}},{"type":"Feature","geometry":{"type":"Point","coordinates":[20.457571,44.81226]},"properties":{"line":"75","mode":"bus","color":"#0059a9","colorDark":"#00294f","band":1,"off":[3.4,3.1]}},{"type":"Feature","geometry":{"type":"Point","coordinates":[20.457571,44.81226]},"properties":{"line":"706","mode":"bus","color":"#0059a9","colorDark":"#00294f","band":1,"off":[6.8,3.1]}},{"type":"Feature","geometry":{"type":"Point","coordinates":[20.419144,44.743706]},"properties":{"name":"Cerak Vinogradi","band":1,"modes":"bus","arr":["52","534"],"off":[0,-0.8]}},{"type":"Feature","geometry":{"type":"Point","coordinates":[20.419144,44.743706]},"properties":{"line":"52","mode":"bus","color":"#0059a9","colorDark":"#00294f","band":1,"off":[-1.7,1.1]}},{"type":"Feature","geometry":{"type":"Point","coordinates":[20.419144,44.743706]},"properties":{"line":"534","mode":"bus","color":"#0059a9","colorDark":"#00294f","band":1,"off":[1.7,1.1]}},{"type":"Feature","geometry":{"type":"Point","coordinates":[20.362039,44.770464]},"properties":{"name":"MZ Makiš","band":1,"modes":"bus","arr":["54"],"off":[0,-0.8]}},{"type":"Feature","geometry":{"type":"Point","coordinates":[20.362039,44.770464]},"properties":{"line":"54","mode":"bus","color":"#0059a9","colorDark":"#00294f","band":1,"off":[0,1.1]}},{"type":"Feature","geometry":{"type":"Point","coordinates":[20.382804,44.72068]},"properties":{"name":"Stari Železnik","band":1,"modes":"bus","arr":["55"],"off":[0,-0.8]}},{"type":"Feature","geometry":{"type":"Point","coordinates":[20.382804,44.72068]},"properties":{"line":"55","mode":"bus","color":"#0059a9","colorDark":"#00294f","band":1,"off":[0,1.1]}},{"type":"Feature","geometry":{"type":"Point","coordinates":[20.404775,44.777971]},"properties":{"name":"Čukarička padina","band":1,"modes":"bus","arr":["56L","87","87A"],"off":[0,-0.8]}},{"type":"Feature","geometry":{"type":"Point","coordinates":[20.404775,44.777971]},"properties":{"line":"56L","mode":"bus","color":"#0059a9","colorDark":"#00294f","band":1,"off":[-3.4,1.1]}},{"type":"Feature","geometry":{"type":"Point","coordinates":[20.404775,44.777971]},"properties":{"line":"87","mode":"bus","color":"#0059a9","colorDark":"#00294f","band":1,"off":[0,1.1]}},{"type":"Feature","geometry":{"type":"Point","coordinates":[20.404775,44.777971]},"properties":{"line":"87A","mode":"bus","color":"#0059a9","colorDark":"#00294f","band":1,"off":[3.4,1.1]}},{"type":"Feature","geometry":{"type":"Point","coordinates":[20.45151,44.682821]},"properties":{"name":"13. Septembar","band":1,"modes":"bus","arr":["56N","531","531a"],"off":[0,-0.8]}},{"type":"Feature","geometry":{"type":"Point","coordinates":[20.45151,44.682821]},"properties":{"line":"56N","mode":"bus","color":"#0059a9","colorDark":"#00294f","band":1,"off":[-3.4,1.1]}},{"type":"Feature","geometry":{"type":"Point","coordinates":[20.45151,44.682821]},"properties":{"line":"531","mode":"bus","color":"#0059a9","colorDark":"#00294f","band":1,"off":[0,1.1]}},{"type":"Feature","geometry":{"type":"Point","coordinates":[20.45151,44.682821]},"properties":{"line":"531a","mode":"bus","color":"#0059a9","colorDark":"#00294f","band":1,"off":[3.4,1.1]}},{"type":"Feature","geometry":{"type":"Point","coordinates":[20.380272,44.731874]},"properties":{"name":"Novi Železnik","band":1,"modes":"bus","arr":["58","88","511Nb","522"],"off":[0,-0.8]}},{"type":"Feature","geometry":{"type":"Point","coordinates":[20.380272,44.731874]},"properties":{"line":"58","mode":"bus","color":"#0059a9","colorDark":"#00294f","band":1,"off":[-5.1,1.1]}},{"type":"Feature","geometry":{"type":"Point","coordinates":[20.380272,44.731874]},"properties":{"line":"88","mode":"bus","color":"#0059a9","colorDark":"#00294f","band":1,"off":[-1.7,1.1]}},{"type":"Feature","geometry":{"type":"Point","coordinates":[20.380272,44.731874]},"properties":{"line":"511Nb","mode":"bus","color":"#0059a9","colorDark":"#00294f","band":1,"off":[1.7,1.1]}},{"type":"Feature","geometry":{"type":"Point","coordinates":[20.380272,44.731874]},"properties":{"line":"522","mode":"bus","color":"#0059a9","colorDark":"#00294f","band":1,"off":[5.1,1.1]}},{"type":"Feature","geometry":{"type":"Point","coordinates":[20.413835,44.801438]},"properties":{"name":"Toplana","band":1,"modes":"bus","arr":["60","60L"],"off":[0,-0.8]}},{"type":"Feature","geometry":{"type":"Point","coordinates":[20.413835,44.801438]},"properties":{"line":"60","mode":"bus","color":"#0059a9","colorDark":"#00294f","band":1,"off":[-1.7,1.1]}},{"type":"Feature","geometry":{"type":"Point","coordinates":[20.413835,44.801438]},"properties":{"line":"60L","mode":"bus","color":"#0059a9","colorDark":"#00294f","band":1,"off":[1.7,1.1]}},{"type":"Feature","geometry":{"type":"Point","coordinates":[20.509411,44.80687]},"properties":{"name":"Zvezdara 2","band":1,"modes":"bus","arr":["65"],"off":[0,-0.8]}},{"type":"Feature","geometry":{"type":"Point","coordinates":[20.509411,44.80687]},"properties":{"line":"65","mode":"bus","color":"#0059a9","colorDark":"#00294f","band":1,"off":[0,1.1]}},{"type":"Feature","geometry":{"type":"Point","coordinates":[20.363947,44.82222]},"properties":{"name":"Novo bežanijsko groblje","band":1,"modes":"bus","arr":["65"],"off":[0,-0.8]}},{"type":"Feature","geometry":{"type":"Point","coordinates":[20.363947,44.82222]},"properties":{"line":"65","mode":"bus","color":"#0059a9","colorDark":"#00294f","band":1,"off":[0,1.1]}},{"type":"Feature","geometry":{"type":"Point","coordinates":[20.501982,44.80383]},"properties":{"name":"Naučno-tehnološki park","band":1,"modes":"bus","arr":["66"],"off":[0,-0.8]}},{"type":"Feature","geometry":{"type":"Point","coordinates":[20.501982,44.80383]},"properties":{"line":"66","mode":"bus","color":"#0059a9","colorDark":"#00294f","band":1,"off":[0,1.1]}},{"type":"Feature","geometry":{"type":"Point","coordinates":[20.400151,44.798263]},"properties":{"name":"Blok 70A","band":1,"modes":"bus","arr":["67","76","610e","610ea","708"],"off":[0,-0.8]}},{"type":"Feature","geometry":{"type":"Point","coordinates":[20.400151,44.798263]},"properties":{"line":"67","mode":"bus","color":"#0059a9","colorDark":"#00294f","band":1,"off":[-6.8,1.1]}},{"type":"Feature","geometry":{"type":"Point","coordinates":[20.400151,44.798263]},"properties":{"line":"76","mode":"bus","color":"#0059a9","colorDark":"#00294f","band":1,"off":[-3.4,1.1]}},{"type":"Feature","geometry":{"type":"Point","coordinates":[20.400151,44.798263]},"properties":{"line":"610e","mode":"bus","color":"#0059a9","colorDark":"#00294f","band":1,"off":[0,1.1]}},{"type":"Feature","geometry":{"type":"Point","coordinates":[20.400151,44.798263]},"properties":{"line":"610ea","mode":"bus","color":"#0059a9","colorDark":"#00294f","band":1,"off":[3.4,1.1]}},{"type":"Feature","geometry":{"type":"Point","coordinates":[20.400151,44.798263]},"properties":{"line":"708","mode":"bus","color":"#0059a9","colorDark":"#00294f","band":1,"off":[6.8,1.1]}},{"type":"Feature","geometry":{"type":"Point","coordinates":[20.389827,44.797521]},"properties":{"name":"Blok 70","band":1,"modes":"bus","arr":["68"],"off":[0,-0.8]}},{"type":"Feature","geometry":{"type":"Point","coordinates":[20.389827,44.797521]},"properties":{"line":"68","mode":"bus","color":"#0059a9","colorDark":"#00294f","band":1,"off":[0,1.1]}},{"type":"Feature","geometry":{"type":"Point","coordinates":[20.363078,44.807864]},"properties":{"name":"Bežanijska kosa","band":1,"modes":"bus","arr":["70","74","75"],"off":[0,-0.8]}},{"type":"Feature","geometry":{"type":"Point","coordinates":[20.363078,44.807864]},"properties":{"line":"70","mode":"bus","color":"#0059a9","colorDark":"#00294f","band":1,"off":[-3.4,1.1]}},{"type":"Feature","geometry":{"type":"Point","coordinates":[20.363078,44.807864]},"properties":{"line":"74","mode":"bus","color":"#0059a9","colorDark":"#00294f","band":1,"off":[0,1.1]}},{"type":"Feature","geometry":{"type":"Point","coordinates":[20.363078,44.807864]},"properties":{"line":"75","mode":"bus","color":"#0059a9","colorDark":"#00294f","band":1,"off":[3.4,1.1]}},{"type":"Feature","geometry":{"type":"Point","coordinates":[20.561103,44.709875]},"properties":{"name":"IKEA","band":1,"modes":"bus","arr":["70"],"off":[0,-0.8]}},{"type":"Feature","geometry":{"type":"Point","coordinates":[20.561103,44.709875]},"properties":{"line":"70","mode":"bus","color":"#0059a9","colorDark":"#00294f","band":1,"off":[0,1.1]}},{"type":"Feature","geometry":{"type":"Point","coordinates":[20.349054,44.805015]},"properties":{"name":"Ledine","band":1,"modes":"bus","arr":["71","603"],"off":[0,-0.8]}},{"type":"Feature","geometry":{"type":"Point","coordinates":[20.349054,44.805015]},"properties":{"line":"71","mode":"bus","color":"#0059a9","colorDark":"#00294f","band":1,"off":[-1.7,1.1]}},{"type":"Feature","geometry":{"type":"Point","coordinates":[20.349054,44.805015]},"properties":{"line":"603","mode":"bus","color":"#0059a9","colorDark":"#00294f","band":1,"off":[1.7,1.1]}},{"type":"Feature","geometry":{"type":"Point","coordinates":[20.290255,44.82038]},"properties":{"name":"Aerodrom Nikola Tesla /dolasci/","band":1,"modes":"bus","arr":["72","72N","600","607","A1"],"off":[0,-0.8]}},{"type":"Feature","geometry":{"type":"Point","coordinates":[20.290255,44.82038]},"properties":{"line":"72","mode":"bus","color":"#0059a9","colorDark":"#00294f","band":1,"off":[-6.8,1.1]}},{"type":"Feature","geometry":{"type":"Point","coordinates":[20.290255,44.82038]},"properties":{"line":"72N","mode":"bus","color":"#0059a9","colorDark":"#00294f","band":1,"off":[-3.4,1.1]}},{"type":"Feature","geometry":{"type":"Point","coordinates":[20.290255,44.82038]},"properties":{"line":"600","mode":"bus","color":"#0059a9","colorDark":"#00294f","band":1,"off":[0,1.1]}},{"type":"Feature","geometry":{"type":"Point","coordinates":[20.290255,44.82038]},"properties":{"line":"607","mode":"bus","color":"#0059a9","colorDark":"#00294f","band":1,"off":[3.4,1.1]}},{"type":"Feature","geometry":{"type":"Point","coordinates":[20.290255,44.82038]},"properties":{"line":"A1","mode":"bus","color":"#0059a9","colorDark":"#00294f","band":1,"off":[6.8,1.1]}},{"type":"Feature","geometry":{"type":"Point","coordinates":[20.270974,44.899948]},"properties":{"name":"Batajnica /železnička stanica/","band":1,"modes":"bus","arr":["73","700","702"],"off":[0,-0.8]}},{"type":"Feature","geometry":{"type":"Point","coordinates":[20.270974,44.899948]},"properties":{"line":"73","mode":"bus","color":"#0059a9","colorDark":"#00294f","band":1,"off":[-3.4,1.1]}},{"type":"Feature","geometry":{"type":"Point","coordinates":[20.270974,44.899948]},"properties":{"line":"700","mode":"bus","color":"#0059a9","colorDark":"#00294f","band":1,"off":[0,1.1]}},{"type":"Feature","geometry":{"type":"Point","coordinates":[20.270974,44.899948]},"properties":{"line":"702","mode":"bus","color":"#0059a9","colorDark":"#00294f","band":1,"off":[3.4,1.1]}},{"type":"Feature","geometry":{"type":"Point","coordinates":[20.380146,44.829896]},"properties":{"name":"Bežanijska kosa","band":1,"modes":"bus","arr":["76","77"],"off":[0,-0.8]}},{"type":"Feature","geometry":{"type":"Point","coordinates":[20.380146,44.829896]},"properties":{"line":"76","mode":"bus","color":"#0059a9","colorDark":"#00294f","band":1,"off":[-1.7,1.1]}},{"type":"Feature","geometry":{"type":"Point","coordinates":[20.380146,44.829896]},"properties":{"line":"77","mode":"bus","color":"#0059a9","colorDark":"#00294f","band":1,"off":[1.7,1.1]}},{"type":"Feature","geometry":{"type":"Point","coordinates":[20.339496,44.859253]},"properties":{"name":"Altina 1","band":1,"modes":"bus","arr":["81","81L"],"off":[0,-0.8]}},{"type":"Feature","geometry":{"type":"Point","coordinates":[20.339496,44.859253]},"properties":{"line":"81","mode":"bus","color":"#0059a9","colorDark":"#00294f","band":1,"off":[-1.7,1.1]}},{"type":"Feature","geometry":{"type":"Point","coordinates":[20.339496,44.859253]},"properties":{"line":"81L","mode":"bus","color":"#0059a9","colorDark":"#00294f","band":1,"off":[1.7,1.1]}},{"type":"Feature","geometry":{"type":"Point","coordinates":[20.415165,44.843011]},"properties":{"name":"Kej oslobođenja","band":1,"modes":"bus","arr":["82","88","610","611","703","705","706E"],"off":[0,-0.8]}},{"type":"Feature","geometry":{"type":"Point","coordinates":[20.415165,44.843011]},"properties":{"line":"82","mode":"bus","color":"#0059a9","colorDark":"#00294f","band":1,"off":[-6.8,1.1]}},{"type":"Feature","geometry":{"type":"Point","coordinates":[20.415165,44.843011]},"properties":{"line":"88","mode":"bus","color":"#0059a9","colorDark":"#00294f","band":1,"off":[-3.4,1.1]}},{"type":"Feature","geometry":{"type":"Point","coordinates":[20.415165,44.843011]},"properties":{"line":"610","mode":"bus","color":"#0059a9","colorDark":"#00294f","band":1,"off":[0,1.1]}},{"type":"Feature","geometry":{"type":"Point","coordinates":[20.415165,44.843011]},"properties":{"line":"611","mode":"bus","color":"#0059a9","colorDark":"#00294f","band":1,"off":[3.4,1.1]}},{"type":"Feature","geometry":{"type":"Point","coordinates":[20.415165,44.843011]},"properties":{"line":"703","mode":"bus","color":"#0059a9","colorDark":"#00294f","band":1,"off":[6.8,1.1]}},{"type":"Feature","geometry":{"type":"Point","coordinates":[20.415165,44.843011]},"properties":{"line":"705","mode":"bus","color":"#0059a9","colorDark":"#00294f","band":1,"off":[-1.7,3.1]}},{"type":"Feature","geometry":{"type":"Point","coordinates":[20.415165,44.843011]},"properties":{"line":"706E","mode":"bus","color":"#0059a9","colorDark":"#00294f","band":1,"off":[1.7,3.1]}},{"type":"Feature","geometry":{"type":"Point","coordinates":[20.370013,44.857078]},"properties":{"name":"Nova Galenika","band":1,"modes":"bus","arr":["84","612"],"off":[0,-0.8]}},{"type":"Feature","geometry":{"type":"Point","coordinates":[20.370013,44.857078]},"properties":{"line":"84","mode":"bus","color":"#0059a9","colorDark":"#00294f","band":1,"off":[-1.7,1.1]}},{"type":"Feature","geometry":{"type":"Point","coordinates":[20.370013,44.857078]},"properties":{"line":"612","mode":"bus","color":"#0059a9","colorDark":"#00294f","band":1,"off":[1.7,1.1]}},{"type":"Feature","geometry":{"type":"Point","coordinates":[20.448334,44.8744]},"properties":{"name":"Borča 3","band":1,"modes":"bus","arr":["85","95","95N","96","101Nb"],"off":[0,-0.8]}},{"type":"Feature","geometry":{"type":"Point","coordinates":[20.448334,44.8744]},"properties":{"line":"85","mode":"bus","color":"#0059a9","colorDark":"#00294f","band":1,"off":[-6.8,1.1]}},{"type":"Feature","geometry":{"type":"Point","coordinates":[20.448334,44.8744]},"properties":{"line":"95","mode":"bus","color":"#0059a9","colorDark":"#00294f","band":1,"off":[-3.4,1.1]}},{"type":"Feature","geometry":{"type":"Point","coordinates":[20.448334,44.8744]},"properties":{"line":"95N","mode":"bus","color":"#0059a9","colorDark":"#00294f","band":1,"off":[0,1.1]}},{"type":"Feature","geometry":{"type":"Point","coordinates":[20.448334,44.8744]},"properties":{"line":"96","mode":"bus","color":"#0059a9","colorDark":"#00294f","band":1,"off":[3.4,1.1]}},{"type":"Feature","geometry":{"type":"Point","coordinates":[20.448334,44.8744]},"properties":{"line":"101Nb","mode":"bus","color":"#0059a9","colorDark":"#00294f","band":1,"off":[6.8,1.1]}},{"type":"Feature","geometry":{"type":"Point","coordinates":[20.364451,44.802109]},"properties":{"name":"Novi Beograd /Blok 72/","band":1,"modes":"bus","arr":["89"],"off":[0,-0.8]}},{"type":"Feature","geometry":{"type":"Point","coordinates":[20.364451,44.802109]},"properties":{"line":"89","mode":"bus","color":"#0059a9","colorDark":"#00294f","band":1,"off":[0,1.1]}},{"type":"Feature","geometry":{"type":"Point","coordinates":[20.332433,44.717854]},"properties":{"name":"Okretnica /česma/","band":1,"modes":"bus","arr":["91a"],"off":[0,-0.8]}},{"type":"Feature","geometry":{"type":"Point","coordinates":[20.332433,44.717854]},"properties":{"line":"91a","mode":"bus","color":"#0059a9","colorDark":"#00294f","band":1,"off":[0,1.1]}},{"type":"Feature","geometry":{"type":"Point","coordinates":[20.319883,44.713621]},"properties":{"name":"Ostružnica /Novo naselje/","band":1,"modes":"bus","arr":["91"],"off":[0,-0.8]}},{"type":"Feature","geometry":{"type":"Point","coordinates":[20.319883,44.713621]},"properties":{"line":"91","mode":"bus","color":"#0059a9","colorDark":"#00294f","band":1,"off":[0,1.1]}},{"type":"Feature","geometry":{"type":"Point","coordinates":[20.309686,44.718189]},"properties":{"name":"Ostružnica /Karaula/","band":1,"modes":"bus","arr":["92"],"off":[0,-0.8]}},{"type":"Feature","geometry":{"type":"Point","coordinates":[20.309686,44.718189]},"properties":{"line":"92","mode":"bus","color":"#0059a9","colorDark":"#00294f","band":1,"off":[0,1.1]}},{"type":"Feature","geometry":{"type":"Point","coordinates":[20.464355,44.71148]},"properties":{"name":"Resnik (Edvarda Griga)","band":1,"modes":"bus","arr":["94"],"off":[0,-0.8]}},{"type":"Feature","geometry":{"type":"Point","coordinates":[20.464355,44.71148]},"properties":{"line":"94","mode":"bus","color":"#0059a9","colorDark":"#00294f","band":1,"off":[0,1.1]}},{"type":"Feature","geometry":{"type":"Point","coordinates":[20.489973,44.814993]},"properties":{"name":"Omladinski stadion/izlaz/","band":1,"modes":"tram,bus","arr":["12","101","104","105","106","108","111","202"],"off":[0,-0.8]}},{"type":"Feature","geometry":{"type":"Point","coordinates":[20.489973,44.814993]},"properties":{"name":"Omladinski stadion /ulaz/","band":1,"modes":"tram,bus","arr":["12","101","104","105","106","108","111","202"],"off":[0,-3]}},{"type":"Feature","geometry":{"type":"Point","coordinates":[20.489973,44.814993]},"properties":{"name":"Omladinski stadion","band":1,"modes":"tram,bus","arr":["12","101","104","105","106","108","111","202"],"off":[0,-5.2]}},{"type":"Feature","geometry":{"type":"Point","coordinates":[20.489973,44.814993]},"properties":{"line":"12","mode":"tram","color":"#d6212b","colorDark":"#7c1116","band":1,"off":[-6.8,1.1]}},{"type":"Feature","geometry":{"type":"Point","coordinates":[20.489973,44.814993]},"properties":{"line":"101","mode":"bus","color":"#0059a9","colorDark":"#00294f","band":1,"off":[-3.4,1.1]}},{"type":"Feature","geometry":{"type":"Point","coordinates":[20.489973,44.814993]},"properties":{"line":"104","mode":"bus","color":"#0059a9","colorDark":"#00294f","band":1,"off":[0,1.1]}},{"type":"Feature","geometry":{"type":"Point","coordinates":[20.489973,44.814993]},"properties":{"line":"105","mode":"bus","color":"#0059a9","colorDark":"#00294f","band":1,"off":[3.4,1.1]}},{"type":"Feature","geometry":{"type":"Point","coordinates":[20.489973,44.814993]},"properties":{"line":"106","mode":"bus","color":"#0059a9","colorDark":"#00294f","band":1,"off":[6.8,1.1]}},{"type":"Feature","geometry":{"type":"Point","coordinates":[20.489973,44.814993]},"properties":{"line":"108","mode":"bus","color":"#0059a9","colorDark":"#00294f","band":1,"off":[-3.4,3.1]}},{"type":"Feature","geometry":{"type":"Point","coordinates":[20.489973,44.814993]},"properties":{"line":"111","mode":"bus","color":"#0059a9","colorDark":"#00294f","band":1,"off":[0,3.1]}},{"type":"Feature","geometry":{"type":"Point","coordinates":[20.489973,44.814993]},"properties":{"line":"202","mode":"bus","color":"#0059a9","colorDark":"#00294f","band":1,"off":[3.4,3.1]}},{"type":"Feature","geometry":{"type":"Point","coordinates":[20.424896,44.944881]},"properties":{"name":"Padinska skela","band":1,"modes":"bus","arr":["101","101N","101Na","102","102a","102b","102P","103","107","107a","109","110"],"off":[0,-0.8]}},{"type":"Feature","geometry":{"type":"Point","coordinates":[20.424896,44.944881]},"properties":{"line":"101","mode":"bus","color":"#0059a9","colorDark":"#00294f","band":1,"off":[-6.8,1.1]}},{"type":"Feature","geometry":{"type":"Point","coordinates":[20.424896,44.944881]},"properties":{"line":"101N","mode":"bus","color":"#0059a9","colorDark":"#00294f","band":1,"off":[-3.4,1.1]}},{"type":"Feature","geometry":{"type":"Point","coordinates":[20.424896,44.944881]},"properties":{"line":"101Na","mode":"bus","color":"#0059a9","colorDark":"#00294f","band":1,"off":[0,1.1]}},{"type":"Feature","geometry":{"type":"Point","coordinates":[20.424896,44.944881]},"properties":{"line":"102","mode":"bus","color":"#0059a9","colorDark":"#00294f","band":1,"off":[3.4,1.1]}},{"type":"Feature","geometry":{"type":"Point","coordinates":[20.424896,44.944881]},"properties":{"line":"102a","mode":"bus","color":"#0059a9","colorDark":"#00294f","band":1,"off":[6.8,1.1]}},{"type":"Feature","geometry":{"type":"Point","coordinates":[20.424896,44.944881]},"properties":{"line":"102b","mode":"bus","color":"#0059a9","colorDark":"#00294f","band":1,"off":[-6.8,3.1]}},{"type":"Feature","geometry":{"type":"Point","coordinates":[20.424896,44.944881]},"properties":{"line":"102P","mode":"bus","color":"#0059a9","colorDark":"#00294f","band":1,"off":[-3.4,3.1]}},{"type":"Feature","geometry":{"type":"Point","coordinates":[20.424896,44.944881]},"properties":{"line":"103","mode":"bus","color":"#0059a9","colorDark":"#00294f","band":1,"off":[0,3.1]}},{"type":"Feature","geometry":{"type":"Point","coordinates":[20.424896,44.944881]},"properties":{"line":"107","mode":"bus","color":"#0059a9","colorDark":"#00294f","band":1,"off":[3.4,3.1]}},{"type":"Feature","geometry":{"type":"Point","coordinates":[20.424896,44.944881]},"properties":{"line":"107a","mode":"bus","color":"#0059a9","colorDark":"#00294f","band":1,"off":[6.8,3.1]}},{"type":"Feature","geometry":{"type":"Point","coordinates":[20.424896,44.944881]},"properties":{"line":"109","mode":"bus","color":"#0059a9","colorDark":"#00294f","band":1,"off":[-1.7,5.1]}},{"type":"Feature","geometry":{"type":"Point","coordinates":[20.424896,44.944881]},"properties":{"line":"110","mode":"bus","color":"#0059a9","colorDark":"#00294f","band":1,"off":[1.7,5.1]}},{"type":"Feature","geometry":{"type":"Point","coordinates":[20.35635,44.977997]},"properties":{"name":"Vrbovski","band":1,"modes":"bus","arr":["102","102a"],"off":[0,-0.8]}},{"type":"Feature","geometry":{"type":"Point","coordinates":[20.35635,44.977997]},"properties":{"line":"102","mode":"bus","color":"#0059a9","colorDark":"#00294f","band":1,"off":[-1.7,1.1]}},{"type":"Feature","geometry":{"type":"Point","coordinates":[20.35635,44.977997]},"properties":{"line":"102a","mode":"bus","color":"#0059a9","colorDark":"#00294f","band":1,"off":[1.7,1.1]}},{"type":"Feature","geometry":{"type":"Point","coordinates":[20.38687,45.017152]},"properties":{"name":"Preliv","band":1,"modes":"bus","arr":["102P"],"off":[0,-0.8]}},{"type":"Feature","geometry":{"type":"Point","coordinates":[20.38687,45.017152]},"properties":{"line":"102P","mode":"bus","color":"#0059a9","colorDark":"#00294f","band":1,"off":[0,1.1]}},{"type":"Feature","geometry":{"type":"Point","coordinates":[20.417758,44.860831]},"properties":{"name":"Crvenka","band":1,"modes":"bus","arr":["104"],"off":[0,-0.8]}},{"type":"Feature","geometry":{"type":"Point","coordinates":[20.417758,44.860831]},"properties":{"line":"104","mode":"bus","color":"#0059a9","colorDark":"#00294f","band":1,"off":[0,1.1]}},{"type":"Feature","geometry":{"type":"Point","coordinates":[20.53529,44.887972]},"properties":{"name":"Ovča /centar/","band":1,"modes":"bus","arr":["105N"],"off":[0,-0.8]}},{"type":"Feature","geometry":{"type":"Point","coordinates":[20.53529,44.887972]},"properties":{"line":"105N","mode":"bus","color":"#0059a9","colorDark":"#00294f","band":1,"off":[0,1.1]}},{"type":"Feature","geometry":{"type":"Point","coordinates":[20.543306,44.875509]},"properties":{"name":"Ovča /Železnička stanica/","band":1,"modes":"bus","arr":["105","105L"],"off":[0,-0.8]}},{"type":"Feature","geometry":{"type":"Point","coordinates":[20.543306,44.875509]},"properties":{"line":"105","mode":"bus","color":"#0059a9","colorDark":"#00294f","band":1,"off":[-1.7,1.1]}},{"type":"Feature","geometry":{"type":"Point","coordinates":[20.543306,44.875509]},"properties":{"line":"105L","mode":"bus","color":"#0059a9","colorDark":"#00294f","band":1,"off":[1.7,1.1]}},{"type":"Feature","geometry":{"type":"Point","coordinates":[20.557663,44.918112]},"properties":{"name":"Jabučki rit","band":1,"modes":"bus","arr":["106"],"off":[0,-0.8]}},{"type":"Feature","geometry":{"type":"Point","coordinates":[20.557663,44.918112]},"properties":{"line":"106","mode":"bus","color":"#0059a9","colorDark":"#00294f","band":1,"off":[0,1.1]}},{"type":"Feature","geometry":{"type":"Point","coordinates":[20.383278,45.067019]},"properties":{"name":"Dunavac","band":1,"modes":"bus","arr":["107","107a"],"off":[0,-0.8]}},{"type":"Feature","geometry":{"type":"Point","coordinates":[20.383278,45.067019]},"properties":{"line":"107","mode":"bus","color":"#0059a9","colorDark":"#00294f","band":1,"off":[-1.7,1.1]}},{"type":"Feature","geometry":{"type":"Point","coordinates":[20.383278,45.067019]},"properties":{"line":"107a","mode":"bus","color":"#0059a9","colorDark":"#00294f","band":1,"off":[1.7,1.1]}},{"type":"Feature","geometry":{"type":"Point","coordinates":[20.614793,44.870185]},"properties":{"name":"Reva /Duboka bara/","band":1,"modes":"bus","arr":["108","112"],"off":[0,-0.8]}},{"type":"Feature","geometry":{"type":"Point","coordinates":[20.614793,44.870185]},"properties":{"line":"108","mode":"bus","color":"#0059a9","colorDark":"#00294f","band":1,"off":[-1.7,1.1]}},{"type":"Feature","geometry":{"type":"Point","coordinates":[20.614793,44.870185]},"properties":{"line":"112","mode":"bus","color":"#0059a9","colorDark":"#00294f","band":1,"off":[1.7,1.1]}},{"type":"Feature","geometry":{"type":"Point","coordinates":[20.380627,45.064503]},"properties":{"name":"Put za Dunavac","band":1,"modes":"bus","arr":["109"],"off":[0,-0.8]}},{"type":"Feature","geometry":{"type":"Point","coordinates":[20.380627,45.064503]},"properties":{"line":"109","mode":"bus","color":"#0059a9","colorDark":"#00294f","band":1,"off":[0,1.1]}},{"type":"Feature","geometry":{"type":"Point","coordinates":[20.465966,45.003376]},"properties":{"name":"Obala Tamiša","band":1,"modes":"bus","arr":["110"],"off":[0,-0.8]}},{"type":"Feature","geometry":{"type":"Point","coordinates":[20.465966,45.003376]},"properties":{"line":"110","mode":"bus","color":"#0059a9","colorDark":"#00294f","band":1,"off":[0,1.1]}},{"type":"Feature","geometry":{"type":"Point","coordinates":[20.456234,44.91116]},"properties":{"name":"SC Kovilovo","band":1,"modes":"bus","arr":["111"],"off":[0,-0.8]}},{"type":"Feature","geometry":{"type":"Point","coordinates":[20.456234,44.91116]},"properties":{"line":"111","mode":"bus","color":"#0059a9","colorDark":"#00294f","band":1,"off":[0,1.1]}},{"type":"Feature","geometry":{"type":"Point","coordinates":[20.601538,44.812162]},"properties":{"name":"Veliko selo","band":1,"modes":"bus","arr":["202","202N"],"off":[0,-0.8]}},{"type":"Feature","geometry":{"type":"Point","coordinates":[20.601538,44.812162]},"properties":{"line":"202","mode":"bus","color":"#0059a9","colorDark":"#00294f","band":1,"off":[-1.7,1.1]}},{"type":"Feature","geometry":{"type":"Point","coordinates":[20.601538,44.812162]},"properties":{"line":"202N","mode":"bus","color":"#0059a9","colorDark":"#00294f","band":1,"off":[1.7,1.1]}},{"type":"Feature","geometry":{"type":"Point","coordinates":[20.560583,44.752192]},"properties":{"name":"Kaluđerica","band":1,"modes":"bus","arr":["301Na","309"],"off":[0,-0.8]}},{"type":"Feature","geometry":{"type":"Point","coordinates":[20.560583,44.752192]},"properties":{"line":"301Na","mode":"bus","color":"#0059a9","colorDark":"#00294f","band":1,"off":[-1.7,1.1]}},{"type":"Feature","geometry":{"type":"Point","coordinates":[20.560583,44.752192]},"properties":{"line":"309","mode":"bus","color":"#0059a9","colorDark":"#00294f","band":1,"off":[1.7,1.1]}},{"type":"Feature","geometry":{"type":"Point","coordinates":[20.564426,44.764544]},"properties":{"name":"Put za Institut","band":1,"modes":"bus","arr":["309L"],"off":[0,-0.8]}},{"type":"Feature","geometry":{"type":"Point","coordinates":[20.564426,44.764544]},"properties":{"line":"309L","mode":"bus","color":"#0059a9","colorDark":"#00294f","band":1,"off":[0,1.1]}},{"type":"Feature","geometry":{"type":"Point","coordinates":[20.716271,44.673624]},"properties":{"name":"Šumadijska","band":1,"modes":"bus","arr":["304Na"],"off":[0,-0.8]}},{"type":"Feature","geometry":{"type":"Point","coordinates":[20.716271,44.673624]},"properties":{"line":"304Na","mode":"bus","color":"#0059a9","colorDark":"#00294f","band":1,"off":[0,1.1]}},{"type":"Feature","geometry":{"type":"Point","coordinates":[20.717097,44.670076]},"properties":{"name":"JA","band":1,"modes":"bus","arr":["301Na"],"off":[0,-0.8]}},{"type":"Feature","geometry":{"type":"Point","coordinates":[20.717097,44.670076]},"properties":{"name":"Grocka","band":1,"modes":"bus","arr":["301Na"],"off":[0,-1.9]}},{"type":"Feature","geometry":{"type":"Point","coordinates":[20.717097,44.670076]},"properties":{"line":"301Na","mode":"bus","color":"#0059a9","colorDark":"#00294f","band":1,"off":[0,1.1]}},{"type":"Feature","geometry":{"type":"Point","coordinates":[20.695033,44.632261]},"properties":{"name":"Begaljica","band":1,"modes":"bus","arr":["302","302a","302b","302N"],"off":[0,-0.8]}},{"type":"Feature","geometry":{"type":"Point","coordinates":[20.695033,44.632261]},"properties":{"line":"302","mode":"bus","color":"#0059a9","colorDark":"#00294f","band":1,"off":[-5.1,1.1]}},{"type":"Feature","geometry":{"type":"Point","coordinates":[20.695033,44.632261]},"properties":{"line":"302a","mode":"bus","color":"#0059a9","colorDark":"#00294f","band":1,"off":[-1.7,1.1]}},{"type":"Feature","geometry":{"type":"Point","coordinates":[20.695033,44.632261]},"properties":{"line":"302b","mode":"bus","color":"#0059a9","colorDark":"#00294f","band":1,"off":[1.7,1.1]}},{"type":"Feature","geometry":{"type":"Point","coordinates":[20.695033,44.632261]},"properties":{"line":"302N","mode":"bus","color":"#0059a9","colorDark":"#00294f","band":1,"off":[5.1,1.1]}},{"type":"Feature","geometry":{"type":"Point","coordinates":[20.607572,44.722069]},"properties":{"name":"Boleč","band":1,"modes":"bus","arr":["305","305a"],"off":[0,-0.8]}},{"type":"Feature","geometry":{"type":"Point","coordinates":[20.607572,44.722069]},"properties":{"line":"305","mode":"bus","color":"#0059a9","colorDark":"#00294f","band":1,"off":[-1.7,1.1]}},{"type":"Feature","geometry":{"type":"Point","coordinates":[20.607572,44.722069]},"properties":{"line":"305a","mode":"bus","color":"#0059a9","colorDark":"#00294f","band":1,"off":[1.7,1.1]}},{"type":"Feature","geometry":{"type":"Point","coordinates":[20.596041,44.671626]},"properties":{"name":"Vrčin","band":1,"modes":"bus","arr":["303"],"off":[0,-0.8]}},{"type":"Feature","geometry":{"type":"Point","coordinates":[20.596041,44.671626]},"properties":{"line":"303","mode":"bus","color":"#0059a9","colorDark":"#00294f","band":1,"off":[0,1.1]}},{"type":"Feature","geometry":{"type":"Point","coordinates":[20.659016,44.738651]},"properties":{"name":"Ritopek","band":1,"modes":"bus","arr":["304","304N","304Nb"],"off":[0,-0.8]}},{"type":"Feature","geometry":{"type":"Point","coordinates":[20.659016,44.738651]},"properties":{"line":"304","mode":"bus","color":"#0059a9","colorDark":"#00294f","band":1,"off":[-3.4,1.1]}},{"type":"Feature","geometry":{"type":"Point","coordinates":[20.659016,44.738651]},"properties":{"line":"304N","mode":"bus","color":"#0059a9","colorDark":"#00294f","band":1,"off":[0,1.1]}},{"type":"Feature","geometry":{"type":"Point","coordinates":[20.659016,44.738651]},"properties":{"line":"304Nb","mode":"bus","color":"#0059a9","colorDark":"#00294f","band":1,"off":[3.4,1.1]}},{"type":"Feature","geometry":{"type":"Point","coordinates":[20.610752,44.767116]},"properties":{"name":"Vinča","band":1,"modes":"bus","arr":["307","307N","307Na"],"off":[0,-0.8]}},{"type":"Feature","geometry":{"type":"Point","coordinates":[20.610752,44.767116]},"properties":{"line":"307","mode":"bus","color":"#0059a9","colorDark":"#00294f","band":1,"off":[-3.4,1.1]}},{"type":"Feature","geometry":{"type":"Point","coordinates":[20.610752,44.767116]},"properties":{"line":"307N","mode":"bus","color":"#0059a9","colorDark":"#00294f","band":1,"off":[0,1.1]}},{"type":"Feature","geometry":{"type":"Point","coordinates":[20.610752,44.767116]},"properties":{"line":"307Na","mode":"bus","color":"#0059a9","colorDark":"#00294f","band":1,"off":[3.4,1.1]}},{"type":"Feature","geometry":{"type":"Point","coordinates":[20.57551,44.730423]},"properties":{"name":"Leštane","band":1,"modes":"bus","arr":["306","306b","306v"],"off":[0,-0.8]}},{"type":"Feature","geometry":{"type":"Point","coordinates":[20.57551,44.730423]},"properties":{"line":"306","mode":"bus","color":"#0059a9","colorDark":"#00294f","band":1,"off":[-3.4,1.1]}},{"type":"Feature","geometry":{"type":"Point","coordinates":[20.57551,44.730423]},"properties":{"line":"306b","mode":"bus","color":"#0059a9","colorDark":"#00294f","band":1,"off":[0,1.1]}},{"type":"Feature","geometry":{"type":"Point","coordinates":[20.57551,44.730423]},"properties":{"line":"306v","mode":"bus","color":"#0059a9","colorDark":"#00294f","band":1,"off":[3.4,1.1]}},{"type":"Feature","geometry":{"type":"Point","coordinates":[20.546664,44.736602]},"properties":{"name":"Bubanj potok","band":1,"modes":"bus","arr":["306a"],"off":[0,-0.8]}},{"type":"Feature","geometry":{"type":"Point","coordinates":[20.546664,44.736602]},"properties":{"line":"306a","mode":"bus","color":"#0059a9","colorDark":"#00294f","band":1,"off":[0,1.1]}},{"type":"Feature","geometry":{"type":"Point","coordinates":[20.552922,44.755236]},"properties":{"name":"Kaluđerica (Višnjićeva)","band":1,"modes":"bus","arr":["309L"],"off":[0,-0.8]}},{"type":"Feature","geometry":{"type":"Point","coordinates":[20.552922,44.755236]},"properties":{"line":"309L","mode":"bus","color":"#0059a9","colorDark":"#00294f","band":1,"off":[0,1.1]}},{"type":"Feature","geometry":{"type":"Point","coordinates":[20.531076,44.774074]},"properties":{"name":"Mali mokri lug (crkva)","band":1,"modes":"bus","arr":["310"],"off":[0,-0.8]}},{"type":"Feature","geometry":{"type":"Point","coordinates":[20.531076,44.774074]},"properties":{"line":"310","mode":"bus","color":"#0059a9","colorDark":"#00294f","band":1,"off":[0,1.1]}},{"type":"Feature","geometry":{"type":"Point","coordinates":[20.583078,44.719546]},"properties":{"name":"Leštane (Ravan)","band":1,"modes":"bus","arr":["311"],"off":[0,-0.8]}},{"type":"Feature","geometry":{"type":"Point","coordinates":[20.583078,44.719546]},"properties":{"line":"311","mode":"bus","color":"#0059a9","colorDark":"#00294f","band":1,"off":[0,1.1]}},{"type":"Feature","geometry":{"type":"Point","coordinates":[20.525444,44.760418]},"properties":{"name":"M.Z. VML","band":1,"modes":"bus","arr":["312"],"off":[0,-0.8]}},{"type":"Feature","geometry":{"type":"Point","coordinates":[20.525444,44.760418]},"properties":{"line":"312","mode":"bus","color":"#0059a9","colorDark":"#00294f","band":1,"off":[0,1.1]}},{"type":"Feature","geometry":{"type":"Point","coordinates":[20.47084,44.695858]},"properties":{"name":"Pinosava","band":1,"modes":"bus","arr":["401","401a","401N"],"off":[0,-0.8]}},{"type":"Feature","geometry":{"type":"Point","coordinates":[20.47084,44.695858]},"properties":{"line":"401","mode":"bus","color":"#0059a9","colorDark":"#00294f","band":1,"off":[-3.4,1.1]}},{"type":"Feature","geometry":{"type":"Point","coordinates":[20.47084,44.695858]},"properties":{"line":"401a","mode":"bus","color":"#0059a9","colorDark":"#00294f","band":1,"off":[0,1.1]}},{"type":"Feature","geometry":{"type":"Point","coordinates":[20.47084,44.695858]},"properties":{"line":"401N","mode":"bus","color":"#0059a9","colorDark":"#00294f","band":1,"off":[3.4,1.1]}},{"type":"Feature","geometry":{"type":"Point","coordinates":[20.52681,44.709256]},"properties":{"name":"Beli potok","band":1,"modes":"bus","arr":["402"],"off":[0,-0.8]}},{"type":"Feature","geometry":{"type":"Point","coordinates":[20.52681,44.709256]},"properties":{"line":"402","mode":"bus","color":"#0059a9","colorDark":"#00294f","band":1,"off":[0,1.1]}},{"type":"Feature","geometry":{"type":"Point","coordinates":[20.483945,44.760881]},"properties":{"name":"Voždovac","band":1,"modes":"bus","arr":["403","405","406","406L","407","408","409","503"],"off":[0,-0.8]}},{"type":"Feature","geometry":{"type":"Point","coordinates":[20.483945,44.760881]},"properties":{"line":"403","mode":"bus","color":"#0059a9","colorDark":"#00294f","band":1,"off":[-6.8,1.1]}},{"type":"Feature","geometry":{"type":"Point","coordinates":[20.483945,44.760881]},"properties":{"line":"405","mode":"bus","color":"#0059a9","colorDark":"#00294f","band":1,"off":[-3.4,1.1]}},{"type":"Feature","geometry":{"type":"Point","coordinates":[20.483945,44.760881]},"properties":{"line":"406","mode":"bus","color":"#0059a9","colorDark":"#00294f","band":1,"off":[0,1.1]}},{"type":"Feature","geometry":{"type":"Point","coordinates":[20.483945,44.760881]},"properties":{"line":"406L","mode":"bus","color":"#0059a9","colorDark":"#00294f","band":1,"off":[3.4,1.1]}},{"type":"Feature","geometry":{"type":"Point","coordinates":[20.483945,44.760881]},"properties":{"line":"407","mode":"bus","color":"#0059a9","colorDark":"#00294f","band":1,"off":[6.8,1.1]}},{"type":"Feature","geometry":{"type":"Point","coordinates":[20.483945,44.760881]},"properties":{"line":"408","mode":"bus","color":"#0059a9","colorDark":"#00294f","band":1,"off":[-3.4,3.1]}},{"type":"Feature","geometry":{"type":"Point","coordinates":[20.483945,44.760881]},"properties":{"line":"409","mode":"bus","color":"#0059a9","colorDark":"#00294f","band":1,"off":[0,3.1]}},{"type":"Feature","geometry":{"type":"Point","coordinates":[20.483945,44.760881]},"properties":{"line":"503","mode":"bus","color":"#0059a9","colorDark":"#00294f","band":1,"off":[3.4,3.1]}},{"type":"Feature","geometry":{"type":"Point","coordinates":[20.540065,44.696947]},"properties":{"name":"Zuce","band":1,"modes":"bus","arr":["403"],"off":[0,-0.8]}},{"type":"Feature","geometry":{"type":"Point","coordinates":[20.540065,44.696947]},"properties":{"line":"403","mode":"bus","color":"#0059a9","colorDark":"#00294f","band":1,"off":[0,1.1]}},{"type":"Feature","geometry":{"type":"Point","coordinates":[20.474515,44.657537]},"properties":{"name":"Bela reka","band":1,"modes":"bus","arr":["404","407","407L"],"off":[0,-0.8]}},{"type":"Feature","geometry":{"type":"Point","coordinates":[20.474515,44.657537]},"properties":{"line":"404","mode":"bus","color":"#0059a9","colorDark":"#00294f","band":1,"off":[-3.4,1.1]}},{"type":"Feature","geometry":{"type":"Point","coordinates":[20.474515,44.657537]},"properties":{"line":"407","mode":"bus","color":"#0059a9","colorDark":"#00294f","band":1,"off":[0,1.1]}},{"type":"Feature","geometry":{"type":"Point","coordinates":[20.474515,44.657537]},"properties":{"line":"407L","mode":"bus","color":"#0059a9","colorDark":"#00294f","band":1,"off":[3.4,1.1]}},{"type":"Feature","geometry":{"type":"Point","coordinates":[20.555784,44.608664]},"properties":{"name":"Trešnja /okretnica/","band":1,"modes":"bus","arr":["404"],"off":[0,-0.8]}},{"type":"Feature","geometry":{"type":"Point","coordinates":[20.555784,44.608664]},"properties":{"line":"404","mode":"bus","color":"#0059a9","colorDark":"#00294f","band":1,"off":[0,1.1]}},{"type":"Feature","geometry":{"type":"Point","coordinates":[20.45504,44.615207]},"properties":{"name":"Glumčevo brdo","band":1,"modes":"bus","arr":["405","405L"],"off":[0,-0.8]}},{"type":"Feature","geometry":{"type":"Point","coordinates":[20.45504,44.615207]},"properties":{"line":"405","mode":"bus","color":"#0059a9","colorDark":"#00294f","band":1,"off":[-1.7,1.1]}},{"type":"Feature","geometry":{"type":"Point","coordinates":[20.45504,44.615207]},"properties":{"line":"405L","mode":"bus","color":"#0059a9","colorDark":"#00294f","band":1,"off":[1.7,1.1]}},{"type":"Feature","geometry":{"type":"Point","coordinates":[20.490872,44.704443]},"properties":{"name":"Institut Jaroslav Černi","band":1,"modes":"bus","arr":["406"],"off":[0,-0.8]}},{"type":"Feature","geometry":{"type":"Point","coordinates":[20.490872,44.704443]},"properties":{"line":"406","mode":"bus","color":"#0059a9","colorDark":"#00294f","band":1,"off":[0,1.1]}},{"type":"Feature","geometry":{"type":"Point","coordinates":[20.519764,44.711887]},"properties":{"name":"Beli potok (Igralište)","band":1,"modes":"bus","arr":["406L"],"off":[0,-0.8]}},{"type":"Feature","geometry":{"type":"Point","coordinates":[20.519764,44.711887]},"properties":{"line":"406L","mode":"bus","color":"#0059a9","colorDark":"#00294f","band":1,"off":[0,1.1]}},{"type":"Feature","geometry":{"type":"Point","coordinates":[20.428827,44.642392]},"properties":{"name":"Trebež (okretnica)","band":1,"modes":"bus","arr":["407L"],"off":[0,-0.8]}},{"type":"Feature","geometry":{"type":"Point","coordinates":[20.428827,44.642392]},"properties":{"line":"407L","mode":"bus","color":"#0059a9","colorDark":"#00294f","band":1,"off":[0,1.1]}},{"type":"Feature","geometry":{"type":"Point","coordinates":[20.581059,44.560483]},"properties":{"name":"Ralja /Drumine/","band":1,"modes":"bus","arr":["408"],"off":[0,-0.8]}},{"type":"Feature","geometry":{"type":"Point","coordinates":[20.581059,44.560483]},"properties":{"line":"408","mode":"bus","color":"#0059a9","colorDark":"#00294f","band":1,"off":[0,1.1]}},{"type":"Feature","geometry":{"type":"Point","coordinates":[20.413313,44.805723]},"properties":{"name":"BAS","band":1,"modes":"bus","arr":["493N"],"off":[0,-0.8]}},{"type":"Feature","geometry":{"type":"Point","coordinates":[20.413313,44.805723]},"properties":{"line":"493N","mode":"bus","color":"#0059a9","colorDark":"#00294f","band":1,"off":[0,1.1]}},{"type":"Feature","geometry":{"type":"Point","coordinates":[20.69215,44.439837]},"properties":{"name":"Mladenovac AS","band":1,"modes":"bus","arr":["493N"],"off":[0,-0.8]}},{"type":"Feature","geometry":{"type":"Point","coordinates":[20.69215,44.439837]},"properties":{"line":"493N","mode":"bus","color":"#0059a9","colorDark":"#00294f","band":1,"off":[0,1.1]}},{"type":"Feature","geometry":{"type":"Point","coordinates":[20.428177,44.715085]},"properties":{"name":"Staro Kijevo","band":1,"modes":"bus","arr":["501"],"off":[0,-0.8]}},{"type":"Feature","geometry":{"type":"Point","coordinates":[20.428177,44.715085]},"properties":{"line":"501","mode":"bus","color":"#0059a9","colorDark":"#00294f","band":1,"off":[0,1.1]}},{"type":"Feature","geometry":{"type":"Point","coordinates":[20.412509,44.709505]},"properties":{"name":"Orlovača groblje","band":1,"modes":"bus","arr":["502","533"],"off":[0,-0.8]}},{"type":"Feature","geometry":{"type":"Point","coordinates":[20.412509,44.709505]},"properties":{"line":"502","mode":"bus","color":"#0059a9","colorDark":"#00294f","band":1,"off":[-1.7,1.1]}},{"type":"Feature","geometry":{"type":"Point","coordinates":[20.412509,44.709505]},"properties":{"line":"533","mode":"bus","color":"#0059a9","colorDark":"#00294f","band":1,"off":[1.7,1.1]}},{"type":"Feature","geometry":{"type":"Point","coordinates":[20.46916,44.728251]},"properties":{"name":"Miljakovačke livade","band":1,"modes":"bus","arr":["505"],"off":[0,-0.8]}},{"type":"Feature","geometry":{"type":"Point","coordinates":[20.46916,44.728251]},"properties":{"line":"505","mode":"bus","color":"#0059a9","colorDark":"#00294f","band":1,"off":[0,1.1]}},{"type":"Feature","geometry":{"type":"Point","coordinates":[20.461006,44.69693]},"properties":{"name":"Resnik (Patin majdan)","band":1,"modes":"bus","arr":["506"],"off":[0,-0.8]}},{"type":"Feature","geometry":{"type":"Point","coordinates":[20.461006,44.69693]},"properties":{"line":"506","mode":"bus","color":"#0059a9","colorDark":"#00294f","band":1,"off":[0,1.1]}},{"type":"Feature","geometry":{"type":"Point","coordinates":[20.441432,44.690078]},"properties":{"name":"Oslobođenja 2","band":1,"modes":"bus","arr":["532","532a"],"off":[0,-0.8]}},{"type":"Feature","geometry":{"type":"Point","coordinates":[20.441432,44.690078]},"properties":{"line":"532","mode":"bus","color":"#0059a9","colorDark":"#00294f","band":1,"off":[-1.7,1.1]}},{"type":"Feature","geometry":{"type":"Point","coordinates":[20.441432,44.690078]},"properties":{"line":"532a","mode":"bus","color":"#0059a9","colorDark":"#00294f","band":1,"off":[1.7,1.1]}},{"type":"Feature","geometry":{"type":"Point","coordinates":[20.4464,44.675378]},"properties":{"name":"Rušanj (Drobnjački kraj)","band":1,"modes":"bus","arr":["507"],"off":[0,-0.8]}},{"type":"Feature","geometry":{"type":"Point","coordinates":[20.4464,44.675378]},"properties":{"line":"507","mode":"bus","color":"#0059a9","colorDark":"#00294f","band":1,"off":[0,1.1]}},{"type":"Feature","geometry":{"type":"Point","coordinates":[20.403913,44.650511]},"properties":{"name":"Sremčica","band":1,"modes":"bus","arr":["511","511N","511Na","551"],"off":[0,-0.8]}},{"type":"Feature","geometry":{"type":"Point","coordinates":[20.403913,44.650511]},"properties":{"line":"511","mode":"bus","color":"#0059a9","colorDark":"#00294f","band":1,"off":[-5.1,1.1]}},{"type":"Feature","geometry":{"type":"Point","coordinates":[20.403913,44.650511]},"properties":{"line":"511N","mode":"bus","color":"#0059a9","colorDark":"#00294f","band":1,"off":[-1.7,1.1]}},{"type":"Feature","geometry":{"type":"Point","coordinates":[20.403913,44.650511]},"properties":{"line":"511Na","mode":"bus","color":"#0059a9","colorDark":"#00294f","band":1,"off":[1.7,1.1]}},{"type":"Feature","geometry":{"type":"Point","coordinates":[20.403913,44.650511]},"properties":{"line":"551","mode":"bus","color":"#0059a9","colorDark":"#00294f","band":1,"off":[5.1,1.1]}},{"type":"Feature","geometry":{"type":"Point","coordinates":[20.384755,44.689187]},"properties":{"name":"Sremčica /Naselje Gorica/","band":1,"modes":"bus","arr":["512","513"],"off":[0,-0.8]}},{"type":"Feature","geometry":{"type":"Point","coordinates":[20.384755,44.689187]},"properties":{"line":"512","mode":"bus","color":"#0059a9","colorDark":"#00294f","band":1,"off":[-1.7,1.1]}},{"type":"Feature","geometry":{"type":"Point","coordinates":[20.384755,44.689187]},"properties":{"line":"513","mode":"bus","color":"#0059a9","colorDark":"#00294f","band":1,"off":[1.7,1.1]}},{"type":"Feature","geometry":{"type":"Point","coordinates":[20.360697,44.674069]},"properties":{"name":"Velika Moštanica (Živojina Tabakovića)","band":1,"modes":"bus","arr":["513"],"off":[0,-0.8]}},{"type":"Feature","geometry":{"type":"Point","coordinates":[20.360697,44.674069]},"properties":{"line":"513","mode":"bus","color":"#0059a9","colorDark":"#00294f","band":1,"off":[0,1.1]}},{"type":"Feature","geometry":{"type":"Point","coordinates":[20.378748,44.713028]},"properties":{"name":"Železnik /Tariš/","band":1,"modes":"bus","arr":["521","521a"],"off":[0,-0.8]}},{"type":"Feature","geometry":{"type":"Point","coordinates":[20.378748,44.713028]},"properties":{"line":"521","mode":"bus","color":"#0059a9","colorDark":"#00294f","band":1,"off":[-1.7,1.1]}},{"type":"Feature","geometry":{"type":"Point","coordinates":[20.378748,44.713028]},"properties":{"line":"521a","mode":"bus","color":"#0059a9","colorDark":"#00294f","band":1,"off":[1.7,1.1]}},{"type":"Feature","geometry":{"type":"Point","coordinates":[20.521966,44.64789]},"properties":{"name":"Ripanj /groblje/","band":1,"modes":"bus","arr":["534"],"off":[0,-0.8]}},{"type":"Feature","geometry":{"type":"Point","coordinates":[20.521966,44.64789]},"properties":{"line":"534","mode":"bus","color":"#0059a9","colorDark":"#00294f","band":1,"off":[0,1.1]}},{"type":"Feature","geometry":{"type":"Point","coordinates":[20.315068,44.655913]},"properties":{"name":"Rucka /Okretnica/","band":1,"modes":"bus","arr":["553"],"off":[0,-0.8]}},{"type":"Feature","geometry":{"type":"Point","coordinates":[20.315068,44.655913]},"properties":{"line":"553","mode":"bus","color":"#0059a9","colorDark":"#00294f","band":1,"off":[0,1.1]}},{"type":"Feature","geometry":{"type":"Point","coordinates":[20.264269,44.379068]},"properties":{"name":"Lazarevac AS","band":1,"modes":"bus","arr":["581N"],"off":[0,-0.8]}},{"type":"Feature","geometry":{"type":"Point","coordinates":[20.264269,44.379068]},"properties":{"line":"581N","mode":"bus","color":"#0059a9","colorDark":"#00294f","band":1,"off":[0,1.1]}},{"type":"Feature","geometry":{"type":"Point","coordinates":[20.26962,44.790873]},"properties":{"name":"Surčin /centar/","band":1,"modes":"bus","arr":["601N","601Na"],"off":[0,-0.8]}},{"type":"Feature","geometry":{"type":"Point","coordinates":[20.26962,44.790873]},"properties":{"line":"601N","mode":"bus","color":"#0059a9","colorDark":"#00294f","band":1,"off":[-1.7,1.1]}},{"type":"Feature","geometry":{"type":"Point","coordinates":[20.26962,44.790873]},"properties":{"line":"601Na","mode":"bus","color":"#0059a9","colorDark":"#00294f","band":1,"off":[1.7,1.1]}},{"type":"Feature","geometry":{"type":"Point","coordinates":[20.249578,44.780884]},"properties":{"name":"Surčin","band":1,"modes":"bus","arr":["601","606"],"off":[0,-0.8]}},{"type":"Feature","geometry":{"type":"Point","coordinates":[20.249578,44.780884]},"properties":{"line":"601","mode":"bus","color":"#0059a9","colorDark":"#00294f","band":1,"off":[-1.7,1.1]}},{"type":"Feature","geometry":{"type":"Point","coordinates":[20.249578,44.780884]},"properties":{"line":"606","mode":"bus","color":"#0059a9","colorDark":"#00294f","band":1,"off":[1.7,1.1]}},{"type":"Feature","geometry":{"type":"Point","coordinates":[20.270579,44.745327]},"properties":{"name":"Jakovo","band":1,"modes":"bus","arr":["610","610e","610ea"],"off":[0,-0.8]}},{"type":"Feature","geometry":{"type":"Point","coordinates":[20.270579,44.745327]},"properties":{"line":"610","mode":"bus","color":"#0059a9","colorDark":"#00294f","band":1,"off":[-3.4,1.1]}},{"type":"Feature","geometry":{"type":"Point","coordinates":[20.270579,44.745327]},"properties":{"line":"610e","mode":"bus","color":"#0059a9","colorDark":"#00294f","band":1,"off":[0,1.1]}},{"type":"Feature","geometry":{"type":"Point","coordinates":[20.270579,44.745327]},"properties":{"line":"610ea","mode":"bus","color":"#0059a9","colorDark":"#00294f","band":1,"off":[3.4,1.1]}},{"type":"Feature","geometry":{"type":"Point","coordinates":[20.231756,44.787999]},"properties":{"name":"SRC Surčin","band":1,"modes":"bus","arr":["602"],"off":[0,-0.8]}},{"type":"Feature","geometry":{"type":"Point","coordinates":[20.231756,44.787999]},"properties":{"line":"602","mode":"bus","color":"#0059a9","colorDark":"#00294f","band":1,"off":[0,1.1]}},{"type":"Feature","geometry":{"type":"Point","coordinates":[20.18001,44.878025]},"properties":{"name":"Ugrinovci","band":1,"modes":"bus","arr":["603","603N","603Na","703","711"],"off":[0,-0.8]}},{"type":"Feature","geometry":{"type":"Point","coordinates":[20.18001,44.878025]},"properties":{"line":"603","mode":"bus","color":"#0059a9","colorDark":"#00294f","band":1,"off":[-6.8,1.1]}},{"type":"Feature","geometry":{"type":"Point","coordinates":[20.18001,44.878025]},"properties":{"line":"603N","mode":"bus","color":"#0059a9","colorDark":"#00294f","band":1,"off":[-3.4,1.1]}},{"type":"Feature","geometry":{"type":"Point","coordinates":[20.18001,44.878025]},"properties":{"line":"603Na","mode":"bus","color":"#0059a9","colorDark":"#00294f","band":1,"off":[0,1.1]}},{"type":"Feature","geometry":{"type":"Point","coordinates":[20.18001,44.878025]},"properties":{"line":"703","mode":"bus","color":"#0059a9","colorDark":"#00294f","band":1,"off":[3.4,1.1]}},{"type":"Feature","geometry":{"type":"Point","coordinates":[20.18001,44.878025]},"properties":{"line":"711","mode":"bus","color":"#0059a9","colorDark":"#00294f","band":1,"off":[6.8,1.1]}},{"type":"Feature","geometry":{"type":"Point","coordinates":[20.100824,44.806024]},"properties":{"name":"Preka kaldrma","band":1,"modes":"bus","arr":["604"],"off":[0,-0.8]}},{"type":"Feature","geometry":{"type":"Point","coordinates":[20.100824,44.806024]},"properties":{"line":"604","mode":"bus","color":"#0059a9","colorDark":"#00294f","band":1,"off":[0,1.1]}},{"type":"Feature","geometry":{"type":"Point","coordinates":[20.149697,44.718214]},"properties":{"name":"Progar","band":1,"modes":"bus","arr":["605"],"off":[0,-0.8]}},{"type":"Feature","geometry":{"type":"Point","coordinates":[20.149697,44.718214]},"properties":{"line":"605","mode":"bus","color":"#0059a9","colorDark":"#00294f","band":1,"off":[0,1.1]}},{"type":"Feature","geometry":{"type":"Point","coordinates":[20.147378,44.855457]},"properties":{"name":"Grmovac /25.nova/","band":1,"modes":"bus","arr":["606"],"off":[0,-0.8]}},{"type":"Feature","geometry":{"type":"Point","coordinates":[20.147378,44.855457]},"properties":{"line":"606","mode":"bus","color":"#0059a9","colorDark":"#00294f","band":1,"off":[0,1.1]}},{"type":"Feature","geometry":{"type":"Point","coordinates":[20.235947,44.836478]},"properties":{"name":"Dobanovci /groblje/","band":1,"modes":"bus","arr":["611"],"off":[0,-0.8]}},{"type":"Feature","geometry":{"type":"Point","coordinates":[20.235947,44.836478]},"properties":{"line":"611","mode":"bus","color":"#0059a9","colorDark":"#00294f","band":1,"off":[0,1.1]}},{"type":"Feature","geometry":{"type":"Point","coordinates":[20.298983,44.830981]},"properties":{"name":"Radiofar","band":1,"modes":"bus","arr":["613"],"off":[0,-0.8]}},{"type":"Feature","geometry":{"type":"Point","coordinates":[20.298983,44.830981]},"properties":{"line":"613","mode":"bus","color":"#0059a9","colorDark":"#00294f","band":1,"off":[0,1.1]}},{"type":"Feature","geometry":{"type":"Point","coordinates":[20.27122,44.915497]},"properties":{"name":"Batajnica","band":1,"modes":"bus","arr":["706","706N"],"off":[0,-0.8]}},{"type":"Feature","geometry":{"type":"Point","coordinates":[20.27122,44.915497]},"properties":{"line":"706","mode":"bus","color":"#0059a9","colorDark":"#00294f","band":1,"off":[-1.7,1.1]}},{"type":"Feature","geometry":{"type":"Point","coordinates":[20.27122,44.915497]},"properties":{"line":"706N","mode":"bus","color":"#0059a9","colorDark":"#00294f","band":1,"off":[1.7,1.1]}},{"type":"Feature","geometry":{"type":"Point","coordinates":[20.213903,44.90121]},"properties":{"name":"Busije/terminus/","band":1,"modes":"bus","arr":["702"],"off":[0,-0.8]}},{"type":"Feature","geometry":{"type":"Point","coordinates":[20.213903,44.90121]},"properties":{"line":"702","mode":"bus","color":"#0059a9","colorDark":"#00294f","band":1,"off":[0,1.1]}},{"type":"Feature","geometry":{"type":"Point","coordinates":[20.319242,44.875612]},"properties":{"name":"Zemun polje","band":1,"modes":"bus","arr":["704","707","707N","708","709"],"off":[0,-0.8]}},{"type":"Feature","geometry":{"type":"Point","coordinates":[20.319242,44.875612]},"properties":{"line":"704","mode":"bus","color":"#0059a9","colorDark":"#00294f","band":1,"off":[-6.8,1.1]}},{"type":"Feature","geometry":{"type":"Point","coordinates":[20.319242,44.875612]},"properties":{"line":"707","mode":"bus","color":"#0059a9","colorDark":"#00294f","band":1,"off":[-3.4,1.1]}},{"type":"Feature","geometry":{"type":"Point","coordinates":[20.319242,44.875612]},"properties":{"line":"707N","mode":"bus","color":"#0059a9","colorDark":"#00294f","band":1,"off":[0,1.1]}},{"type":"Feature","geometry":{"type":"Point","coordinates":[20.319242,44.875612]},"properties":{"line":"708","mode":"bus","color":"#0059a9","colorDark":"#00294f","band":1,"off":[3.4,1.1]}},{"type":"Feature","geometry":{"type":"Point","coordinates":[20.319242,44.875612]},"properties":{"line":"709","mode":"bus","color":"#0059a9","colorDark":"#00294f","band":1,"off":[6.8,1.1]}},{"type":"Feature","geometry":{"type":"Point","coordinates":[20.342664,44.88587]},"properties":{"name":"13. maj","band":1,"modes":"bus","arr":["705"],"off":[0,-0.8]}},{"type":"Feature","geometry":{"type":"Point","coordinates":[20.342664,44.88587]},"properties":{"line":"705","mode":"bus","color":"#0059a9","colorDark":"#00294f","band":1,"off":[0,1.1]}},{"type":"Feature","geometry":{"type":"Point","coordinates":[20.244993,44.927249]},"properties":{"name":"Aerodrom Batajnica","band":1,"modes":"bus","arr":["706E"],"off":[0,-0.8]}},{"type":"Feature","geometry":{"type":"Point","coordinates":[20.244993,44.927249]},"properties":{"line":"706E","mode":"bus","color":"#0059a9","colorDark":"#00294f","band":1,"off":[0,1.1]}},{"type":"Feature","geometry":{"type":"Point","coordinates":[20.197027,44.655786]},"properties":{"name":"Obrenovac AS","band":1,"modes":"bus","arr":["860N"],"off":[0,-0.8]}},{"type":"Feature","geometry":{"type":"Point","coordinates":[20.197027,44.655786]},"properties":{"line":"860N","mode":"bus","color":"#0059a9","colorDark":"#00294f","band":1,"off":[0,1.1]}},{"type":"Feature","geometry":{"type":"Point","coordinates":[20.449452,44.819237]},"properties":{"name":"Pristanište Ka Bloku 45","band":1,"modes":"tram","arr":["2","2L"],"off":[0,-0.8]}},{"type":"Feature","geometry":{"type":"Point","coordinates":[20.449452,44.819237]},"properties":{"name":"Pristanište 1","band":1,"modes":"tram","arr":["2","2L"],"off":[0,-3]}},{"type":"Feature","geometry":{"type":"Point","coordinates":[20.449452,44.819237]},"properties":{"name":"Pristanište","band":1,"modes":"tram","arr":["2","2L"],"off":[0,-4.1]}},{"type":"Feature","geometry":{"type":"Point","coordinates":[20.449452,44.819237]},"properties":{"line":"2","mode":"tram","color":"#d6212b","colorDark":"#7c1116","band":1,"off":[-1.7,1.1]}},{"type":"Feature","geometry":{"type":"Point","coordinates":[20.449452,44.819237]},"properties":{"line":"2L","mode":"tram","color":"#d6212b","colorDark":"#7c1116","band":1,"off":[1.7,1.1]}},{"type":"Feature","geometry":{"type":"Point","coordinates":[20.438266,44.795276]},"properties":{"name":"Ruska","band":1,"modes":"tram","arr":["2L"],"off":[0,-0.8]}},{"type":"Feature","geometry":{"type":"Point","coordinates":[20.438266,44.795276]},"properties":{"line":"2L","mode":"tram","color":"#d6212b","colorDark":"#7c1116","band":1,"off":[0,1.1]}},{"type":"Feature","geometry":{"type":"Point","coordinates":[20.454256,44.826515]},"properties":{"name":"Tadeuša Košćuška","band":1,"modes":"tram","arr":["5","10","11"],"off":[0,-0.8]}},{"type":"Feature","geometry":{"type":"Point","coordinates":[20.454256,44.826515]},"properties":{"name":"Kalemegdan (Donji grad)","band":1,"modes":"tram","arr":["5","10","11"],"off":[0,-1.9]}},{"type":"Feature","geometry":{"type":"Point","coordinates":[20.454256,44.826515]},"properties":{"line":"5","mode":"tram","color":"#d6212b","colorDark":"#7c1116","band":1,"off":[-3.4,1.1]}},{"type":"Feature","geometry":{"type":"Point","coordinates":[20.454256,44.826515]},"properties":{"line":"10","mode":"tram","color":"#d6212b","colorDark":"#7c1116","band":1,"off":[0,1.1]}},{"type":"Feature","geometry":{"type":"Point","coordinates":[20.454256,44.826515]},"properties":{"line":"11","mode":"tram","color":"#d6212b","colorDark":"#7c1116","band":1,"off":[3.4,1.1]}},{"type":"Feature","geometry":{"type":"Point","coordinates":[20.468041,44.809552]},"properties":{"name":"Tašmajdan /park/","band":1,"modes":"tram","arr":["6"],"off":[0,-0.8]}},{"type":"Feature","geometry":{"type":"Point","coordinates":[20.468041,44.809552]},"properties":{"line":"6","mode":"tram","color":"#d6212b","colorDark":"#7c1116","band":1,"off":[0,1.1]}},{"type":"Feature","geometry":{"type":"Point","coordinates":[20.478033,44.757229]},"properties":{"name":"Banjica","band":1,"modes":"tram","arr":["9L","10","14"],"off":[0,-0.8]}},{"type":"Feature","geometry":{"type":"Point","coordinates":[20.478033,44.757229]},"properties":{"line":"9L","mode":"tram","color":"#d6212b","colorDark":"#7c1116","band":1,"off":[-3.4,1.1]}},{"type":"Feature","geometry":{"type":"Point","coordinates":[20.478033,44.757229]},"properties":{"line":"10","mode":"tram","color":"#d6212b","colorDark":"#7c1116","band":1,"off":[0,1.1]}},{"type":"Feature","geometry":{"type":"Point","coordinates":[20.478033,44.757229]},"properties":{"line":"14","mode":"tram","color":"#d6212b","colorDark":"#7c1116","band":1,"off":[3.4,1.1]}},{"type":"Feature","geometry":{"type":"Point","coordinates":[20.456189,44.829837]},"properties":{"name":"Dorćol /SRC Milan Gale Muškatirović/","band":2,"modes":"bus","arr":["2A","24","79","EKO2"],"off":[0,-0.8]}},{"type":"Feature","geometry":{"type":"Point","coordinates":[20.456189,44.829837]},"properties":{"line":"2A","mode":"bus","color":"#0059a9","colorDark":"#00294f","band":2,"off":[-5.1,1.1]}},{"type":"Feature","geometry":{"type":"Point","coordinates":[20.456189,44.829837]},"properties":{"line":"24","mode":"bus","color":"#0059a9","colorDark":"#00294f","band":2,"off":[-1.7,1.1]}},{"type":"Feature","geometry":{"type":"Point","coordinates":[20.456189,44.829837]},"properties":{"line":"79","mode":"bus","color":"#0059a9","colorDark":"#00294f","band":2,"off":[1.7,1.1]}},{"type":"Feature","geometry":{"type":"Point","coordinates":[20.456189,44.829837]},"properties":{"line":"EKO2","mode":"bus","color":"#0059a9","colorDark":"#00294f","band":2,"off":[5.1,1.1]}},{"type":"Feature","geometry":{"type":"Point","coordinates":[20.444641,44.801044]},"properties":{"name":"TC Galerija","band":2,"modes":"bus","arr":["3A","46","51","91","91a","92","511","551","553","601","EKO2"],"off":[0,-0.8]}},{"type":"Feature","geometry":{"type":"Point","coordinates":[20.444641,44.801044]},"properties":{"name":"Beograd na vodi","band":2,"modes":"bus","arr":["3A","46","51","91","91a","92","511","551","553","601","EKO2"],"off":[0,-1.9]}},{"type":"Feature","geometry":{"type":"Point","coordinates":[20.444641,44.801044]},"properties":{"line":"3A","mode":"bus","color":"#0059a9","colorDark":"#00294f","band":2,"off":[-6.8,1.1]}},{"type":"Feature","geometry":{"type":"Point","coordinates":[20.444641,44.801044]},"properties":{"line":"46","mode":"bus","color":"#0059a9","colorDark":"#00294f","band":2,"off":[-3.4,1.1]}},{"type":"Feature","geometry":{"type":"Point","coordinates":[20.444641,44.801044]},"properties":{"line":"51","mode":"bus","color":"#0059a9","colorDark":"#00294f","band":2,"off":[0,1.1]}},{"type":"Feature","geometry":{"type":"Point","coordinates":[20.444641,44.801044]},"properties":{"line":"91","mode":"bus","color":"#0059a9","colorDark":"#00294f","band":2,"off":[3.4,1.1]}},{"type":"Feature","geometry":{"type":"Point","coordinates":[20.444641,44.801044]},"properties":{"line":"91a","mode":"bus","color":"#0059a9","colorDark":"#00294f","band":2,"off":[6.8,1.1]}},{"type":"Feature","geometry":{"type":"Point","coordinates":[20.444641,44.801044]},"properties":{"line":"92","mode":"bus","color":"#0059a9","colorDark":"#00294f","band":2,"off":[-6.8,3.1]}},{"type":"Feature","geometry":{"type":"Point","coordinates":[20.444641,44.801044]},"properties":{"line":"511","mode":"bus","color":"#0059a9","colorDark":"#00294f","band":2,"off":[-3.4,3.1]}},{"type":"Feature","geometry":{"type":"Point","coordinates":[20.444641,44.801044]},"properties":{"line":"551","mode":"bus","color":"#0059a9","colorDark":"#00294f","band":2,"off":[0,3.1]}},{"type":"Feature","geometry":{"type":"Point","coordinates":[20.444641,44.801044]},"properties":{"line":"553","mode":"bus","color":"#0059a9","colorDark":"#00294f","band":2,"off":[3.4,3.1]}},{"type":"Feature","geometry":{"type":"Point","coordinates":[20.444641,44.801044]},"properties":{"line":"601","mode":"bus","color":"#0059a9","colorDark":"#00294f","band":2,"off":[6.8,3.1]}},{"type":"Feature","geometry":{"type":"Point","coordinates":[20.444641,44.801044]},"properties":{"line":"EKO2","mode":"bus","color":"#0059a9","colorDark":"#00294f","band":2,"off":[0,5.1]}},{"type":"Feature","geometry":{"type":"Point","coordinates":[20.432407,44.734385]},"properties":{"name":"Kneževac","band":2,"modes":"bus","arr":["3A","37","37N","507"],"off":[0,-0.8]}},{"type":"Feature","geometry":{"type":"Point","coordinates":[20.432407,44.734385]},"properties":{"line":"3A","mode":"bus","color":"#0059a9","colorDark":"#00294f","band":2,"off":[-5.1,1.1]}},{"type":"Feature","geometry":{"type":"Point","coordinates":[20.432407,44.734385]},"properties":{"line":"37","mode":"bus","color":"#0059a9","colorDark":"#00294f","band":2,"off":[-1.7,1.1]}},{"type":"Feature","geometry":{"type":"Point","coordinates":[20.432407,44.734385]},"properties":{"line":"37N","mode":"bus","color":"#0059a9","colorDark":"#00294f","band":2,"off":[1.7,1.1]}},{"type":"Feature","geometry":{"type":"Point","coordinates":[20.432407,44.734385]},"properties":{"line":"507","mode":"bus","color":"#0059a9","colorDark":"#00294f","band":2,"off":[5.1,1.1]}},{"type":"Feature","geometry":{"type":"Point","coordinates":[20.37511,44.792933]},"properties":{"name":"Blok 45","band":2,"modes":"bus","arr":["9A","73","94","95","95N","604","605","E6"],"off":[0,-0.8]}},{"type":"Feature","geometry":{"type":"Point","coordinates":[20.37511,44.792933]},"properties":{"line":"9A","mode":"bus","color":"#0059a9","colorDark":"#00294f","band":2,"off":[-6.8,1.1]}},{"type":"Feature","geometry":{"type":"Point","coordinates":[20.37511,44.792933]},"properties":{"line":"73","mode":"bus","color":"#0059a9","colorDark":"#00294f","band":2,"off":[-3.4,1.1]}},{"type":"Feature","geometry":{"type":"Point","coordinates":[20.37511,44.792933]},"properties":{"line":"94","mode":"bus","color":"#0059a9","colorDark":"#00294f","band":2,"off":[0,1.1]}},{"type":"Feature","geometry":{"type":"Point","coordinates":[20.37511,44.792933]},"properties":{"line":"95","mode":"bus","color":"#0059a9","colorDark":"#00294f","band":2,"off":[3.4,1.1]}},{"type":"Feature","geometry":{"type":"Point","coordinates":[20.37511,44.792933]},"properties":{"line":"95N","mode":"bus","color":"#0059a9","colorDark":"#00294f","band":2,"off":[6.8,1.1]}},{"type":"Feature","geometry":{"type":"Point","coordinates":[20.37511,44.792933]},"properties":{"line":"604","mode":"bus","color":"#0059a9","colorDark":"#00294f","band":2,"off":[-3.4,3.1]}},{"type":"Feature","geometry":{"type":"Point","coordinates":[20.37511,44.792933]},"properties":{"line":"605","mode":"bus","color":"#0059a9","colorDark":"#00294f","band":2,"off":[0,3.1]}},{"type":"Feature","geometry":{"type":"Point","coordinates":[20.37511,44.792933]},"properties":{"line":"E6","mode":"bus","color":"#0059a9","colorDark":"#00294f","band":2,"off":[3.4,3.1]}},{"type":"Feature","geometry":{"type":"Point","coordinates":[20.465275,44.802904]},"properties":{"name":"Trg Slavija /Nemanjina/","band":2,"modes":"bus","arr":["19","21A","22","581N","601N","860N","A1"],"off":[0,-0.8]}},{"type":"Feature","geometry":{"type":"Point","coordinates":[20.465275,44.802904]},"properties":{"name":"Trg Slavija","band":2,"modes":"bus","arr":["19","21A","22","581N","601N","860N","A1"],"off":[0,-3]}},{"type":"Feature","geometry":{"type":"Point","coordinates":[20.465275,44.802904]},"properties":{"line":"19","mode":"bus","color":"#149a3f","colorDark":"#0a5121","band":2,"off":[-6.8,1.1]}},{"type":"Feature","geometry":{"type":"Point","coordinates":[20.465275,44.802904]},"properties":{"line":"21A","mode":"bus","color":"#0059a9","colorDark":"#00294f","band":2,"off":[-3.4,1.1]}},{"type":"Feature","geometry":{"type":"Point","coordinates":[20.465275,44.802904]},"properties":{"line":"22","mode":"bus","color":"#149a3f","colorDark":"#0a5121","band":2,"off":[0,1.1]}},{"type":"Feature","geometry":{"type":"Point","coordinates":[20.465275,44.802904]},"properties":{"line":"581N","mode":"bus","color":"#0059a9","colorDark":"#00294f","band":2,"off":[3.4,1.1]}},{"type":"Feature","geometry":{"type":"Point","coordinates":[20.465275,44.802904]},"properties":{"line":"601N","mode":"bus","color":"#0059a9","colorDark":"#00294f","band":2,"off":[6.8,1.1]}},{"type":"Feature","geometry":{"type":"Point","coordinates":[20.465275,44.802904]},"properties":{"line":"860N","mode":"bus","color":"#0059a9","colorDark":"#00294f","band":2,"off":[-1.7,3.1]}},{"type":"Feature","geometry":{"type":"Point","coordinates":[20.465275,44.802904]},"properties":{"line":"A1","mode":"bus","color":"#0059a9","colorDark":"#00294f","band":2,"off":[1.7,3.1]}},{"type":"Feature","geometry":{"type":"Point","coordinates":[20.368757,44.841812]},"properties":{"name":"Zemun /Novi grad/","band":2,"modes":"bus","arr":["15","45","78","709"],"off":[0,-0.8]}},{"type":"Feature","geometry":{"type":"Point","coordinates":[20.368757,44.841812]},"properties":{"line":"15","mode":"bus","color":"#0059a9","colorDark":"#00294f","band":2,"off":[-5.1,1.1]}},{"type":"Feature","geometry":{"type":"Point","coordinates":[20.368757,44.841812]},"properties":{"line":"45","mode":"bus","color":"#0059a9","colorDark":"#00294f","band":2,"off":[-1.7,1.1]}},{"type":"Feature","geometry":{"type":"Point","coordinates":[20.368757,44.841812]},"properties":{"line":"78","mode":"bus","color":"#0059a9","colorDark":"#00294f","band":2,"off":[1.7,1.1]}},{"type":"Feature","geometry":{"type":"Point","coordinates":[20.368757,44.841812]},"properties":{"line":"709","mode":"bus","color":"#0059a9","colorDark":"#00294f","band":2,"off":[5.1,1.1]}},{"type":"Feature","geometry":{"type":"Point","coordinates":[20.46199,44.815862]},"properties":{"name":"Trg Republike","band":2,"modes":"bus","arr":["15N","27","27N","32E","32N","37N","43","47N","51N","56N","72N","101Nb","202N","301Na","304Nb","E2"],"off":[0,-0.8],"sc":0.92}},{"type":"Feature","geometry":{"type":"Point","coordinates":[20.46199,44.815862]},"properties":{"name":"Trg republike","band":2,"modes":"bus","arr":["15N","27","27N","32E","32N","37N","43","47N","51N","56N","72N","101Nb","202N","301Na","304Nb","E2"],"off":[0,-1.9],"sc":0.92}},{"type":"Feature","geometry":{"type":"Point","coordinates":[20.46199,44.815862]},"properties":{"line":"15N","mode":"bus","color":"#0059a9","colorDark":"#00294f","band":2,"sc":0.92,"off":[-6.8,1.1]}},{"type":"Feature","geometry":{"type":"Point","coordinates":[20.46199,44.815862]},"properties":{"line":"27","mode":"bus","color":"#0059a9","colorDark":"#00294f","band":2,"sc":0.92,"off":[-3.4,1.1]}},{"type":"Feature","geometry":{"type":"Point","coordinates":[20.46199,44.815862]},"properties":{"line":"27N","mode":"bus","color":"#0059a9","colorDark":"#00294f","band":2,"sc":0.92,"off":[0,1.1]}},{"type":"Feature","geometry":{"type":"Point","coordinates":[20.46199,44.815862]},"properties":{"line":"32E","mode":"bus","color":"#0059a9","colorDark":"#00294f","band":2,"sc":0.92,"off":[3.4,1.1]}},{"type":"Feature","geometry":{"type":"Point","coordinates":[20.46199,44.815862]},"properties":{"line":"32N","mode":"bus","color":"#0059a9","colorDark":"#00294f","band":2,"sc":0.92,"off":[6.8,1.1]}},{"type":"Feature","geometry":{"type":"Point","coordinates":[20.46199,44.815862]},"properties":{"line":"37N","mode":"bus","color":"#0059a9","colorDark":"#00294f","band":2,"sc":0.92,"off":[-6.8,3.1]}},{"type":"Feature","geometry":{"type":"Point","coordinates":[20.46199,44.815862]},"properties":{"line":"43","mode":"bus","color":"#0059a9","colorDark":"#00294f","band":2,"sc":0.92,"off":[-3.4,3.1]}},{"type":"Feature","geometry":{"type":"Point","coordinates":[20.46199,44.815862]},"properties":{"line":"47N","mode":"bus","color":"#0059a9","colorDark":"#00294f","band":2,"sc":0.92,"off":[0,3.1]}},{"type":"Feature","geometry":{"type":"Point","coordinates":[20.46199,44.815862]},"properties":{"line":"51N","mode":"bus","color":"#0059a9","colorDark":"#00294f","band":2,"sc":0.92,"off":[3.4,3.1]}},{"type":"Feature","geometry":{"type":"Point","coordinates":[20.46199,44.815862]},"properties":{"line":"56N","mode":"bus","color":"#0059a9","colorDark":"#00294f","band":2,"sc":0.92,"off":[6.8,3.1]}},{"type":"Feature","geometry":{"type":"Point","coordinates":[20.46199,44.815862]},"properties":{"line":"72N","mode":"bus","color":"#0059a9","colorDark":"#00294f","band":2,"sc":0.92,"off":[-6.8,5.1]}},{"type":"Feature","geometry":{"type":"Point","coordinates":[20.46199,44.815862]},"properties":{"line":"101Nb","mode":"bus","color":"#0059a9","colorDark":"#00294f","band":2,"sc":0.92,"off":[-3.4,5.1]}},{"type":"Feature","geometry":{"type":"Point","coordinates":[20.46199,44.815862]},"properties":{"line":"202N","mode":"bus","color":"#0059a9","colorDark":"#00294f","band":2,"sc":0.92,"off":[0,5.1]}},{"type":"Feature","geometry":{"type":"Point","coordinates":[20.46199,44.815862]},"properties":{"line":"301Na","mode":"bus","color":"#0059a9","colorDark":"#00294f","band":2,"sc":0.92,"off":[3.4,5.1]}},{"type":"Feature","geometry":{"type":"Point","coordinates":[20.46199,44.815862]},"properties":{"line":"304Nb","mode":"bus","color":"#0059a9","colorDark":"#00294f","band":2,"sc":0.92,"off":[6.8,5.1]}},{"type":"Feature","geometry":{"type":"Point","coordinates":[20.46199,44.815862]},"properties":{"line":"E2","mode":"bus","color":"#0059a9","colorDark":"#00294f","band":2,"sc":0.92,"off":[0,7.1]}},{"type":"Feature","geometry":{"type":"Point","coordinates":[20.334068,44.857457]},"properties":{"name":"Železnička stanica Zemun polje","band":2,"modes":"bus","arr":["15N"],"off":[0,-0.8]}},{"type":"Feature","geometry":{"type":"Point","coordinates":[20.334068,44.857457]},"properties":{"line":"15N","mode":"bus","color":"#0059a9","colorDark":"#00294f","band":2,"off":[0,1.1]}},{"type":"Feature","geometry":{"type":"Point","coordinates":[20.521972,44.807181]},"properties":{"name":"Karaburma 2","band":2,"modes":"bus","arr":["16","23","25"],"off":[0,-0.8]}},{"type":"Feature","geometry":{"type":"Point","coordinates":[20.521972,44.807181]},"properties":{"line":"16","mode":"bus","color":"#0059a9","colorDark":"#00294f","band":2,"off":[-3.4,1.1]}},{"type":"Feature","geometry":{"type":"Point","coordinates":[20.521972,44.807181]},"properties":{"line":"23","mode":"bus","color":"#0059a9","colorDark":"#00294f","band":2,"off":[0,1.1]}},{"type":"Feature","geometry":{"type":"Point","coordinates":[20.521972,44.807181]},"properties":{"line":"25","mode":"bus","color":"#0059a9","colorDark":"#00294f","band":2,"off":[3.4,1.1]}},{"type":"Feature","geometry":{"type":"Point","coordinates":[20.404673,44.830343]},"properties":{"name":"Novi Beograd /Paviljoni/","band":2,"modes":"bus","arr":["16","81","81L","613","711"],"off":[0,-0.8]}},{"type":"Feature","geometry":{"type":"Point","coordinates":[20.404673,44.830343]},"properties":{"line":"16","mode":"bus","color":"#0059a9","colorDark":"#00294f","band":2,"off":[-6.8,1.1]}},{"type":"Feature","geometry":{"type":"Point","coordinates":[20.404673,44.830343]},"properties":{"line":"81","mode":"bus","color":"#0059a9","colorDark":"#00294f","band":2,"off":[-3.4,1.1]}},{"type":"Feature","geometry":{"type":"Point","coordinates":[20.404673,44.830343]},"properties":{"line":"81L","mode":"bus","color":"#0059a9","colorDark":"#00294f","band":2,"off":[0,1.1]}},{"type":"Feature","geometry":{"type":"Point","coordinates":[20.404673,44.830343]},"properties":{"line":"613","mode":"bus","color":"#0059a9","colorDark":"#00294f","band":2,"off":[3.4,1.1]}},{"type":"Feature","geometry":{"type":"Point","coordinates":[20.404673,44.830343]},"properties":{"line":"711","mode":"bus","color":"#0059a9","colorDark":"#00294f","band":2,"off":[6.8,1.1]}},{"type":"Feature","geometry":{"type":"Point","coordinates":[20.510519,44.782312]},"properties":{"name":"Konjarnik","band":2,"modes":"bus","arr":["17","19","31","31N"],"off":[0,-0.8]}},{"type":"Feature","geometry":{"type":"Point","coordinates":[20.510519,44.782312]},"properties":{"line":"17","mode":"bus","color":"#0059a9","colorDark":"#00294f","band":2,"off":[-5.1,1.1]}},{"type":"Feature","geometry":{"type":"Point","coordinates":[20.510519,44.782312]},"properties":{"line":"19","mode":"bus","color":"#149a3f","colorDark":"#0a5121","band":2,"off":[-1.7,1.1]}},{"type":"Feature","geometry":{"type":"Point","coordinates":[20.510519,44.782312]},"properties":{"line":"31","mode":"bus","color":"#0059a9","colorDark":"#00294f","band":2,"off":[1.7,1.1]}},{"type":"Feature","geometry":{"type":"Point","coordinates":[20.510519,44.782312]},"properties":{"line":"31N","mode":"bus","color":"#0059a9","colorDark":"#00294f","band":2,"off":[5.1,1.1]}},{"type":"Feature","geometry":{"type":"Point","coordinates":[20.41266,44.823478]},"properties":{"name":"GO Novi Beograd","band":2,"modes":"bus","arr":["601N","601Na"],"off":[0,-0.8]}},{"type":"Feature","geometry":{"type":"Point","coordinates":[20.41266,44.823478]},"properties":{"line":"601N","mode":"bus","color":"#0059a9","colorDark":"#00294f","band":2,"off":[-1.7,1.1]}},{"type":"Feature","geometry":{"type":"Point","coordinates":[20.41266,44.823478]},"properties":{"line":"601Na","mode":"bus","color":"#0059a9","colorDark":"#00294f","band":2,"off":[1.7,1.1]}},{"type":"Feature","geometry":{"type":"Point","coordinates":[20.378251,44.859239]},"properties":{"name":"Zemun /Gornji grad/","band":2,"modes":"bus","arr":["17"],"off":[0,-0.8]}},{"type":"Feature","geometry":{"type":"Point","coordinates":[20.378251,44.859239]},"properties":{"line":"17","mode":"bus","color":"#0059a9","colorDark":"#00294f","band":2,"off":[0,1.1]}},{"type":"Feature","geometry":{"type":"Point","coordinates":[20.50779,44.772151]},"properties":{"name":"Medaković 3","band":2,"modes":"bus","arr":["18","18N","20","26L","29","29N"],"off":[0,-0.8]}},{"type":"Feature","geometry":{"type":"Point","coordinates":[20.50779,44.772151]},"properties":{"line":"18","mode":"bus","color":"#0059a9","colorDark":"#00294f","band":2,"off":[-6.8,1.1]}},{"type":"Feature","geometry":{"type":"Point","coordinates":[20.50779,44.772151]},"properties":{"line":"18N","mode":"bus","color":"#0059a9","colorDark":"#00294f","band":2,"off":[-3.4,1.1]}},{"type":"Feature","geometry":{"type":"Point","coordinates":[20.50779,44.772151]},"properties":{"line":"20","mode":"bus","color":"#0059a9","colorDark":"#00294f","band":2,"off":[0,1.1]}},{"type":"Feature","geometry":{"type":"Point","coordinates":[20.50779,44.772151]},"properties":{"line":"26L","mode":"bus","color":"#0059a9","colorDark":"#00294f","band":2,"off":[3.4,1.1]}},{"type":"Feature","geometry":{"type":"Point","coordinates":[20.50779,44.772151]},"properties":{"line":"29","mode":"bus","color":"#149a3f","colorDark":"#0a5121","band":2,"off":[6.8,1.1]}},{"type":"Feature","geometry":{"type":"Point","coordinates":[20.50779,44.772151]},"properties":{"line":"29N","mode":"bus","color":"#0059a9","colorDark":"#00294f","band":2,"off":[0,3.1]}},{"type":"Feature","geometry":{"type":"Point","coordinates":[20.379334,44.848465]},"properties":{"name":"Zemun /Bačka/","band":2,"modes":"bus","arr":["18","18N","83","103","105L","112"],"off":[0,-0.8]}},{"type":"Feature","geometry":{"type":"Point","coordinates":[20.379334,44.848465]},"properties":{"line":"18","mode":"bus","color":"#0059a9","colorDark":"#00294f","band":2,"off":[-6.8,1.1]}},{"type":"Feature","geometry":{"type":"Point","coordinates":[20.379334,44.848465]},"properties":{"line":"18N","mode":"bus","color":"#0059a9","colorDark":"#00294f","band":2,"off":[-3.4,1.1]}},{"type":"Feature","geometry":{"type":"Point","coordinates":[20.379334,44.848465]},"properties":{"line":"83","mode":"bus","color":"#0059a9","colorDark":"#00294f","band":2,"off":[0,1.1]}},{"type":"Feature","geometry":{"type":"Point","coordinates":[20.379334,44.848465]},"properties":{"line":"103","mode":"bus","color":"#0059a9","colorDark":"#00294f","band":2,"off":[3.4,1.1]}},{"type":"Feature","geometry":{"type":"Point","coordinates":[20.379334,44.848465]},"properties":{"line":"105L","mode":"bus","color":"#0059a9","colorDark":"#00294f","band":2,"off":[6.8,1.1]}},{"type":"Feature","geometry":{"type":"Point","coordinates":[20.379334,44.848465]},"properties":{"line":"112","mode":"bus","color":"#0059a9","colorDark":"#00294f","band":2,"off":[0,3.1]}},{"type":"Feature","geometry":{"type":"Point","coordinates":[20.465818,44.801]},"properties":{"name":"Trg Slavija /Bulevar oslobođenja/","band":2,"modes":"bus","arr":["30","39","47","47Na","59","401","401a","402"],"off":[0,-0.8]}},{"type":"Feature","geometry":{"type":"Point","coordinates":[20.465818,44.801]},"properties":{"name":"Birčaninova","band":2,"modes":"bus","arr":["30","39","47","47Na","59","401","401a","402"],"off":[0,-3]}},{"type":"Feature","geometry":{"type":"Point","coordinates":[20.465818,44.801]},"properties":{"line":"30","mode":"bus","color":"#0059a9","colorDark":"#00294f","band":2,"off":[-6.8,1.1]}},{"type":"Feature","geometry":{"type":"Point","coordinates":[20.465818,44.801]},"properties":{"line":"39","mode":"bus","color":"#0059a9","colorDark":"#00294f","band":2,"off":[-3.4,1.1]}},{"type":"Feature","geometry":{"type":"Point","coordinates":[20.465818,44.801]},"properties":{"line":"47","mode":"bus","color":"#0059a9","colorDark":"#00294f","band":2,"off":[0,1.1]}},{"type":"Feature","geometry":{"type":"Point","coordinates":[20.465818,44.801]},"properties":{"line":"47Na","mode":"bus","color":"#0059a9","colorDark":"#00294f","band":2,"off":[3.4,1.1]}},{"type":"Feature","geometry":{"type":"Point","coordinates":[20.465818,44.801]},"properties":{"line":"59","mode":"bus","color":"#0059a9","colorDark":"#00294f","band":2,"off":[6.8,1.1]}},{"type":"Feature","geometry":{"type":"Point","coordinates":[20.465818,44.801]},"properties":{"line":"401","mode":"bus","color":"#0059a9","colorDark":"#00294f","band":2,"off":[-3.4,3.1]}},{"type":"Feature","geometry":{"type":"Point","coordinates":[20.465818,44.801]},"properties":{"line":"401a","mode":"bus","color":"#0059a9","colorDark":"#00294f","band":2,"off":[0,3.1]}},{"type":"Feature","geometry":{"type":"Point","coordinates":[20.465818,44.801]},"properties":{"line":"402","mode":"bus","color":"#0059a9","colorDark":"#00294f","band":2,"off":[3.4,3.1]}},{"type":"Feature","geometry":{"type":"Point","coordinates":[20.4065,44.807338]},"properties":{"name":"Naselje Belvil","band":2,"modes":"bus","arr":["EKO1"],"off":[0,-0.8]}},{"type":"Feature","geometry":{"type":"Point","coordinates":[20.4065,44.807338]},"properties":{"name":"Garaža Novi Beograd","band":2,"modes":"bus","arr":["EKO1"],"off":[0,-1.9]}},{"type":"Feature","geometry":{"type":"Point","coordinates":[20.4065,44.807338]},"properties":{"line":"EKO1","mode":"bus","color":"#0059a9","colorDark":"#00294f","band":2,"off":[0,1.1]}},{"type":"Feature","geometry":{"type":"Point","coordinates":[20.48571,44.797874]},"properties":{"name":"Crveni krst","band":2,"modes":"bus","arr":["83"],"off":[0,-0.8]}},{"type":"Feature","geometry":{"type":"Point","coordinates":[20.48571,44.797874]},"properties":{"line":"83","mode":"bus","color":"#0059a9","colorDark":"#00294f","band":2,"off":[0,1.1]}},{"type":"Feature","geometry":{"type":"Point","coordinates":[20.536988,44.793475]},"properties":{"name":"Mirijevo 3","band":2,"modes":"bus","arr":["20","27","27N","74"],"off":[0,-0.8]}},{"type":"Feature","geometry":{"type":"Point","coordinates":[20.536988,44.793475]},"properties":{"line":"20","mode":"bus","color":"#0059a9","colorDark":"#00294f","band":2,"off":[-5.1,1.1]}},{"type":"Feature","geometry":{"type":"Point","coordinates":[20.536988,44.793475]},"properties":{"line":"27","mode":"bus","color":"#0059a9","colorDark":"#00294f","band":2,"off":[-1.7,1.1]}},{"type":"Feature","geometry":{"type":"Point","coordinates":[20.536988,44.793475]},"properties":{"line":"27N","mode":"bus","color":"#0059a9","colorDark":"#00294f","band":2,"off":[1.7,1.1]}},{"type":"Feature","geometry":{"type":"Point","coordinates":[20.536988,44.793475]},"properties":{"line":"74","mode":"bus","color":"#0059a9","colorDark":"#00294f","band":2,"off":[5.1,1.1]}},{"type":"Feature","geometry":{"type":"Point","coordinates":[20.517495,44.784499]},"properties":{"name":"Ustanička","band":2,"modes":"tram,bus","arr":["5","6","7L","14","50","63","302","302a","302b","303","304","305","305a","306","306a","306b","306v","307","311"],"off":[0,-0.8],"sc":0.87}},{"type":"Feature","geometry":{"type":"Point","coordinates":[20.517495,44.784499]},"properties":{"name":"Bulevar kralja Aleksandra","band":2,"modes":"tram,bus","arr":["5","6","7L","14","50","63","302","302a","302b","303","304","305","305a","306","306a","306b","306v","307","311"],"off":[0,-1.9],"sc":0.87}},{"type":"Feature","geometry":{"type":"Point","coordinates":[20.517495,44.784499]},"properties":{"line":"5","mode":"tram","color":"#d6212b","colorDark":"#7c1116","band":2,"sc":0.87,"off":[-6.8,1.1]}},{"type":"Feature","geometry":{"type":"Point","coordinates":[20.517495,44.784499]},"properties":{"line":"6","mode":"tram","color":"#d6212b","colorDark":"#7c1116","band":2,"sc":0.87,"off":[-3.4,1.1]}},{"type":"Feature","geometry":{"type":"Point","coordinates":[20.517495,44.784499]},"properties":{"line":"7L","mode":"tram","color":"#d6212b","colorDark":"#7c1116","band":2,"sc":0.87,"off":[0,1.1]}},{"type":"Feature","geometry":{"type":"Point","coordinates":[20.517495,44.784499]},"properties":{"line":"14","mode":"tram","color":"#d6212b","colorDark":"#7c1116","band":2,"sc":0.87,"off":[3.4,1.1]}},{"type":"Feature","geometry":{"type":"Point","coordinates":[20.517495,44.784499]},"properties":{"line":"50","mode":"bus","color":"#0059a9","colorDark":"#00294f","band":2,"sc":0.87,"off":[6.8,1.1]}},{"type":"Feature","geometry":{"type":"Point","coordinates":[20.517495,44.784499]},"properties":{"line":"63","mode":"bus","color":"#0059a9","colorDark":"#00294f","band":2,"sc":0.87,"off":[-6.8,3.1]}},{"type":"Feature","geometry":{"type":"Point","coordinates":[20.517495,44.784499]},"properties":{"line":"302","mode":"bus","color":"#0059a9","colorDark":"#00294f","band":2,"sc":0.87,"off":[-3.4,3.1]}},{"type":"Feature","geometry":{"type":"Point","coordinates":[20.517495,44.784499]},"properties":{"line":"302a","mode":"bus","color":"#0059a9","colorDark":"#00294f","band":2,"sc":0.87,"off":[0,3.1]}},{"type":"Feature","geometry":{"type":"Point","coordinates":[20.517495,44.784499]},"properties":{"line":"302b","mode":"bus","color":"#0059a9","colorDark":"#00294f","band":2,"sc":0.87,"off":[3.4,3.1]}},{"type":"Feature","geometry":{"type":"Point","coordinates":[20.517495,44.784499]},"properties":{"line":"303","mode":"bus","color":"#0059a9","colorDark":"#00294f","band":2,"sc":0.87,"off":[6.8,3.1]}},{"type":"Feature","geometry":{"type":"Point","coordinates":[20.517495,44.784499]},"properties":{"line":"304","mode":"bus","color":"#0059a9","colorDark":"#00294f","band":2,"sc":0.87,"off":[-6.8,5.1]}},{"type":"Feature","geometry":{"type":"Point","coordinates":[20.517495,44.784499]},"properties":{"line":"305","mode":"bus","color":"#0059a9","colorDark":"#00294f","band":2,"sc":0.87,"off":[-3.4,5.1]}},{"type":"Feature","geometry":{"type":"Point","coordinates":[20.517495,44.784499]},"properties":{"line":"305a","mode":"bus","color":"#0059a9","colorDark":"#00294f","band":2,"sc":0.87,"off":[0,5.1]}},{"type":"Feature","geometry":{"type":"Point","coordinates":[20.517495,44.784499]},"properties":{"line":"306","mode":"bus","color":"#0059a9","colorDark":"#00294f","band":2,"sc":0.87,"off":[3.4,5.1]}},{"type":"Feature","geometry":{"type":"Point","coordinates":[20.517495,44.784499]},"properties":{"line":"306a","mode":"bus","color":"#0059a9","colorDark":"#00294f","band":2,"sc":0.87,"off":[6.8,5.1]}},{"type":"Feature","geometry":{"type":"Point","coordinates":[20.517495,44.784499]},"properties":{"line":"306b","mode":"bus","color":"#0059a9","colorDark":"#00294f","band":2,"sc":0.87,"off":[-5.1,7.1]}},{"type":"Feature","geometry":{"type":"Point","coordinates":[20.517495,44.784499]},"properties":{"line":"306v","mode":"bus","color":"#0059a9","colorDark":"#00294f","band":2,"sc":0.87,"off":[-1.7,7.1]}},{"type":"Feature","geometry":{"type":"Point","coordinates":[20.517495,44.784499]},"properties":{"line":"307","mode":"bus","color":"#0059a9","colorDark":"#00294f","band":2,"sc":0.87,"off":[1.7,7.1]}},{"type":"Feature","geometry":{"type":"Point","coordinates":[20.517495,44.784499]},"properties":{"line":"311","mode":"bus","color":"#0059a9","colorDark":"#00294f","band":2,"sc":0.87,"off":[5.1,7.1]}},{"type":"Feature","geometry":{"type":"Point","coordinates":[20.501487,44.782874]},"properties":{"name":"Šumice","band":2,"modes":"bus","arr":["38","64","308","310"],"off":[0,-0.8]}},{"type":"Feature","geometry":{"type":"Point","coordinates":[20.501487,44.782874]},"properties":{"line":"38","mode":"bus","color":"#0059a9","colorDark":"#00294f","band":2,"off":[-5.1,1.1]}},{"type":"Feature","geometry":{"type":"Point","coordinates":[20.501487,44.782874]},"properties":{"line":"64","mode":"bus","color":"#0059a9","colorDark":"#00294f","band":2,"off":[-1.7,1.1]}},{"type":"Feature","geometry":{"type":"Point","coordinates":[20.501487,44.782874]},"properties":{"line":"308","mode":"bus","color":"#0059a9","colorDark":"#00294f","band":2,"off":[1.7,1.1]}},{"type":"Feature","geometry":{"type":"Point","coordinates":[20.501487,44.782874]},"properties":{"line":"310","mode":"bus","color":"#0059a9","colorDark":"#00294f","band":2,"off":[5.1,1.1]}},{"type":"Feature","geometry":{"type":"Point","coordinates":[20.506973,44.786098]},"properties":{"name":"Učiteljsko naselje","band":2,"modes":"bus","arr":["21A"],"off":[0,-0.8]}},{"type":"Feature","geometry":{"type":"Point","coordinates":[20.506973,44.786098]},"properties":{"line":"21A","mode":"bus","color":"#0059a9","colorDark":"#00294f","band":2,"off":[0,1.1]}},{"type":"Feature","geometry":{"type":"Point","coordinates":[20.484868,44.790632]},"properties":{"name":"Kruševačka","band":2,"modes":"bus","arr":["22"],"off":[0,-0.8]}},{"type":"Feature","geometry":{"type":"Point","coordinates":[20.484868,44.790632]},"properties":{"line":"22","mode":"bus","color":"#149a3f","colorDark":"#0a5121","band":2,"off":[0,1.1]}},{"type":"Feature","geometry":{"type":"Point","coordinates":[20.420521,44.731941]},"properties":{"name":"Vidikovac","band":2,"modes":"bus","arr":["23","53","89","504","521","521a"],"off":[0,-0.8]}},{"type":"Feature","geometry":{"type":"Point","coordinates":[20.420521,44.731941]},"properties":{"line":"23","mode":"bus","color":"#0059a9","colorDark":"#00294f","band":2,"off":[-6.8,1.1]}},{"type":"Feature","geometry":{"type":"Point","coordinates":[20.420521,44.731941]},"properties":{"line":"53","mode":"bus","color":"#0059a9","colorDark":"#00294f","band":2,"off":[-3.4,1.1]}},{"type":"Feature","geometry":{"type":"Point","coordinates":[20.420521,44.731941]},"properties":{"line":"89","mode":"bus","color":"#0059a9","colorDark":"#00294f","band":2,"off":[0,1.1]}},{"type":"Feature","geometry":{"type":"Point","coordinates":[20.420521,44.731941]},"properties":{"line":"504","mode":"bus","color":"#0059a9","colorDark":"#00294f","band":2,"off":[3.4,1.1]}},{"type":"Feature","geometry":{"type":"Point","coordinates":[20.420521,44.731941]},"properties":{"line":"521","mode":"bus","color":"#0059a9","colorDark":"#00294f","band":2,"off":[6.8,1.1]}},{"type":"Feature","geometry":{"type":"Point","coordinates":[20.420521,44.731941]},"properties":{"line":"521a","mode":"bus","color":"#0059a9","colorDark":"#00294f","band":2,"off":[0,3.1]}},{"type":"Feature","geometry":{"type":"Point","coordinates":[20.473217,44.794058]},"properties":{"name":"Neimar","band":2,"modes":"bus","arr":["24"],"off":[0,-0.8]}},{"type":"Feature","geometry":{"type":"Point","coordinates":[20.473217,44.794058]},"properties":{"line":"24","mode":"bus","color":"#0059a9","colorDark":"#00294f","band":2,"off":[0,1.1]}},{"type":"Feature","geometry":{"type":"Point","coordinates":[20.497825,44.748583]},"properties":{"name":"Kumodraž 2","band":2,"modes":"bus","arr":["25"],"off":[0,-0.8]}},{"type":"Feature","geometry":{"type":"Point","coordinates":[20.497825,44.748583]},"properties":{"line":"25","mode":"bus","color":"#0059a9","colorDark":"#00294f","band":2,"off":[0,1.1]}},{"type":"Feature","geometry":{"type":"Point","coordinates":[20.5456,44.786252]},"properties":{"name":"Mirijevo 4","band":2,"modes":"bus","arr":["25P","27E","79","E6"],"off":[0,-0.8]}},{"type":"Feature","geometry":{"type":"Point","coordinates":[20.5456,44.786252]},"properties":{"line":"25P","mode":"bus","color":"#0059a9","colorDark":"#00294f","band":2,"off":[-5.1,1.1]}},{"type":"Feature","geometry":{"type":"Point","coordinates":[20.5456,44.786252]},"properties":{"line":"27E","mode":"bus","color":"#0059a9","colorDark":"#00294f","band":2,"off":[-1.7,1.1]}},{"type":"Feature","geometry":{"type":"Point","coordinates":[20.5456,44.786252]},"properties":{"line":"79","mode":"bus","color":"#0059a9","colorDark":"#00294f","band":2,"off":[1.7,1.1]}},{"type":"Feature","geometry":{"type":"Point","coordinates":[20.5456,44.786252]},"properties":{"line":"E6","mode":"bus","color":"#0059a9","colorDark":"#00294f","band":2,"off":[5.1,1.1]}},{"type":"Feature","geometry":{"type":"Point","coordinates":[20.515883,44.742257]},"properties":{"name":"Kumodraž 1","band":2,"modes":"bus","arr":["25P"],"off":[0,-0.8]}},{"type":"Feature","geometry":{"type":"Point","coordinates":[20.515883,44.742257]},"properties":{"name":"Kumodraž (Stepina kuća)","band":2,"modes":"bus","arr":["25P"],"off":[0,-1.9]}},{"type":"Feature","geometry":{"type":"Point","coordinates":[20.515883,44.742257]},"properties":{"line":"25P","mode":"bus","color":"#0059a9","colorDark":"#00294f","band":2,"off":[0,1.1]}},{"type":"Feature","geometry":{"type":"Point","coordinates":[20.461487,44.828165]},"properties":{"name":"Dorćol /Dunavska/","band":2,"modes":"bus","arr":["26","26N","401N"],"off":[0,-0.8]}},{"type":"Feature","geometry":{"type":"Point","coordinates":[20.461487,44.828165]},"properties":{"line":"26","mode":"bus","color":"#0059a9","colorDark":"#00294f","band":2,"off":[-3.4,1.1]}},{"type":"Feature","geometry":{"type":"Point","coordinates":[20.461487,44.828165]},"properties":{"line":"26N","mode":"bus","color":"#0059a9","colorDark":"#00294f","band":2,"off":[0,1.1]}},{"type":"Feature","geometry":{"type":"Point","coordinates":[20.461487,44.828165]},"properties":{"line":"401N","mode":"bus","color":"#0059a9","colorDark":"#00294f","band":2,"off":[3.4,1.1]}},{"type":"Feature","geometry":{"type":"Point","coordinates":[20.499956,44.765258]},"properties":{"name":"Naselje Braće Jerković","band":2,"modes":"bus","arr":["26","26N"],"off":[0,-0.8]}},{"type":"Feature","geometry":{"type":"Point","coordinates":[20.499956,44.765258]},"properties":{"line":"26","mode":"bus","color":"#0059a9","colorDark":"#00294f","band":2,"off":[-1.7,1.1]}},{"type":"Feature","geometry":{"type":"Point","coordinates":[20.499956,44.765258]},"properties":{"line":"26N","mode":"bus","color":"#0059a9","colorDark":"#00294f","band":2,"off":[1.7,1.1]}},{"type":"Feature","geometry":{"type":"Point","coordinates":[20.510814,44.76421]},"properties":{"name":"Vojvode Vlahovića (terminus)","band":2,"modes":"bus","arr":["26L"],"off":[0,-0.8]}},{"type":"Feature","geometry":{"type":"Point","coordinates":[20.510814,44.76421]},"properties":{"line":"26L","mode":"bus","color":"#0059a9","colorDark":"#00294f","band":2,"off":[0,1.1]}},{"type":"Feature","geometry":{"type":"Point","coordinates":[20.438421,44.811556]},"properties":{"name":"Novi Beograd (Blok 20)","band":2,"modes":"bus","arr":["27E","35","612"],"off":[0,-0.8]}},{"type":"Feature","geometry":{"type":"Point","coordinates":[20.438421,44.811556]},"properties":{"line":"27E","mode":"bus","color":"#0059a9","colorDark":"#00294f","band":2,"off":[-3.4,1.1]}},{"type":"Feature","geometry":{"type":"Point","coordinates":[20.438421,44.811556]},"properties":{"line":"35","mode":"bus","color":"#0059a9","colorDark":"#00294f","band":2,"off":[0,1.1]}},{"type":"Feature","geometry":{"type":"Point","coordinates":[20.438421,44.811556]},"properties":{"line":"612","mode":"bus","color":"#0059a9","colorDark":"#00294f","band":2,"off":[3.4,1.1]}},{"type":"Feature","geometry":{"type":"Point","coordinates":[20.45865,44.818403]},"properties":{"name":"Studentski trg","band":2,"modes":"bus","arr":["28","29","29N","31","31N","33N","41","101N","101Na","105N","302N","304N","304Na","307N","307Na","511N","511Na","511Nb","603N","603Na","706N","707N","E9"],"off":[0,-0.8],"sc":0.85}},{"type":"Feature","geometry":{"type":"Point","coordinates":[20.45865,44.818403]},"properties":{"line":"28","mode":"bus","color":"#149a3f","colorDark":"#0a5121","band":2,"sc":0.85,"off":[-6.8,1.1]}},{"type":"Feature","geometry":{"type":"Point","coordinates":[20.45865,44.818403]},"properties":{"line":"29","mode":"bus","color":"#149a3f","colorDark":"#0a5121","band":2,"sc":0.85,"off":[-3.4,1.1]}},{"type":"Feature","geometry":{"type":"Point","coordinates":[20.45865,44.818403]},"properties":{"line":"29N","mode":"bus","color":"#0059a9","colorDark":"#00294f","band":2,"sc":0.85,"off":[0,1.1]}},{"type":"Feature","geometry":{"type":"Point","coordinates":[20.45865,44.818403]},"properties":{"line":"31","mode":"bus","color":"#0059a9","colorDark":"#00294f","band":2,"sc":0.85,"off":[3.4,1.1]}},{"type":"Feature","geometry":{"type":"Point","coordinates":[20.45865,44.818403]},"properties":{"line":"31N","mode":"bus","color":"#0059a9","colorDark":"#00294f","band":2,"sc":0.85,"off":[6.8,1.1]}},{"type":"Feature","geometry":{"type":"Point","coordinates":[20.45865,44.818403]},"properties":{"line":"33N","mode":"bus","color":"#0059a9","colorDark":"#00294f","band":2,"sc":0.85,"off":[-6.8,3.1]}},{"type":"Feature","geometry":{"type":"Point","coordinates":[20.45865,44.818403]},"properties":{"line":"41","mode":"bus","color":"#149a3f","colorDark":"#0a5121","band":2,"sc":0.85,"off":[-3.4,3.1]}},{"type":"Feature","geometry":{"type":"Point","coordinates":[20.45865,44.818403]},"properties":{"line":"101N","mode":"bus","color":"#0059a9","colorDark":"#00294f","band":2,"sc":0.85,"off":[0,3.1]}},{"type":"Feature","geometry":{"type":"Point","coordinates":[20.45865,44.818403]},"properties":{"line":"101Na","mode":"bus","color":"#0059a9","colorDark":"#00294f","band":2,"sc":0.85,"off":[3.4,3.1]}},{"type":"Feature","geometry":{"type":"Point","coordinates":[20.45865,44.818403]},"properties":{"line":"105N","mode":"bus","color":"#0059a9","colorDark":"#00294f","band":2,"sc":0.85,"off":[6.8,3.1]}},{"type":"Feature","geometry":{"type":"Point","coordinates":[20.45865,44.818403]},"properties":{"line":"302N","mode":"bus","color":"#0059a9","colorDark":"#00294f","band":2,"sc":0.85,"off":[-6.8,5.1]}},{"type":"Feature","geometry":{"type":"Point","coordinates":[20.45865,44.818403]},"properties":{"line":"304N","mode":"bus","color":"#0059a9","colorDark":"#00294f","band":2,"sc":0.85,"off":[-3.4,5.1]}},{"type":"Feature","geometry":{"type":"Point","coordinates":[20.45865,44.818403]},"properties":{"line":"304Na","mode":"bus","color":"#0059a9","colorDark":"#00294f","band":2,"sc":0.85,"off":[0,5.1]}},{"type":"Feature","geometry":{"type":"Point","coordinates":[20.45865,44.818403]},"properties":{"line":"307N","mode":"bus","color":"#0059a9","colorDark":"#00294f","band":2,"sc":0.85,"off":[3.4,5.1]}},{"type":"Feature","geometry":{"type":"Point","coordinates":[20.45865,44.818403]},"properties":{"line":"307Na","mode":"bus","color":"#0059a9","colorDark":"#00294f","band":2,"sc":0.85,"off":[6.8,5.1]}},{"type":"Feature","geometry":{"type":"Point","coordinates":[20.45865,44.818403]},"properties":{"line":"511N","mode":"bus","color":"#0059a9","colorDark":"#00294f","band":2,"sc":0.85,"off":[-6.8,7.1]}},{"type":"Feature","geometry":{"type":"Point","coordinates":[20.45865,44.818403]},"properties":{"line":"511Na","mode":"bus","color":"#0059a9","colorDark":"#00294f","band":2,"sc":0.85,"off":[-3.4,7.1]}},{"type":"Feature","geometry":{"type":"Point","coordinates":[20.45865,44.818403]},"properties":{"line":"511Nb","mode":"bus","color":"#0059a9","colorDark":"#00294f","band":2,"sc":0.85,"off":[0,7.1]}},{"type":"Feature","geometry":{"type":"Point","coordinates":[20.45865,44.818403]},"properties":{"line":"603N","mode":"bus","color":"#0059a9","colorDark":"#00294f","band":2,"sc":0.85,"off":[3.4,7.1]}},{"type":"Feature","geometry":{"type":"Point","coordinates":[20.45865,44.818403]},"properties":{"line":"603Na","mode":"bus","color":"#0059a9","colorDark":"#00294f","band":2,"sc":0.85,"off":[6.8,7.1]}},{"type":"Feature","geometry":{"type":"Point","coordinates":[20.45865,44.818403]},"properties":{"line":"706N","mode":"bus","color":"#0059a9","colorDark":"#00294f","band":2,"sc":0.85,"off":[-3.4,9.1]}},{"type":"Feature","geometry":{"type":"Point","coordinates":[20.45865,44.818403]},"properties":{"line":"707N","mode":"bus","color":"#0059a9","colorDark":"#00294f","band":2,"sc":0.85,"off":[0,9.1]}},{"type":"Feature","geometry":{"type":"Point","coordinates":[20.45865,44.818403]},"properties":{"line":"E9","mode":"bus","color":"#0059a9","colorDark":"#00294f","band":2,"sc":0.85,"off":[3.4,9.1]}},{"type":"Feature","geometry":{"type":"Point","coordinates":[20.506079,44.798287]},"properties":{"name":"Zvezdara","band":2,"modes":"bus","arr":["28","40","64","77"],"off":[0,-0.8]}},{"type":"Feature","geometry":{"type":"Point","coordinates":[20.506079,44.798287]},"properties":{"line":"28","mode":"bus","color":"#149a3f","colorDark":"#0a5121","band":2,"off":[-5.1,1.1]}},{"type":"Feature","geometry":{"type":"Point","coordinates":[20.506079,44.798287]},"properties":{"line":"40","mode":"bus","color":"#149a3f","colorDark":"#0a5121","band":2,"off":[-1.7,1.1]}},{"type":"Feature","geometry":{"type":"Point","coordinates":[20.506079,44.798287]},"properties":{"line":"64","mode":"bus","color":"#0059a9","colorDark":"#00294f","band":2,"off":[1.7,1.1]}},{"type":"Feature","geometry":{"type":"Point","coordinates":[20.506079,44.798287]},"properties":{"line":"77","mode":"bus","color":"#0059a9","colorDark":"#00294f","band":2,"off":[5.1,1.1]}},{"type":"Feature","geometry":{"type":"Point","coordinates":[20.497421,44.775425]},"properties":{"name":"Medaković 2","band":2,"modes":"bus","arr":["30"],"off":[0,-0.8]}},{"type":"Feature","geometry":{"type":"Point","coordinates":[20.497421,44.775425]},"properties":{"line":"30","mode":"bus","color":"#0059a9","colorDark":"#00294f","band":2,"off":[0,1.1]}},{"type":"Feature","geometry":{"type":"Point","coordinates":[20.479653,44.804814]},"properties":{"name":"Vukov spomenik","band":2,"modes":"bus","arr":["32","66","EKO1"],"off":[0,-0.8]}},{"type":"Feature","geometry":{"type":"Point","coordinates":[20.479653,44.804814]},"properties":{"line":"32","mode":"bus","color":"#0059a9","colorDark":"#00294f","band":2,"off":[-3.4,1.1]}},{"type":"Feature","geometry":{"type":"Point","coordinates":[20.479653,44.804814]},"properties":{"line":"66","mode":"bus","color":"#0059a9","colorDark":"#00294f","band":2,"off":[0,1.1]}},{"type":"Feature","geometry":{"type":"Point","coordinates":[20.479653,44.804814]},"properties":{"line":"EKO1","mode":"bus","color":"#0059a9","colorDark":"#00294f","band":2,"off":[3.4,1.1]}},{"type":"Feature","geometry":{"type":"Point","coordinates":[20.548284,44.830864]},"properties":{"name":"Višnjica","band":2,"modes":"bus","arr":["32","32E","32N"],"off":[0,-0.8]}},{"type":"Feature","geometry":{"type":"Point","coordinates":[20.548284,44.830864]},"properties":{"line":"32","mode":"bus","color":"#0059a9","colorDark":"#00294f","band":2,"off":[-3.4,1.1]}},{"type":"Feature","geometry":{"type":"Point","coordinates":[20.548284,44.830864]},"properties":{"line":"32E","mode":"bus","color":"#0059a9","colorDark":"#00294f","band":2,"off":[0,1.1]}},{"type":"Feature","geometry":{"type":"Point","coordinates":[20.548284,44.830864]},"properties":{"line":"32N","mode":"bus","color":"#0059a9","colorDark":"#00294f","band":2,"off":[3.4,1.1]}},{"type":"Feature","geometry":{"type":"Point","coordinates":[20.488846,44.819323]},"properties":{"name":"ŽS Pančevački most","band":2,"modes":"bus","arr":["33","37","48","58","96"],"off":[0,-0.8]}},{"type":"Feature","geometry":{"type":"Point","coordinates":[20.488846,44.819323]},"properties":{"line":"33","mode":"bus","color":"#0059a9","colorDark":"#00294f","band":2,"off":[-6.8,1.1]}},{"type":"Feature","geometry":{"type":"Point","coordinates":[20.488846,44.819323]},"properties":{"line":"37","mode":"bus","color":"#0059a9","colorDark":"#00294f","band":2,"off":[-3.4,1.1]}},{"type":"Feature","geometry":{"type":"Point","coordinates":[20.488846,44.819323]},"properties":{"line":"48","mode":"bus","color":"#0059a9","colorDark":"#00294f","band":2,"off":[0,1.1]}},{"type":"Feature","geometry":{"type":"Point","coordinates":[20.488846,44.819323]},"properties":{"line":"58","mode":"bus","color":"#0059a9","colorDark":"#00294f","band":2,"off":[3.4,1.1]}},{"type":"Feature","geometry":{"type":"Point","coordinates":[20.488846,44.819323]},"properties":{"line":"96","mode":"bus","color":"#0059a9","colorDark":"#00294f","band":2,"off":[6.8,1.1]}},{"type":"Feature","geometry":{"type":"Point","coordinates":[20.518135,44.744787]},"properties":{"name":"Kumodraž","band":2,"modes":"bus","arr":["33","33N","E9"],"off":[0,-0.8]}},{"type":"Feature","geometry":{"type":"Point","coordinates":[20.518135,44.744787]},"properties":{"line":"33","mode":"bus","color":"#0059a9","colorDark":"#00294f","band":2,"off":[-3.4,1.1]}},{"type":"Feature","geometry":{"type":"Point","coordinates":[20.518135,44.744787]},"properties":{"line":"33N","mode":"bus","color":"#0059a9","colorDark":"#00294f","band":2,"off":[0,1.1]}},{"type":"Feature","geometry":{"type":"Point","coordinates":[20.518135,44.744787]},"properties":{"line":"E9","mode":"bus","color":"#0059a9","colorDark":"#00294f","band":2,"off":[3.4,1.1]}},{"type":"Feature","geometry":{"type":"Point","coordinates":[20.443103,44.795788]},"properties":{"name":"Topčidersko brdo /Senjak/","band":2,"modes":"bus","arr":["34","44","44a"],"off":[0,-0.8]}},{"type":"Feature","geometry":{"type":"Point","coordinates":[20.443103,44.795788]},"properties":{"line":"34","mode":"bus","color":"#0059a9","colorDark":"#00294f","band":2,"off":[-3.4,1.1]}},{"type":"Feature","geometry":{"type":"Point","coordinates":[20.443103,44.795788]},"properties":{"line":"44","mode":"bus","color":"#0059a9","colorDark":"#00294f","band":2,"off":[0,1.1]}},{"type":"Feature","geometry":{"type":"Point","coordinates":[20.443103,44.795788]},"properties":{"line":"44a","mode":"bus","color":"#0059a9","colorDark":"#00294f","band":2,"off":[3.4,1.1]}},{"type":"Feature","geometry":{"type":"Point","coordinates":[20.454044,44.792721]},"properties":{"name":"Železnička stanica BGD centar","band":2,"modes":"bus","arr":["36"],"off":[0,-0.8]}},{"type":"Feature","geometry":{"type":"Point","coordinates":[20.454044,44.792721]},"properties":{"name":"Železnička stanica Beograd centar - Terminus (pola","band":2,"modes":"bus","arr":["36"],"off":[0,-3]}},{"type":"Feature","geometry":{"type":"Point","coordinates":[20.454044,44.792721]},"properties":{"line":"36","mode":"bus","color":"#0059a9","colorDark":"#00294f","band":2,"off":[0,1.1]}},{"type":"Feature","geometry":{"type":"Point","coordinates":[20.457934,44.79252]},"properties":{"name":"Gučevska","band":2,"modes":"bus","arr":["38L","600"],"off":[0,-0.8]}},{"type":"Feature","geometry":{"type":"Point","coordinates":[20.457934,44.79252]},"properties":{"line":"38L","mode":"bus","color":"#0059a9","colorDark":"#00294f","band":2,"off":[-1.7,1.1]}},{"type":"Feature","geometry":{"type":"Point","coordinates":[20.457934,44.79252]},"properties":{"line":"600","mode":"bus","color":"#0059a9","colorDark":"#00294f","band":2,"off":[1.7,1.1]}},{"type":"Feature","geometry":{"type":"Point","coordinates":[20.460103,44.75711]},"properties":{"name":"Pere Velimirovića","band":2,"modes":"bus","arr":["34"],"off":[0,-0.8]}},{"type":"Feature","geometry":{"type":"Point","coordinates":[20.460103,44.75711]},"properties":{"line":"34","mode":"bus","color":"#0059a9","colorDark":"#00294f","band":2,"off":[0,1.1]}},{"type":"Feature","geometry":{"type":"Point","coordinates":[20.54699,44.810139]},"properties":{"name":"Lešće /groblje/","band":2,"modes":"bus","arr":["35","63"],"off":[0,-0.8]}},{"type":"Feature","geometry":{"type":"Point","coordinates":[20.54699,44.810139]},"properties":{"line":"35","mode":"bus","color":"#0059a9","colorDark":"#00294f","band":2,"off":[-1.7,1.1]}},{"type":"Feature","geometry":{"type":"Point","coordinates":[20.54699,44.810139]},"properties":{"line":"63","mode":"bus","color":"#0059a9","colorDark":"#00294f","band":2,"off":[1.7,1.1]}},{"type":"Feature","geometry":{"type":"Point","coordinates":[20.529133,44.756177]},"properties":{"name":"VML","band":2,"modes":"bus","arr":["38","308"],"off":[0,-0.8]}},{"type":"Feature","geometry":{"type":"Point","coordinates":[20.529133,44.756177]},"properties":{"line":"38","mode":"bus","color":"#0059a9","colorDark":"#00294f","band":2,"off":[-1.7,1.1]}},{"type":"Feature","geometry":{"type":"Point","coordinates":[20.529133,44.756177]},"properties":{"line":"308","mode":"bus","color":"#0059a9","colorDark":"#00294f","band":2,"off":[1.7,1.1]}},{"type":"Feature","geometry":{"type":"Point","coordinates":[20.517328,44.772212]},"properties":{"name":"Pogon Kosmaj","band":2,"modes":"bus","arr":["38L"],"off":[0,-0.8]}},{"type":"Feature","geometry":{"type":"Point","coordinates":[20.517328,44.772212]},"properties":{"line":"38L","mode":"bus","color":"#0059a9","colorDark":"#00294f","band":2,"off":[0,1.1]}},{"type":"Feature","geometry":{"type":"Point","coordinates":[20.501213,44.744089]},"properties":{"name":"Kumodraž 1","band":2,"modes":"bus","arr":["39"],"off":[0,-0.8]}},{"type":"Feature","geometry":{"type":"Point","coordinates":[20.501213,44.744089]},"properties":{"line":"39","mode":"bus","color":"#0059a9","colorDark":"#00294f","band":2,"off":[0,1.1]}},{"type":"Feature","geometry":{"type":"Point","coordinates":[20.479942,44.75208]},"properties":{"name":"Banjica 2","band":2,"modes":"bus","arr":["40","41","78"],"off":[0,-0.8]}},{"type":"Feature","geometry":{"type":"Point","coordinates":[20.479942,44.75208]},"properties":{"line":"40","mode":"bus","color":"#149a3f","colorDark":"#0a5121","band":2,"off":[-3.4,1.1]}},{"type":"Feature","geometry":{"type":"Point","coordinates":[20.479942,44.75208]},"properties":{"line":"41","mode":"bus","color":"#149a3f","colorDark":"#0a5121","band":2,"off":[0,1.1]}},{"type":"Feature","geometry":{"type":"Point","coordinates":[20.479942,44.75208]},"properties":{"line":"78","mode":"bus","color":"#0059a9","colorDark":"#00294f","band":2,"off":[3.4,1.1]}},{"type":"Feature","geometry":{"type":"Point","coordinates":[20.428605,44.718462]},"properties":{"name":"Petlovo brdo","band":2,"modes":"bus","arr":["42","56","59","501","E2"],"off":[0,-0.8]}},{"type":"Feature","geometry":{"type":"Point","coordinates":[20.428605,44.718462]},"properties":{"line":"42","mode":"bus","color":"#0059a9","colorDark":"#00294f","band":2,"off":[-6.8,1.1]}},{"type":"Feature","geometry":{"type":"Point","coordinates":[20.428605,44.718462]},"properties":{"line":"56","mode":"bus","color":"#0059a9","colorDark":"#00294f","band":2,"off":[-3.4,1.1]}},{"type":"Feature","geometry":{"type":"Point","coordinates":[20.428605,44.718462]},"properties":{"line":"59","mode":"bus","color":"#0059a9","colorDark":"#00294f","band":2,"off":[0,1.1]}},{"type":"Feature","geometry":{"type":"Point","coordinates":[20.428605,44.718462]},"properties":{"line":"501","mode":"bus","color":"#0059a9","colorDark":"#00294f","band":2,"off":[3.4,1.1]}},{"type":"Feature","geometry":{"type":"Point","coordinates":[20.428605,44.718462]},"properties":{"line":"E2","mode":"bus","color":"#0059a9","colorDark":"#00294f","band":2,"off":[6.8,1.1]}},{"type":"Feature","geometry":{"type":"Point","coordinates":[20.467035,44.851482]},"properties":{"name":"Kotež","band":2,"modes":"bus","arr":["43"],"off":[0,-0.8]}},{"type":"Feature","geometry":{"type":"Point","coordinates":[20.467035,44.851482]},"properties":{"line":"43","mode":"bus","color":"#0059a9","colorDark":"#00294f","band":2,"off":[0,1.1]}},{"type":"Feature","geometry":{"type":"Point","coordinates":[20.479952,44.81888]},"properties":{"name":"Železnička stanica Dunav","band":2,"modes":"bus","arr":["44","44a"],"off":[0,-0.8]}},{"type":"Feature","geometry":{"type":"Point","coordinates":[20.479952,44.81888]},"properties":{"line":"44","mode":"bus","color":"#0059a9","colorDark":"#00294f","band":2,"off":[-1.7,1.1]}},{"type":"Feature","geometry":{"type":"Point","coordinates":[20.479952,44.81888]},"properties":{"line":"44a","mode":"bus","color":"#0059a9","colorDark":"#00294f","band":2,"off":[1.7,1.1]}},{"type":"Feature","geometry":{"type":"Point","coordinates":[20.383869,44.797058]},"properties":{"name":"Blok 44","band":2,"modes":"bus","arr":["45","82","602"],"off":[0,-0.8]}},{"type":"Feature","geometry":{"type":"Point","coordinates":[20.383869,44.797058]},"properties":{"line":"45","mode":"bus","color":"#0059a9","colorDark":"#00294f","band":2,"off":[-3.4,1.1]}},{"type":"Feature","geometry":{"type":"Point","coordinates":[20.383869,44.797058]},"properties":{"line":"82","mode":"bus","color":"#0059a9","colorDark":"#00294f","band":2,"off":[0,1.1]}},{"type":"Feature","geometry":{"type":"Point","coordinates":[20.383869,44.797058]},"properties":{"line":"602","mode":"bus","color":"#0059a9","colorDark":"#00294f","band":2,"off":[3.4,1.1]}},{"type":"Feature","geometry":{"type":"Point","coordinates":[20.503601,44.792895]},"properties":{"name":"Zvezdara","band":2,"modes":"bus","arr":["55"],"off":[0,-0.8]}},{"type":"Feature","geometry":{"type":"Point","coordinates":[20.503601,44.792895]},"properties":{"line":"55","mode":"bus","color":"#0059a9","colorDark":"#00294f","band":2,"off":[0,1.1]}},{"type":"Feature","geometry":{"type":"Point","coordinates":[20.531607,44.793776]},"properties":{"name":"Mirijevo","band":2,"modes":"bus","arr":["46"],"off":[0,-0.8]}},{"type":"Feature","geometry":{"type":"Point","coordinates":[20.531607,44.793776]},"properties":{"line":"46","mode":"bus","color":"#0059a9","colorDark":"#00294f","band":2,"off":[0,1.1]}},{"type":"Feature","geometry":{"type":"Point","coordinates":[20.449734,44.748186]},"properties":{"name":"Miljakovac 1","band":2,"modes":"bus","arr":["54","502","505","506"],"off":[0,-0.8]}},{"type":"Feature","geometry":{"type":"Point","coordinates":[20.449734,44.748186]},"properties":{"line":"54","mode":"bus","color":"#0059a9","colorDark":"#00294f","band":2,"off":[-5.1,1.1]}},{"type":"Feature","geometry":{"type":"Point","coordinates":[20.449734,44.748186]},"properties":{"line":"502","mode":"bus","color":"#0059a9","colorDark":"#00294f","band":2,"off":[-1.7,1.1]}},{"type":"Feature","geometry":{"type":"Point","coordinates":[20.449734,44.748186]},"properties":{"line":"505","mode":"bus","color":"#0059a9","colorDark":"#00294f","band":2,"off":[1.7,1.1]}},{"type":"Feature","geometry":{"type":"Point","coordinates":[20.449734,44.748186]},"properties":{"line":"506","mode":"bus","color":"#0059a9","colorDark":"#00294f","band":2,"off":[5.1,1.1]}},{"type":"Feature","geometry":{"type":"Point","coordinates":[20.449457,44.704453]},"properties":{"name":"Železnička stanica Resnik","band":2,"modes":"bus","arr":["47","47N","47Na","503","504"],"off":[0,-0.8]}},{"type":"Feature","geometry":{"type":"Point","coordinates":[20.449457,44.704453]},"properties":{"line":"47","mode":"bus","color":"#0059a9","colorDark":"#00294f","band":2,"off":[-6.8,1.1]}},{"type":"Feature","geometry":{"type":"Point","coordinates":[20.449457,44.704453]},"properties":{"line":"47N","mode":"bus","color":"#0059a9","colorDark":"#00294f","band":2,"off":[-3.4,1.1]}},{"type":"Feature","geometry":{"type":"Point","coordinates":[20.449457,44.704453]},"properties":{"line":"47Na","mode":"bus","color":"#0059a9","colorDark":"#00294f","band":2,"off":[0,1.1]}},{"type":"Feature","geometry":{"type":"Point","coordinates":[20.449457,44.704453]},"properties":{"line":"503","mode":"bus","color":"#0059a9","colorDark":"#00294f","band":2,"off":[3.4,1.1]}},{"type":"Feature","geometry":{"type":"Point","coordinates":[20.449457,44.704453]},"properties":{"line":"504","mode":"bus","color":"#0059a9","colorDark":"#00294f","band":2,"off":[6.8,1.1]}},{"type":"Feature","geometry":{"type":"Point","coordinates":[20.463341,44.738005]},"properties":{"name":"Miljakovac 3","band":2,"modes":"bus","arr":["48"],"off":[0,-0.8]}},{"type":"Feature","geometry":{"type":"Point","coordinates":[20.463341,44.738005]},"properties":{"line":"48","mode":"bus","color":"#0059a9","colorDark":"#00294f","band":2,"off":[0,1.1]}},{"type":"Feature","geometry":{"type":"Point","coordinates":[20.41381,44.768478]},"properties":{"name":"Banovo brdo","band":2,"modes":"tram,bus","arr":["12","13","49","50","57","85","512","531","531a","532","532a","533","607"],"off":[0,-0.8],"sc":0.98}},{"type":"Feature","geometry":{"type":"Point","coordinates":[20.41381,44.768478]},"properties":{"line":"12","mode":"tram","color":"#d6212b","colorDark":"#7c1116","band":2,"sc":0.98,"off":[-6.8,1.1]}},{"type":"Feature","geometry":{"type":"Point","coordinates":[20.41381,44.768478]},"properties":{"line":"13","mode":"tram","color":"#d6212b","colorDark":"#7c1116","band":2,"sc":0.98,"off":[-3.4,1.1]}},{"type":"Feature","geometry":{"type":"Point","coordinates":[20.41381,44.768478]},"properties":{"line":"49","mode":"bus","color":"#0059a9","colorDark":"#00294f","band":2,"sc":0.98,"off":[0,1.1]}},{"type":"Feature","geometry":{"type":"Point","coordinates":[20.41381,44.768478]},"properties":{"line":"50","mode":"bus","color":"#0059a9","colorDark":"#00294f","band":2,"sc":0.98,"off":[3.4,1.1]}},{"type":"Feature","geometry":{"type":"Point","coordinates":[20.41381,44.768478]},"properties":{"line":"57","mode":"bus","color":"#0059a9","colorDark":"#00294f","band":2,"sc":0.98,"off":[6.8,1.1]}},{"type":"Feature","geometry":{"type":"Point","coordinates":[20.41381,44.768478]},"properties":{"line":"85","mode":"bus","color":"#0059a9","colorDark":"#00294f","band":2,"sc":0.98,"off":[-6.8,3.1]}},{"type":"Feature","geometry":{"type":"Point","coordinates":[20.41381,44.768478]},"properties":{"line":"512","mode":"bus","color":"#0059a9","colorDark":"#00294f","band":2,"sc":0.98,"off":[-3.4,3.1]}},{"type":"Feature","geometry":{"type":"Point","coordinates":[20.41381,44.768478]},"properties":{"line":"531","mode":"bus","color":"#0059a9","colorDark":"#00294f","band":2,"sc":0.98,"off":[0,3.1]}},{"type":"Feature","geometry":{"type":"Point","coordinates":[20.41381,44.768478]},"properties":{"line":"531a","mode":"bus","color":"#0059a9","colorDark":"#00294f","band":2,"sc":0.98,"off":[3.4,3.1]}},{"type":"Feature","geometry":{"type":"Point","coordinates":[20.41381,44.768478]},"properties":{"line":"532","mode":"bus","color":"#0059a9","colorDark":"#00294f","band":2,"sc":0.98,"off":[6.8,3.1]}},{"type":"Feature","geometry":{"type":"Point","coordinates":[20.41381,44.768478]},"properties":{"line":"532a","mode":"bus","color":"#0059a9","colorDark":"#00294f","band":2,"sc":0.98,"off":[-3.4,5.1]}},{"type":"Feature","geometry":{"type":"Point","coordinates":[20.41381,44.768478]},"properties":{"line":"533","mode":"bus","color":"#0059a9","colorDark":"#00294f","band":2,"sc":0.98,"off":[0,5.1]}},{"type":"Feature","geometry":{"type":"Point","coordinates":[20.41381,44.768478]},"properties":{"line":"607","mode":"bus","color":"#0059a9","colorDark":"#00294f","band":2,"sc":0.98,"off":[3.4,5.1]}},{"type":"Feature","geometry":{"type":"Point","coordinates":[20.49669,44.754164]},"properties":{"name":"Naselje Stepa Stepanović","band":2,"modes":"bus","arr":["49"],"off":[0,-0.8]}},{"type":"Feature","geometry":{"type":"Point","coordinates":[20.49669,44.754164]},"properties":{"name":"Generala Štefanika","band":2,"modes":"bus","arr":["49"],"off":[0,-3]}},{"type":"Feature","geometry":{"type":"Point","coordinates":[20.49669,44.754164]},"properties":{"line":"49","mode":"bus","color":"#0059a9","colorDark":"#00294f","band":2,"off":[0,1.1]}},{"type":"Feature","geometry":{"type":"Point","coordinates":[20.403729,44.748977]},"properties":{"name":"Bele vode","band":2,"modes":"bus","arr":["51","51N"],"off":[0,-0.8]}},{"type":"Feature","geometry":{"type":"Point","coordinates":[20.403729,44.748977]},"properties":{"line":"51","mode":"bus","color":"#0059a9","colorDark":"#00294f","band":2,"off":[-1.7,1.1]}},{"type":"Feature","geometry":{"type":"Point","coordinates":[20.403729,44.748977]},"properties":{"line":"51N","mode":"bus","color":"#0059a9","colorDark":"#00294f","band":2,"off":[1.7,1.1]}},{"type":"Feature","geometry":{"type":"Point","coordinates":[20.457571,44.813833]},"properties":{"name":"Zeleni venac","band":2,"modes":"bus","arr":["52","53","56","56L","60","60L","71","72","75","706"],"off":[0,-0.8]}},{"type":"Feature","geometry":{"type":"Point","coordinates":[20.457571,44.813833]},"properties":{"line":"52","mode":"bus","color":"#0059a9","colorDark":"#00294f","band":2,"off":[-6.8,1.1]}},{"type":"Feature","geometry":{"type":"Point","coordinates":[20.457571,44.813833]},"properties":{"line":"53","mode":"bus","color":"#0059a9","colorDark":"#00294f","band":2,"off":[-3.4,1.1]}},{"type":"Feature","geometry":{"type":"Point","coordinates":[20.457571,44.813833]},"properties":{"line":"56","mode":"bus","color":"#0059a9","colorDark":"#00294f","band":2,"off":[0,1.1]}},{"type":"Feature","geometry":{"type":"Point","coordinates":[20.457571,44.813833]},"properties":{"line":"56L","mode":"bus","color":"#0059a9","colorDark":"#00294f","band":2,"off":[3.4,1.1]}},{"type":"Feature","geometry":{"type":"Point","coordinates":[20.457571,44.813833]},"properties":{"line":"60","mode":"bus","color":"#0059a9","colorDark":"#00294f","band":2,"off":[6.8,1.1]}},{"type":"Feature","geometry":{"type":"Point","coordinates":[20.457571,44.813833]},"properties":{"line":"60L","mode":"bus","color":"#0059a9","colorDark":"#00294f","band":2,"off":[-6.8,3.1]}},{"type":"Feature","geometry":{"type":"Point","coordinates":[20.457571,44.813833]},"properties":{"line":"71","mode":"bus","color":"#0059a9","colorDark":"#00294f","band":2,"off":[-3.4,3.1]}},{"type":"Feature","geometry":{"type":"Point","coordinates":[20.457571,44.813833]},"properties":{"line":"72","mode":"bus","color":"#0059a9","colorDark":"#00294f","band":2,"off":[0,3.1]}},{"type":"Feature","geometry":{"type":"Point","coordinates":[20.457571,44.813833]},"properties":{"line":"75","mode":"bus","color":"#0059a9","colorDark":"#00294f","band":2,"off":[3.4,3.1]}},{"type":"Feature","geometry":{"type":"Point","coordinates":[20.457571,44.813833]},"properties":{"line":"706","mode":"bus","color":"#0059a9","colorDark":"#00294f","band":2,"off":[6.8,3.1]}},{"type":"Feature","geometry":{"type":"Point","coordinates":[20.419144,44.743706]},"properties":{"name":"Cerak Vinogradi","band":2,"modes":"bus","arr":["52","534"],"off":[0,-0.8]}},{"type":"Feature","geometry":{"type":"Point","coordinates":[20.419144,44.743706]},"properties":{"line":"52","mode":"bus","color":"#0059a9","colorDark":"#00294f","band":2,"off":[-1.7,1.1]}},{"type":"Feature","geometry":{"type":"Point","coordinates":[20.419144,44.743706]},"properties":{"line":"534","mode":"bus","color":"#0059a9","colorDark":"#00294f","band":2,"off":[1.7,1.1]}},{"type":"Feature","geometry":{"type":"Point","coordinates":[20.362039,44.770464]},"properties":{"name":"MZ Makiš","band":2,"modes":"bus","arr":["54"],"off":[0,-0.8]}},{"type":"Feature","geometry":{"type":"Point","coordinates":[20.362039,44.770464]},"properties":{"line":"54","mode":"bus","color":"#0059a9","colorDark":"#00294f","band":2,"off":[0,1.1]}},{"type":"Feature","geometry":{"type":"Point","coordinates":[20.382804,44.72068]},"properties":{"name":"Stari Železnik","band":2,"modes":"bus","arr":["55"],"off":[0,-0.8]}},{"type":"Feature","geometry":{"type":"Point","coordinates":[20.382804,44.72068]},"properties":{"line":"55","mode":"bus","color":"#0059a9","colorDark":"#00294f","band":2,"off":[0,1.1]}},{"type":"Feature","geometry":{"type":"Point","coordinates":[20.404775,44.777971]},"properties":{"name":"Čukarička padina","band":2,"modes":"bus","arr":["56L","87","87A"],"off":[0,-0.8]}},{"type":"Feature","geometry":{"type":"Point","coordinates":[20.404775,44.777971]},"properties":{"line":"56L","mode":"bus","color":"#0059a9","colorDark":"#00294f","band":2,"off":[-3.4,1.1]}},{"type":"Feature","geometry":{"type":"Point","coordinates":[20.404775,44.777971]},"properties":{"line":"87","mode":"bus","color":"#0059a9","colorDark":"#00294f","band":2,"off":[0,1.1]}},{"type":"Feature","geometry":{"type":"Point","coordinates":[20.404775,44.777971]},"properties":{"line":"87A","mode":"bus","color":"#0059a9","colorDark":"#00294f","band":2,"off":[3.4,1.1]}},{"type":"Feature","geometry":{"type":"Point","coordinates":[20.45151,44.682821]},"properties":{"name":"13. Septembar","band":2,"modes":"bus","arr":["56N","531","531a"],"off":[0,-0.8]}},{"type":"Feature","geometry":{"type":"Point","coordinates":[20.45151,44.682821]},"properties":{"line":"56N","mode":"bus","color":"#0059a9","colorDark":"#00294f","band":2,"off":[-3.4,1.1]}},{"type":"Feature","geometry":{"type":"Point","coordinates":[20.45151,44.682821]},"properties":{"line":"531","mode":"bus","color":"#0059a9","colorDark":"#00294f","band":2,"off":[0,1.1]}},{"type":"Feature","geometry":{"type":"Point","coordinates":[20.45151,44.682821]},"properties":{"line":"531a","mode":"bus","color":"#0059a9","colorDark":"#00294f","band":2,"off":[3.4,1.1]}},{"type":"Feature","geometry":{"type":"Point","coordinates":[20.380272,44.731874]},"properties":{"name":"Novi Železnik","band":2,"modes":"bus","arr":["58","88","511Nb","522"],"off":[0,-0.8]}},{"type":"Feature","geometry":{"type":"Point","coordinates":[20.380272,44.731874]},"properties":{"line":"58","mode":"bus","color":"#0059a9","colorDark":"#00294f","band":2,"off":[-5.1,1.1]}},{"type":"Feature","geometry":{"type":"Point","coordinates":[20.380272,44.731874]},"properties":{"line":"88","mode":"bus","color":"#0059a9","colorDark":"#00294f","band":2,"off":[-1.7,1.1]}},{"type":"Feature","geometry":{"type":"Point","coordinates":[20.380272,44.731874]},"properties":{"line":"511Nb","mode":"bus","color":"#0059a9","colorDark":"#00294f","band":2,"off":[1.7,1.1]}},{"type":"Feature","geometry":{"type":"Point","coordinates":[20.380272,44.731874]},"properties":{"line":"522","mode":"bus","color":"#0059a9","colorDark":"#00294f","band":2,"off":[5.1,1.1]}},{"type":"Feature","geometry":{"type":"Point","coordinates":[20.413835,44.801438]},"properties":{"name":"Toplana","band":2,"modes":"bus","arr":["60","60L"],"off":[0,-0.8]}},{"type":"Feature","geometry":{"type":"Point","coordinates":[20.413835,44.801438]},"properties":{"line":"60","mode":"bus","color":"#0059a9","colorDark":"#00294f","band":2,"off":[-1.7,1.1]}},{"type":"Feature","geometry":{"type":"Point","coordinates":[20.413835,44.801438]},"properties":{"line":"60L","mode":"bus","color":"#0059a9","colorDark":"#00294f","band":2,"off":[1.7,1.1]}},{"type":"Feature","geometry":{"type":"Point","coordinates":[20.509411,44.80687]},"properties":{"name":"Zvezdara 2","band":2,"modes":"bus","arr":["65"],"off":[0,-0.8]}},{"type":"Feature","geometry":{"type":"Point","coordinates":[20.509411,44.80687]},"properties":{"line":"65","mode":"bus","color":"#0059a9","colorDark":"#00294f","band":2,"off":[0,1.1]}},{"type":"Feature","geometry":{"type":"Point","coordinates":[20.363947,44.82222]},"properties":{"name":"Novo bežanijsko groblje","band":2,"modes":"bus","arr":["65"],"off":[0,-0.8]}},{"type":"Feature","geometry":{"type":"Point","coordinates":[20.363947,44.82222]},"properties":{"line":"65","mode":"bus","color":"#0059a9","colorDark":"#00294f","band":2,"off":[0,1.1]}},{"type":"Feature","geometry":{"type":"Point","coordinates":[20.501982,44.80383]},"properties":{"name":"Naučno-tehnološki park","band":2,"modes":"bus","arr":["66"],"off":[0,-0.8]}},{"type":"Feature","geometry":{"type":"Point","coordinates":[20.501982,44.80383]},"properties":{"line":"66","mode":"bus","color":"#0059a9","colorDark":"#00294f","band":2,"off":[0,1.1]}},{"type":"Feature","geometry":{"type":"Point","coordinates":[20.400151,44.798263]},"properties":{"name":"Blok 70A","band":2,"modes":"bus","arr":["67","76","610e","610ea","708"],"off":[0,-0.8]}},{"type":"Feature","geometry":{"type":"Point","coordinates":[20.400151,44.798263]},"properties":{"line":"67","mode":"bus","color":"#0059a9","colorDark":"#00294f","band":2,"off":[-6.8,1.1]}},{"type":"Feature","geometry":{"type":"Point","coordinates":[20.400151,44.798263]},"properties":{"line":"76","mode":"bus","color":"#0059a9","colorDark":"#00294f","band":2,"off":[-3.4,1.1]}},{"type":"Feature","geometry":{"type":"Point","coordinates":[20.400151,44.798263]},"properties":{"line":"610e","mode":"bus","color":"#0059a9","colorDark":"#00294f","band":2,"off":[0,1.1]}},{"type":"Feature","geometry":{"type":"Point","coordinates":[20.400151,44.798263]},"properties":{"line":"610ea","mode":"bus","color":"#0059a9","colorDark":"#00294f","band":2,"off":[3.4,1.1]}},{"type":"Feature","geometry":{"type":"Point","coordinates":[20.400151,44.798263]},"properties":{"line":"708","mode":"bus","color":"#0059a9","colorDark":"#00294f","band":2,"off":[6.8,1.1]}},{"type":"Feature","geometry":{"type":"Point","coordinates":[20.389827,44.797521]},"properties":{"name":"Blok 70","band":2,"modes":"bus","arr":["68"],"off":[0,-0.8]}},{"type":"Feature","geometry":{"type":"Point","coordinates":[20.389827,44.797521]},"properties":{"line":"68","mode":"bus","color":"#0059a9","colorDark":"#00294f","band":2,"off":[0,1.1]}},{"type":"Feature","geometry":{"type":"Point","coordinates":[20.363078,44.807864]},"properties":{"name":"Bežanijska kosa","band":2,"modes":"bus","arr":["70","74","75"],"off":[0,-0.8]}},{"type":"Feature","geometry":{"type":"Point","coordinates":[20.363078,44.807864]},"properties":{"line":"70","mode":"bus","color":"#0059a9","colorDark":"#00294f","band":2,"off":[-3.4,1.1]}},{"type":"Feature","geometry":{"type":"Point","coordinates":[20.363078,44.807864]},"properties":{"line":"74","mode":"bus","color":"#0059a9","colorDark":"#00294f","band":2,"off":[0,1.1]}},{"type":"Feature","geometry":{"type":"Point","coordinates":[20.363078,44.807864]},"properties":{"line":"75","mode":"bus","color":"#0059a9","colorDark":"#00294f","band":2,"off":[3.4,1.1]}},{"type":"Feature","geometry":{"type":"Point","coordinates":[20.561103,44.709875]},"properties":{"name":"IKEA","band":2,"modes":"bus","arr":["70"],"off":[0,-0.8]}},{"type":"Feature","geometry":{"type":"Point","coordinates":[20.561103,44.709875]},"properties":{"line":"70","mode":"bus","color":"#0059a9","colorDark":"#00294f","band":2,"off":[0,1.1]}},{"type":"Feature","geometry":{"type":"Point","coordinates":[20.349054,44.805015]},"properties":{"name":"Ledine","band":2,"modes":"bus","arr":["71","603"],"off":[0,-0.8]}},{"type":"Feature","geometry":{"type":"Point","coordinates":[20.349054,44.805015]},"properties":{"line":"71","mode":"bus","color":"#0059a9","colorDark":"#00294f","band":2,"off":[-1.7,1.1]}},{"type":"Feature","geometry":{"type":"Point","coordinates":[20.349054,44.805015]},"properties":{"line":"603","mode":"bus","color":"#0059a9","colorDark":"#00294f","band":2,"off":[1.7,1.1]}},{"type":"Feature","geometry":{"type":"Point","coordinates":[20.290255,44.82038]},"properties":{"name":"Aerodrom Nikola Tesla /dolasci/","band":2,"modes":"bus","arr":["72","72N","600","607","A1"],"off":[0,-0.8]}},{"type":"Feature","geometry":{"type":"Point","coordinates":[20.290255,44.82038]},"properties":{"line":"72","mode":"bus","color":"#0059a9","colorDark":"#00294f","band":2,"off":[-6.8,1.1]}},{"type":"Feature","geometry":{"type":"Point","coordinates":[20.290255,44.82038]},"properties":{"line":"72N","mode":"bus","color":"#0059a9","colorDark":"#00294f","band":2,"off":[-3.4,1.1]}},{"type":"Feature","geometry":{"type":"Point","coordinates":[20.290255,44.82038]},"properties":{"line":"600","mode":"bus","color":"#0059a9","colorDark":"#00294f","band":2,"off":[0,1.1]}},{"type":"Feature","geometry":{"type":"Point","coordinates":[20.290255,44.82038]},"properties":{"line":"607","mode":"bus","color":"#0059a9","colorDark":"#00294f","band":2,"off":[3.4,1.1]}},{"type":"Feature","geometry":{"type":"Point","coordinates":[20.290255,44.82038]},"properties":{"line":"A1","mode":"bus","color":"#0059a9","colorDark":"#00294f","band":2,"off":[6.8,1.1]}},{"type":"Feature","geometry":{"type":"Point","coordinates":[20.270974,44.899948]},"properties":{"name":"Batajnica /železnička stanica/","band":2,"modes":"bus","arr":["73","700","702"],"off":[0,-0.8]}},{"type":"Feature","geometry":{"type":"Point","coordinates":[20.270974,44.899948]},"properties":{"line":"73","mode":"bus","color":"#0059a9","colorDark":"#00294f","band":2,"off":[-3.4,1.1]}},{"type":"Feature","geometry":{"type":"Point","coordinates":[20.270974,44.899948]},"properties":{"line":"700","mode":"bus","color":"#0059a9","colorDark":"#00294f","band":2,"off":[0,1.1]}},{"type":"Feature","geometry":{"type":"Point","coordinates":[20.270974,44.899948]},"properties":{"line":"702","mode":"bus","color":"#0059a9","colorDark":"#00294f","band":2,"off":[3.4,1.1]}},{"type":"Feature","geometry":{"type":"Point","coordinates":[20.380146,44.829896]},"properties":{"name":"Bežanijska kosa","band":2,"modes":"bus","arr":["76","77"],"off":[0,-0.8]}},{"type":"Feature","geometry":{"type":"Point","coordinates":[20.380146,44.829896]},"properties":{"line":"76","mode":"bus","color":"#0059a9","colorDark":"#00294f","band":2,"off":[-1.7,1.1]}},{"type":"Feature","geometry":{"type":"Point","coordinates":[20.380146,44.829896]},"properties":{"line":"77","mode":"bus","color":"#0059a9","colorDark":"#00294f","band":2,"off":[1.7,1.1]}},{"type":"Feature","geometry":{"type":"Point","coordinates":[20.339496,44.859253]},"properties":{"name":"Altina 1","band":2,"modes":"bus","arr":["81","81L"],"off":[0,-0.8]}},{"type":"Feature","geometry":{"type":"Point","coordinates":[20.339496,44.859253]},"properties":{"line":"81","mode":"bus","color":"#0059a9","colorDark":"#00294f","band":2,"off":[-1.7,1.1]}},{"type":"Feature","geometry":{"type":"Point","coordinates":[20.339496,44.859253]},"properties":{"line":"81L","mode":"bus","color":"#0059a9","colorDark":"#00294f","band":2,"off":[1.7,1.1]}},{"type":"Feature","geometry":{"type":"Point","coordinates":[20.415165,44.843011]},"properties":{"name":"Kej oslobođenja","band":2,"modes":"bus","arr":["82","88","610","611","703","705","706E"],"off":[0,-0.8]}},{"type":"Feature","geometry":{"type":"Point","coordinates":[20.415165,44.843011]},"properties":{"line":"82","mode":"bus","color":"#0059a9","colorDark":"#00294f","band":2,"off":[-6.8,1.1]}},{"type":"Feature","geometry":{"type":"Point","coordinates":[20.415165,44.843011]},"properties":{"line":"88","mode":"bus","color":"#0059a9","colorDark":"#00294f","band":2,"off":[-3.4,1.1]}},{"type":"Feature","geometry":{"type":"Point","coordinates":[20.415165,44.843011]},"properties":{"line":"610","mode":"bus","color":"#0059a9","colorDark":"#00294f","band":2,"off":[0,1.1]}},{"type":"Feature","geometry":{"type":"Point","coordinates":[20.415165,44.843011]},"properties":{"line":"611","mode":"bus","color":"#0059a9","colorDark":"#00294f","band":2,"off":[3.4,1.1]}},{"type":"Feature","geometry":{"type":"Point","coordinates":[20.415165,44.843011]},"properties":{"line":"703","mode":"bus","color":"#0059a9","colorDark":"#00294f","band":2,"off":[6.8,1.1]}},{"type":"Feature","geometry":{"type":"Point","coordinates":[20.415165,44.843011]},"properties":{"line":"705","mode":"bus","color":"#0059a9","colorDark":"#00294f","band":2,"off":[-1.7,3.1]}},{"type":"Feature","geometry":{"type":"Point","coordinates":[20.415165,44.843011]},"properties":{"line":"706E","mode":"bus","color":"#0059a9","colorDark":"#00294f","band":2,"off":[1.7,3.1]}},{"type":"Feature","geometry":{"type":"Point","coordinates":[20.370013,44.857078]},"properties":{"name":"Nova Galenika","band":2,"modes":"bus","arr":["84","612"],"off":[0,-0.8]}},{"type":"Feature","geometry":{"type":"Point","coordinates":[20.370013,44.857078]},"properties":{"line":"84","mode":"bus","color":"#0059a9","colorDark":"#00294f","band":2,"off":[-1.7,1.1]}},{"type":"Feature","geometry":{"type":"Point","coordinates":[20.370013,44.857078]},"properties":{"line":"612","mode":"bus","color":"#0059a9","colorDark":"#00294f","band":2,"off":[1.7,1.1]}},{"type":"Feature","geometry":{"type":"Point","coordinates":[20.448334,44.8744]},"properties":{"name":"Borča 3","band":2,"modes":"bus","arr":["85","95","95N","96","101Nb"],"off":[0,-0.8]}},{"type":"Feature","geometry":{"type":"Point","coordinates":[20.448334,44.8744]},"properties":{"line":"85","mode":"bus","color":"#0059a9","colorDark":"#00294f","band":2,"off":[-6.8,1.1]}},{"type":"Feature","geometry":{"type":"Point","coordinates":[20.448334,44.8744]},"properties":{"line":"95","mode":"bus","color":"#0059a9","colorDark":"#00294f","band":2,"off":[-3.4,1.1]}},{"type":"Feature","geometry":{"type":"Point","coordinates":[20.448334,44.8744]},"properties":{"line":"95N","mode":"bus","color":"#0059a9","colorDark":"#00294f","band":2,"off":[0,1.1]}},{"type":"Feature","geometry":{"type":"Point","coordinates":[20.448334,44.8744]},"properties":{"line":"96","mode":"bus","color":"#0059a9","colorDark":"#00294f","band":2,"off":[3.4,1.1]}},{"type":"Feature","geometry":{"type":"Point","coordinates":[20.448334,44.8744]},"properties":{"line":"101Nb","mode":"bus","color":"#0059a9","colorDark":"#00294f","band":2,"off":[6.8,1.1]}},{"type":"Feature","geometry":{"type":"Point","coordinates":[20.364451,44.802109]},"properties":{"name":"Novi Beograd /Blok 72/","band":2,"modes":"bus","arr":["89"],"off":[0,-0.8]}},{"type":"Feature","geometry":{"type":"Point","coordinates":[20.364451,44.802109]},"properties":{"line":"89","mode":"bus","color":"#0059a9","colorDark":"#00294f","band":2,"off":[0,1.1]}},{"type":"Feature","geometry":{"type":"Point","coordinates":[20.332433,44.717854]},"properties":{"name":"Okretnica /česma/","band":2,"modes":"bus","arr":["91a"],"off":[0,-0.8]}},{"type":"Feature","geometry":{"type":"Point","coordinates":[20.332433,44.717854]},"properties":{"line":"91a","mode":"bus","color":"#0059a9","colorDark":"#00294f","band":2,"off":[0,1.1]}},{"type":"Feature","geometry":{"type":"Point","coordinates":[20.319883,44.713621]},"properties":{"name":"Ostružnica /Novo naselje/","band":2,"modes":"bus","arr":["91"],"off":[0,-0.8]}},{"type":"Feature","geometry":{"type":"Point","coordinates":[20.319883,44.713621]},"properties":{"line":"91","mode":"bus","color":"#0059a9","colorDark":"#00294f","band":2,"off":[0,1.1]}},{"type":"Feature","geometry":{"type":"Point","coordinates":[20.309686,44.718189]},"properties":{"name":"Ostružnica /Karaula/","band":2,"modes":"bus","arr":["92"],"off":[0,-0.8]}},{"type":"Feature","geometry":{"type":"Point","coordinates":[20.309686,44.718189]},"properties":{"line":"92","mode":"bus","color":"#0059a9","colorDark":"#00294f","band":2,"off":[0,1.1]}},{"type":"Feature","geometry":{"type":"Point","coordinates":[20.464355,44.71148]},"properties":{"name":"Resnik (Edvarda Griga)","band":2,"modes":"bus","arr":["94"],"off":[0,-0.8]}},{"type":"Feature","geometry":{"type":"Point","coordinates":[20.464355,44.71148]},"properties":{"line":"94","mode":"bus","color":"#0059a9","colorDark":"#00294f","band":2,"off":[0,1.1]}},{"type":"Feature","geometry":{"type":"Point","coordinates":[20.489973,44.814993]},"properties":{"name":"Omladinski stadion/izlaz/","band":2,"modes":"tram,bus","arr":["12","101","104","105","106","108","111","202"],"off":[0,-0.8]}},{"type":"Feature","geometry":{"type":"Point","coordinates":[20.489973,44.814993]},"properties":{"name":"Omladinski stadion /ulaz/","band":2,"modes":"tram,bus","arr":["12","101","104","105","106","108","111","202"],"off":[0,-3]}},{"type":"Feature","geometry":{"type":"Point","coordinates":[20.489973,44.814993]},"properties":{"name":"Omladinski stadion","band":2,"modes":"tram,bus","arr":["12","101","104","105","106","108","111","202"],"off":[0,-5.2]}},{"type":"Feature","geometry":{"type":"Point","coordinates":[20.489973,44.814993]},"properties":{"line":"12","mode":"tram","color":"#d6212b","colorDark":"#7c1116","band":2,"off":[-6.8,1.1]}},{"type":"Feature","geometry":{"type":"Point","coordinates":[20.489973,44.814993]},"properties":{"line":"101","mode":"bus","color":"#0059a9","colorDark":"#00294f","band":2,"off":[-3.4,1.1]}},{"type":"Feature","geometry":{"type":"Point","coordinates":[20.489973,44.814993]},"properties":{"line":"104","mode":"bus","color":"#0059a9","colorDark":"#00294f","band":2,"off":[0,1.1]}},{"type":"Feature","geometry":{"type":"Point","coordinates":[20.489973,44.814993]},"properties":{"line":"105","mode":"bus","color":"#0059a9","colorDark":"#00294f","band":2,"off":[3.4,1.1]}},{"type":"Feature","geometry":{"type":"Point","coordinates":[20.489973,44.814993]},"properties":{"line":"106","mode":"bus","color":"#0059a9","colorDark":"#00294f","band":2,"off":[6.8,1.1]}},{"type":"Feature","geometry":{"type":"Point","coordinates":[20.489973,44.814993]},"properties":{"line":"108","mode":"bus","color":"#0059a9","colorDark":"#00294f","band":2,"off":[-3.4,3.1]}},{"type":"Feature","geometry":{"type":"Point","coordinates":[20.489973,44.814993]},"properties":{"line":"111","mode":"bus","color":"#0059a9","colorDark":"#00294f","band":2,"off":[0,3.1]}},{"type":"Feature","geometry":{"type":"Point","coordinates":[20.489973,44.814993]},"properties":{"line":"202","mode":"bus","color":"#0059a9","colorDark":"#00294f","band":2,"off":[3.4,3.1]}},{"type":"Feature","geometry":{"type":"Point","coordinates":[20.424896,44.944881]},"properties":{"name":"Padinska skela","band":2,"modes":"bus","arr":["101","101N","101Na","102","102a","102b","102P","103","107","107a","109","110"],"off":[0,-0.8]}},{"type":"Feature","geometry":{"type":"Point","coordinates":[20.424896,44.944881]},"properties":{"line":"101","mode":"bus","color":"#0059a9","colorDark":"#00294f","band":2,"off":[-6.8,1.1]}},{"type":"Feature","geometry":{"type":"Point","coordinates":[20.424896,44.944881]},"properties":{"line":"101N","mode":"bus","color":"#0059a9","colorDark":"#00294f","band":2,"off":[-3.4,1.1]}},{"type":"Feature","geometry":{"type":"Point","coordinates":[20.424896,44.944881]},"properties":{"line":"101Na","mode":"bus","color":"#0059a9","colorDark":"#00294f","band":2,"off":[0,1.1]}},{"type":"Feature","geometry":{"type":"Point","coordinates":[20.424896,44.944881]},"properties":{"line":"102","mode":"bus","color":"#0059a9","colorDark":"#00294f","band":2,"off":[3.4,1.1]}},{"type":"Feature","geometry":{"type":"Point","coordinates":[20.424896,44.944881]},"properties":{"line":"102a","mode":"bus","color":"#0059a9","colorDark":"#00294f","band":2,"off":[6.8,1.1]}},{"type":"Feature","geometry":{"type":"Point","coordinates":[20.424896,44.944881]},"properties":{"line":"102b","mode":"bus","color":"#0059a9","colorDark":"#00294f","band":2,"off":[-6.8,3.1]}},{"type":"Feature","geometry":{"type":"Point","coordinates":[20.424896,44.944881]},"properties":{"line":"102P","mode":"bus","color":"#0059a9","colorDark":"#00294f","band":2,"off":[-3.4,3.1]}},{"type":"Feature","geometry":{"type":"Point","coordinates":[20.424896,44.944881]},"properties":{"line":"103","mode":"bus","color":"#0059a9","colorDark":"#00294f","band":2,"off":[0,3.1]}},{"type":"Feature","geometry":{"type":"Point","coordinates":[20.424896,44.944881]},"properties":{"line":"107","mode":"bus","color":"#0059a9","colorDark":"#00294f","band":2,"off":[3.4,3.1]}},{"type":"Feature","geometry":{"type":"Point","coordinates":[20.424896,44.944881]},"properties":{"line":"107a","mode":"bus","color":"#0059a9","colorDark":"#00294f","band":2,"off":[6.8,3.1]}},{"type":"Feature","geometry":{"type":"Point","coordinates":[20.424896,44.944881]},"properties":{"line":"109","mode":"bus","color":"#0059a9","colorDark":"#00294f","band":2,"off":[-1.7,5.1]}},{"type":"Feature","geometry":{"type":"Point","coordinates":[20.424896,44.944881]},"properties":{"line":"110","mode":"bus","color":"#0059a9","colorDark":"#00294f","band":2,"off":[1.7,5.1]}},{"type":"Feature","geometry":{"type":"Point","coordinates":[20.35635,44.977997]},"properties":{"name":"Vrbovski","band":2,"modes":"bus","arr":["102","102a"],"off":[0,-0.8]}},{"type":"Feature","geometry":{"type":"Point","coordinates":[20.35635,44.977997]},"properties":{"line":"102","mode":"bus","color":"#0059a9","colorDark":"#00294f","band":2,"off":[-1.7,1.1]}},{"type":"Feature","geometry":{"type":"Point","coordinates":[20.35635,44.977997]},"properties":{"line":"102a","mode":"bus","color":"#0059a9","colorDark":"#00294f","band":2,"off":[1.7,1.1]}},{"type":"Feature","geometry":{"type":"Point","coordinates":[20.38687,45.017152]},"properties":{"name":"Preliv","band":2,"modes":"bus","arr":["102P"],"off":[0,-0.8]}},{"type":"Feature","geometry":{"type":"Point","coordinates":[20.38687,45.017152]},"properties":{"line":"102P","mode":"bus","color":"#0059a9","colorDark":"#00294f","band":2,"off":[0,1.1]}},{"type":"Feature","geometry":{"type":"Point","coordinates":[20.417758,44.860831]},"properties":{"name":"Crvenka","band":2,"modes":"bus","arr":["104"],"off":[0,-0.8]}},{"type":"Feature","geometry":{"type":"Point","coordinates":[20.417758,44.860831]},"properties":{"line":"104","mode":"bus","color":"#0059a9","colorDark":"#00294f","band":2,"off":[0,1.1]}},{"type":"Feature","geometry":{"type":"Point","coordinates":[20.53529,44.887972]},"properties":{"name":"Ovča /centar/","band":2,"modes":"bus","arr":["105N"],"off":[0,-0.8]}},{"type":"Feature","geometry":{"type":"Point","coordinates":[20.53529,44.887972]},"properties":{"line":"105N","mode":"bus","color":"#0059a9","colorDark":"#00294f","band":2,"off":[0,1.1]}},{"type":"Feature","geometry":{"type":"Point","coordinates":[20.543306,44.875509]},"properties":{"name":"Ovča /Železnička stanica/","band":2,"modes":"bus","arr":["105","105L"],"off":[0,-0.8]}},{"type":"Feature","geometry":{"type":"Point","coordinates":[20.543306,44.875509]},"properties":{"line":"105","mode":"bus","color":"#0059a9","colorDark":"#00294f","band":2,"off":[-1.7,1.1]}},{"type":"Feature","geometry":{"type":"Point","coordinates":[20.543306,44.875509]},"properties":{"line":"105L","mode":"bus","color":"#0059a9","colorDark":"#00294f","band":2,"off":[1.7,1.1]}},{"type":"Feature","geometry":{"type":"Point","coordinates":[20.557663,44.918112]},"properties":{"name":"Jabučki rit","band":2,"modes":"bus","arr":["106"],"off":[0,-0.8]}},{"type":"Feature","geometry":{"type":"Point","coordinates":[20.557663,44.918112]},"properties":{"line":"106","mode":"bus","color":"#0059a9","colorDark":"#00294f","band":2,"off":[0,1.1]}},{"type":"Feature","geometry":{"type":"Point","coordinates":[20.383278,45.067019]},"properties":{"name":"Dunavac","band":2,"modes":"bus","arr":["107","107a"],"off":[0,-0.8]}},{"type":"Feature","geometry":{"type":"Point","coordinates":[20.383278,45.067019]},"properties":{"line":"107","mode":"bus","color":"#0059a9","colorDark":"#00294f","band":2,"off":[-1.7,1.1]}},{"type":"Feature","geometry":{"type":"Point","coordinates":[20.383278,45.067019]},"properties":{"line":"107a","mode":"bus","color":"#0059a9","colorDark":"#00294f","band":2,"off":[1.7,1.1]}},{"type":"Feature","geometry":{"type":"Point","coordinates":[20.614793,44.870185]},"properties":{"name":"Reva /Duboka bara/","band":2,"modes":"bus","arr":["108","112"],"off":[0,-0.8]}},{"type":"Feature","geometry":{"type":"Point","coordinates":[20.614793,44.870185]},"properties":{"line":"108","mode":"bus","color":"#0059a9","colorDark":"#00294f","band":2,"off":[-1.7,1.1]}},{"type":"Feature","geometry":{"type":"Point","coordinates":[20.614793,44.870185]},"properties":{"line":"112","mode":"bus","color":"#0059a9","colorDark":"#00294f","band":2,"off":[1.7,1.1]}},{"type":"Feature","geometry":{"type":"Point","coordinates":[20.380627,45.064503]},"properties":{"name":"Put za Dunavac","band":2,"modes":"bus","arr":["109"],"off":[0,-0.8]}},{"type":"Feature","geometry":{"type":"Point","coordinates":[20.380627,45.064503]},"properties":{"line":"109","mode":"bus","color":"#0059a9","colorDark":"#00294f","band":2,"off":[0,1.1]}},{"type":"Feature","geometry":{"type":"Point","coordinates":[20.467818,45.004088]},"properties":{"name":"Obala Tamiša","band":2,"modes":"bus","arr":["110"],"off":[0,-0.8]}},{"type":"Feature","geometry":{"type":"Point","coordinates":[20.467818,45.004088]},"properties":{"line":"110","mode":"bus","color":"#0059a9","colorDark":"#00294f","band":2,"off":[0,1.1]}},{"type":"Feature","geometry":{"type":"Point","coordinates":[20.464114,45.002663]},"properties":{"name":"Obala Tamiša","band":2,"modes":"bus","arr":["110"],"off":[0,-0.8]}},{"type":"Feature","geometry":{"type":"Point","coordinates":[20.464114,45.002663]},"properties":{"line":"110","mode":"bus","color":"#0059a9","colorDark":"#00294f","band":2,"off":[0,1.1]}},{"type":"Feature","geometry":{"type":"Point","coordinates":[20.456234,44.91116]},"properties":{"name":"SC Kovilovo","band":2,"modes":"bus","arr":["111"],"off":[0,-0.8]}},{"type":"Feature","geometry":{"type":"Point","coordinates":[20.456234,44.91116]},"properties":{"line":"111","mode":"bus","color":"#0059a9","colorDark":"#00294f","band":2,"off":[0,1.1]}},{"type":"Feature","geometry":{"type":"Point","coordinates":[20.601538,44.812162]},"properties":{"name":"Veliko selo","band":2,"modes":"bus","arr":["202","202N"],"off":[0,-0.8]}},{"type":"Feature","geometry":{"type":"Point","coordinates":[20.601538,44.812162]},"properties":{"line":"202","mode":"bus","color":"#0059a9","colorDark":"#00294f","band":2,"off":[-1.7,1.1]}},{"type":"Feature","geometry":{"type":"Point","coordinates":[20.601538,44.812162]},"properties":{"line":"202N","mode":"bus","color":"#0059a9","colorDark":"#00294f","band":2,"off":[1.7,1.1]}},{"type":"Feature","geometry":{"type":"Point","coordinates":[20.560583,44.752192]},"properties":{"name":"Kaluđerica","band":2,"modes":"bus","arr":["301Na","309"],"off":[0,-0.8]}},{"type":"Feature","geometry":{"type":"Point","coordinates":[20.560583,44.752192]},"properties":{"line":"301Na","mode":"bus","color":"#0059a9","colorDark":"#00294f","band":2,"off":[-1.7,1.1]}},{"type":"Feature","geometry":{"type":"Point","coordinates":[20.560583,44.752192]},"properties":{"line":"309","mode":"bus","color":"#0059a9","colorDark":"#00294f","band":2,"off":[1.7,1.1]}},{"type":"Feature","geometry":{"type":"Point","coordinates":[20.564426,44.764544]},"properties":{"name":"Put za Institut","band":2,"modes":"bus","arr":["309L"],"off":[0,-0.8]}},{"type":"Feature","geometry":{"type":"Point","coordinates":[20.564426,44.764544]},"properties":{"line":"309L","mode":"bus","color":"#0059a9","colorDark":"#00294f","band":2,"off":[0,1.1]}},{"type":"Feature","geometry":{"type":"Point","coordinates":[20.716271,44.673624]},"properties":{"name":"Šumadijska","band":2,"modes":"bus","arr":["304Na"],"off":[0,-0.8]}},{"type":"Feature","geometry":{"type":"Point","coordinates":[20.716271,44.673624]},"properties":{"line":"304Na","mode":"bus","color":"#0059a9","colorDark":"#00294f","band":2,"off":[0,1.1]}},{"type":"Feature","geometry":{"type":"Point","coordinates":[20.717097,44.670076]},"properties":{"name":"JA","band":2,"modes":"bus","arr":["301Na"],"off":[0,-0.8]}},{"type":"Feature","geometry":{"type":"Point","coordinates":[20.717097,44.670076]},"properties":{"name":"Grocka","band":2,"modes":"bus","arr":["301Na"],"off":[0,-1.9]}},{"type":"Feature","geometry":{"type":"Point","coordinates":[20.717097,44.670076]},"properties":{"line":"301Na","mode":"bus","color":"#0059a9","colorDark":"#00294f","band":2,"off":[0,1.1]}},{"type":"Feature","geometry":{"type":"Point","coordinates":[20.695033,44.632261]},"properties":{"name":"Begaljica","band":2,"modes":"bus","arr":["302","302a","302b","302N"],"off":[0,-0.8]}},{"type":"Feature","geometry":{"type":"Point","coordinates":[20.695033,44.632261]},"properties":{"line":"302","mode":"bus","color":"#0059a9","colorDark":"#00294f","band":2,"off":[-5.1,1.1]}},{"type":"Feature","geometry":{"type":"Point","coordinates":[20.695033,44.632261]},"properties":{"line":"302a","mode":"bus","color":"#0059a9","colorDark":"#00294f","band":2,"off":[-1.7,1.1]}},{"type":"Feature","geometry":{"type":"Point","coordinates":[20.695033,44.632261]},"properties":{"line":"302b","mode":"bus","color":"#0059a9","colorDark":"#00294f","band":2,"off":[1.7,1.1]}},{"type":"Feature","geometry":{"type":"Point","coordinates":[20.695033,44.632261]},"properties":{"line":"302N","mode":"bus","color":"#0059a9","colorDark":"#00294f","band":2,"off":[5.1,1.1]}},{"type":"Feature","geometry":{"type":"Point","coordinates":[20.607572,44.722069]},"properties":{"name":"Boleč","band":2,"modes":"bus","arr":["305","305a"],"off":[0,-0.8]}},{"type":"Feature","geometry":{"type":"Point","coordinates":[20.607572,44.722069]},"properties":{"line":"305","mode":"bus","color":"#0059a9","colorDark":"#00294f","band":2,"off":[-1.7,1.1]}},{"type":"Feature","geometry":{"type":"Point","coordinates":[20.607572,44.722069]},"properties":{"line":"305a","mode":"bus","color":"#0059a9","colorDark":"#00294f","band":2,"off":[1.7,1.1]}},{"type":"Feature","geometry":{"type":"Point","coordinates":[20.596041,44.671626]},"properties":{"name":"Vrčin","band":2,"modes":"bus","arr":["303"],"off":[0,-0.8]}},{"type":"Feature","geometry":{"type":"Point","coordinates":[20.596041,44.671626]},"properties":{"line":"303","mode":"bus","color":"#0059a9","colorDark":"#00294f","band":2,"off":[0,1.1]}},{"type":"Feature","geometry":{"type":"Point","coordinates":[20.659016,44.738651]},"properties":{"name":"Ritopek","band":2,"modes":"bus","arr":["304","304N","304Nb"],"off":[0,-0.8]}},{"type":"Feature","geometry":{"type":"Point","coordinates":[20.659016,44.738651]},"properties":{"line":"304","mode":"bus","color":"#0059a9","colorDark":"#00294f","band":2,"off":[-3.4,1.1]}},{"type":"Feature","geometry":{"type":"Point","coordinates":[20.659016,44.738651]},"properties":{"line":"304N","mode":"bus","color":"#0059a9","colorDark":"#00294f","band":2,"off":[0,1.1]}},{"type":"Feature","geometry":{"type":"Point","coordinates":[20.659016,44.738651]},"properties":{"line":"304Nb","mode":"bus","color":"#0059a9","colorDark":"#00294f","band":2,"off":[3.4,1.1]}},{"type":"Feature","geometry":{"type":"Point","coordinates":[20.610752,44.767116]},"properties":{"name":"Vinča","band":2,"modes":"bus","arr":["307","307N","307Na"],"off":[0,-0.8]}},{"type":"Feature","geometry":{"type":"Point","coordinates":[20.610752,44.767116]},"properties":{"line":"307","mode":"bus","color":"#0059a9","colorDark":"#00294f","band":2,"off":[-3.4,1.1]}},{"type":"Feature","geometry":{"type":"Point","coordinates":[20.610752,44.767116]},"properties":{"line":"307N","mode":"bus","color":"#0059a9","colorDark":"#00294f","band":2,"off":[0,1.1]}},{"type":"Feature","geometry":{"type":"Point","coordinates":[20.610752,44.767116]},"properties":{"line":"307Na","mode":"bus","color":"#0059a9","colorDark":"#00294f","band":2,"off":[3.4,1.1]}},{"type":"Feature","geometry":{"type":"Point","coordinates":[20.57551,44.730423]},"properties":{"name":"Leštane","band":2,"modes":"bus","arr":["306","306b","306v"],"off":[0,-0.8]}},{"type":"Feature","geometry":{"type":"Point","coordinates":[20.57551,44.730423]},"properties":{"line":"306","mode":"bus","color":"#0059a9","colorDark":"#00294f","band":2,"off":[-3.4,1.1]}},{"type":"Feature","geometry":{"type":"Point","coordinates":[20.57551,44.730423]},"properties":{"line":"306b","mode":"bus","color":"#0059a9","colorDark":"#00294f","band":2,"off":[0,1.1]}},{"type":"Feature","geometry":{"type":"Point","coordinates":[20.57551,44.730423]},"properties":{"line":"306v","mode":"bus","color":"#0059a9","colorDark":"#00294f","band":2,"off":[3.4,1.1]}},{"type":"Feature","geometry":{"type":"Point","coordinates":[20.546664,44.736602]},"properties":{"name":"Bubanj potok","band":2,"modes":"bus","arr":["306a"],"off":[0,-0.8]}},{"type":"Feature","geometry":{"type":"Point","coordinates":[20.546664,44.736602]},"properties":{"line":"306a","mode":"bus","color":"#0059a9","colorDark":"#00294f","band":2,"off":[0,1.1]}},{"type":"Feature","geometry":{"type":"Point","coordinates":[20.504527,44.794124]},"properties":{"name":"Zvezdara /pijaca/","band":2,"modes":"bus","arr":["309"],"off":[0,-0.8]}},{"type":"Feature","geometry":{"type":"Point","coordinates":[20.504527,44.794124]},"properties":{"line":"309","mode":"bus","color":"#0059a9","colorDark":"#00294f","band":2,"off":[0,1.1]}},{"type":"Feature","geometry":{"type":"Point","coordinates":[20.552922,44.755236]},"properties":{"name":"Kaluđerica (Višnjićeva)","band":2,"modes":"bus","arr":["309L"],"off":[0,-0.8]}},{"type":"Feature","geometry":{"type":"Point","coordinates":[20.552922,44.755236]},"properties":{"line":"309L","mode":"bus","color":"#0059a9","colorDark":"#00294f","band":2,"off":[0,1.1]}},{"type":"Feature","geometry":{"type":"Point","coordinates":[20.531076,44.774074]},"properties":{"name":"Mali mokri lug (crkva)","band":2,"modes":"bus","arr":["310"],"off":[0,-0.8]}},{"type":"Feature","geometry":{"type":"Point","coordinates":[20.531076,44.774074]},"properties":{"line":"310","mode":"bus","color":"#0059a9","colorDark":"#00294f","band":2,"off":[0,1.1]}},{"type":"Feature","geometry":{"type":"Point","coordinates":[20.583078,44.719546]},"properties":{"name":"Leštane (Ravan)","band":2,"modes":"bus","arr":["311"],"off":[0,-0.8]}},{"type":"Feature","geometry":{"type":"Point","coordinates":[20.583078,44.719546]},"properties":{"line":"311","mode":"bus","color":"#0059a9","colorDark":"#00294f","band":2,"off":[0,1.1]}},{"type":"Feature","geometry":{"type":"Point","coordinates":[20.525444,44.760418]},"properties":{"name":"M.Z. VML","band":2,"modes":"bus","arr":["312"],"off":[0,-0.8]}},{"type":"Feature","geometry":{"type":"Point","coordinates":[20.525444,44.760418]},"properties":{"line":"312","mode":"bus","color":"#0059a9","colorDark":"#00294f","band":2,"off":[0,1.1]}},{"type":"Feature","geometry":{"type":"Point","coordinates":[20.47084,44.695858]},"properties":{"name":"Pinosava","band":2,"modes":"bus","arr":["401","401a","401N"],"off":[0,-0.8]}},{"type":"Feature","geometry":{"type":"Point","coordinates":[20.47084,44.695858]},"properties":{"line":"401","mode":"bus","color":"#0059a9","colorDark":"#00294f","band":2,"off":[-3.4,1.1]}},{"type":"Feature","geometry":{"type":"Point","coordinates":[20.47084,44.695858]},"properties":{"line":"401a","mode":"bus","color":"#0059a9","colorDark":"#00294f","band":2,"off":[0,1.1]}},{"type":"Feature","geometry":{"type":"Point","coordinates":[20.47084,44.695858]},"properties":{"line":"401N","mode":"bus","color":"#0059a9","colorDark":"#00294f","band":2,"off":[3.4,1.1]}},{"type":"Feature","geometry":{"type":"Point","coordinates":[20.52681,44.709256]},"properties":{"name":"Beli potok","band":2,"modes":"bus","arr":["402"],"off":[0,-0.8]}},{"type":"Feature","geometry":{"type":"Point","coordinates":[20.52681,44.709256]},"properties":{"line":"402","mode":"bus","color":"#0059a9","colorDark":"#00294f","band":2,"off":[0,1.1]}},{"type":"Feature","geometry":{"type":"Point","coordinates":[20.483945,44.760881]},"properties":{"name":"Voždovac","band":2,"modes":"bus","arr":["403","405","406","406L","407","408","409","503"],"off":[0,-0.8]}},{"type":"Feature","geometry":{"type":"Point","coordinates":[20.483945,44.760881]},"properties":{"line":"403","mode":"bus","color":"#0059a9","colorDark":"#00294f","band":2,"off":[-6.8,1.1]}},{"type":"Feature","geometry":{"type":"Point","coordinates":[20.483945,44.760881]},"properties":{"line":"405","mode":"bus","color":"#0059a9","colorDark":"#00294f","band":2,"off":[-3.4,1.1]}},{"type":"Feature","geometry":{"type":"Point","coordinates":[20.483945,44.760881]},"properties":{"line":"406","mode":"bus","color":"#0059a9","colorDark":"#00294f","band":2,"off":[0,1.1]}},{"type":"Feature","geometry":{"type":"Point","coordinates":[20.483945,44.760881]},"properties":{"line":"406L","mode":"bus","color":"#0059a9","colorDark":"#00294f","band":2,"off":[3.4,1.1]}},{"type":"Feature","geometry":{"type":"Point","coordinates":[20.483945,44.760881]},"properties":{"line":"407","mode":"bus","color":"#0059a9","colorDark":"#00294f","band":2,"off":[6.8,1.1]}},{"type":"Feature","geometry":{"type":"Point","coordinates":[20.483945,44.760881]},"properties":{"line":"408","mode":"bus","color":"#0059a9","colorDark":"#00294f","band":2,"off":[-3.4,3.1]}},{"type":"Feature","geometry":{"type":"Point","coordinates":[20.483945,44.760881]},"properties":{"line":"409","mode":"bus","color":"#0059a9","colorDark":"#00294f","band":2,"off":[0,3.1]}},{"type":"Feature","geometry":{"type":"Point","coordinates":[20.483945,44.760881]},"properties":{"line":"503","mode":"bus","color":"#0059a9","colorDark":"#00294f","band":2,"off":[3.4,3.1]}},{"type":"Feature","geometry":{"type":"Point","coordinates":[20.540065,44.696947]},"properties":{"name":"Zuce","band":2,"modes":"bus","arr":["403"],"off":[0,-0.8]}},{"type":"Feature","geometry":{"type":"Point","coordinates":[20.540065,44.696947]},"properties":{"line":"403","mode":"bus","color":"#0059a9","colorDark":"#00294f","band":2,"off":[0,1.1]}},{"type":"Feature","geometry":{"type":"Point","coordinates":[20.474515,44.657537]},"properties":{"name":"Bela reka","band":2,"modes":"bus","arr":["404","407","407L"],"off":[0,-0.8]}},{"type":"Feature","geometry":{"type":"Point","coordinates":[20.474515,44.657537]},"properties":{"line":"404","mode":"bus","color":"#0059a9","colorDark":"#00294f","band":2,"off":[-3.4,1.1]}},{"type":"Feature","geometry":{"type":"Point","coordinates":[20.474515,44.657537]},"properties":{"line":"407","mode":"bus","color":"#0059a9","colorDark":"#00294f","band":2,"off":[0,1.1]}},{"type":"Feature","geometry":{"type":"Point","coordinates":[20.474515,44.657537]},"properties":{"line":"407L","mode":"bus","color":"#0059a9","colorDark":"#00294f","band":2,"off":[3.4,1.1]}},{"type":"Feature","geometry":{"type":"Point","coordinates":[20.555784,44.608664]},"properties":{"name":"Trešnja /okretnica/","band":2,"modes":"bus","arr":["404"],"off":[0,-0.8]}},{"type":"Feature","geometry":{"type":"Point","coordinates":[20.555784,44.608664]},"properties":{"line":"404","mode":"bus","color":"#0059a9","colorDark":"#00294f","band":2,"off":[0,1.1]}},{"type":"Feature","geometry":{"type":"Point","coordinates":[20.45504,44.615207]},"properties":{"name":"Glumčevo brdo","band":2,"modes":"bus","arr":["405","405L"],"off":[0,-0.8]}},{"type":"Feature","geometry":{"type":"Point","coordinates":[20.45504,44.615207]},"properties":{"line":"405","mode":"bus","color":"#0059a9","colorDark":"#00294f","band":2,"off":[-1.7,1.1]}},{"type":"Feature","geometry":{"type":"Point","coordinates":[20.45504,44.615207]},"properties":{"line":"405L","mode":"bus","color":"#0059a9","colorDark":"#00294f","band":2,"off":[1.7,1.1]}},{"type":"Feature","geometry":{"type":"Point","coordinates":[20.490872,44.704443]},"properties":{"name":"Institut Jaroslav Černi","band":2,"modes":"bus","arr":["406"],"off":[0,-0.8]}},{"type":"Feature","geometry":{"type":"Point","coordinates":[20.490872,44.704443]},"properties":{"line":"406","mode":"bus","color":"#0059a9","colorDark":"#00294f","band":2,"off":[0,1.1]}},{"type":"Feature","geometry":{"type":"Point","coordinates":[20.519764,44.711887]},"properties":{"name":"Beli potok (Igralište)","band":2,"modes":"bus","arr":["406L"],"off":[0,-0.8]}},{"type":"Feature","geometry":{"type":"Point","coordinates":[20.519764,44.711887]},"properties":{"line":"406L","mode":"bus","color":"#0059a9","colorDark":"#00294f","band":2,"off":[0,1.1]}},{"type":"Feature","geometry":{"type":"Point","coordinates":[20.428827,44.642392]},"properties":{"name":"Trebež (okretnica)","band":2,"modes":"bus","arr":["407L"],"off":[0,-0.8]}},{"type":"Feature","geometry":{"type":"Point","coordinates":[20.428827,44.642392]},"properties":{"line":"407L","mode":"bus","color":"#0059a9","colorDark":"#00294f","band":2,"off":[0,1.1]}},{"type":"Feature","geometry":{"type":"Point","coordinates":[20.581059,44.560483]},"properties":{"name":"Ralja /Drumine/","band":2,"modes":"bus","arr":["408"],"off":[0,-0.8]}},{"type":"Feature","geometry":{"type":"Point","coordinates":[20.581059,44.560483]},"properties":{"line":"408","mode":"bus","color":"#0059a9","colorDark":"#00294f","band":2,"off":[0,1.1]}},{"type":"Feature","geometry":{"type":"Point","coordinates":[20.413313,44.805723]},"properties":{"name":"BAS","band":2,"modes":"bus","arr":["493N"],"off":[0,-0.8]}},{"type":"Feature","geometry":{"type":"Point","coordinates":[20.413313,44.805723]},"properties":{"line":"493N","mode":"bus","color":"#0059a9","colorDark":"#00294f","band":2,"off":[0,1.1]}},{"type":"Feature","geometry":{"type":"Point","coordinates":[20.69215,44.439837]},"properties":{"name":"Mladenovac AS","band":2,"modes":"bus","arr":["493N"],"off":[0,-0.8]}},{"type":"Feature","geometry":{"type":"Point","coordinates":[20.69215,44.439837]},"properties":{"line":"493N","mode":"bus","color":"#0059a9","colorDark":"#00294f","band":2,"off":[0,1.1]}},{"type":"Feature","geometry":{"type":"Point","coordinates":[20.428177,44.715085]},"properties":{"name":"Staro Kijevo","band":2,"modes":"bus","arr":["501"],"off":[0,-0.8]}},{"type":"Feature","geometry":{"type":"Point","coordinates":[20.428177,44.715085]},"properties":{"line":"501","mode":"bus","color":"#0059a9","colorDark":"#00294f","band":2,"off":[0,1.1]}},{"type":"Feature","geometry":{"type":"Point","coordinates":[20.412509,44.709505]},"properties":{"name":"Orlovača groblje","band":2,"modes":"bus","arr":["502","533"],"off":[0,-0.8]}},{"type":"Feature","geometry":{"type":"Point","coordinates":[20.412509,44.709505]},"properties":{"line":"502","mode":"bus","color":"#0059a9","colorDark":"#00294f","band":2,"off":[-1.7,1.1]}},{"type":"Feature","geometry":{"type":"Point","coordinates":[20.412509,44.709505]},"properties":{"line":"533","mode":"bus","color":"#0059a9","colorDark":"#00294f","band":2,"off":[1.7,1.1]}},{"type":"Feature","geometry":{"type":"Point","coordinates":[20.46916,44.728251]},"properties":{"name":"Miljakovačke livade","band":2,"modes":"bus","arr":["505"],"off":[0,-0.8]}},{"type":"Feature","geometry":{"type":"Point","coordinates":[20.46916,44.728251]},"properties":{"line":"505","mode":"bus","color":"#0059a9","colorDark":"#00294f","band":2,"off":[0,1.1]}},{"type":"Feature","geometry":{"type":"Point","coordinates":[20.461006,44.69693]},"properties":{"name":"Resnik (Patin majdan)","band":2,"modes":"bus","arr":["506"],"off":[0,-0.8]}},{"type":"Feature","geometry":{"type":"Point","coordinates":[20.461006,44.69693]},"properties":{"line":"506","mode":"bus","color":"#0059a9","colorDark":"#00294f","band":2,"off":[0,1.1]}},{"type":"Feature","geometry":{"type":"Point","coordinates":[20.441432,44.690078]},"properties":{"name":"Oslobođenja 2","band":2,"modes":"bus","arr":["532","532a"],"off":[0,-0.8]}},{"type":"Feature","geometry":{"type":"Point","coordinates":[20.441432,44.690078]},"properties":{"line":"532","mode":"bus","color":"#0059a9","colorDark":"#00294f","band":2,"off":[-1.7,1.1]}},{"type":"Feature","geometry":{"type":"Point","coordinates":[20.441432,44.690078]},"properties":{"line":"532a","mode":"bus","color":"#0059a9","colorDark":"#00294f","band":2,"off":[1.7,1.1]}},{"type":"Feature","geometry":{"type":"Point","coordinates":[20.4464,44.675378]},"properties":{"name":"Rušanj (Drobnjački kraj)","band":2,"modes":"bus","arr":["507"],"off":[0,-0.8]}},{"type":"Feature","geometry":{"type":"Point","coordinates":[20.4464,44.675378]},"properties":{"line":"507","mode":"bus","color":"#0059a9","colorDark":"#00294f","band":2,"off":[0,1.1]}},{"type":"Feature","geometry":{"type":"Point","coordinates":[20.403913,44.650511]},"properties":{"name":"Sremčica","band":2,"modes":"bus","arr":["511","511N","511Na","551"],"off":[0,-0.8]}},{"type":"Feature","geometry":{"type":"Point","coordinates":[20.403913,44.650511]},"properties":{"line":"511","mode":"bus","color":"#0059a9","colorDark":"#00294f","band":2,"off":[-5.1,1.1]}},{"type":"Feature","geometry":{"type":"Point","coordinates":[20.403913,44.650511]},"properties":{"line":"511N","mode":"bus","color":"#0059a9","colorDark":"#00294f","band":2,"off":[-1.7,1.1]}},{"type":"Feature","geometry":{"type":"Point","coordinates":[20.403913,44.650511]},"properties":{"line":"511Na","mode":"bus","color":"#0059a9","colorDark":"#00294f","band":2,"off":[1.7,1.1]}},{"type":"Feature","geometry":{"type":"Point","coordinates":[20.403913,44.650511]},"properties":{"line":"551","mode":"bus","color":"#0059a9","colorDark":"#00294f","band":2,"off":[5.1,1.1]}},{"type":"Feature","geometry":{"type":"Point","coordinates":[20.384755,44.689187]},"properties":{"name":"Sremčica /Naselje Gorica/","band":2,"modes":"bus","arr":["512","513"],"off":[0,-0.8]}},{"type":"Feature","geometry":{"type":"Point","coordinates":[20.384755,44.689187]},"properties":{"line":"512","mode":"bus","color":"#0059a9","colorDark":"#00294f","band":2,"off":[-1.7,1.1]}},{"type":"Feature","geometry":{"type":"Point","coordinates":[20.384755,44.689187]},"properties":{"line":"513","mode":"bus","color":"#0059a9","colorDark":"#00294f","band":2,"off":[1.7,1.1]}},{"type":"Feature","geometry":{"type":"Point","coordinates":[20.360697,44.674069]},"properties":{"name":"Velika Moštanica (Živojina Tabakovića)","band":2,"modes":"bus","arr":["513"],"off":[0,-0.8]}},{"type":"Feature","geometry":{"type":"Point","coordinates":[20.360697,44.674069]},"properties":{"line":"513","mode":"bus","color":"#0059a9","colorDark":"#00294f","band":2,"off":[0,1.1]}},{"type":"Feature","geometry":{"type":"Point","coordinates":[20.378748,44.713028]},"properties":{"name":"Železnik /Tariš/","band":2,"modes":"bus","arr":["521","521a"],"off":[0,-0.8]}},{"type":"Feature","geometry":{"type":"Point","coordinates":[20.378748,44.713028]},"properties":{"line":"521","mode":"bus","color":"#0059a9","colorDark":"#00294f","band":2,"off":[-1.7,1.1]}},{"type":"Feature","geometry":{"type":"Point","coordinates":[20.378748,44.713028]},"properties":{"line":"521a","mode":"bus","color":"#0059a9","colorDark":"#00294f","band":2,"off":[1.7,1.1]}},{"type":"Feature","geometry":{"type":"Point","coordinates":[20.521966,44.64789]},"properties":{"name":"Ripanj /groblje/","band":2,"modes":"bus","arr":["534"],"off":[0,-0.8]}},{"type":"Feature","geometry":{"type":"Point","coordinates":[20.521966,44.64789]},"properties":{"line":"534","mode":"bus","color":"#0059a9","colorDark":"#00294f","band":2,"off":[0,1.1]}},{"type":"Feature","geometry":{"type":"Point","coordinates":[20.315068,44.655913]},"properties":{"name":"Rucka /Okretnica/","band":2,"modes":"bus","arr":["553"],"off":[0,-0.8]}},{"type":"Feature","geometry":{"type":"Point","coordinates":[20.315068,44.655913]},"properties":{"line":"553","mode":"bus","color":"#0059a9","colorDark":"#00294f","band":2,"off":[0,1.1]}},{"type":"Feature","geometry":{"type":"Point","coordinates":[20.264269,44.379068]},"properties":{"name":"Lazarevac AS","band":2,"modes":"bus","arr":["581N"],"off":[0,-0.8]}},{"type":"Feature","geometry":{"type":"Point","coordinates":[20.264269,44.379068]},"properties":{"line":"581N","mode":"bus","color":"#0059a9","colorDark":"#00294f","band":2,"off":[0,1.1]}},{"type":"Feature","geometry":{"type":"Point","coordinates":[20.26962,44.790873]},"properties":{"name":"Surčin /centar/","band":2,"modes":"bus","arr":["601N","601Na"],"off":[0,-0.8]}},{"type":"Feature","geometry":{"type":"Point","coordinates":[20.26962,44.790873]},"properties":{"line":"601N","mode":"bus","color":"#0059a9","colorDark":"#00294f","band":2,"off":[-1.7,1.1]}},{"type":"Feature","geometry":{"type":"Point","coordinates":[20.26962,44.790873]},"properties":{"line":"601Na","mode":"bus","color":"#0059a9","colorDark":"#00294f","band":2,"off":[1.7,1.1]}},{"type":"Feature","geometry":{"type":"Point","coordinates":[20.249578,44.780884]},"properties":{"name":"Surčin","band":2,"modes":"bus","arr":["601","606"],"off":[0,-0.8]}},{"type":"Feature","geometry":{"type":"Point","coordinates":[20.249578,44.780884]},"properties":{"line":"601","mode":"bus","color":"#0059a9","colorDark":"#00294f","band":2,"off":[-1.7,1.1]}},{"type":"Feature","geometry":{"type":"Point","coordinates":[20.249578,44.780884]},"properties":{"line":"606","mode":"bus","color":"#0059a9","colorDark":"#00294f","band":2,"off":[1.7,1.1]}},{"type":"Feature","geometry":{"type":"Point","coordinates":[20.270579,44.745327]},"properties":{"name":"Jakovo","band":2,"modes":"bus","arr":["610","610e","610ea"],"off":[0,-0.8]}},{"type":"Feature","geometry":{"type":"Point","coordinates":[20.270579,44.745327]},"properties":{"line":"610","mode":"bus","color":"#0059a9","colorDark":"#00294f","band":2,"off":[-3.4,1.1]}},{"type":"Feature","geometry":{"type":"Point","coordinates":[20.270579,44.745327]},"properties":{"line":"610e","mode":"bus","color":"#0059a9","colorDark":"#00294f","band":2,"off":[0,1.1]}},{"type":"Feature","geometry":{"type":"Point","coordinates":[20.270579,44.745327]},"properties":{"line":"610ea","mode":"bus","color":"#0059a9","colorDark":"#00294f","band":2,"off":[3.4,1.1]}},{"type":"Feature","geometry":{"type":"Point","coordinates":[20.231756,44.787999]},"properties":{"name":"SRC Surčin","band":2,"modes":"bus","arr":["602"],"off":[0,-0.8]}},{"type":"Feature","geometry":{"type":"Point","coordinates":[20.231756,44.787999]},"properties":{"line":"602","mode":"bus","color":"#0059a9","colorDark":"#00294f","band":2,"off":[0,1.1]}},{"type":"Feature","geometry":{"type":"Point","coordinates":[20.18001,44.878025]},"properties":{"name":"Ugrinovci","band":2,"modes":"bus","arr":["603","603N","603Na","703","711"],"off":[0,-0.8]}},{"type":"Feature","geometry":{"type":"Point","coordinates":[20.18001,44.878025]},"properties":{"line":"603","mode":"bus","color":"#0059a9","colorDark":"#00294f","band":2,"off":[-6.8,1.1]}},{"type":"Feature","geometry":{"type":"Point","coordinates":[20.18001,44.878025]},"properties":{"line":"603N","mode":"bus","color":"#0059a9","colorDark":"#00294f","band":2,"off":[-3.4,1.1]}},{"type":"Feature","geometry":{"type":"Point","coordinates":[20.18001,44.878025]},"properties":{"line":"603Na","mode":"bus","color":"#0059a9","colorDark":"#00294f","band":2,"off":[0,1.1]}},{"type":"Feature","geometry":{"type":"Point","coordinates":[20.18001,44.878025]},"properties":{"line":"703","mode":"bus","color":"#0059a9","colorDark":"#00294f","band":2,"off":[3.4,1.1]}},{"type":"Feature","geometry":{"type":"Point","coordinates":[20.18001,44.878025]},"properties":{"line":"711","mode":"bus","color":"#0059a9","colorDark":"#00294f","band":2,"off":[6.8,1.1]}},{"type":"Feature","geometry":{"type":"Point","coordinates":[20.100824,44.806024]},"properties":{"name":"Preka kaldrma","band":2,"modes":"bus","arr":["604"],"off":[0,-0.8]}},{"type":"Feature","geometry":{"type":"Point","coordinates":[20.100824,44.806024]},"properties":{"line":"604","mode":"bus","color":"#0059a9","colorDark":"#00294f","band":2,"off":[0,1.1]}},{"type":"Feature","geometry":{"type":"Point","coordinates":[20.149697,44.718214]},"properties":{"name":"Progar","band":2,"modes":"bus","arr":["605"],"off":[0,-0.8]}},{"type":"Feature","geometry":{"type":"Point","coordinates":[20.149697,44.718214]},"properties":{"line":"605","mode":"bus","color":"#0059a9","colorDark":"#00294f","band":2,"off":[0,1.1]}},{"type":"Feature","geometry":{"type":"Point","coordinates":[20.147378,44.855457]},"properties":{"name":"Grmovac /25.nova/","band":2,"modes":"bus","arr":["606"],"off":[0,-0.8]}},{"type":"Feature","geometry":{"type":"Point","coordinates":[20.147378,44.855457]},"properties":{"line":"606","mode":"bus","color":"#0059a9","colorDark":"#00294f","band":2,"off":[0,1.1]}},{"type":"Feature","geometry":{"type":"Point","coordinates":[20.235947,44.836478]},"properties":{"name":"Dobanovci /groblje/","band":2,"modes":"bus","arr":["611"],"off":[0,-0.8]}},{"type":"Feature","geometry":{"type":"Point","coordinates":[20.235947,44.836478]},"properties":{"line":"611","mode":"bus","color":"#0059a9","colorDark":"#00294f","band":2,"off":[0,1.1]}},{"type":"Feature","geometry":{"type":"Point","coordinates":[20.298983,44.830981]},"properties":{"name":"Radiofar","band":2,"modes":"bus","arr":["613"],"off":[0,-0.8]}},{"type":"Feature","geometry":{"type":"Point","coordinates":[20.298983,44.830981]},"properties":{"line":"613","mode":"bus","color":"#0059a9","colorDark":"#00294f","band":2,"off":[0,1.1]}},{"type":"Feature","geometry":{"type":"Point","coordinates":[20.27122,44.915497]},"properties":{"name":"Batajnica","band":2,"modes":"bus","arr":["706","706N"],"off":[0,-0.8]}},{"type":"Feature","geometry":{"type":"Point","coordinates":[20.27122,44.915497]},"properties":{"line":"706","mode":"bus","color":"#0059a9","colorDark":"#00294f","band":2,"off":[-1.7,1.1]}},{"type":"Feature","geometry":{"type":"Point","coordinates":[20.27122,44.915497]},"properties":{"line":"706N","mode":"bus","color":"#0059a9","colorDark":"#00294f","band":2,"off":[1.7,1.1]}},{"type":"Feature","geometry":{"type":"Point","coordinates":[20.213903,44.90121]},"properties":{"name":"Busije/terminus/","band":2,"modes":"bus","arr":["702"],"off":[0,-0.8]}},{"type":"Feature","geometry":{"type":"Point","coordinates":[20.213903,44.90121]},"properties":{"line":"702","mode":"bus","color":"#0059a9","colorDark":"#00294f","band":2,"off":[0,1.1]}},{"type":"Feature","geometry":{"type":"Point","coordinates":[20.319242,44.875612]},"properties":{"name":"Zemun polje","band":2,"modes":"bus","arr":["704","707","707N","708","709"],"off":[0,-0.8]}},{"type":"Feature","geometry":{"type":"Point","coordinates":[20.319242,44.875612]},"properties":{"line":"704","mode":"bus","color":"#0059a9","colorDark":"#00294f","band":2,"off":[-6.8,1.1]}},{"type":"Feature","geometry":{"type":"Point","coordinates":[20.319242,44.875612]},"properties":{"line":"707","mode":"bus","color":"#0059a9","colorDark":"#00294f","band":2,"off":[-3.4,1.1]}},{"type":"Feature","geometry":{"type":"Point","coordinates":[20.319242,44.875612]},"properties":{"line":"707N","mode":"bus","color":"#0059a9","colorDark":"#00294f","band":2,"off":[0,1.1]}},{"type":"Feature","geometry":{"type":"Point","coordinates":[20.319242,44.875612]},"properties":{"line":"708","mode":"bus","color":"#0059a9","colorDark":"#00294f","band":2,"off":[3.4,1.1]}},{"type":"Feature","geometry":{"type":"Point","coordinates":[20.319242,44.875612]},"properties":{"line":"709","mode":"bus","color":"#0059a9","colorDark":"#00294f","band":2,"off":[6.8,1.1]}},{"type":"Feature","geometry":{"type":"Point","coordinates":[20.342664,44.88587]},"properties":{"name":"13. maj","band":2,"modes":"bus","arr":["705"],"off":[0,-0.8]}},{"type":"Feature","geometry":{"type":"Point","coordinates":[20.342664,44.88587]},"properties":{"line":"705","mode":"bus","color":"#0059a9","colorDark":"#00294f","band":2,"off":[0,1.1]}},{"type":"Feature","geometry":{"type":"Point","coordinates":[20.244993,44.927249]},"properties":{"name":"Aerodrom Batajnica","band":2,"modes":"bus","arr":["706E"],"off":[0,-0.8]}},{"type":"Feature","geometry":{"type":"Point","coordinates":[20.244993,44.927249]},"properties":{"line":"706E","mode":"bus","color":"#0059a9","colorDark":"#00294f","band":2,"off":[0,1.1]}},{"type":"Feature","geometry":{"type":"Point","coordinates":[20.195794,44.655257]},"properties":{"name":"Obrenovac AS","band":2,"modes":"bus","arr":["860N"],"off":[0,-0.8]}},{"type":"Feature","geometry":{"type":"Point","coordinates":[20.195794,44.655257]},"properties":{"line":"860N","mode":"bus","color":"#0059a9","colorDark":"#00294f","band":2,"off":[0,1.1]}},{"type":"Feature","geometry":{"type":"Point","coordinates":[20.19826,44.656315]},"properties":{"name":"Obrenovac AS","band":2,"modes":"bus","arr":["860N"],"off":[0,-0.8]}},{"type":"Feature","geometry":{"type":"Point","coordinates":[20.19826,44.656315]},"properties":{"line":"860N","mode":"bus","color":"#0059a9","colorDark":"#00294f","band":2,"off":[0,1.1]}},{"type":"Feature","geometry":{"type":"Point","coordinates":[20.449452,44.819237]},"properties":{"name":"Pristanište Ka Bloku 45","band":2,"modes":"tram","arr":["2","2L"],"off":[0,-0.8]}},{"type":"Feature","geometry":{"type":"Point","coordinates":[20.449452,44.819237]},"properties":{"name":"Pristanište 1","band":2,"modes":"tram","arr":["2","2L"],"off":[0,-3]}},{"type":"Feature","geometry":{"type":"Point","coordinates":[20.449452,44.819237]},"properties":{"name":"Pristanište","band":2,"modes":"tram","arr":["2","2L"],"off":[0,-4.1]}},{"type":"Feature","geometry":{"type":"Point","coordinates":[20.449452,44.819237]},"properties":{"line":"2","mode":"tram","color":"#d6212b","colorDark":"#7c1116","band":2,"off":[-1.7,1.1]}},{"type":"Feature","geometry":{"type":"Point","coordinates":[20.449452,44.819237]},"properties":{"line":"2L","mode":"tram","color":"#d6212b","colorDark":"#7c1116","band":2,"off":[1.7,1.1]}},{"type":"Feature","geometry":{"type":"Point","coordinates":[20.438266,44.795276]},"properties":{"name":"Ruska","band":2,"modes":"tram","arr":["2L"],"off":[0,-0.8]}},{"type":"Feature","geometry":{"type":"Point","coordinates":[20.438266,44.795276]},"properties":{"line":"2L","mode":"tram","color":"#d6212b","colorDark":"#7c1116","band":2,"off":[0,1.1]}},{"type":"Feature","geometry":{"type":"Point","coordinates":[20.455266,44.825898]},"properties":{"name":"Tadeuša Košćuška","band":2,"modes":"tram","arr":["5","10","11"],"off":[0,-0.8]}},{"type":"Feature","geometry":{"type":"Point","coordinates":[20.455266,44.825898]},"properties":{"line":"5","mode":"tram","color":"#d6212b","colorDark":"#7c1116","band":2,"off":[-3.4,1.1]}},{"type":"Feature","geometry":{"type":"Point","coordinates":[20.455266,44.825898]},"properties":{"line":"10","mode":"tram","color":"#d6212b","colorDark":"#7c1116","band":2,"off":[0,1.1]}},{"type":"Feature","geometry":{"type":"Point","coordinates":[20.455266,44.825898]},"properties":{"line":"11","mode":"tram","color":"#d6212b","colorDark":"#7c1116","band":2,"off":[3.4,1.1]}},{"type":"Feature","geometry":{"type":"Point","coordinates":[20.453246,44.827132]},"properties":{"name":"Kalemegdan (Donji grad)","band":2,"modes":"tram","arr":["5","10","11"],"off":[0,-0.8]}},{"type":"Feature","geometry":{"type":"Point","coordinates":[20.453246,44.827132]},"properties":{"line":"5","mode":"tram","color":"#d6212b","colorDark":"#7c1116","band":2,"off":[-3.4,1.1]}},{"type":"Feature","geometry":{"type":"Point","coordinates":[20.453246,44.827132]},"properties":{"line":"10","mode":"tram","color":"#d6212b","colorDark":"#7c1116","band":2,"off":[0,1.1]}},{"type":"Feature","geometry":{"type":"Point","coordinates":[20.453246,44.827132]},"properties":{"line":"11","mode":"tram","color":"#d6212b","colorDark":"#7c1116","band":2,"off":[3.4,1.1]}},{"type":"Feature","geometry":{"type":"Point","coordinates":[20.468041,44.809552]},"properties":{"name":"Tašmajdan /park/","band":2,"modes":"tram","arr":["6"],"off":[0,-0.8]}},{"type":"Feature","geometry":{"type":"Point","coordinates":[20.468041,44.809552]},"properties":{"line":"6","mode":"tram","color":"#d6212b","colorDark":"#7c1116","band":2,"off":[0,1.1]}},{"type":"Feature","geometry":{"type":"Point","coordinates":[20.37402,44.793921]},"properties":{"name":"Blok 45","band":2,"modes":"tram","arr":["7L","9L","11","13"],"off":[0,-0.8]}},{"type":"Feature","geometry":{"type":"Point","coordinates":[20.37402,44.793921]},"properties":{"line":"7L","mode":"tram","color":"#d6212b","colorDark":"#7c1116","band":2,"off":[-5.1,1.1]}},{"type":"Feature","geometry":{"type":"Point","coordinates":[20.37402,44.793921]},"properties":{"line":"9L","mode":"tram","color":"#d6212b","colorDark":"#7c1116","band":2,"off":[-1.7,1.1]}},{"type":"Feature","geometry":{"type":"Point","coordinates":[20.37402,44.793921]},"properties":{"line":"11","mode":"tram","color":"#d6212b","colorDark":"#7c1116","band":2,"off":[1.7,1.1]}},{"type":"Feature","geometry":{"type":"Point","coordinates":[20.37402,44.793921]},"properties":{"line":"13","mode":"tram","color":"#d6212b","colorDark":"#7c1116","band":2,"off":[5.1,1.1]}},{"type":"Feature","geometry":{"type":"Point","coordinates":[20.478033,44.757229]},"properties":{"name":"Banjica","band":2,"modes":"tram","arr":["9L","10","14"],"off":[0,-0.8]}},{"type":"Feature","geometry":{"type":"Point","coordinates":[20.478033,44.757229]},"properties":{"line":"9L","mode":"tram","color":"#d6212b","colorDark":"#7c1116","band":2,"off":[-3.4,1.1]}},{"type":"Feature","geometry":{"type":"Point","coordinates":[20.478033,44.757229]},"properties":{"line":"10","mode":"tram","color":"#d6212b","colorDark":"#7c1116","band":2,"off":[0,1.1]}},{"type":"Feature","geometry":{"type":"Point","coordinates":[20.478033,44.757229]},"properties":{"line":"14","mode":"tram","color":"#d6212b","colorDark":"#7c1116","band":2,"off":[3.4,1.1]}},{"type":"Feature","geometry":{"type":"Point","coordinates":[20.456189,44.829837]},"properties":{"name":"Dorćol /SRC Milan Gale Muškatirović/","band":3,"modes":"bus","arr":["2A","24","79","EKO2"],"off":[0,-0.8]}},{"type":"Feature","geometry":{"type":"Point","coordinates":[20.456189,44.829837]},"properties":{"line":"2A","mode":"bus","color":"#0059a9","colorDark":"#00294f","band":3,"off":[-5.1,1.1]}},{"type":"Feature","geometry":{"type":"Point","coordinates":[20.456189,44.829837]},"properties":{"line":"24","mode":"bus","color":"#0059a9","colorDark":"#00294f","band":3,"off":[-1.7,1.1]}},{"type":"Feature","geometry":{"type":"Point","coordinates":[20.456189,44.829837]},"properties":{"line":"79","mode":"bus","color":"#0059a9","colorDark":"#00294f","band":3,"off":[1.7,1.1]}},{"type":"Feature","geometry":{"type":"Point","coordinates":[20.456189,44.829837]},"properties":{"line":"EKO2","mode":"bus","color":"#0059a9","colorDark":"#00294f","band":3,"off":[5.1,1.1]}},{"type":"Feature","geometry":{"type":"Point","coordinates":[20.444641,44.801044]},"properties":{"name":"TC Galerija","band":3,"modes":"bus","arr":["3A","46","51","91","91a","92","511","551","553","601","EKO2"],"off":[0,-0.8]}},{"type":"Feature","geometry":{"type":"Point","coordinates":[20.444641,44.801044]},"properties":{"name":"Beograd na vodi","band":3,"modes":"bus","arr":["3A","46","51","91","91a","92","511","551","553","601","EKO2"],"off":[0,-1.9]}},{"type":"Feature","geometry":{"type":"Point","coordinates":[20.444641,44.801044]},"properties":{"line":"3A","mode":"bus","color":"#0059a9","colorDark":"#00294f","band":3,"off":[-6.8,1.1]}},{"type":"Feature","geometry":{"type":"Point","coordinates":[20.444641,44.801044]},"properties":{"line":"46","mode":"bus","color":"#0059a9","colorDark":"#00294f","band":3,"off":[-3.4,1.1]}},{"type":"Feature","geometry":{"type":"Point","coordinates":[20.444641,44.801044]},"properties":{"line":"51","mode":"bus","color":"#0059a9","colorDark":"#00294f","band":3,"off":[0,1.1]}},{"type":"Feature","geometry":{"type":"Point","coordinates":[20.444641,44.801044]},"properties":{"line":"91","mode":"bus","color":"#0059a9","colorDark":"#00294f","band":3,"off":[3.4,1.1]}},{"type":"Feature","geometry":{"type":"Point","coordinates":[20.444641,44.801044]},"properties":{"line":"91a","mode":"bus","color":"#0059a9","colorDark":"#00294f","band":3,"off":[6.8,1.1]}},{"type":"Feature","geometry":{"type":"Point","coordinates":[20.444641,44.801044]},"properties":{"line":"92","mode":"bus","color":"#0059a9","colorDark":"#00294f","band":3,"off":[-6.8,3.1]}},{"type":"Feature","geometry":{"type":"Point","coordinates":[20.444641,44.801044]},"properties":{"line":"511","mode":"bus","color":"#0059a9","colorDark":"#00294f","band":3,"off":[-3.4,3.1]}},{"type":"Feature","geometry":{"type":"Point","coordinates":[20.444641,44.801044]},"properties":{"line":"551","mode":"bus","color":"#0059a9","colorDark":"#00294f","band":3,"off":[0,3.1]}},{"type":"Feature","geometry":{"type":"Point","coordinates":[20.444641,44.801044]},"properties":{"line":"553","mode":"bus","color":"#0059a9","colorDark":"#00294f","band":3,"off":[3.4,3.1]}},{"type":"Feature","geometry":{"type":"Point","coordinates":[20.444641,44.801044]},"properties":{"line":"601","mode":"bus","color":"#0059a9","colorDark":"#00294f","band":3,"off":[6.8,3.1]}},{"type":"Feature","geometry":{"type":"Point","coordinates":[20.444641,44.801044]},"properties":{"line":"EKO2","mode":"bus","color":"#0059a9","colorDark":"#00294f","band":3,"off":[0,5.1]}},{"type":"Feature","geometry":{"type":"Point","coordinates":[20.432407,44.734385]},"properties":{"name":"Kneževac","band":3,"modes":"bus","arr":["3A","37","37N","507"],"off":[0,-0.8]}},{"type":"Feature","geometry":{"type":"Point","coordinates":[20.432407,44.734385]},"properties":{"line":"3A","mode":"bus","color":"#0059a9","colorDark":"#00294f","band":3,"off":[-5.1,1.1]}},{"type":"Feature","geometry":{"type":"Point","coordinates":[20.432407,44.734385]},"properties":{"line":"37","mode":"bus","color":"#0059a9","colorDark":"#00294f","band":3,"off":[-1.7,1.1]}},{"type":"Feature","geometry":{"type":"Point","coordinates":[20.432407,44.734385]},"properties":{"line":"37N","mode":"bus","color":"#0059a9","colorDark":"#00294f","band":3,"off":[1.7,1.1]}},{"type":"Feature","geometry":{"type":"Point","coordinates":[20.432407,44.734385]},"properties":{"line":"507","mode":"bus","color":"#0059a9","colorDark":"#00294f","band":3,"off":[5.1,1.1]}},{"type":"Feature","geometry":{"type":"Point","coordinates":[20.37511,44.792933]},"properties":{"name":"Blok 45","band":3,"modes":"bus","arr":["9A","73","94","95","95N","604","605","E6"],"off":[0,-0.8]}},{"type":"Feature","geometry":{"type":"Point","coordinates":[20.37511,44.792933]},"properties":{"line":"9A","mode":"bus","color":"#0059a9","colorDark":"#00294f","band":3,"off":[-6.8,1.1]}},{"type":"Feature","geometry":{"type":"Point","coordinates":[20.37511,44.792933]},"properties":{"line":"73","mode":"bus","color":"#0059a9","colorDark":"#00294f","band":3,"off":[-3.4,1.1]}},{"type":"Feature","geometry":{"type":"Point","coordinates":[20.37511,44.792933]},"properties":{"line":"94","mode":"bus","color":"#0059a9","colorDark":"#00294f","band":3,"off":[0,1.1]}},{"type":"Feature","geometry":{"type":"Point","coordinates":[20.37511,44.792933]},"properties":{"line":"95","mode":"bus","color":"#0059a9","colorDark":"#00294f","band":3,"off":[3.4,1.1]}},{"type":"Feature","geometry":{"type":"Point","coordinates":[20.37511,44.792933]},"properties":{"line":"95N","mode":"bus","color":"#0059a9","colorDark":"#00294f","band":3,"off":[6.8,1.1]}},{"type":"Feature","geometry":{"type":"Point","coordinates":[20.37511,44.792933]},"properties":{"line":"604","mode":"bus","color":"#0059a9","colorDark":"#00294f","band":3,"off":[-3.4,3.1]}},{"type":"Feature","geometry":{"type":"Point","coordinates":[20.37511,44.792933]},"properties":{"line":"605","mode":"bus","color":"#0059a9","colorDark":"#00294f","band":3,"off":[0,3.1]}},{"type":"Feature","geometry":{"type":"Point","coordinates":[20.37511,44.792933]},"properties":{"line":"E6","mode":"bus","color":"#0059a9","colorDark":"#00294f","band":3,"off":[3.4,3.1]}},{"type":"Feature","geometry":{"type":"Point","coordinates":[20.465275,44.802854]},"properties":{"name":"Trg Slavija /Nemanjina/","band":3,"modes":"bus","arr":["19","21A","22","581N","601N","860N","A1"],"off":[0,-0.8]}},{"type":"Feature","geometry":{"type":"Point","coordinates":[20.465275,44.802854]},"properties":{"name":"Trg Slavija","band":3,"modes":"bus","arr":["19","21A","22","581N","601N","860N","A1"],"off":[0,-3]}},{"type":"Feature","geometry":{"type":"Point","coordinates":[20.465275,44.802854]},"properties":{"line":"19","mode":"bus","color":"#149a3f","colorDark":"#0a5121","band":3,"off":[-6.8,1.1]}},{"type":"Feature","geometry":{"type":"Point","coordinates":[20.465275,44.802854]},"properties":{"line":"21A","mode":"bus","color":"#0059a9","colorDark":"#00294f","band":3,"off":[-3.4,1.1]}},{"type":"Feature","geometry":{"type":"Point","coordinates":[20.465275,44.802854]},"properties":{"line":"22","mode":"bus","color":"#149a3f","colorDark":"#0a5121","band":3,"off":[0,1.1]}},{"type":"Feature","geometry":{"type":"Point","coordinates":[20.465275,44.802854]},"properties":{"line":"581N","mode":"bus","color":"#0059a9","colorDark":"#00294f","band":3,"off":[3.4,1.1]}},{"type":"Feature","geometry":{"type":"Point","coordinates":[20.465275,44.802854]},"properties":{"line":"601N","mode":"bus","color":"#0059a9","colorDark":"#00294f","band":3,"off":[6.8,1.1]}},{"type":"Feature","geometry":{"type":"Point","coordinates":[20.465275,44.802854]},"properties":{"line":"860N","mode":"bus","color":"#0059a9","colorDark":"#00294f","band":3,"off":[-1.7,3.1]}},{"type":"Feature","geometry":{"type":"Point","coordinates":[20.465275,44.802854]},"properties":{"line":"A1","mode":"bus","color":"#0059a9","colorDark":"#00294f","band":3,"off":[1.7,3.1]}},{"type":"Feature","geometry":{"type":"Point","coordinates":[20.368757,44.841812]},"properties":{"name":"Zemun /Novi grad/","band":3,"modes":"bus","arr":["15","45","78","709"],"off":[0,-0.8]}},{"type":"Feature","geometry":{"type":"Point","coordinates":[20.368757,44.841812]},"properties":{"line":"15","mode":"bus","color":"#0059a9","colorDark":"#00294f","band":3,"off":[-5.1,1.1]}},{"type":"Feature","geometry":{"type":"Point","coordinates":[20.368757,44.841812]},"properties":{"line":"45","mode":"bus","color":"#0059a9","colorDark":"#00294f","band":3,"off":[-1.7,1.1]}},{"type":"Feature","geometry":{"type":"Point","coordinates":[20.368757,44.841812]},"properties":{"line":"78","mode":"bus","color":"#0059a9","colorDark":"#00294f","band":3,"off":[1.7,1.1]}},{"type":"Feature","geometry":{"type":"Point","coordinates":[20.368757,44.841812]},"properties":{"line":"709","mode":"bus","color":"#0059a9","colorDark":"#00294f","band":3,"off":[5.1,1.1]}},{"type":"Feature","geometry":{"type":"Point","coordinates":[20.462079,44.816694]},"properties":{"name":"Trg Republike","band":3,"modes":"bus","arr":["15N","27","27N","32E","32N","37N","43","47N","51N","56N","72N","101Nb","202N","304Nb","E2"],"off":[0,-0.8]}},{"type":"Feature","geometry":{"type":"Point","coordinates":[20.462079,44.816694]},"properties":{"line":"15N","mode":"bus","color":"#0059a9","colorDark":"#00294f","band":3,"off":[-6.8,1.1]}},{"type":"Feature","geometry":{"type":"Point","coordinates":[20.462079,44.816694]},"properties":{"line":"27","mode":"bus","color":"#0059a9","colorDark":"#00294f","band":3,"off":[-3.4,1.1]}},{"type":"Feature","geometry":{"type":"Point","coordinates":[20.462079,44.816694]},"properties":{"line":"27N","mode":"bus","color":"#0059a9","colorDark":"#00294f","band":3,"off":[0,1.1]}},{"type":"Feature","geometry":{"type":"Point","coordinates":[20.462079,44.816694]},"properties":{"line":"32E","mode":"bus","color":"#0059a9","colorDark":"#00294f","band":3,"off":[3.4,1.1]}},{"type":"Feature","geometry":{"type":"Point","coordinates":[20.462079,44.816694]},"properties":{"line":"32N","mode":"bus","color":"#0059a9","colorDark":"#00294f","band":3,"off":[6.8,1.1]}},{"type":"Feature","geometry":{"type":"Point","coordinates":[20.462079,44.816694]},"properties":{"line":"37N","mode":"bus","color":"#0059a9","colorDark":"#00294f","band":3,"off":[-6.8,3.1]}},{"type":"Feature","geometry":{"type":"Point","coordinates":[20.462079,44.816694]},"properties":{"line":"43","mode":"bus","color":"#0059a9","colorDark":"#00294f","band":3,"off":[-3.4,3.1]}},{"type":"Feature","geometry":{"type":"Point","coordinates":[20.462079,44.816694]},"properties":{"line":"47N","mode":"bus","color":"#0059a9","colorDark":"#00294f","band":3,"off":[0,3.1]}},{"type":"Feature","geometry":{"type":"Point","coordinates":[20.462079,44.816694]},"properties":{"line":"51N","mode":"bus","color":"#0059a9","colorDark":"#00294f","band":3,"off":[3.4,3.1]}},{"type":"Feature","geometry":{"type":"Point","coordinates":[20.462079,44.816694]},"properties":{"line":"56N","mode":"bus","color":"#0059a9","colorDark":"#00294f","band":3,"off":[6.8,3.1]}},{"type":"Feature","geometry":{"type":"Point","coordinates":[20.462079,44.816694]},"properties":{"line":"72N","mode":"bus","color":"#0059a9","colorDark":"#00294f","band":3,"off":[-6.8,5.1]}},{"type":"Feature","geometry":{"type":"Point","coordinates":[20.462079,44.816694]},"properties":{"line":"101Nb","mode":"bus","color":"#0059a9","colorDark":"#00294f","band":3,"off":[-3.4,5.1]}},{"type":"Feature","geometry":{"type":"Point","coordinates":[20.462079,44.816694]},"properties":{"line":"202N","mode":"bus","color":"#0059a9","colorDark":"#00294f","band":3,"off":[0,5.1]}},{"type":"Feature","geometry":{"type":"Point","coordinates":[20.462079,44.816694]},"properties":{"line":"304Nb","mode":"bus","color":"#0059a9","colorDark":"#00294f","band":3,"off":[3.4,5.1]}},{"type":"Feature","geometry":{"type":"Point","coordinates":[20.462079,44.816694]},"properties":{"line":"E2","mode":"bus","color":"#0059a9","colorDark":"#00294f","band":3,"off":[6.8,5.1]}},{"type":"Feature","geometry":{"type":"Point","coordinates":[20.334068,44.857457]},"properties":{"name":"Železnička stanica Zemun polje","band":3,"modes":"bus","arr":["15N"],"off":[0,-0.8]}},{"type":"Feature","geometry":{"type":"Point","coordinates":[20.334068,44.857457]},"properties":{"line":"15N","mode":"bus","color":"#0059a9","colorDark":"#00294f","band":3,"off":[0,1.1]}},{"type":"Feature","geometry":{"type":"Point","coordinates":[20.521972,44.807181]},"properties":{"name":"Karaburma 2","band":3,"modes":"bus","arr":["16","23","25"],"off":[0,-0.8]}},{"type":"Feature","geometry":{"type":"Point","coordinates":[20.521972,44.807181]},"properties":{"line":"16","mode":"bus","color":"#0059a9","colorDark":"#00294f","band":3,"off":[-3.4,1.1]}},{"type":"Feature","geometry":{"type":"Point","coordinates":[20.521972,44.807181]},"properties":{"line":"23","mode":"bus","color":"#0059a9","colorDark":"#00294f","band":3,"off":[0,1.1]}},{"type":"Feature","geometry":{"type":"Point","coordinates":[20.521972,44.807181]},"properties":{"line":"25","mode":"bus","color":"#0059a9","colorDark":"#00294f","band":3,"off":[3.4,1.1]}},{"type":"Feature","geometry":{"type":"Point","coordinates":[20.404673,44.830343]},"properties":{"name":"Novi Beograd /Paviljoni/","band":3,"modes":"bus","arr":["16","81","81L","613","711"],"off":[0,-0.8]}},{"type":"Feature","geometry":{"type":"Point","coordinates":[20.404673,44.830343]},"properties":{"line":"16","mode":"bus","color":"#0059a9","colorDark":"#00294f","band":3,"off":[-6.8,1.1]}},{"type":"Feature","geometry":{"type":"Point","coordinates":[20.404673,44.830343]},"properties":{"line":"81","mode":"bus","color":"#0059a9","colorDark":"#00294f","band":3,"off":[-3.4,1.1]}},{"type":"Feature","geometry":{"type":"Point","coordinates":[20.404673,44.830343]},"properties":{"line":"81L","mode":"bus","color":"#0059a9","colorDark":"#00294f","band":3,"off":[0,1.1]}},{"type":"Feature","geometry":{"type":"Point","coordinates":[20.404673,44.830343]},"properties":{"line":"613","mode":"bus","color":"#0059a9","colorDark":"#00294f","band":3,"off":[3.4,1.1]}},{"type":"Feature","geometry":{"type":"Point","coordinates":[20.404673,44.830343]},"properties":{"line":"711","mode":"bus","color":"#0059a9","colorDark":"#00294f","band":3,"off":[6.8,1.1]}},{"type":"Feature","geometry":{"type":"Point","coordinates":[20.510519,44.782312]},"properties":{"name":"Konjarnik","band":3,"modes":"bus","arr":["17","19","31","31N"],"off":[0,-0.8]}},{"type":"Feature","geometry":{"type":"Point","coordinates":[20.510519,44.782312]},"properties":{"line":"17","mode":"bus","color":"#0059a9","colorDark":"#00294f","band":3,"off":[-5.1,1.1]}},{"type":"Feature","geometry":{"type":"Point","coordinates":[20.510519,44.782312]},"properties":{"line":"19","mode":"bus","color":"#149a3f","colorDark":"#0a5121","band":3,"off":[-1.7,1.1]}},{"type":"Feature","geometry":{"type":"Point","coordinates":[20.510519,44.782312]},"properties":{"line":"31","mode":"bus","color":"#0059a9","colorDark":"#00294f","band":3,"off":[1.7,1.1]}},{"type":"Feature","geometry":{"type":"Point","coordinates":[20.510519,44.782312]},"properties":{"line":"31N","mode":"bus","color":"#0059a9","colorDark":"#00294f","band":3,"off":[5.1,1.1]}},{"type":"Feature","geometry":{"type":"Point","coordinates":[20.41266,44.823478]},"properties":{"name":"GO Novi Beograd","band":3,"modes":"bus","arr":["601N","601Na"],"off":[0,-0.8]}},{"type":"Feature","geometry":{"type":"Point","coordinates":[20.41266,44.823478]},"properties":{"line":"601N","mode":"bus","color":"#0059a9","colorDark":"#00294f","band":3,"off":[-1.7,1.1]}},{"type":"Feature","geometry":{"type":"Point","coordinates":[20.41266,44.823478]},"properties":{"line":"601Na","mode":"bus","color":"#0059a9","colorDark":"#00294f","band":3,"off":[1.7,1.1]}},{"type":"Feature","geometry":{"type":"Point","coordinates":[20.378251,44.859239]},"properties":{"name":"Zemun /Gornji grad/","band":3,"modes":"bus","arr":["17"],"off":[0,-0.8]}},{"type":"Feature","geometry":{"type":"Point","coordinates":[20.378251,44.859239]},"properties":{"line":"17","mode":"bus","color":"#0059a9","colorDark":"#00294f","band":3,"off":[0,1.1]}},{"type":"Feature","geometry":{"type":"Point","coordinates":[20.50779,44.772151]},"properties":{"name":"Medaković 3","band":3,"modes":"bus","arr":["18","18N","20","26L","29","29N"],"off":[0,-0.8]}},{"type":"Feature","geometry":{"type":"Point","coordinates":[20.50779,44.772151]},"properties":{"line":"18","mode":"bus","color":"#0059a9","colorDark":"#00294f","band":3,"off":[-6.8,1.1]}},{"type":"Feature","geometry":{"type":"Point","coordinates":[20.50779,44.772151]},"properties":{"line":"18N","mode":"bus","color":"#0059a9","colorDark":"#00294f","band":3,"off":[-3.4,1.1]}},{"type":"Feature","geometry":{"type":"Point","coordinates":[20.50779,44.772151]},"properties":{"line":"20","mode":"bus","color":"#0059a9","colorDark":"#00294f","band":3,"off":[0,1.1]}},{"type":"Feature","geometry":{"type":"Point","coordinates":[20.50779,44.772151]},"properties":{"line":"26L","mode":"bus","color":"#0059a9","colorDark":"#00294f","band":3,"off":[3.4,1.1]}},{"type":"Feature","geometry":{"type":"Point","coordinates":[20.50779,44.772151]},"properties":{"line":"29","mode":"bus","color":"#149a3f","colorDark":"#0a5121","band":3,"off":[6.8,1.1]}},{"type":"Feature","geometry":{"type":"Point","coordinates":[20.50779,44.772151]},"properties":{"line":"29N","mode":"bus","color":"#0059a9","colorDark":"#00294f","band":3,"off":[0,3.1]}},{"type":"Feature","geometry":{"type":"Point","coordinates":[20.379334,44.848465]},"properties":{"name":"Zemun /Bačka/","band":3,"modes":"bus","arr":["18","18N","83","103","105L","112"],"off":[0,-0.8]}},{"type":"Feature","geometry":{"type":"Point","coordinates":[20.379334,44.848465]},"properties":{"line":"18","mode":"bus","color":"#0059a9","colorDark":"#00294f","band":3,"off":[-6.8,1.1]}},{"type":"Feature","geometry":{"type":"Point","coordinates":[20.379334,44.848465]},"properties":{"line":"18N","mode":"bus","color":"#0059a9","colorDark":"#00294f","band":3,"off":[-3.4,1.1]}},{"type":"Feature","geometry":{"type":"Point","coordinates":[20.379334,44.848465]},"properties":{"line":"83","mode":"bus","color":"#0059a9","colorDark":"#00294f","band":3,"off":[0,1.1]}},{"type":"Feature","geometry":{"type":"Point","coordinates":[20.379334,44.848465]},"properties":{"line":"103","mode":"bus","color":"#0059a9","colorDark":"#00294f","band":3,"off":[3.4,1.1]}},{"type":"Feature","geometry":{"type":"Point","coordinates":[20.379334,44.848465]},"properties":{"line":"105L","mode":"bus","color":"#0059a9","colorDark":"#00294f","band":3,"off":[6.8,1.1]}},{"type":"Feature","geometry":{"type":"Point","coordinates":[20.379334,44.848465]},"properties":{"line":"112","mode":"bus","color":"#0059a9","colorDark":"#00294f","band":3,"off":[0,3.1]}},{"type":"Feature","geometry":{"type":"Point","coordinates":[20.466175,44.801374]},"properties":{"name":"Trg Slavija /Bulevar oslobođenja/","band":3,"modes":"bus","arr":["30","39","47","47Na","59","401","401a","402"],"off":[0,-0.8]}},{"type":"Feature","geometry":{"type":"Point","coordinates":[20.466175,44.801374]},"properties":{"line":"30","mode":"bus","color":"#0059a9","colorDark":"#00294f","band":3,"off":[-6.8,1.1]}},{"type":"Feature","geometry":{"type":"Point","coordinates":[20.466175,44.801374]},"properties":{"line":"39","mode":"bus","color":"#0059a9","colorDark":"#00294f","band":3,"off":[-3.4,1.1]}},{"type":"Feature","geometry":{"type":"Point","coordinates":[20.466175,44.801374]},"properties":{"line":"47","mode":"bus","color":"#0059a9","colorDark":"#00294f","band":3,"off":[0,1.1]}},{"type":"Feature","geometry":{"type":"Point","coordinates":[20.466175,44.801374]},"properties":{"line":"47Na","mode":"bus","color":"#0059a9","colorDark":"#00294f","band":3,"off":[3.4,1.1]}},{"type":"Feature","geometry":{"type":"Point","coordinates":[20.466175,44.801374]},"properties":{"line":"59","mode":"bus","color":"#0059a9","colorDark":"#00294f","band":3,"off":[6.8,1.1]}},{"type":"Feature","geometry":{"type":"Point","coordinates":[20.466175,44.801374]},"properties":{"line":"401","mode":"bus","color":"#0059a9","colorDark":"#00294f","band":3,"off":[-3.4,3.1]}},{"type":"Feature","geometry":{"type":"Point","coordinates":[20.466175,44.801374]},"properties":{"line":"401a","mode":"bus","color":"#0059a9","colorDark":"#00294f","band":3,"off":[0,3.1]}},{"type":"Feature","geometry":{"type":"Point","coordinates":[20.466175,44.801374]},"properties":{"line":"402","mode":"bus","color":"#0059a9","colorDark":"#00294f","band":3,"off":[3.4,3.1]}},{"type":"Feature","geometry":{"type":"Point","coordinates":[20.461901,44.815763]},"properties":{"name":"Trg republike","band":3,"modes":"bus","arr":["301Na","304Nb"],"off":[0,-0.8]}},{"type":"Feature","geometry":{"type":"Point","coordinates":[20.461901,44.815763]},"properties":{"line":"301Na","mode":"bus","color":"#0059a9","colorDark":"#00294f","band":3,"off":[-1.7,1.1]}},{"type":"Feature","geometry":{"type":"Point","coordinates":[20.461901,44.815763]},"properties":{"line":"304Nb","mode":"bus","color":"#0059a9","colorDark":"#00294f","band":3,"off":[1.7,1.1]}},{"type":"Feature","geometry":{"type":"Point","coordinates":[20.407313,44.80701]},"properties":{"name":"Naselje Belvil","band":3,"modes":"bus","arr":["EKO1"],"off":[0,-0.8]}},{"type":"Feature","geometry":{"type":"Point","coordinates":[20.407313,44.80701]},"properties":{"line":"EKO1","mode":"bus","color":"#0059a9","colorDark":"#00294f","band":3,"off":[0,1.1]}},{"type":"Feature","geometry":{"type":"Point","coordinates":[20.405686,44.807665]},"properties":{"name":"Garaža Novi Beograd","band":3,"modes":"bus","arr":["EKO1"],"off":[0,-0.8]}},{"type":"Feature","geometry":{"type":"Point","coordinates":[20.405686,44.807665]},"properties":{"line":"EKO1","mode":"bus","color":"#0059a9","colorDark":"#00294f","band":3,"off":[0,1.1]}},{"type":"Feature","geometry":{"type":"Point","coordinates":[20.48571,44.797874]},"properties":{"name":"Crveni krst","band":3,"modes":"bus","arr":["83"],"off":[0,-0.8]}},{"type":"Feature","geometry":{"type":"Point","coordinates":[20.48571,44.797874]},"properties":{"line":"83","mode":"bus","color":"#0059a9","colorDark":"#00294f","band":3,"off":[0,1.1]}},{"type":"Feature","geometry":{"type":"Point","coordinates":[20.536988,44.793475]},"properties":{"name":"Mirijevo 3","band":3,"modes":"bus","arr":["20","27","27N","74"],"off":[0,-0.8]}},{"type":"Feature","geometry":{"type":"Point","coordinates":[20.536988,44.793475]},"properties":{"line":"20","mode":"bus","color":"#0059a9","colorDark":"#00294f","band":3,"off":[-5.1,1.1]}},{"type":"Feature","geometry":{"type":"Point","coordinates":[20.536988,44.793475]},"properties":{"line":"27","mode":"bus","color":"#0059a9","colorDark":"#00294f","band":3,"off":[-1.7,1.1]}},{"type":"Feature","geometry":{"type":"Point","coordinates":[20.536988,44.793475]},"properties":{"line":"27N","mode":"bus","color":"#0059a9","colorDark":"#00294f","band":3,"off":[1.7,1.1]}},{"type":"Feature","geometry":{"type":"Point","coordinates":[20.536988,44.793475]},"properties":{"line":"74","mode":"bus","color":"#0059a9","colorDark":"#00294f","band":3,"off":[5.1,1.1]}},{"type":"Feature","geometry":{"type":"Point","coordinates":[20.517495,44.784499]},"properties":{"name":"Ustanička","band":3,"modes":"tram,bus","arr":["5","6","7L","14","50","63","302","302a","302b","303","304","305","305a","306","306a","306b","306v","307","311"],"off":[0,-0.8]}},{"type":"Feature","geometry":{"type":"Point","coordinates":[20.517495,44.784499]},"properties":{"name":"Bulevar kralja Aleksandra","band":3,"modes":"tram,bus","arr":["5","6","7L","14","50","63","302","302a","302b","303","304","305","305a","306","306a","306b","306v","307","311"],"off":[0,-1.9]}},{"type":"Feature","geometry":{"type":"Point","coordinates":[20.517495,44.784499]},"properties":{"line":"5","mode":"tram","color":"#d6212b","colorDark":"#7c1116","band":3,"off":[-6.8,1.1]}},{"type":"Feature","geometry":{"type":"Point","coordinates":[20.517495,44.784499]},"properties":{"line":"6","mode":"tram","color":"#d6212b","colorDark":"#7c1116","band":3,"off":[-3.4,1.1]}},{"type":"Feature","geometry":{"type":"Point","coordinates":[20.517495,44.784499]},"properties":{"line":"7L","mode":"tram","color":"#d6212b","colorDark":"#7c1116","band":3,"off":[0,1.1]}},{"type":"Feature","geometry":{"type":"Point","coordinates":[20.517495,44.784499]},"properties":{"line":"14","mode":"tram","color":"#d6212b","colorDark":"#7c1116","band":3,"off":[3.4,1.1]}},{"type":"Feature","geometry":{"type":"Point","coordinates":[20.517495,44.784499]},"properties":{"line":"50","mode":"bus","color":"#0059a9","colorDark":"#00294f","band":3,"off":[6.8,1.1]}},{"type":"Feature","geometry":{"type":"Point","coordinates":[20.517495,44.784499]},"properties":{"line":"63","mode":"bus","color":"#0059a9","colorDark":"#00294f","band":3,"off":[-6.8,3.1]}},{"type":"Feature","geometry":{"type":"Point","coordinates":[20.517495,44.784499]},"properties":{"line":"302","mode":"bus","color":"#0059a9","colorDark":"#00294f","band":3,"off":[-3.4,3.1]}},{"type":"Feature","geometry":{"type":"Point","coordinates":[20.517495,44.784499]},"properties":{"line":"302a","mode":"bus","color":"#0059a9","colorDark":"#00294f","band":3,"off":[0,3.1]}},{"type":"Feature","geometry":{"type":"Point","coordinates":[20.517495,44.784499]},"properties":{"line":"302b","mode":"bus","color":"#0059a9","colorDark":"#00294f","band":3,"off":[3.4,3.1]}},{"type":"Feature","geometry":{"type":"Point","coordinates":[20.517495,44.784499]},"properties":{"line":"303","mode":"bus","color":"#0059a9","colorDark":"#00294f","band":3,"off":[6.8,3.1]}},{"type":"Feature","geometry":{"type":"Point","coordinates":[20.517495,44.784499]},"properties":{"line":"304","mode":"bus","color":"#0059a9","colorDark":"#00294f","band":3,"off":[-6.8,5.1]}},{"type":"Feature","geometry":{"type":"Point","coordinates":[20.517495,44.784499]},"properties":{"line":"305","mode":"bus","color":"#0059a9","colorDark":"#00294f","band":3,"off":[-3.4,5.1]}},{"type":"Feature","geometry":{"type":"Point","coordinates":[20.517495,44.784499]},"properties":{"line":"305a","mode":"bus","color":"#0059a9","colorDark":"#00294f","band":3,"off":[0,5.1]}},{"type":"Feature","geometry":{"type":"Point","coordinates":[20.517495,44.784499]},"properties":{"line":"306","mode":"bus","color":"#0059a9","colorDark":"#00294f","band":3,"off":[3.4,5.1]}},{"type":"Feature","geometry":{"type":"Point","coordinates":[20.517495,44.784499]},"properties":{"line":"306a","mode":"bus","color":"#0059a9","colorDark":"#00294f","band":3,"off":[6.8,5.1]}},{"type":"Feature","geometry":{"type":"Point","coordinates":[20.517495,44.784499]},"properties":{"line":"306b","mode":"bus","color":"#0059a9","colorDark":"#00294f","band":3,"off":[-5.1,7.1]}},{"type":"Feature","geometry":{"type":"Point","coordinates":[20.517495,44.784499]},"properties":{"line":"306v","mode":"bus","color":"#0059a9","colorDark":"#00294f","band":3,"off":[-1.7,7.1]}},{"type":"Feature","geometry":{"type":"Point","coordinates":[20.517495,44.784499]},"properties":{"line":"307","mode":"bus","color":"#0059a9","colorDark":"#00294f","band":3,"off":[1.7,7.1]}},{"type":"Feature","geometry":{"type":"Point","coordinates":[20.517495,44.784499]},"properties":{"line":"311","mode":"bus","color":"#0059a9","colorDark":"#00294f","band":3,"off":[5.1,7.1]}},{"type":"Feature","geometry":{"type":"Point","coordinates":[20.501487,44.782874]},"properties":{"name":"Šumice","band":3,"modes":"bus","arr":["38","64","308","310"],"off":[0,-0.8]}},{"type":"Feature","geometry":{"type":"Point","coordinates":[20.501487,44.782874]},"properties":{"line":"38","mode":"bus","color":"#0059a9","colorDark":"#00294f","band":3,"off":[-5.1,1.1]}},{"type":"Feature","geometry":{"type":"Point","coordinates":[20.501487,44.782874]},"properties":{"line":"64","mode":"bus","color":"#0059a9","colorDark":"#00294f","band":3,"off":[-1.7,1.1]}},{"type":"Feature","geometry":{"type":"Point","coordinates":[20.501487,44.782874]},"properties":{"line":"308","mode":"bus","color":"#0059a9","colorDark":"#00294f","band":3,"off":[1.7,1.1]}},{"type":"Feature","geometry":{"type":"Point","coordinates":[20.501487,44.782874]},"properties":{"line":"310","mode":"bus","color":"#0059a9","colorDark":"#00294f","band":3,"off":[5.1,1.1]}},{"type":"Feature","geometry":{"type":"Point","coordinates":[20.506973,44.786098]},"properties":{"name":"Učiteljsko naselje","band":3,"modes":"bus","arr":["21A"],"off":[0,-0.8]}},{"type":"Feature","geometry":{"type":"Point","coordinates":[20.506973,44.786098]},"properties":{"line":"21A","mode":"bus","color":"#0059a9","colorDark":"#00294f","band":3,"off":[0,1.1]}},{"type":"Feature","geometry":{"type":"Point","coordinates":[20.484868,44.790632]},"properties":{"name":"Kruševačka","band":3,"modes":"bus","arr":["22"],"off":[0,-0.8]}},{"type":"Feature","geometry":{"type":"Point","coordinates":[20.484868,44.790632]},"properties":{"line":"22","mode":"bus","color":"#149a3f","colorDark":"#0a5121","band":3,"off":[0,1.1]}},{"type":"Feature","geometry":{"type":"Point","coordinates":[20.420521,44.731941]},"properties":{"name":"Vidikovac","band":3,"modes":"bus","arr":["23","53","89","504","521","521a"],"off":[0,-0.8]}},{"type":"Feature","geometry":{"type":"Point","coordinates":[20.420521,44.731941]},"properties":{"line":"23","mode":"bus","color":"#0059a9","colorDark":"#00294f","band":3,"off":[-6.8,1.1]}},{"type":"Feature","geometry":{"type":"Point","coordinates":[20.420521,44.731941]},"properties":{"line":"53","mode":"bus","color":"#0059a9","colorDark":"#00294f","band":3,"off":[-3.4,1.1]}},{"type":"Feature","geometry":{"type":"Point","coordinates":[20.420521,44.731941]},"properties":{"line":"89","mode":"bus","color":"#0059a9","colorDark":"#00294f","band":3,"off":[0,1.1]}},{"type":"Feature","geometry":{"type":"Point","coordinates":[20.420521,44.731941]},"properties":{"line":"504","mode":"bus","color":"#0059a9","colorDark":"#00294f","band":3,"off":[3.4,1.1]}},{"type":"Feature","geometry":{"type":"Point","coordinates":[20.420521,44.731941]},"properties":{"line":"521","mode":"bus","color":"#0059a9","colorDark":"#00294f","band":3,"off":[6.8,1.1]}},{"type":"Feature","geometry":{"type":"Point","coordinates":[20.420521,44.731941]},"properties":{"line":"521a","mode":"bus","color":"#0059a9","colorDark":"#00294f","band":3,"off":[0,3.1]}},{"type":"Feature","geometry":{"type":"Point","coordinates":[20.473217,44.794058]},"properties":{"name":"Neimar","band":3,"modes":"bus","arr":["24"],"off":[0,-0.8]}},{"type":"Feature","geometry":{"type":"Point","coordinates":[20.473217,44.794058]},"properties":{"line":"24","mode":"bus","color":"#0059a9","colorDark":"#00294f","band":3,"off":[0,1.1]}},{"type":"Feature","geometry":{"type":"Point","coordinates":[20.497825,44.748583]},"properties":{"name":"Kumodraž 2","band":3,"modes":"bus","arr":["25"],"off":[0,-0.8]}},{"type":"Feature","geometry":{"type":"Point","coordinates":[20.497825,44.748583]},"properties":{"line":"25","mode":"bus","color":"#0059a9","colorDark":"#00294f","band":3,"off":[0,1.1]}},{"type":"Feature","geometry":{"type":"Point","coordinates":[20.5456,44.786252]},"properties":{"name":"Mirijevo 4","band":3,"modes":"bus","arr":["25P","27E","79","E6"],"off":[0,-0.8]}},{"type":"Feature","geometry":{"type":"Point","coordinates":[20.5456,44.786252]},"properties":{"line":"25P","mode":"bus","color":"#0059a9","colorDark":"#00294f","band":3,"off":[-5.1,1.1]}},{"type":"Feature","geometry":{"type":"Point","coordinates":[20.5456,44.786252]},"properties":{"line":"27E","mode":"bus","color":"#0059a9","colorDark":"#00294f","band":3,"off":[-1.7,1.1]}},{"type":"Feature","geometry":{"type":"Point","coordinates":[20.5456,44.786252]},"properties":{"line":"79","mode":"bus","color":"#0059a9","colorDark":"#00294f","band":3,"off":[1.7,1.1]}},{"type":"Feature","geometry":{"type":"Point","coordinates":[20.5456,44.786252]},"properties":{"line":"E6","mode":"bus","color":"#0059a9","colorDark":"#00294f","band":3,"off":[5.1,1.1]}},{"type":"Feature","geometry":{"type":"Point","coordinates":[20.515883,44.742257]},"properties":{"name":"Kumodraž 1","band":3,"modes":"bus","arr":["25P"],"off":[0,-0.8]}},{"type":"Feature","geometry":{"type":"Point","coordinates":[20.515883,44.742257]},"properties":{"name":"Kumodraž (Stepina kuća)","band":3,"modes":"bus","arr":["25P"],"off":[0,-1.9]}},{"type":"Feature","geometry":{"type":"Point","coordinates":[20.515883,44.742257]},"properties":{"line":"25P","mode":"bus","color":"#0059a9","colorDark":"#00294f","band":3,"off":[0,1.1]}},{"type":"Feature","geometry":{"type":"Point","coordinates":[20.461487,44.828165]},"properties":{"name":"Dorćol /Dunavska/","band":3,"modes":"bus","arr":["26","26N","401N"],"off":[0,-0.8]}},{"type":"Feature","geometry":{"type":"Point","coordinates":[20.461487,44.828165]},"properties":{"line":"26","mode":"bus","color":"#0059a9","colorDark":"#00294f","band":3,"off":[-3.4,1.1]}},{"type":"Feature","geometry":{"type":"Point","coordinates":[20.461487,44.828165]},"properties":{"line":"26N","mode":"bus","color":"#0059a9","colorDark":"#00294f","band":3,"off":[0,1.1]}},{"type":"Feature","geometry":{"type":"Point","coordinates":[20.461487,44.828165]},"properties":{"line":"401N","mode":"bus","color":"#0059a9","colorDark":"#00294f","band":3,"off":[3.4,1.1]}},{"type":"Feature","geometry":{"type":"Point","coordinates":[20.499956,44.765258]},"properties":{"name":"Naselje Braće Jerković","band":3,"modes":"bus","arr":["26","26N"],"off":[0,-0.8]}},{"type":"Feature","geometry":{"type":"Point","coordinates":[20.499956,44.765258]},"properties":{"line":"26","mode":"bus","color":"#0059a9","colorDark":"#00294f","band":3,"off":[-1.7,1.1]}},{"type":"Feature","geometry":{"type":"Point","coordinates":[20.499956,44.765258]},"properties":{"line":"26N","mode":"bus","color":"#0059a9","colorDark":"#00294f","band":3,"off":[1.7,1.1]}},{"type":"Feature","geometry":{"type":"Point","coordinates":[20.510814,44.76421]},"properties":{"name":"Vojvode Vlahovića (terminus)","band":3,"modes":"bus","arr":["26L"],"off":[0,-0.8]}},{"type":"Feature","geometry":{"type":"Point","coordinates":[20.510814,44.76421]},"properties":{"line":"26L","mode":"bus","color":"#0059a9","colorDark":"#00294f","band":3,"off":[0,1.1]}},{"type":"Feature","geometry":{"type":"Point","coordinates":[20.438421,44.811556]},"properties":{"name":"Novi Beograd (Blok 20)","band":3,"modes":"bus","arr":["27E","35","612"],"off":[0,-0.8]}},{"type":"Feature","geometry":{"type":"Point","coordinates":[20.438421,44.811556]},"properties":{"line":"27E","mode":"bus","color":"#0059a9","colorDark":"#00294f","band":3,"off":[-3.4,1.1]}},{"type":"Feature","geometry":{"type":"Point","coordinates":[20.438421,44.811556]},"properties":{"line":"35","mode":"bus","color":"#0059a9","colorDark":"#00294f","band":3,"off":[0,1.1]}},{"type":"Feature","geometry":{"type":"Point","coordinates":[20.438421,44.811556]},"properties":{"line":"612","mode":"bus","color":"#0059a9","colorDark":"#00294f","band":3,"off":[3.4,1.1]}},{"type":"Feature","geometry":{"type":"Point","coordinates":[20.45865,44.818037]},"properties":{"name":"Studentski trg","band":3,"modes":"bus","arr":["28","29","29N","31","31N","33N","41","101N","101Na","105N","302N","304N","304Na","307N","307Na","511N","511Na","511Nb","603N","603Na","706N","707N","E9"],"off":[0,-0.8]}},{"type":"Feature","geometry":{"type":"Point","coordinates":[20.45865,44.818037]},"properties":{"line":"28","mode":"bus","color":"#149a3f","colorDark":"#0a5121","band":3,"off":[-6.8,1.1]}},{"type":"Feature","geometry":{"type":"Point","coordinates":[20.45865,44.818037]},"properties":{"line":"29","mode":"bus","color":"#149a3f","colorDark":"#0a5121","band":3,"off":[-3.4,1.1]}},{"type":"Feature","geometry":{"type":"Point","coordinates":[20.45865,44.818037]},"properties":{"line":"29N","mode":"bus","color":"#0059a9","colorDark":"#00294f","band":3,"off":[0,1.1]}},{"type":"Feature","geometry":{"type":"Point","coordinates":[20.45865,44.818037]},"properties":{"line":"31","mode":"bus","color":"#0059a9","colorDark":"#00294f","band":3,"off":[3.4,1.1]}},{"type":"Feature","geometry":{"type":"Point","coordinates":[20.45865,44.818037]},"properties":{"line":"31N","mode":"bus","color":"#0059a9","colorDark":"#00294f","band":3,"off":[6.8,1.1]}},{"type":"Feature","geometry":{"type":"Point","coordinates":[20.45865,44.818037]},"properties":{"line":"33N","mode":"bus","color":"#0059a9","colorDark":"#00294f","band":3,"off":[-6.8,3.1]}},{"type":"Feature","geometry":{"type":"Point","coordinates":[20.45865,44.818037]},"properties":{"line":"41","mode":"bus","color":"#149a3f","colorDark":"#0a5121","band":3,"off":[-3.4,3.1]}},{"type":"Feature","geometry":{"type":"Point","coordinates":[20.45865,44.818037]},"properties":{"line":"101N","mode":"bus","color":"#0059a9","colorDark":"#00294f","band":3,"off":[0,3.1]}},{"type":"Feature","geometry":{"type":"Point","coordinates":[20.45865,44.818037]},"properties":{"line":"101Na","mode":"bus","color":"#0059a9","colorDark":"#00294f","band":3,"off":[3.4,3.1]}},{"type":"Feature","geometry":{"type":"Point","coordinates":[20.45865,44.818037]},"properties":{"line":"105N","mode":"bus","color":"#0059a9","colorDark":"#00294f","band":3,"off":[6.8,3.1]}},{"type":"Feature","geometry":{"type":"Point","coordinates":[20.45865,44.818037]},"properties":{"line":"302N","mode":"bus","color":"#0059a9","colorDark":"#00294f","band":3,"off":[-6.8,5.1]}},{"type":"Feature","geometry":{"type":"Point","coordinates":[20.45865,44.818037]},"properties":{"line":"304N","mode":"bus","color":"#0059a9","colorDark":"#00294f","band":3,"off":[-3.4,5.1]}},{"type":"Feature","geometry":{"type":"Point","coordinates":[20.45865,44.818037]},"properties":{"line":"304Na","mode":"bus","color":"#0059a9","colorDark":"#00294f","band":3,"off":[0,5.1]}},{"type":"Feature","geometry":{"type":"Point","coordinates":[20.45865,44.818037]},"properties":{"line":"307N","mode":"bus","color":"#0059a9","colorDark":"#00294f","band":3,"off":[3.4,5.1]}},{"type":"Feature","geometry":{"type":"Point","coordinates":[20.45865,44.818037]},"properties":{"line":"307Na","mode":"bus","color":"#0059a9","colorDark":"#00294f","band":3,"off":[6.8,5.1]}},{"type":"Feature","geometry":{"type":"Point","coordinates":[20.45865,44.818037]},"properties":{"line":"511N","mode":"bus","color":"#0059a9","colorDark":"#00294f","band":3,"off":[-6.8,7.1]}},{"type":"Feature","geometry":{"type":"Point","coordinates":[20.45865,44.818037]},"properties":{"line":"511Na","mode":"bus","color":"#0059a9","colorDark":"#00294f","band":3,"off":[-3.4,7.1]}},{"type":"Feature","geometry":{"type":"Point","coordinates":[20.45865,44.818037]},"properties":{"line":"511Nb","mode":"bus","color":"#0059a9","colorDark":"#00294f","band":3,"off":[0,7.1]}},{"type":"Feature","geometry":{"type":"Point","coordinates":[20.45865,44.818037]},"properties":{"line":"603N","mode":"bus","color":"#0059a9","colorDark":"#00294f","band":3,"off":[3.4,7.1]}},{"type":"Feature","geometry":{"type":"Point","coordinates":[20.45865,44.818037]},"properties":{"line":"603Na","mode":"bus","color":"#0059a9","colorDark":"#00294f","band":3,"off":[6.8,7.1]}},{"type":"Feature","geometry":{"type":"Point","coordinates":[20.45865,44.818037]},"properties":{"line":"706N","mode":"bus","color":"#0059a9","colorDark":"#00294f","band":3,"off":[-3.4,9.1]}},{"type":"Feature","geometry":{"type":"Point","coordinates":[20.45865,44.818037]},"properties":{"line":"707N","mode":"bus","color":"#0059a9","colorDark":"#00294f","band":3,"off":[0,9.1]}},{"type":"Feature","geometry":{"type":"Point","coordinates":[20.45865,44.818037]},"properties":{"line":"E9","mode":"bus","color":"#0059a9","colorDark":"#00294f","band":3,"off":[3.4,9.1]}},{"type":"Feature","geometry":{"type":"Point","coordinates":[20.506079,44.798287]},"properties":{"name":"Zvezdara","band":3,"modes":"bus","arr":["28","40","64","77"],"off":[0,-0.8]}},{"type":"Feature","geometry":{"type":"Point","coordinates":[20.506079,44.798287]},"properties":{"line":"28","mode":"bus","color":"#149a3f","colorDark":"#0a5121","band":3,"off":[-5.1,1.1]}},{"type":"Feature","geometry":{"type":"Point","coordinates":[20.506079,44.798287]},"properties":{"line":"40","mode":"bus","color":"#149a3f","colorDark":"#0a5121","band":3,"off":[-1.7,1.1]}},{"type":"Feature","geometry":{"type":"Point","coordinates":[20.506079,44.798287]},"properties":{"line":"64","mode":"bus","color":"#0059a9","colorDark":"#00294f","band":3,"off":[1.7,1.1]}},{"type":"Feature","geometry":{"type":"Point","coordinates":[20.506079,44.798287]},"properties":{"line":"77","mode":"bus","color":"#0059a9","colorDark":"#00294f","band":3,"off":[5.1,1.1]}},{"type":"Feature","geometry":{"type":"Point","coordinates":[20.465461,44.800725]},"properties":{"name":"Birčaninova","band":3,"modes":"bus","arr":["30","39","47","59","401","402"],"off":[0,-0.8]}},{"type":"Feature","geometry":{"type":"Point","coordinates":[20.465461,44.800725]},"properties":{"line":"30","mode":"bus","color":"#0059a9","colorDark":"#00294f","band":3,"off":[-6.8,1.1]}},{"type":"Feature","geometry":{"type":"Point","coordinates":[20.465461,44.800725]},"properties":{"line":"39","mode":"bus","color":"#0059a9","colorDark":"#00294f","band":3,"off":[-3.4,1.1]}},{"type":"Feature","geometry":{"type":"Point","coordinates":[20.465461,44.800725]},"properties":{"line":"47","mode":"bus","color":"#0059a9","colorDark":"#00294f","band":3,"off":[0,1.1]}},{"type":"Feature","geometry":{"type":"Point","coordinates":[20.465461,44.800725]},"properties":{"line":"59","mode":"bus","color":"#0059a9","colorDark":"#00294f","band":3,"off":[3.4,1.1]}},{"type":"Feature","geometry":{"type":"Point","coordinates":[20.465461,44.800725]},"properties":{"line":"401","mode":"bus","color":"#0059a9","colorDark":"#00294f","band":3,"off":[6.8,1.1]}},{"type":"Feature","geometry":{"type":"Point","coordinates":[20.465461,44.800725]},"properties":{"line":"402","mode":"bus","color":"#0059a9","colorDark":"#00294f","band":3,"off":[0,3.1]}},{"type":"Feature","geometry":{"type":"Point","coordinates":[20.497421,44.775425]},"properties":{"name":"Medaković 2","band":3,"modes":"bus","arr":["30"],"off":[0,-0.8]}},{"type":"Feature","geometry":{"type":"Point","coordinates":[20.497421,44.775425]},"properties":{"line":"30","mode":"bus","color":"#0059a9","colorDark":"#00294f","band":3,"off":[0,1.1]}},{"type":"Feature","geometry":{"type":"Point","coordinates":[20.479653,44.804814]},"properties":{"name":"Vukov spomenik","band":3,"modes":"bus","arr":["32","66","EKO1"],"off":[0,-0.8]}},{"type":"Feature","geometry":{"type":"Point","coordinates":[20.479653,44.804814]},"properties":{"line":"32","mode":"bus","color":"#0059a9","colorDark":"#00294f","band":3,"off":[-3.4,1.1]}},{"type":"Feature","geometry":{"type":"Point","coordinates":[20.479653,44.804814]},"properties":{"line":"66","mode":"bus","color":"#0059a9","colorDark":"#00294f","band":3,"off":[0,1.1]}},{"type":"Feature","geometry":{"type":"Point","coordinates":[20.479653,44.804814]},"properties":{"line":"EKO1","mode":"bus","color":"#0059a9","colorDark":"#00294f","band":3,"off":[3.4,1.1]}},{"type":"Feature","geometry":{"type":"Point","coordinates":[20.548284,44.830864]},"properties":{"name":"Višnjica","band":3,"modes":"bus","arr":["32","32E","32N"],"off":[0,-0.8]}},{"type":"Feature","geometry":{"type":"Point","coordinates":[20.548284,44.830864]},"properties":{"line":"32","mode":"bus","color":"#0059a9","colorDark":"#00294f","band":3,"off":[-3.4,1.1]}},{"type":"Feature","geometry":{"type":"Point","coordinates":[20.548284,44.830864]},"properties":{"line":"32E","mode":"bus","color":"#0059a9","colorDark":"#00294f","band":3,"off":[0,1.1]}},{"type":"Feature","geometry":{"type":"Point","coordinates":[20.548284,44.830864]},"properties":{"line":"32N","mode":"bus","color":"#0059a9","colorDark":"#00294f","band":3,"off":[3.4,1.1]}},{"type":"Feature","geometry":{"type":"Point","coordinates":[20.488846,44.819323]},"properties":{"name":"ŽS Pančevački most","band":3,"modes":"bus","arr":["33","37","48","58","96"],"off":[0,-0.8]}},{"type":"Feature","geometry":{"type":"Point","coordinates":[20.488846,44.819323]},"properties":{"line":"33","mode":"bus","color":"#0059a9","colorDark":"#00294f","band":3,"off":[-6.8,1.1]}},{"type":"Feature","geometry":{"type":"Point","coordinates":[20.488846,44.819323]},"properties":{"line":"37","mode":"bus","color":"#0059a9","colorDark":"#00294f","band":3,"off":[-3.4,1.1]}},{"type":"Feature","geometry":{"type":"Point","coordinates":[20.488846,44.819323]},"properties":{"line":"48","mode":"bus","color":"#0059a9","colorDark":"#00294f","band":3,"off":[0,1.1]}},{"type":"Feature","geometry":{"type":"Point","coordinates":[20.488846,44.819323]},"properties":{"line":"58","mode":"bus","color":"#0059a9","colorDark":"#00294f","band":3,"off":[3.4,1.1]}},{"type":"Feature","geometry":{"type":"Point","coordinates":[20.488846,44.819323]},"properties":{"line":"96","mode":"bus","color":"#0059a9","colorDark":"#00294f","band":3,"off":[6.8,1.1]}},{"type":"Feature","geometry":{"type":"Point","coordinates":[20.518135,44.744787]},"properties":{"name":"Kumodraž","band":3,"modes":"bus","arr":["33","33N","E9"],"off":[0,-0.8]}},{"type":"Feature","geometry":{"type":"Point","coordinates":[20.518135,44.744787]},"properties":{"line":"33","mode":"bus","color":"#0059a9","colorDark":"#00294f","band":3,"off":[-3.4,1.1]}},{"type":"Feature","geometry":{"type":"Point","coordinates":[20.518135,44.744787]},"properties":{"line":"33N","mode":"bus","color":"#0059a9","colorDark":"#00294f","band":3,"off":[0,1.1]}},{"type":"Feature","geometry":{"type":"Point","coordinates":[20.518135,44.744787]},"properties":{"line":"E9","mode":"bus","color":"#0059a9","colorDark":"#00294f","band":3,"off":[3.4,1.1]}},{"type":"Feature","geometry":{"type":"Point","coordinates":[20.443103,44.795788]},"properties":{"name":"Topčidersko brdo /Senjak/","band":3,"modes":"bus","arr":["34","44","44a"],"off":[0,-0.8]}},{"type":"Feature","geometry":{"type":"Point","coordinates":[20.443103,44.795788]},"properties":{"line":"34","mode":"bus","color":"#0059a9","colorDark":"#00294f","band":3,"off":[-3.4,1.1]}},{"type":"Feature","geometry":{"type":"Point","coordinates":[20.443103,44.795788]},"properties":{"line":"44","mode":"bus","color":"#0059a9","colorDark":"#00294f","band":3,"off":[0,1.1]}},{"type":"Feature","geometry":{"type":"Point","coordinates":[20.443103,44.795788]},"properties":{"line":"44a","mode":"bus","color":"#0059a9","colorDark":"#00294f","band":3,"off":[3.4,1.1]}},{"type":"Feature","geometry":{"type":"Point","coordinates":[20.454044,44.792721]},"properties":{"name":"Železnička stanica BGD centar","band":3,"modes":"bus","arr":["36"],"off":[0,-0.8]}},{"type":"Feature","geometry":{"type":"Point","coordinates":[20.454044,44.792721]},"properties":{"name":"Železnička stanica Beograd centar - Terminus (pola","band":3,"modes":"bus","arr":["36"],"off":[0,-3]}},{"type":"Feature","geometry":{"type":"Point","coordinates":[20.454044,44.792721]},"properties":{"line":"36","mode":"bus","color":"#0059a9","colorDark":"#00294f","band":3,"off":[0,1.1]}},{"type":"Feature","geometry":{"type":"Point","coordinates":[20.457934,44.79252]},"properties":{"name":"Gučevska","band":3,"modes":"bus","arr":["38L","600"],"off":[0,-0.8]}},{"type":"Feature","geometry":{"type":"Point","coordinates":[20.457934,44.79252]},"properties":{"line":"38L","mode":"bus","color":"#0059a9","colorDark":"#00294f","band":3,"off":[-1.7,1.1]}},{"type":"Feature","geometry":{"type":"Point","coordinates":[20.457934,44.79252]},"properties":{"line":"600","mode":"bus","color":"#0059a9","colorDark":"#00294f","band":3,"off":[1.7,1.1]}},{"type":"Feature","geometry":{"type":"Point","coordinates":[20.460103,44.75711]},"properties":{"name":"Pere Velimirovića","band":3,"modes":"bus","arr":["34"],"off":[0,-0.8]}},{"type":"Feature","geometry":{"type":"Point","coordinates":[20.460103,44.75711]},"properties":{"line":"34","mode":"bus","color":"#0059a9","colorDark":"#00294f","band":3,"off":[0,1.1]}},{"type":"Feature","geometry":{"type":"Point","coordinates":[20.54699,44.810139]},"properties":{"name":"Lešće /groblje/","band":3,"modes":"bus","arr":["35","63"],"off":[0,-0.8]}},{"type":"Feature","geometry":{"type":"Point","coordinates":[20.54699,44.810139]},"properties":{"line":"35","mode":"bus","color":"#0059a9","colorDark":"#00294f","band":3,"off":[-1.7,1.1]}},{"type":"Feature","geometry":{"type":"Point","coordinates":[20.54699,44.810139]},"properties":{"line":"63","mode":"bus","color":"#0059a9","colorDark":"#00294f","band":3,"off":[1.7,1.1]}},{"type":"Feature","geometry":{"type":"Point","coordinates":[20.529133,44.756177]},"properties":{"name":"VML","band":3,"modes":"bus","arr":["38","308"],"off":[0,-0.8]}},{"type":"Feature","geometry":{"type":"Point","coordinates":[20.529133,44.756177]},"properties":{"line":"38","mode":"bus","color":"#0059a9","colorDark":"#00294f","band":3,"off":[-1.7,1.1]}},{"type":"Feature","geometry":{"type":"Point","coordinates":[20.529133,44.756177]},"properties":{"line":"308","mode":"bus","color":"#0059a9","colorDark":"#00294f","band":3,"off":[1.7,1.1]}},{"type":"Feature","geometry":{"type":"Point","coordinates":[20.517328,44.772212]},"properties":{"name":"Pogon Kosmaj","band":3,"modes":"bus","arr":["38L"],"off":[0,-0.8]}},{"type":"Feature","geometry":{"type":"Point","coordinates":[20.517328,44.772212]},"properties":{"line":"38L","mode":"bus","color":"#0059a9","colorDark":"#00294f","band":3,"off":[0,1.1]}},{"type":"Feature","geometry":{"type":"Point","coordinates":[20.501213,44.744089]},"properties":{"name":"Kumodraž 1","band":3,"modes":"bus","arr":["39"],"off":[0,-0.8]}},{"type":"Feature","geometry":{"type":"Point","coordinates":[20.501213,44.744089]},"properties":{"line":"39","mode":"bus","color":"#0059a9","colorDark":"#00294f","band":3,"off":[0,1.1]}},{"type":"Feature","geometry":{"type":"Point","coordinates":[20.479942,44.75208]},"properties":{"name":"Banjica 2","band":3,"modes":"bus","arr":["40","41","78"],"off":[0,-0.8]}},{"type":"Feature","geometry":{"type":"Point","coordinates":[20.479942,44.75208]},"properties":{"line":"40","mode":"bus","color":"#149a3f","colorDark":"#0a5121","band":3,"off":[-3.4,1.1]}},{"type":"Feature","geometry":{"type":"Point","coordinates":[20.479942,44.75208]},"properties":{"line":"41","mode":"bus","color":"#149a3f","colorDark":"#0a5121","band":3,"off":[0,1.1]}},{"type":"Feature","geometry":{"type":"Point","coordinates":[20.479942,44.75208]},"properties":{"line":"78","mode":"bus","color":"#0059a9","colorDark":"#00294f","band":3,"off":[3.4,1.1]}},{"type":"Feature","geometry":{"type":"Point","coordinates":[20.428605,44.718462]},"properties":{"name":"Petlovo brdo","band":3,"modes":"bus","arr":["42","56","59","501","E2"],"off":[0,-0.8]}},{"type":"Feature","geometry":{"type":"Point","coordinates":[20.428605,44.718462]},"properties":{"line":"42","mode":"bus","color":"#0059a9","colorDark":"#00294f","band":3,"off":[-6.8,1.1]}},{"type":"Feature","geometry":{"type":"Point","coordinates":[20.428605,44.718462]},"properties":{"line":"56","mode":"bus","color":"#0059a9","colorDark":"#00294f","band":3,"off":[-3.4,1.1]}},{"type":"Feature","geometry":{"type":"Point","coordinates":[20.428605,44.718462]},"properties":{"line":"59","mode":"bus","color":"#0059a9","colorDark":"#00294f","band":3,"off":[0,1.1]}},{"type":"Feature","geometry":{"type":"Point","coordinates":[20.428605,44.718462]},"properties":{"line":"501","mode":"bus","color":"#0059a9","colorDark":"#00294f","band":3,"off":[3.4,1.1]}},{"type":"Feature","geometry":{"type":"Point","coordinates":[20.428605,44.718462]},"properties":{"line":"E2","mode":"bus","color":"#0059a9","colorDark":"#00294f","band":3,"off":[6.8,1.1]}},{"type":"Feature","geometry":{"type":"Point","coordinates":[20.467035,44.851482]},"properties":{"name":"Kotež","band":3,"modes":"bus","arr":["43"],"off":[0,-0.8]}},{"type":"Feature","geometry":{"type":"Point","coordinates":[20.467035,44.851482]},"properties":{"line":"43","mode":"bus","color":"#0059a9","colorDark":"#00294f","band":3,"off":[0,1.1]}},{"type":"Feature","geometry":{"type":"Point","coordinates":[20.479952,44.81888]},"properties":{"name":"Železnička stanica Dunav","band":3,"modes":"bus","arr":["44","44a"],"off":[0,-0.8]}},{"type":"Feature","geometry":{"type":"Point","coordinates":[20.479952,44.81888]},"properties":{"line":"44","mode":"bus","color":"#0059a9","colorDark":"#00294f","band":3,"off":[-1.7,1.1]}},{"type":"Feature","geometry":{"type":"Point","coordinates":[20.479952,44.81888]},"properties":{"line":"44a","mode":"bus","color":"#0059a9","colorDark":"#00294f","band":3,"off":[1.7,1.1]}},{"type":"Feature","geometry":{"type":"Point","coordinates":[20.383869,44.797058]},"properties":{"name":"Blok 44","band":3,"modes":"bus","arr":["45","82","602"],"off":[0,-0.8]}},{"type":"Feature","geometry":{"type":"Point","coordinates":[20.383869,44.797058]},"properties":{"line":"45","mode":"bus","color":"#0059a9","colorDark":"#00294f","band":3,"off":[-3.4,1.1]}},{"type":"Feature","geometry":{"type":"Point","coordinates":[20.383869,44.797058]},"properties":{"line":"82","mode":"bus","color":"#0059a9","colorDark":"#00294f","band":3,"off":[0,1.1]}},{"type":"Feature","geometry":{"type":"Point","coordinates":[20.383869,44.797058]},"properties":{"line":"602","mode":"bus","color":"#0059a9","colorDark":"#00294f","band":3,"off":[3.4,1.1]}},{"type":"Feature","geometry":{"type":"Point","coordinates":[20.503601,44.792895]},"properties":{"name":"Zvezdara","band":3,"modes":"bus","arr":["55"],"off":[0,-0.8]}},{"type":"Feature","geometry":{"type":"Point","coordinates":[20.503601,44.792895]},"properties":{"line":"55","mode":"bus","color":"#0059a9","colorDark":"#00294f","band":3,"off":[0,1.1]}},{"type":"Feature","geometry":{"type":"Point","coordinates":[20.531607,44.793776]},"properties":{"name":"Mirijevo","band":3,"modes":"bus","arr":["46"],"off":[0,-0.8]}},{"type":"Feature","geometry":{"type":"Point","coordinates":[20.531607,44.793776]},"properties":{"line":"46","mode":"bus","color":"#0059a9","colorDark":"#00294f","band":3,"off":[0,1.1]}},{"type":"Feature","geometry":{"type":"Point","coordinates":[20.449734,44.748186]},"properties":{"name":"Miljakovac 1","band":3,"modes":"bus","arr":["54","502","505","506"],"off":[0,-0.8]}},{"type":"Feature","geometry":{"type":"Point","coordinates":[20.449734,44.748186]},"properties":{"line":"54","mode":"bus","color":"#0059a9","colorDark":"#00294f","band":3,"off":[-5.1,1.1]}},{"type":"Feature","geometry":{"type":"Point","coordinates":[20.449734,44.748186]},"properties":{"line":"502","mode":"bus","color":"#0059a9","colorDark":"#00294f","band":3,"off":[-1.7,1.1]}},{"type":"Feature","geometry":{"type":"Point","coordinates":[20.449734,44.748186]},"properties":{"line":"505","mode":"bus","color":"#0059a9","colorDark":"#00294f","band":3,"off":[1.7,1.1]}},{"type":"Feature","geometry":{"type":"Point","coordinates":[20.449734,44.748186]},"properties":{"line":"506","mode":"bus","color":"#0059a9","colorDark":"#00294f","band":3,"off":[5.1,1.1]}},{"type":"Feature","geometry":{"type":"Point","coordinates":[20.449457,44.704453]},"properties":{"name":"Železnička stanica Resnik","band":3,"modes":"bus","arr":["47","47N","47Na","503","504"],"off":[0,-0.8]}},{"type":"Feature","geometry":{"type":"Point","coordinates":[20.449457,44.704453]},"properties":{"line":"47","mode":"bus","color":"#0059a9","colorDark":"#00294f","band":3,"off":[-6.8,1.1]}},{"type":"Feature","geometry":{"type":"Point","coordinates":[20.449457,44.704453]},"properties":{"line":"47N","mode":"bus","color":"#0059a9","colorDark":"#00294f","band":3,"off":[-3.4,1.1]}},{"type":"Feature","geometry":{"type":"Point","coordinates":[20.449457,44.704453]},"properties":{"line":"47Na","mode":"bus","color":"#0059a9","colorDark":"#00294f","band":3,"off":[0,1.1]}},{"type":"Feature","geometry":{"type":"Point","coordinates":[20.449457,44.704453]},"properties":{"line":"503","mode":"bus","color":"#0059a9","colorDark":"#00294f","band":3,"off":[3.4,1.1]}},{"type":"Feature","geometry":{"type":"Point","coordinates":[20.449457,44.704453]},"properties":{"line":"504","mode":"bus","color":"#0059a9","colorDark":"#00294f","band":3,"off":[6.8,1.1]}},{"type":"Feature","geometry":{"type":"Point","coordinates":[20.463341,44.738005]},"properties":{"name":"Miljakovac 3","band":3,"modes":"bus","arr":["48"],"off":[0,-0.8]}},{"type":"Feature","geometry":{"type":"Point","coordinates":[20.463341,44.738005]},"properties":{"line":"48","mode":"bus","color":"#0059a9","colorDark":"#00294f","band":3,"off":[0,1.1]}},{"type":"Feature","geometry":{"type":"Point","coordinates":[20.41381,44.768478]},"properties":{"name":"Banovo brdo","band":3,"modes":"tram,bus","arr":["12","13","49","50","57","85","512","531","531a","532","532a","533","607"],"off":[0,-0.8]}},{"type":"Feature","geometry":{"type":"Point","coordinates":[20.41381,44.768478]},"properties":{"line":"12","mode":"tram","color":"#d6212b","colorDark":"#7c1116","band":3,"off":[-6.8,1.1]}},{"type":"Feature","geometry":{"type":"Point","coordinates":[20.41381,44.768478]},"properties":{"line":"13","mode":"tram","color":"#d6212b","colorDark":"#7c1116","band":3,"off":[-3.4,1.1]}},{"type":"Feature","geometry":{"type":"Point","coordinates":[20.41381,44.768478]},"properties":{"line":"49","mode":"bus","color":"#0059a9","colorDark":"#00294f","band":3,"off":[0,1.1]}},{"type":"Feature","geometry":{"type":"Point","coordinates":[20.41381,44.768478]},"properties":{"line":"50","mode":"bus","color":"#0059a9","colorDark":"#00294f","band":3,"off":[3.4,1.1]}},{"type":"Feature","geometry":{"type":"Point","coordinates":[20.41381,44.768478]},"properties":{"line":"57","mode":"bus","color":"#0059a9","colorDark":"#00294f","band":3,"off":[6.8,1.1]}},{"type":"Feature","geometry":{"type":"Point","coordinates":[20.41381,44.768478]},"properties":{"line":"85","mode":"bus","color":"#0059a9","colorDark":"#00294f","band":3,"off":[-6.8,3.1]}},{"type":"Feature","geometry":{"type":"Point","coordinates":[20.41381,44.768478]},"properties":{"line":"512","mode":"bus","color":"#0059a9","colorDark":"#00294f","band":3,"off":[-3.4,3.1]}},{"type":"Feature","geometry":{"type":"Point","coordinates":[20.41381,44.768478]},"properties":{"line":"531","mode":"bus","color":"#0059a9","colorDark":"#00294f","band":3,"off":[0,3.1]}},{"type":"Feature","geometry":{"type":"Point","coordinates":[20.41381,44.768478]},"properties":{"line":"531a","mode":"bus","color":"#0059a9","colorDark":"#00294f","band":3,"off":[3.4,3.1]}},{"type":"Feature","geometry":{"type":"Point","coordinates":[20.41381,44.768478]},"properties":{"line":"532","mode":"bus","color":"#0059a9","colorDark":"#00294f","band":3,"off":[6.8,3.1]}},{"type":"Feature","geometry":{"type":"Point","coordinates":[20.41381,44.768478]},"properties":{"line":"532a","mode":"bus","color":"#0059a9","colorDark":"#00294f","band":3,"off":[-3.4,5.1]}},{"type":"Feature","geometry":{"type":"Point","coordinates":[20.41381,44.768478]},"properties":{"line":"533","mode":"bus","color":"#0059a9","colorDark":"#00294f","band":3,"off":[0,5.1]}},{"type":"Feature","geometry":{"type":"Point","coordinates":[20.41381,44.768478]},"properties":{"line":"607","mode":"bus","color":"#0059a9","colorDark":"#00294f","band":3,"off":[3.4,5.1]}},{"type":"Feature","geometry":{"type":"Point","coordinates":[20.496587,44.7536]},"properties":{"name":"Naselje Stepa Stepanović","band":3,"modes":"bus","arr":["49"],"off":[0,-0.8]}},{"type":"Feature","geometry":{"type":"Point","coordinates":[20.496587,44.7536]},"properties":{"line":"49","mode":"bus","color":"#0059a9","colorDark":"#00294f","band":3,"off":[0,1.1]}},{"type":"Feature","geometry":{"type":"Point","coordinates":[20.496792,44.754727]},"properties":{"name":"Generala Štefanika","band":3,"modes":"bus","arr":["49"],"off":[0,-0.8]}},{"type":"Feature","geometry":{"type":"Point","coordinates":[20.496792,44.754727]},"properties":{"line":"49","mode":"bus","color":"#0059a9","colorDark":"#00294f","band":3,"off":[0,1.1]}},{"type":"Feature","geometry":{"type":"Point","coordinates":[20.403729,44.748977]},"properties":{"name":"Bele vode","band":3,"modes":"bus","arr":["51","51N"],"off":[0,-0.8]}},{"type":"Feature","geometry":{"type":"Point","coordinates":[20.403729,44.748977]},"properties":{"line":"51","mode":"bus","color":"#0059a9","colorDark":"#00294f","band":3,"off":[-1.7,1.1]}},{"type":"Feature","geometry":{"type":"Point","coordinates":[20.403729,44.748977]},"properties":{"line":"51N","mode":"bus","color":"#0059a9","colorDark":"#00294f","band":3,"off":[1.7,1.1]}},{"type":"Feature","geometry":{"type":"Point","coordinates":[20.457571,44.813833]},"properties":{"name":"Zeleni venac","band":3,"modes":"bus","arr":["52","53","56","56L","60","60L","71","72","75","706"],"off":[0,-0.8]}},{"type":"Feature","geometry":{"type":"Point","coordinates":[20.457571,44.813833]},"properties":{"line":"52","mode":"bus","color":"#0059a9","colorDark":"#00294f","band":3,"off":[-6.8,1.1]}},{"type":"Feature","geometry":{"type":"Point","coordinates":[20.457571,44.813833]},"properties":{"line":"53","mode":"bus","color":"#0059a9","colorDark":"#00294f","band":3,"off":[-3.4,1.1]}},{"type":"Feature","geometry":{"type":"Point","coordinates":[20.457571,44.813833]},"properties":{"line":"56","mode":"bus","color":"#0059a9","colorDark":"#00294f","band":3,"off":[0,1.1]}},{"type":"Feature","geometry":{"type":"Point","coordinates":[20.457571,44.813833]},"properties":{"line":"56L","mode":"bus","color":"#0059a9","colorDark":"#00294f","band":3,"off":[3.4,1.1]}},{"type":"Feature","geometry":{"type":"Point","coordinates":[20.457571,44.813833]},"properties":{"line":"60","mode":"bus","color":"#0059a9","colorDark":"#00294f","band":3,"off":[6.8,1.1]}},{"type":"Feature","geometry":{"type":"Point","coordinates":[20.457571,44.813833]},"properties":{"line":"60L","mode":"bus","color":"#0059a9","colorDark":"#00294f","band":3,"off":[-6.8,3.1]}},{"type":"Feature","geometry":{"type":"Point","coordinates":[20.457571,44.813833]},"properties":{"line":"71","mode":"bus","color":"#0059a9","colorDark":"#00294f","band":3,"off":[-3.4,3.1]}},{"type":"Feature","geometry":{"type":"Point","coordinates":[20.457571,44.813833]},"properties":{"line":"72","mode":"bus","color":"#0059a9","colorDark":"#00294f","band":3,"off":[0,3.1]}},{"type":"Feature","geometry":{"type":"Point","coordinates":[20.457571,44.813833]},"properties":{"line":"75","mode":"bus","color":"#0059a9","colorDark":"#00294f","band":3,"off":[3.4,3.1]}},{"type":"Feature","geometry":{"type":"Point","coordinates":[20.457571,44.813833]},"properties":{"line":"706","mode":"bus","color":"#0059a9","colorDark":"#00294f","band":3,"off":[6.8,3.1]}},{"type":"Feature","geometry":{"type":"Point","coordinates":[20.419144,44.743706]},"properties":{"name":"Cerak Vinogradi","band":3,"modes":"bus","arr":["52","534"],"off":[0,-0.8]}},{"type":"Feature","geometry":{"type":"Point","coordinates":[20.419144,44.743706]},"properties":{"line":"52","mode":"bus","color":"#0059a9","colorDark":"#00294f","band":3,"off":[-1.7,1.1]}},{"type":"Feature","geometry":{"type":"Point","coordinates":[20.419144,44.743706]},"properties":{"line":"534","mode":"bus","color":"#0059a9","colorDark":"#00294f","band":3,"off":[1.7,1.1]}},{"type":"Feature","geometry":{"type":"Point","coordinates":[20.362039,44.770464]},"properties":{"name":"MZ Makiš","band":3,"modes":"bus","arr":["54"],"off":[0,-0.8]}},{"type":"Feature","geometry":{"type":"Point","coordinates":[20.362039,44.770464]},"properties":{"line":"54","mode":"bus","color":"#0059a9","colorDark":"#00294f","band":3,"off":[0,1.1]}},{"type":"Feature","geometry":{"type":"Point","coordinates":[20.382804,44.72068]},"properties":{"name":"Stari Železnik","band":3,"modes":"bus","arr":["55"],"off":[0,-0.8]}},{"type":"Feature","geometry":{"type":"Point","coordinates":[20.382804,44.72068]},"properties":{"line":"55","mode":"bus","color":"#0059a9","colorDark":"#00294f","band":3,"off":[0,1.1]}},{"type":"Feature","geometry":{"type":"Point","coordinates":[20.404775,44.777971]},"properties":{"name":"Čukarička padina","band":3,"modes":"bus","arr":["56L","87","87A"],"off":[0,-0.8]}},{"type":"Feature","geometry":{"type":"Point","coordinates":[20.404775,44.777971]},"properties":{"line":"56L","mode":"bus","color":"#0059a9","colorDark":"#00294f","band":3,"off":[-3.4,1.1]}},{"type":"Feature","geometry":{"type":"Point","coordinates":[20.404775,44.777971]},"properties":{"line":"87","mode":"bus","color":"#0059a9","colorDark":"#00294f","band":3,"off":[0,1.1]}},{"type":"Feature","geometry":{"type":"Point","coordinates":[20.404775,44.777971]},"properties":{"line":"87A","mode":"bus","color":"#0059a9","colorDark":"#00294f","band":3,"off":[3.4,1.1]}},{"type":"Feature","geometry":{"type":"Point","coordinates":[20.45151,44.682821]},"properties":{"name":"13. Septembar","band":3,"modes":"bus","arr":["56N","531","531a"],"off":[0,-0.8]}},{"type":"Feature","geometry":{"type":"Point","coordinates":[20.45151,44.682821]},"properties":{"line":"56N","mode":"bus","color":"#0059a9","colorDark":"#00294f","band":3,"off":[-3.4,1.1]}},{"type":"Feature","geometry":{"type":"Point","coordinates":[20.45151,44.682821]},"properties":{"line":"531","mode":"bus","color":"#0059a9","colorDark":"#00294f","band":3,"off":[0,1.1]}},{"type":"Feature","geometry":{"type":"Point","coordinates":[20.45151,44.682821]},"properties":{"line":"531a","mode":"bus","color":"#0059a9","colorDark":"#00294f","band":3,"off":[3.4,1.1]}},{"type":"Feature","geometry":{"type":"Point","coordinates":[20.380272,44.731874]},"properties":{"name":"Novi Železnik","band":3,"modes":"bus","arr":["58","88","511Nb","522"],"off":[0,-0.8]}},{"type":"Feature","geometry":{"type":"Point","coordinates":[20.380272,44.731874]},"properties":{"line":"58","mode":"bus","color":"#0059a9","colorDark":"#00294f","band":3,"off":[-5.1,1.1]}},{"type":"Feature","geometry":{"type":"Point","coordinates":[20.380272,44.731874]},"properties":{"line":"88","mode":"bus","color":"#0059a9","colorDark":"#00294f","band":3,"off":[-1.7,1.1]}},{"type":"Feature","geometry":{"type":"Point","coordinates":[20.380272,44.731874]},"properties":{"line":"511Nb","mode":"bus","color":"#0059a9","colorDark":"#00294f","band":3,"off":[1.7,1.1]}},{"type":"Feature","geometry":{"type":"Point","coordinates":[20.380272,44.731874]},"properties":{"line":"522","mode":"bus","color":"#0059a9","colorDark":"#00294f","band":3,"off":[5.1,1.1]}},{"type":"Feature","geometry":{"type":"Point","coordinates":[20.413835,44.801438]},"properties":{"name":"Toplana","band":3,"modes":"bus","arr":["60","60L"],"off":[0,-0.8]}},{"type":"Feature","geometry":{"type":"Point","coordinates":[20.413835,44.801438]},"properties":{"line":"60","mode":"bus","color":"#0059a9","colorDark":"#00294f","band":3,"off":[-1.7,1.1]}},{"type":"Feature","geometry":{"type":"Point","coordinates":[20.413835,44.801438]},"properties":{"line":"60L","mode":"bus","color":"#0059a9","colorDark":"#00294f","band":3,"off":[1.7,1.1]}},{"type":"Feature","geometry":{"type":"Point","coordinates":[20.509411,44.80687]},"properties":{"name":"Zvezdara 2","band":3,"modes":"bus","arr":["65"],"off":[0,-0.8]}},{"type":"Feature","geometry":{"type":"Point","coordinates":[20.509411,44.80687]},"properties":{"line":"65","mode":"bus","color":"#0059a9","colorDark":"#00294f","band":3,"off":[0,1.1]}},{"type":"Feature","geometry":{"type":"Point","coordinates":[20.363947,44.82222]},"properties":{"name":"Novo bežanijsko groblje","band":3,"modes":"bus","arr":["65"],"off":[0,-0.8]}},{"type":"Feature","geometry":{"type":"Point","coordinates":[20.363947,44.82222]},"properties":{"line":"65","mode":"bus","color":"#0059a9","colorDark":"#00294f","band":3,"off":[0,1.1]}},{"type":"Feature","geometry":{"type":"Point","coordinates":[20.501982,44.80383]},"properties":{"name":"Naučno-tehnološki park","band":3,"modes":"bus","arr":["66"],"off":[0,-0.8]}},{"type":"Feature","geometry":{"type":"Point","coordinates":[20.501982,44.80383]},"properties":{"line":"66","mode":"bus","color":"#0059a9","colorDark":"#00294f","band":3,"off":[0,1.1]}},{"type":"Feature","geometry":{"type":"Point","coordinates":[20.400151,44.798263]},"properties":{"name":"Blok 70A","band":3,"modes":"bus","arr":["67","76","610e","610ea","708"],"off":[0,-0.8]}},{"type":"Feature","geometry":{"type":"Point","coordinates":[20.400151,44.798263]},"properties":{"line":"67","mode":"bus","color":"#0059a9","colorDark":"#00294f","band":3,"off":[-6.8,1.1]}},{"type":"Feature","geometry":{"type":"Point","coordinates":[20.400151,44.798263]},"properties":{"line":"76","mode":"bus","color":"#0059a9","colorDark":"#00294f","band":3,"off":[-3.4,1.1]}},{"type":"Feature","geometry":{"type":"Point","coordinates":[20.400151,44.798263]},"properties":{"line":"610e","mode":"bus","color":"#0059a9","colorDark":"#00294f","band":3,"off":[0,1.1]}},{"type":"Feature","geometry":{"type":"Point","coordinates":[20.400151,44.798263]},"properties":{"line":"610ea","mode":"bus","color":"#0059a9","colorDark":"#00294f","band":3,"off":[3.4,1.1]}},{"type":"Feature","geometry":{"type":"Point","coordinates":[20.400151,44.798263]},"properties":{"line":"708","mode":"bus","color":"#0059a9","colorDark":"#00294f","band":3,"off":[6.8,1.1]}},{"type":"Feature","geometry":{"type":"Point","coordinates":[20.389827,44.797521]},"properties":{"name":"Blok 70","band":3,"modes":"bus","arr":["68"],"off":[0,-0.8]}},{"type":"Feature","geometry":{"type":"Point","coordinates":[20.389827,44.797521]},"properties":{"line":"68","mode":"bus","color":"#0059a9","colorDark":"#00294f","band":3,"off":[0,1.1]}},{"type":"Feature","geometry":{"type":"Point","coordinates":[20.363078,44.807864]},"properties":{"name":"Bežanijska kosa","band":3,"modes":"bus","arr":["70","74","75"],"off":[0,-0.8]}},{"type":"Feature","geometry":{"type":"Point","coordinates":[20.363078,44.807864]},"properties":{"line":"70","mode":"bus","color":"#0059a9","colorDark":"#00294f","band":3,"off":[-3.4,1.1]}},{"type":"Feature","geometry":{"type":"Point","coordinates":[20.363078,44.807864]},"properties":{"line":"74","mode":"bus","color":"#0059a9","colorDark":"#00294f","band":3,"off":[0,1.1]}},{"type":"Feature","geometry":{"type":"Point","coordinates":[20.363078,44.807864]},"properties":{"line":"75","mode":"bus","color":"#0059a9","colorDark":"#00294f","band":3,"off":[3.4,1.1]}},{"type":"Feature","geometry":{"type":"Point","coordinates":[20.561103,44.709875]},"properties":{"name":"IKEA","band":3,"modes":"bus","arr":["70"],"off":[0,-0.8]}},{"type":"Feature","geometry":{"type":"Point","coordinates":[20.561103,44.709875]},"properties":{"line":"70","mode":"bus","color":"#0059a9","colorDark":"#00294f","band":3,"off":[0,1.1]}},{"type":"Feature","geometry":{"type":"Point","coordinates":[20.349054,44.805015]},"properties":{"name":"Ledine","band":3,"modes":"bus","arr":["71","603"],"off":[0,-0.8]}},{"type":"Feature","geometry":{"type":"Point","coordinates":[20.349054,44.805015]},"properties":{"line":"71","mode":"bus","color":"#0059a9","colorDark":"#00294f","band":3,"off":[-1.7,1.1]}},{"type":"Feature","geometry":{"type":"Point","coordinates":[20.349054,44.805015]},"properties":{"line":"603","mode":"bus","color":"#0059a9","colorDark":"#00294f","band":3,"off":[1.7,1.1]}},{"type":"Feature","geometry":{"type":"Point","coordinates":[20.290255,44.82038]},"properties":{"name":"Aerodrom Nikola Tesla /dolasci/","band":3,"modes":"bus","arr":["72","72N","600","607","A1"],"off":[0,-0.8]}},{"type":"Feature","geometry":{"type":"Point","coordinates":[20.290255,44.82038]},"properties":{"line":"72","mode":"bus","color":"#0059a9","colorDark":"#00294f","band":3,"off":[-6.8,1.1]}},{"type":"Feature","geometry":{"type":"Point","coordinates":[20.290255,44.82038]},"properties":{"line":"72N","mode":"bus","color":"#0059a9","colorDark":"#00294f","band":3,"off":[-3.4,1.1]}},{"type":"Feature","geometry":{"type":"Point","coordinates":[20.290255,44.82038]},"properties":{"line":"600","mode":"bus","color":"#0059a9","colorDark":"#00294f","band":3,"off":[0,1.1]}},{"type":"Feature","geometry":{"type":"Point","coordinates":[20.290255,44.82038]},"properties":{"line":"607","mode":"bus","color":"#0059a9","colorDark":"#00294f","band":3,"off":[3.4,1.1]}},{"type":"Feature","geometry":{"type":"Point","coordinates":[20.290255,44.82038]},"properties":{"line":"A1","mode":"bus","color":"#0059a9","colorDark":"#00294f","band":3,"off":[6.8,1.1]}},{"type":"Feature","geometry":{"type":"Point","coordinates":[20.270974,44.899948]},"properties":{"name":"Batajnica /železnička stanica/","band":3,"modes":"bus","arr":["73","700","702"],"off":[0,-0.8]}},{"type":"Feature","geometry":{"type":"Point","coordinates":[20.270974,44.899948]},"properties":{"line":"73","mode":"bus","color":"#0059a9","colorDark":"#00294f","band":3,"off":[-3.4,1.1]}},{"type":"Feature","geometry":{"type":"Point","coordinates":[20.270974,44.899948]},"properties":{"line":"700","mode":"bus","color":"#0059a9","colorDark":"#00294f","band":3,"off":[0,1.1]}},{"type":"Feature","geometry":{"type":"Point","coordinates":[20.270974,44.899948]},"properties":{"line":"702","mode":"bus","color":"#0059a9","colorDark":"#00294f","band":3,"off":[3.4,1.1]}},{"type":"Feature","geometry":{"type":"Point","coordinates":[20.380146,44.829896]},"properties":{"name":"Bežanijska kosa","band":3,"modes":"bus","arr":["76","77"],"off":[0,-0.8]}},{"type":"Feature","geometry":{"type":"Point","coordinates":[20.380146,44.829896]},"properties":{"line":"76","mode":"bus","color":"#0059a9","colorDark":"#00294f","band":3,"off":[-1.7,1.1]}},{"type":"Feature","geometry":{"type":"Point","coordinates":[20.380146,44.829896]},"properties":{"line":"77","mode":"bus","color":"#0059a9","colorDark":"#00294f","band":3,"off":[1.7,1.1]}},{"type":"Feature","geometry":{"type":"Point","coordinates":[20.339496,44.859253]},"properties":{"name":"Altina 1","band":3,"modes":"bus","arr":["81","81L"],"off":[0,-0.8]}},{"type":"Feature","geometry":{"type":"Point","coordinates":[20.339496,44.859253]},"properties":{"line":"81","mode":"bus","color":"#0059a9","colorDark":"#00294f","band":3,"off":[-1.7,1.1]}},{"type":"Feature","geometry":{"type":"Point","coordinates":[20.339496,44.859253]},"properties":{"line":"81L","mode":"bus","color":"#0059a9","colorDark":"#00294f","band":3,"off":[1.7,1.1]}},{"type":"Feature","geometry":{"type":"Point","coordinates":[20.415165,44.843011]},"properties":{"name":"Kej oslobođenja","band":3,"modes":"bus","arr":["82","88","610","611","703","705","706E"],"off":[0,-0.8]}},{"type":"Feature","geometry":{"type":"Point","coordinates":[20.415165,44.843011]},"properties":{"line":"82","mode":"bus","color":"#0059a9","colorDark":"#00294f","band":3,"off":[-6.8,1.1]}},{"type":"Feature","geometry":{"type":"Point","coordinates":[20.415165,44.843011]},"properties":{"line":"88","mode":"bus","color":"#0059a9","colorDark":"#00294f","band":3,"off":[-3.4,1.1]}},{"type":"Feature","geometry":{"type":"Point","coordinates":[20.415165,44.843011]},"properties":{"line":"610","mode":"bus","color":"#0059a9","colorDark":"#00294f","band":3,"off":[0,1.1]}},{"type":"Feature","geometry":{"type":"Point","coordinates":[20.415165,44.843011]},"properties":{"line":"611","mode":"bus","color":"#0059a9","colorDark":"#00294f","band":3,"off":[3.4,1.1]}},{"type":"Feature","geometry":{"type":"Point","coordinates":[20.415165,44.843011]},"properties":{"line":"703","mode":"bus","color":"#0059a9","colorDark":"#00294f","band":3,"off":[6.8,1.1]}},{"type":"Feature","geometry":{"type":"Point","coordinates":[20.415165,44.843011]},"properties":{"line":"705","mode":"bus","color":"#0059a9","colorDark":"#00294f","band":3,"off":[-1.7,3.1]}},{"type":"Feature","geometry":{"type":"Point","coordinates":[20.415165,44.843011]},"properties":{"line":"706E","mode":"bus","color":"#0059a9","colorDark":"#00294f","band":3,"off":[1.7,3.1]}},{"type":"Feature","geometry":{"type":"Point","coordinates":[20.370013,44.857078]},"properties":{"name":"Nova Galenika","band":3,"modes":"bus","arr":["84","612"],"off":[0,-0.8]}},{"type":"Feature","geometry":{"type":"Point","coordinates":[20.370013,44.857078]},"properties":{"line":"84","mode":"bus","color":"#0059a9","colorDark":"#00294f","band":3,"off":[-1.7,1.1]}},{"type":"Feature","geometry":{"type":"Point","coordinates":[20.370013,44.857078]},"properties":{"line":"612","mode":"bus","color":"#0059a9","colorDark":"#00294f","band":3,"off":[1.7,1.1]}},{"type":"Feature","geometry":{"type":"Point","coordinates":[20.448334,44.8744]},"properties":{"name":"Borča 3","band":3,"modes":"bus","arr":["85","95","95N","96","101Nb"],"off":[0,-0.8]}},{"type":"Feature","geometry":{"type":"Point","coordinates":[20.448334,44.8744]},"properties":{"line":"85","mode":"bus","color":"#0059a9","colorDark":"#00294f","band":3,"off":[-6.8,1.1]}},{"type":"Feature","geometry":{"type":"Point","coordinates":[20.448334,44.8744]},"properties":{"line":"95","mode":"bus","color":"#0059a9","colorDark":"#00294f","band":3,"off":[-3.4,1.1]}},{"type":"Feature","geometry":{"type":"Point","coordinates":[20.448334,44.8744]},"properties":{"line":"95N","mode":"bus","color":"#0059a9","colorDark":"#00294f","band":3,"off":[0,1.1]}},{"type":"Feature","geometry":{"type":"Point","coordinates":[20.448334,44.8744]},"properties":{"line":"96","mode":"bus","color":"#0059a9","colorDark":"#00294f","band":3,"off":[3.4,1.1]}},{"type":"Feature","geometry":{"type":"Point","coordinates":[20.448334,44.8744]},"properties":{"line":"101Nb","mode":"bus","color":"#0059a9","colorDark":"#00294f","band":3,"off":[6.8,1.1]}},{"type":"Feature","geometry":{"type":"Point","coordinates":[20.364451,44.802109]},"properties":{"name":"Novi Beograd /Blok 72/","band":3,"modes":"bus","arr":["89"],"off":[0,-0.8]}},{"type":"Feature","geometry":{"type":"Point","coordinates":[20.364451,44.802109]},"properties":{"line":"89","mode":"bus","color":"#0059a9","colorDark":"#00294f","band":3,"off":[0,1.1]}},{"type":"Feature","geometry":{"type":"Point","coordinates":[20.332433,44.717854]},"properties":{"name":"Okretnica /česma/","band":3,"modes":"bus","arr":["91a"],"off":[0,-0.8]}},{"type":"Feature","geometry":{"type":"Point","coordinates":[20.332433,44.717854]},"properties":{"line":"91a","mode":"bus","color":"#0059a9","colorDark":"#00294f","band":3,"off":[0,1.1]}},{"type":"Feature","geometry":{"type":"Point","coordinates":[20.319883,44.713621]},"properties":{"name":"Ostružnica /Novo naselje/","band":3,"modes":"bus","arr":["91"],"off":[0,-0.8]}},{"type":"Feature","geometry":{"type":"Point","coordinates":[20.319883,44.713621]},"properties":{"line":"91","mode":"bus","color":"#0059a9","colorDark":"#00294f","band":3,"off":[0,1.1]}},{"type":"Feature","geometry":{"type":"Point","coordinates":[20.309686,44.718189]},"properties":{"name":"Ostružnica /Karaula/","band":3,"modes":"bus","arr":["92"],"off":[0,-0.8]}},{"type":"Feature","geometry":{"type":"Point","coordinates":[20.309686,44.718189]},"properties":{"line":"92","mode":"bus","color":"#0059a9","colorDark":"#00294f","band":3,"off":[0,1.1]}},{"type":"Feature","geometry":{"type":"Point","coordinates":[20.464355,44.71148]},"properties":{"name":"Resnik (Edvarda Griga)","band":3,"modes":"bus","arr":["94"],"off":[0,-0.8]}},{"type":"Feature","geometry":{"type":"Point","coordinates":[20.464355,44.71148]},"properties":{"line":"94","mode":"bus","color":"#0059a9","colorDark":"#00294f","band":3,"off":[0,1.1]}},{"type":"Feature","geometry":{"type":"Point","coordinates":[20.489865,44.815302]},"properties":{"name":"Omladinski stadion/izlaz/","band":3,"modes":"bus","arr":["101","104","105","106","108","111","202"],"off":[0,-0.8]}},{"type":"Feature","geometry":{"type":"Point","coordinates":[20.489865,44.815302]},"properties":{"name":"Omladinski stadion /ulaz/","band":3,"modes":"bus","arr":["101","104","105","106","108","111","202"],"off":[0,-3]}},{"type":"Feature","geometry":{"type":"Point","coordinates":[20.489865,44.815302]},"properties":{"name":"Omladinski stadion","band":3,"modes":"bus","arr":["101","104","105","106","108","111","202"],"off":[0,-5.2]}},{"type":"Feature","geometry":{"type":"Point","coordinates":[20.489865,44.815302]},"properties":{"line":"101","mode":"bus","color":"#0059a9","colorDark":"#00294f","band":3,"off":[-6.8,1.1]}},{"type":"Feature","geometry":{"type":"Point","coordinates":[20.489865,44.815302]},"properties":{"line":"104","mode":"bus","color":"#0059a9","colorDark":"#00294f","band":3,"off":[-3.4,1.1]}},{"type":"Feature","geometry":{"type":"Point","coordinates":[20.489865,44.815302]},"properties":{"line":"105","mode":"bus","color":"#0059a9","colorDark":"#00294f","band":3,"off":[0,1.1]}},{"type":"Feature","geometry":{"type":"Point","coordinates":[20.489865,44.815302]},"properties":{"line":"106","mode":"bus","color":"#0059a9","colorDark":"#00294f","band":3,"off":[3.4,1.1]}},{"type":"Feature","geometry":{"type":"Point","coordinates":[20.489865,44.815302]},"properties":{"line":"108","mode":"bus","color":"#0059a9","colorDark":"#00294f","band":3,"off":[6.8,1.1]}},{"type":"Feature","geometry":{"type":"Point","coordinates":[20.489865,44.815302]},"properties":{"line":"111","mode":"bus","color":"#0059a9","colorDark":"#00294f","band":3,"off":[-1.7,3.1]}},{"type":"Feature","geometry":{"type":"Point","coordinates":[20.489865,44.815302]},"properties":{"line":"202","mode":"bus","color":"#0059a9","colorDark":"#00294f","band":3,"off":[1.7,3.1]}},{"type":"Feature","geometry":{"type":"Point","coordinates":[20.424896,44.944881]},"properties":{"name":"Padinska skela","band":3,"modes":"bus","arr":["101","101N","101Na","102","102a","102b","102P","103","107","107a","109","110"],"off":[0,-0.8]}},{"type":"Feature","geometry":{"type":"Point","coordinates":[20.424896,44.944881]},"properties":{"line":"101","mode":"bus","color":"#0059a9","colorDark":"#00294f","band":3,"off":[-6.8,1.1]}},{"type":"Feature","geometry":{"type":"Point","coordinates":[20.424896,44.944881]},"properties":{"line":"101N","mode":"bus","color":"#0059a9","colorDark":"#00294f","band":3,"off":[-3.4,1.1]}},{"type":"Feature","geometry":{"type":"Point","coordinates":[20.424896,44.944881]},"properties":{"line":"101Na","mode":"bus","color":"#0059a9","colorDark":"#00294f","band":3,"off":[0,1.1]}},{"type":"Feature","geometry":{"type":"Point","coordinates":[20.424896,44.944881]},"properties":{"line":"102","mode":"bus","color":"#0059a9","colorDark":"#00294f","band":3,"off":[3.4,1.1]}},{"type":"Feature","geometry":{"type":"Point","coordinates":[20.424896,44.944881]},"properties":{"line":"102a","mode":"bus","color":"#0059a9","colorDark":"#00294f","band":3,"off":[6.8,1.1]}},{"type":"Feature","geometry":{"type":"Point","coordinates":[20.424896,44.944881]},"properties":{"line":"102b","mode":"bus","color":"#0059a9","colorDark":"#00294f","band":3,"off":[-6.8,3.1]}},{"type":"Feature","geometry":{"type":"Point","coordinates":[20.424896,44.944881]},"properties":{"line":"102P","mode":"bus","color":"#0059a9","colorDark":"#00294f","band":3,"off":[-3.4,3.1]}},{"type":"Feature","geometry":{"type":"Point","coordinates":[20.424896,44.944881]},"properties":{"line":"103","mode":"bus","color":"#0059a9","colorDark":"#00294f","band":3,"off":[0,3.1]}},{"type":"Feature","geometry":{"type":"Point","coordinates":[20.424896,44.944881]},"properties":{"line":"107","mode":"bus","color":"#0059a9","colorDark":"#00294f","band":3,"off":[3.4,3.1]}},{"type":"Feature","geometry":{"type":"Point","coordinates":[20.424896,44.944881]},"properties":{"line":"107a","mode":"bus","color":"#0059a9","colorDark":"#00294f","band":3,"off":[6.8,3.1]}},{"type":"Feature","geometry":{"type":"Point","coordinates":[20.424896,44.944881]},"properties":{"line":"109","mode":"bus","color":"#0059a9","colorDark":"#00294f","band":3,"off":[-1.7,5.1]}},{"type":"Feature","geometry":{"type":"Point","coordinates":[20.424896,44.944881]},"properties":{"line":"110","mode":"bus","color":"#0059a9","colorDark":"#00294f","band":3,"off":[1.7,5.1]}},{"type":"Feature","geometry":{"type":"Point","coordinates":[20.35635,44.977997]},"properties":{"name":"Vrbovski","band":3,"modes":"bus","arr":["102","102a"],"off":[0,-0.8]}},{"type":"Feature","geometry":{"type":"Point","coordinates":[20.35635,44.977997]},"properties":{"line":"102","mode":"bus","color":"#0059a9","colorDark":"#00294f","band":3,"off":[-1.7,1.1]}},{"type":"Feature","geometry":{"type":"Point","coordinates":[20.35635,44.977997]},"properties":{"line":"102a","mode":"bus","color":"#0059a9","colorDark":"#00294f","band":3,"off":[1.7,1.1]}},{"type":"Feature","geometry":{"type":"Point","coordinates":[20.38687,45.017152]},"properties":{"name":"Preliv","band":3,"modes":"bus","arr":["102P"],"off":[0,-0.8]}},{"type":"Feature","geometry":{"type":"Point","coordinates":[20.38687,45.017152]},"properties":{"line":"102P","mode":"bus","color":"#0059a9","colorDark":"#00294f","band":3,"off":[0,1.1]}},{"type":"Feature","geometry":{"type":"Point","coordinates":[20.417758,44.860831]},"properties":{"name":"Crvenka","band":3,"modes":"bus","arr":["104"],"off":[0,-0.8]}},{"type":"Feature","geometry":{"type":"Point","coordinates":[20.417758,44.860831]},"properties":{"line":"104","mode":"bus","color":"#0059a9","colorDark":"#00294f","band":3,"off":[0,1.1]}},{"type":"Feature","geometry":{"type":"Point","coordinates":[20.53529,44.887972]},"properties":{"name":"Ovča /centar/","band":3,"modes":"bus","arr":["105N"],"off":[0,-0.8]}},{"type":"Feature","geometry":{"type":"Point","coordinates":[20.53529,44.887972]},"properties":{"line":"105N","mode":"bus","color":"#0059a9","colorDark":"#00294f","band":3,"off":[0,1.1]}},{"type":"Feature","geometry":{"type":"Point","coordinates":[20.543306,44.875509]},"properties":{"name":"Ovča /Železnička stanica/","band":3,"modes":"bus","arr":["105","105L"],"off":[0,-0.8]}},{"type":"Feature","geometry":{"type":"Point","coordinates":[20.543306,44.875509]},"properties":{"line":"105","mode":"bus","color":"#0059a9","colorDark":"#00294f","band":3,"off":[-1.7,1.1]}},{"type":"Feature","geometry":{"type":"Point","coordinates":[20.543306,44.875509]},"properties":{"line":"105L","mode":"bus","color":"#0059a9","colorDark":"#00294f","band":3,"off":[1.7,1.1]}},{"type":"Feature","geometry":{"type":"Point","coordinates":[20.557663,44.918112]},"properties":{"name":"Jabučki rit","band":3,"modes":"bus","arr":["106"],"off":[0,-0.8]}},{"type":"Feature","geometry":{"type":"Point","coordinates":[20.557663,44.918112]},"properties":{"line":"106","mode":"bus","color":"#0059a9","colorDark":"#00294f","band":3,"off":[0,1.1]}},{"type":"Feature","geometry":{"type":"Point","coordinates":[20.383278,45.067019]},"properties":{"name":"Dunavac","band":3,"modes":"bus","arr":["107","107a"],"off":[0,-0.8]}},{"type":"Feature","geometry":{"type":"Point","coordinates":[20.383278,45.067019]},"properties":{"line":"107","mode":"bus","color":"#0059a9","colorDark":"#00294f","band":3,"off":[-1.7,1.1]}},{"type":"Feature","geometry":{"type":"Point","coordinates":[20.383278,45.067019]},"properties":{"line":"107a","mode":"bus","color":"#0059a9","colorDark":"#00294f","band":3,"off":[1.7,1.1]}},{"type":"Feature","geometry":{"type":"Point","coordinates":[20.614793,44.870185]},"properties":{"name":"Reva /Duboka bara/","band":3,"modes":"bus","arr":["108","112"],"off":[0,-0.8]}},{"type":"Feature","geometry":{"type":"Point","coordinates":[20.614793,44.870185]},"properties":{"line":"108","mode":"bus","color":"#0059a9","colorDark":"#00294f","band":3,"off":[-1.7,1.1]}},{"type":"Feature","geometry":{"type":"Point","coordinates":[20.614793,44.870185]},"properties":{"line":"112","mode":"bus","color":"#0059a9","colorDark":"#00294f","band":3,"off":[1.7,1.1]}},{"type":"Feature","geometry":{"type":"Point","coordinates":[20.380627,45.064503]},"properties":{"name":"Put za Dunavac","band":3,"modes":"bus","arr":["109"],"off":[0,-0.8]}},{"type":"Feature","geometry":{"type":"Point","coordinates":[20.380627,45.064503]},"properties":{"line":"109","mode":"bus","color":"#0059a9","colorDark":"#00294f","band":3,"off":[0,1.1]}},{"type":"Feature","geometry":{"type":"Point","coordinates":[20.467818,45.004088]},"properties":{"name":"Obala Tamiša","band":3,"modes":"bus","arr":["110"],"off":[0,-0.8]}},{"type":"Feature","geometry":{"type":"Point","coordinates":[20.467818,45.004088]},"properties":{"line":"110","mode":"bus","color":"#0059a9","colorDark":"#00294f","band":3,"off":[0,1.1]}},{"type":"Feature","geometry":{"type":"Point","coordinates":[20.464114,45.002663]},"properties":{"name":"Obala Tamiša","band":3,"modes":"bus","arr":["110"],"off":[0,-0.8]}},{"type":"Feature","geometry":{"type":"Point","coordinates":[20.464114,45.002663]},"properties":{"line":"110","mode":"bus","color":"#0059a9","colorDark":"#00294f","band":3,"off":[0,1.1]}},{"type":"Feature","geometry":{"type":"Point","coordinates":[20.456234,44.91116]},"properties":{"name":"SC Kovilovo","band":3,"modes":"bus","arr":["111"],"off":[0,-0.8]}},{"type":"Feature","geometry":{"type":"Point","coordinates":[20.456234,44.91116]},"properties":{"line":"111","mode":"bus","color":"#0059a9","colorDark":"#00294f","band":3,"off":[0,1.1]}},{"type":"Feature","geometry":{"type":"Point","coordinates":[20.601538,44.812162]},"properties":{"name":"Veliko selo","band":3,"modes":"bus","arr":["202","202N"],"off":[0,-0.8]}},{"type":"Feature","geometry":{"type":"Point","coordinates":[20.601538,44.812162]},"properties":{"line":"202","mode":"bus","color":"#0059a9","colorDark":"#00294f","band":3,"off":[-1.7,1.1]}},{"type":"Feature","geometry":{"type":"Point","coordinates":[20.601538,44.812162]},"properties":{"line":"202N","mode":"bus","color":"#0059a9","colorDark":"#00294f","band":3,"off":[1.7,1.1]}},{"type":"Feature","geometry":{"type":"Point","coordinates":[20.560583,44.752192]},"properties":{"name":"Kaluđerica","band":3,"modes":"bus","arr":["301Na","309"],"off":[0,-0.8]}},{"type":"Feature","geometry":{"type":"Point","coordinates":[20.560583,44.752192]},"properties":{"line":"301Na","mode":"bus","color":"#0059a9","colorDark":"#00294f","band":3,"off":[-1.7,1.1]}},{"type":"Feature","geometry":{"type":"Point","coordinates":[20.560583,44.752192]},"properties":{"line":"309","mode":"bus","color":"#0059a9","colorDark":"#00294f","band":3,"off":[1.7,1.1]}},{"type":"Feature","geometry":{"type":"Point","coordinates":[20.564426,44.764544]},"properties":{"name":"Put za Institut","band":3,"modes":"bus","arr":["309L"],"off":[0,-0.8]}},{"type":"Feature","geometry":{"type":"Point","coordinates":[20.564426,44.764544]},"properties":{"line":"309L","mode":"bus","color":"#0059a9","colorDark":"#00294f","band":3,"off":[0,1.1]}},{"type":"Feature","geometry":{"type":"Point","coordinates":[20.716271,44.673624]},"properties":{"name":"Šumadijska","band":3,"modes":"bus","arr":["304Na"],"off":[0,-0.8]}},{"type":"Feature","geometry":{"type":"Point","coordinates":[20.716271,44.673624]},"properties":{"line":"304Na","mode":"bus","color":"#0059a9","colorDark":"#00294f","band":3,"off":[0,1.1]}},{"type":"Feature","geometry":{"type":"Point","coordinates":[20.716565,44.669644]},"properties":{"name":"JA","band":3,"modes":"bus","arr":["301Na"],"off":[0,-0.8]}},{"type":"Feature","geometry":{"type":"Point","coordinates":[20.716565,44.669644]},"properties":{"line":"301Na","mode":"bus","color":"#0059a9","colorDark":"#00294f","band":3,"off":[0,1.1]}},{"type":"Feature","geometry":{"type":"Point","coordinates":[20.717628,44.670507]},"properties":{"name":"Grocka","band":3,"modes":"bus","arr":["301Na"],"off":[0,-0.8]}},{"type":"Feature","geometry":{"type":"Point","coordinates":[20.717628,44.670507]},"properties":{"line":"301Na","mode":"bus","color":"#0059a9","colorDark":"#00294f","band":3,"off":[0,1.1]}},{"type":"Feature","geometry":{"type":"Point","coordinates":[20.695033,44.632261]},"properties":{"name":"Begaljica","band":3,"modes":"bus","arr":["302","302a","302b","302N"],"off":[0,-0.8]}},{"type":"Feature","geometry":{"type":"Point","coordinates":[20.695033,44.632261]},"properties":{"line":"302","mode":"bus","color":"#0059a9","colorDark":"#00294f","band":3,"off":[-5.1,1.1]}},{"type":"Feature","geometry":{"type":"Point","coordinates":[20.695033,44.632261]},"properties":{"line":"302a","mode":"bus","color":"#0059a9","colorDark":"#00294f","band":3,"off":[-1.7,1.1]}},{"type":"Feature","geometry":{"type":"Point","coordinates":[20.695033,44.632261]},"properties":{"line":"302b","mode":"bus","color":"#0059a9","colorDark":"#00294f","band":3,"off":[1.7,1.1]}},{"type":"Feature","geometry":{"type":"Point","coordinates":[20.695033,44.632261]},"properties":{"line":"302N","mode":"bus","color":"#0059a9","colorDark":"#00294f","band":3,"off":[5.1,1.1]}},{"type":"Feature","geometry":{"type":"Point","coordinates":[20.607572,44.722069]},"properties":{"name":"Boleč","band":3,"modes":"bus","arr":["305","305a"],"off":[0,-0.8]}},{"type":"Feature","geometry":{"type":"Point","coordinates":[20.607572,44.722069]},"properties":{"line":"305","mode":"bus","color":"#0059a9","colorDark":"#00294f","band":3,"off":[-1.7,1.1]}},{"type":"Feature","geometry":{"type":"Point","coordinates":[20.607572,44.722069]},"properties":{"line":"305a","mode":"bus","color":"#0059a9","colorDark":"#00294f","band":3,"off":[1.7,1.1]}},{"type":"Feature","geometry":{"type":"Point","coordinates":[20.596041,44.671626]},"properties":{"name":"Vrčin","band":3,"modes":"bus","arr":["303"],"off":[0,-0.8]}},{"type":"Feature","geometry":{"type":"Point","coordinates":[20.596041,44.671626]},"properties":{"line":"303","mode":"bus","color":"#0059a9","colorDark":"#00294f","band":3,"off":[0,1.1]}},{"type":"Feature","geometry":{"type":"Point","coordinates":[20.659016,44.738651]},"properties":{"name":"Ritopek","band":3,"modes":"bus","arr":["304","304N","304Nb"],"off":[0,-0.8]}},{"type":"Feature","geometry":{"type":"Point","coordinates":[20.659016,44.738651]},"properties":{"line":"304","mode":"bus","color":"#0059a9","colorDark":"#00294f","band":3,"off":[-3.4,1.1]}},{"type":"Feature","geometry":{"type":"Point","coordinates":[20.659016,44.738651]},"properties":{"line":"304N","mode":"bus","color":"#0059a9","colorDark":"#00294f","band":3,"off":[0,1.1]}},{"type":"Feature","geometry":{"type":"Point","coordinates":[20.659016,44.738651]},"properties":{"line":"304Nb","mode":"bus","color":"#0059a9","colorDark":"#00294f","band":3,"off":[3.4,1.1]}},{"type":"Feature","geometry":{"type":"Point","coordinates":[20.610752,44.767116]},"properties":{"name":"Vinča","band":3,"modes":"bus","arr":["307","307N","307Na"],"off":[0,-0.8]}},{"type":"Feature","geometry":{"type":"Point","coordinates":[20.610752,44.767116]},"properties":{"line":"307","mode":"bus","color":"#0059a9","colorDark":"#00294f","band":3,"off":[-3.4,1.1]}},{"type":"Feature","geometry":{"type":"Point","coordinates":[20.610752,44.767116]},"properties":{"line":"307N","mode":"bus","color":"#0059a9","colorDark":"#00294f","band":3,"off":[0,1.1]}},{"type":"Feature","geometry":{"type":"Point","coordinates":[20.610752,44.767116]},"properties":{"line":"307Na","mode":"bus","color":"#0059a9","colorDark":"#00294f","band":3,"off":[3.4,1.1]}},{"type":"Feature","geometry":{"type":"Point","coordinates":[20.57551,44.730423]},"properties":{"name":"Leštane","band":3,"modes":"bus","arr":["306","306b","306v"],"off":[0,-0.8]}},{"type":"Feature","geometry":{"type":"Point","coordinates":[20.57551,44.730423]},"properties":{"line":"306","mode":"bus","color":"#0059a9","colorDark":"#00294f","band":3,"off":[-3.4,1.1]}},{"type":"Feature","geometry":{"type":"Point","coordinates":[20.57551,44.730423]},"properties":{"line":"306b","mode":"bus","color":"#0059a9","colorDark":"#00294f","band":3,"off":[0,1.1]}},{"type":"Feature","geometry":{"type":"Point","coordinates":[20.57551,44.730423]},"properties":{"line":"306v","mode":"bus","color":"#0059a9","colorDark":"#00294f","band":3,"off":[3.4,1.1]}},{"type":"Feature","geometry":{"type":"Point","coordinates":[20.546664,44.736602]},"properties":{"name":"Bubanj potok","band":3,"modes":"bus","arr":["306a"],"off":[0,-0.8]}},{"type":"Feature","geometry":{"type":"Point","coordinates":[20.546664,44.736602]},"properties":{"line":"306a","mode":"bus","color":"#0059a9","colorDark":"#00294f","band":3,"off":[0,1.1]}},{"type":"Feature","geometry":{"type":"Point","coordinates":[20.504527,44.794124]},"properties":{"name":"Zvezdara /pijaca/","band":3,"modes":"bus","arr":["309"],"off":[0,-0.8]}},{"type":"Feature","geometry":{"type":"Point","coordinates":[20.504527,44.794124]},"properties":{"line":"309","mode":"bus","color":"#0059a9","colorDark":"#00294f","band":3,"off":[0,1.1]}},{"type":"Feature","geometry":{"type":"Point","coordinates":[20.552922,44.755236]},"properties":{"name":"Kaluđerica (Višnjićeva)","band":3,"modes":"bus","arr":["309L"],"off":[0,-0.8]}},{"type":"Feature","geometry":{"type":"Point","coordinates":[20.552922,44.755236]},"properties":{"line":"309L","mode":"bus","color":"#0059a9","colorDark":"#00294f","band":3,"off":[0,1.1]}},{"type":"Feature","geometry":{"type":"Point","coordinates":[20.531076,44.774074]},"properties":{"name":"Mali mokri lug (crkva)","band":3,"modes":"bus","arr":["310"],"off":[0,-0.8]}},{"type":"Feature","geometry":{"type":"Point","coordinates":[20.531076,44.774074]},"properties":{"line":"310","mode":"bus","color":"#0059a9","colorDark":"#00294f","band":3,"off":[0,1.1]}},{"type":"Feature","geometry":{"type":"Point","coordinates":[20.583078,44.719546]},"properties":{"name":"Leštane (Ravan)","band":3,"modes":"bus","arr":["311"],"off":[0,-0.8]}},{"type":"Feature","geometry":{"type":"Point","coordinates":[20.583078,44.719546]},"properties":{"line":"311","mode":"bus","color":"#0059a9","colorDark":"#00294f","band":3,"off":[0,1.1]}},{"type":"Feature","geometry":{"type":"Point","coordinates":[20.525444,44.760418]},"properties":{"name":"M.Z. VML","band":3,"modes":"bus","arr":["312"],"off":[0,-0.8]}},{"type":"Feature","geometry":{"type":"Point","coordinates":[20.525444,44.760418]},"properties":{"line":"312","mode":"bus","color":"#0059a9","colorDark":"#00294f","band":3,"off":[0,1.1]}},{"type":"Feature","geometry":{"type":"Point","coordinates":[20.47084,44.695858]},"properties":{"name":"Pinosava","band":3,"modes":"bus","arr":["401","401a","401N"],"off":[0,-0.8]}},{"type":"Feature","geometry":{"type":"Point","coordinates":[20.47084,44.695858]},"properties":{"line":"401","mode":"bus","color":"#0059a9","colorDark":"#00294f","band":3,"off":[-3.4,1.1]}},{"type":"Feature","geometry":{"type":"Point","coordinates":[20.47084,44.695858]},"properties":{"line":"401a","mode":"bus","color":"#0059a9","colorDark":"#00294f","band":3,"off":[0,1.1]}},{"type":"Feature","geometry":{"type":"Point","coordinates":[20.47084,44.695858]},"properties":{"line":"401N","mode":"bus","color":"#0059a9","colorDark":"#00294f","band":3,"off":[3.4,1.1]}},{"type":"Feature","geometry":{"type":"Point","coordinates":[20.52681,44.709256]},"properties":{"name":"Beli potok","band":3,"modes":"bus","arr":["402"],"off":[0,-0.8]}},{"type":"Feature","geometry":{"type":"Point","coordinates":[20.52681,44.709256]},"properties":{"line":"402","mode":"bus","color":"#0059a9","colorDark":"#00294f","band":3,"off":[0,1.1]}},{"type":"Feature","geometry":{"type":"Point","coordinates":[20.483945,44.760881]},"properties":{"name":"Voždovac","band":3,"modes":"bus","arr":["403","405","406","406L","407","408","409","503"],"off":[0,-0.8]}},{"type":"Feature","geometry":{"type":"Point","coordinates":[20.483945,44.760881]},"properties":{"line":"403","mode":"bus","color":"#0059a9","colorDark":"#00294f","band":3,"off":[-6.8,1.1]}},{"type":"Feature","geometry":{"type":"Point","coordinates":[20.483945,44.760881]},"properties":{"line":"405","mode":"bus","color":"#0059a9","colorDark":"#00294f","band":3,"off":[-3.4,1.1]}},{"type":"Feature","geometry":{"type":"Point","coordinates":[20.483945,44.760881]},"properties":{"line":"406","mode":"bus","color":"#0059a9","colorDark":"#00294f","band":3,"off":[0,1.1]}},{"type":"Feature","geometry":{"type":"Point","coordinates":[20.483945,44.760881]},"properties":{"line":"406L","mode":"bus","color":"#0059a9","colorDark":"#00294f","band":3,"off":[3.4,1.1]}},{"type":"Feature","geometry":{"type":"Point","coordinates":[20.483945,44.760881]},"properties":{"line":"407","mode":"bus","color":"#0059a9","colorDark":"#00294f","band":3,"off":[6.8,1.1]}},{"type":"Feature","geometry":{"type":"Point","coordinates":[20.483945,44.760881]},"properties":{"line":"408","mode":"bus","color":"#0059a9","colorDark":"#00294f","band":3,"off":[-3.4,3.1]}},{"type":"Feature","geometry":{"type":"Point","coordinates":[20.483945,44.760881]},"properties":{"line":"409","mode":"bus","color":"#0059a9","colorDark":"#00294f","band":3,"off":[0,3.1]}},{"type":"Feature","geometry":{"type":"Point","coordinates":[20.483945,44.760881]},"properties":{"line":"503","mode":"bus","color":"#0059a9","colorDark":"#00294f","band":3,"off":[3.4,3.1]}},{"type":"Feature","geometry":{"type":"Point","coordinates":[20.540065,44.696947]},"properties":{"name":"Zuce","band":3,"modes":"bus","arr":["403"],"off":[0,-0.8]}},{"type":"Feature","geometry":{"type":"Point","coordinates":[20.540065,44.696947]},"properties":{"line":"403","mode":"bus","color":"#0059a9","colorDark":"#00294f","band":3,"off":[0,1.1]}},{"type":"Feature","geometry":{"type":"Point","coordinates":[20.474515,44.657537]},"properties":{"name":"Bela reka","band":3,"modes":"bus","arr":["404","407","407L"],"off":[0,-0.8]}},{"type":"Feature","geometry":{"type":"Point","coordinates":[20.474515,44.657537]},"properties":{"line":"404","mode":"bus","color":"#0059a9","colorDark":"#00294f","band":3,"off":[-3.4,1.1]}},{"type":"Feature","geometry":{"type":"Point","coordinates":[20.474515,44.657537]},"properties":{"line":"407","mode":"bus","color":"#0059a9","colorDark":"#00294f","band":3,"off":[0,1.1]}},{"type":"Feature","geometry":{"type":"Point","coordinates":[20.474515,44.657537]},"properties":{"line":"407L","mode":"bus","color":"#0059a9","colorDark":"#00294f","band":3,"off":[3.4,1.1]}},{"type":"Feature","geometry":{"type":"Point","coordinates":[20.555784,44.608664]},"properties":{"name":"Trešnja /okretnica/","band":3,"modes":"bus","arr":["404"],"off":[0,-0.8]}},{"type":"Feature","geometry":{"type":"Point","coordinates":[20.555784,44.608664]},"properties":{"line":"404","mode":"bus","color":"#0059a9","colorDark":"#00294f","band":3,"off":[0,1.1]}},{"type":"Feature","geometry":{"type":"Point","coordinates":[20.45504,44.615207]},"properties":{"name":"Glumčevo brdo","band":3,"modes":"bus","arr":["405","405L"],"off":[0,-0.8]}},{"type":"Feature","geometry":{"type":"Point","coordinates":[20.45504,44.615207]},"properties":{"line":"405","mode":"bus","color":"#0059a9","colorDark":"#00294f","band":3,"off":[-1.7,1.1]}},{"type":"Feature","geometry":{"type":"Point","coordinates":[20.45504,44.615207]},"properties":{"line":"405L","mode":"bus","color":"#0059a9","colorDark":"#00294f","band":3,"off":[1.7,1.1]}},{"type":"Feature","geometry":{"type":"Point","coordinates":[20.490872,44.704443]},"properties":{"name":"Institut Jaroslav Černi","band":3,"modes":"bus","arr":["406"],"off":[0,-0.8]}},{"type":"Feature","geometry":{"type":"Point","coordinates":[20.490872,44.704443]},"properties":{"line":"406","mode":"bus","color":"#0059a9","colorDark":"#00294f","band":3,"off":[0,1.1]}},{"type":"Feature","geometry":{"type":"Point","coordinates":[20.519764,44.711887]},"properties":{"name":"Beli potok (Igralište)","band":3,"modes":"bus","arr":["406L"],"off":[0,-0.8]}},{"type":"Feature","geometry":{"type":"Point","coordinates":[20.519764,44.711887]},"properties":{"line":"406L","mode":"bus","color":"#0059a9","colorDark":"#00294f","band":3,"off":[0,1.1]}},{"type":"Feature","geometry":{"type":"Point","coordinates":[20.428827,44.642392]},"properties":{"name":"Trebež (okretnica)","band":3,"modes":"bus","arr":["407L"],"off":[0,-0.8]}},{"type":"Feature","geometry":{"type":"Point","coordinates":[20.428827,44.642392]},"properties":{"line":"407L","mode":"bus","color":"#0059a9","colorDark":"#00294f","band":3,"off":[0,1.1]}},{"type":"Feature","geometry":{"type":"Point","coordinates":[20.581059,44.560483]},"properties":{"name":"Ralja /Drumine/","band":3,"modes":"bus","arr":["408"],"off":[0,-0.8]}},{"type":"Feature","geometry":{"type":"Point","coordinates":[20.581059,44.560483]},"properties":{"line":"408","mode":"bus","color":"#0059a9","colorDark":"#00294f","band":3,"off":[0,1.1]}},{"type":"Feature","geometry":{"type":"Point","coordinates":[20.413313,44.805723]},"properties":{"name":"BAS","band":3,"modes":"bus","arr":["493N"],"off":[0,-0.8]}},{"type":"Feature","geometry":{"type":"Point","coordinates":[20.413313,44.805723]},"properties":{"line":"493N","mode":"bus","color":"#0059a9","colorDark":"#00294f","band":3,"off":[0,1.1]}},{"type":"Feature","geometry":{"type":"Point","coordinates":[20.69215,44.439837]},"properties":{"name":"Mladenovac AS","band":3,"modes":"bus","arr":["493N"],"off":[0,-0.8]}},{"type":"Feature","geometry":{"type":"Point","coordinates":[20.69215,44.439837]},"properties":{"line":"493N","mode":"bus","color":"#0059a9","colorDark":"#00294f","band":3,"off":[0,1.1]}},{"type":"Feature","geometry":{"type":"Point","coordinates":[20.428177,44.715085]},"properties":{"name":"Staro Kijevo","band":3,"modes":"bus","arr":["501"],"off":[0,-0.8]}},{"type":"Feature","geometry":{"type":"Point","coordinates":[20.428177,44.715085]},"properties":{"line":"501","mode":"bus","color":"#0059a9","colorDark":"#00294f","band":3,"off":[0,1.1]}},{"type":"Feature","geometry":{"type":"Point","coordinates":[20.412509,44.709505]},"properties":{"name":"Orlovača groblje","band":3,"modes":"bus","arr":["502","533"],"off":[0,-0.8]}},{"type":"Feature","geometry":{"type":"Point","coordinates":[20.412509,44.709505]},"properties":{"line":"502","mode":"bus","color":"#0059a9","colorDark":"#00294f","band":3,"off":[-1.7,1.1]}},{"type":"Feature","geometry":{"type":"Point","coordinates":[20.412509,44.709505]},"properties":{"line":"533","mode":"bus","color":"#0059a9","colorDark":"#00294f","band":3,"off":[1.7,1.1]}},{"type":"Feature","geometry":{"type":"Point","coordinates":[20.46916,44.728251]},"properties":{"name":"Miljakovačke livade","band":3,"modes":"bus","arr":["505"],"off":[0,-0.8]}},{"type":"Feature","geometry":{"type":"Point","coordinates":[20.46916,44.728251]},"properties":{"line":"505","mode":"bus","color":"#0059a9","colorDark":"#00294f","band":3,"off":[0,1.1]}},{"type":"Feature","geometry":{"type":"Point","coordinates":[20.461006,44.69693]},"properties":{"name":"Resnik (Patin majdan)","band":3,"modes":"bus","arr":["506"],"off":[0,-0.8]}},{"type":"Feature","geometry":{"type":"Point","coordinates":[20.461006,44.69693]},"properties":{"line":"506","mode":"bus","color":"#0059a9","colorDark":"#00294f","band":3,"off":[0,1.1]}},{"type":"Feature","geometry":{"type":"Point","coordinates":[20.441432,44.690078]},"properties":{"name":"Oslobođenja 2","band":3,"modes":"bus","arr":["532","532a"],"off":[0,-0.8]}},{"type":"Feature","geometry":{"type":"Point","coordinates":[20.441432,44.690078]},"properties":{"line":"532","mode":"bus","color":"#0059a9","colorDark":"#00294f","band":3,"off":[-1.7,1.1]}},{"type":"Feature","geometry":{"type":"Point","coordinates":[20.441432,44.690078]},"properties":{"line":"532a","mode":"bus","color":"#0059a9","colorDark":"#00294f","band":3,"off":[1.7,1.1]}},{"type":"Feature","geometry":{"type":"Point","coordinates":[20.4464,44.675378]},"properties":{"name":"Rušanj (Drobnjački kraj)","band":3,"modes":"bus","arr":["507"],"off":[0,-0.8]}},{"type":"Feature","geometry":{"type":"Point","coordinates":[20.4464,44.675378]},"properties":{"line":"507","mode":"bus","color":"#0059a9","colorDark":"#00294f","band":3,"off":[0,1.1]}},{"type":"Feature","geometry":{"type":"Point","coordinates":[20.403913,44.650511]},"properties":{"name":"Sremčica","band":3,"modes":"bus","arr":["511","511N","511Na","551"],"off":[0,-0.8]}},{"type":"Feature","geometry":{"type":"Point","coordinates":[20.403913,44.650511]},"properties":{"line":"511","mode":"bus","color":"#0059a9","colorDark":"#00294f","band":3,"off":[-5.1,1.1]}},{"type":"Feature","geometry":{"type":"Point","coordinates":[20.403913,44.650511]},"properties":{"line":"511N","mode":"bus","color":"#0059a9","colorDark":"#00294f","band":3,"off":[-1.7,1.1]}},{"type":"Feature","geometry":{"type":"Point","coordinates":[20.403913,44.650511]},"properties":{"line":"511Na","mode":"bus","color":"#0059a9","colorDark":"#00294f","band":3,"off":[1.7,1.1]}},{"type":"Feature","geometry":{"type":"Point","coordinates":[20.403913,44.650511]},"properties":{"line":"551","mode":"bus","color":"#0059a9","colorDark":"#00294f","band":3,"off":[5.1,1.1]}},{"type":"Feature","geometry":{"type":"Point","coordinates":[20.384755,44.689187]},"properties":{"name":"Sremčica /Naselje Gorica/","band":3,"modes":"bus","arr":["512","513"],"off":[0,-0.8]}},{"type":"Feature","geometry":{"type":"Point","coordinates":[20.384755,44.689187]},"properties":{"line":"512","mode":"bus","color":"#0059a9","colorDark":"#00294f","band":3,"off":[-1.7,1.1]}},{"type":"Feature","geometry":{"type":"Point","coordinates":[20.384755,44.689187]},"properties":{"line":"513","mode":"bus","color":"#0059a9","colorDark":"#00294f","band":3,"off":[1.7,1.1]}},{"type":"Feature","geometry":{"type":"Point","coordinates":[20.360697,44.674069]},"properties":{"name":"Velika Moštanica (Živojina Tabakovića)","band":3,"modes":"bus","arr":["513"],"off":[0,-0.8]}},{"type":"Feature","geometry":{"type":"Point","coordinates":[20.360697,44.674069]},"properties":{"line":"513","mode":"bus","color":"#0059a9","colorDark":"#00294f","band":3,"off":[0,1.1]}},{"type":"Feature","geometry":{"type":"Point","coordinates":[20.378748,44.713028]},"properties":{"name":"Železnik /Tariš/","band":3,"modes":"bus","arr":["521","521a"],"off":[0,-0.8]}},{"type":"Feature","geometry":{"type":"Point","coordinates":[20.378748,44.713028]},"properties":{"line":"521","mode":"bus","color":"#0059a9","colorDark":"#00294f","band":3,"off":[-1.7,1.1]}},{"type":"Feature","geometry":{"type":"Point","coordinates":[20.378748,44.713028]},"properties":{"line":"521a","mode":"bus","color":"#0059a9","colorDark":"#00294f","band":3,"off":[1.7,1.1]}},{"type":"Feature","geometry":{"type":"Point","coordinates":[20.521966,44.64789]},"properties":{"name":"Ripanj /groblje/","band":3,"modes":"bus","arr":["534"],"off":[0,-0.8]}},{"type":"Feature","geometry":{"type":"Point","coordinates":[20.521966,44.64789]},"properties":{"line":"534","mode":"bus","color":"#0059a9","colorDark":"#00294f","band":3,"off":[0,1.1]}},{"type":"Feature","geometry":{"type":"Point","coordinates":[20.315068,44.655913]},"properties":{"name":"Rucka /Okretnica/","band":3,"modes":"bus","arr":["553"],"off":[0,-0.8]}},{"type":"Feature","geometry":{"type":"Point","coordinates":[20.315068,44.655913]},"properties":{"line":"553","mode":"bus","color":"#0059a9","colorDark":"#00294f","band":3,"off":[0,1.1]}},{"type":"Feature","geometry":{"type":"Point","coordinates":[20.264269,44.379068]},"properties":{"name":"Lazarevac AS","band":3,"modes":"bus","arr":["581N"],"off":[0,-0.8]}},{"type":"Feature","geometry":{"type":"Point","coordinates":[20.264269,44.379068]},"properties":{"line":"581N","mode":"bus","color":"#0059a9","colorDark":"#00294f","band":3,"off":[0,1.1]}},{"type":"Feature","geometry":{"type":"Point","coordinates":[20.26962,44.790873]},"properties":{"name":"Surčin /centar/","band":3,"modes":"bus","arr":["601N","601Na"],"off":[0,-0.8]}},{"type":"Feature","geometry":{"type":"Point","coordinates":[20.26962,44.790873]},"properties":{"line":"601N","mode":"bus","color":"#0059a9","colorDark":"#00294f","band":3,"off":[-1.7,1.1]}},{"type":"Feature","geometry":{"type":"Point","coordinates":[20.26962,44.790873]},"properties":{"line":"601Na","mode":"bus","color":"#0059a9","colorDark":"#00294f","band":3,"off":[1.7,1.1]}},{"type":"Feature","geometry":{"type":"Point","coordinates":[20.249578,44.780884]},"properties":{"name":"Surčin","band":3,"modes":"bus","arr":["601","606"],"off":[0,-0.8]}},{"type":"Feature","geometry":{"type":"Point","coordinates":[20.249578,44.780884]},"properties":{"line":"601","mode":"bus","color":"#0059a9","colorDark":"#00294f","band":3,"off":[-1.7,1.1]}},{"type":"Feature","geometry":{"type":"Point","coordinates":[20.249578,44.780884]},"properties":{"line":"606","mode":"bus","color":"#0059a9","colorDark":"#00294f","band":3,"off":[1.7,1.1]}},{"type":"Feature","geometry":{"type":"Point","coordinates":[20.270579,44.745327]},"properties":{"name":"Jakovo","band":3,"modes":"bus","arr":["610","610e","610ea"],"off":[0,-0.8]}},{"type":"Feature","geometry":{"type":"Point","coordinates":[20.270579,44.745327]},"properties":{"line":"610","mode":"bus","color":"#0059a9","colorDark":"#00294f","band":3,"off":[-3.4,1.1]}},{"type":"Feature","geometry":{"type":"Point","coordinates":[20.270579,44.745327]},"properties":{"line":"610e","mode":"bus","color":"#0059a9","colorDark":"#00294f","band":3,"off":[0,1.1]}},{"type":"Feature","geometry":{"type":"Point","coordinates":[20.270579,44.745327]},"properties":{"line":"610ea","mode":"bus","color":"#0059a9","colorDark":"#00294f","band":3,"off":[3.4,1.1]}},{"type":"Feature","geometry":{"type":"Point","coordinates":[20.231756,44.787999]},"properties":{"name":"SRC Surčin","band":3,"modes":"bus","arr":["602"],"off":[0,-0.8]}},{"type":"Feature","geometry":{"type":"Point","coordinates":[20.231756,44.787999]},"properties":{"line":"602","mode":"bus","color":"#0059a9","colorDark":"#00294f","band":3,"off":[0,1.1]}},{"type":"Feature","geometry":{"type":"Point","coordinates":[20.18001,44.878025]},"properties":{"name":"Ugrinovci","band":3,"modes":"bus","arr":["603","603N","603Na","703","711"],"off":[0,-0.8]}},{"type":"Feature","geometry":{"type":"Point","coordinates":[20.18001,44.878025]},"properties":{"line":"603","mode":"bus","color":"#0059a9","colorDark":"#00294f","band":3,"off":[-6.8,1.1]}},{"type":"Feature","geometry":{"type":"Point","coordinates":[20.18001,44.878025]},"properties":{"line":"603N","mode":"bus","color":"#0059a9","colorDark":"#00294f","band":3,"off":[-3.4,1.1]}},{"type":"Feature","geometry":{"type":"Point","coordinates":[20.18001,44.878025]},"properties":{"line":"603Na","mode":"bus","color":"#0059a9","colorDark":"#00294f","band":3,"off":[0,1.1]}},{"type":"Feature","geometry":{"type":"Point","coordinates":[20.18001,44.878025]},"properties":{"line":"703","mode":"bus","color":"#0059a9","colorDark":"#00294f","band":3,"off":[3.4,1.1]}},{"type":"Feature","geometry":{"type":"Point","coordinates":[20.18001,44.878025]},"properties":{"line":"711","mode":"bus","color":"#0059a9","colorDark":"#00294f","band":3,"off":[6.8,1.1]}},{"type":"Feature","geometry":{"type":"Point","coordinates":[20.100824,44.806024]},"properties":{"name":"Preka kaldrma","band":3,"modes":"bus","arr":["604"],"off":[0,-0.8]}},{"type":"Feature","geometry":{"type":"Point","coordinates":[20.100824,44.806024]},"properties":{"line":"604","mode":"bus","color":"#0059a9","colorDark":"#00294f","band":3,"off":[0,1.1]}},{"type":"Feature","geometry":{"type":"Point","coordinates":[20.149697,44.718214]},"properties":{"name":"Progar","band":3,"modes":"bus","arr":["605"],"off":[0,-0.8]}},{"type":"Feature","geometry":{"type":"Point","coordinates":[20.149697,44.718214]},"properties":{"line":"605","mode":"bus","color":"#0059a9","colorDark":"#00294f","band":3,"off":[0,1.1]}},{"type":"Feature","geometry":{"type":"Point","coordinates":[20.147378,44.855457]},"properties":{"name":"Grmovac /25.nova/","band":3,"modes":"bus","arr":["606"],"off":[0,-0.8]}},{"type":"Feature","geometry":{"type":"Point","coordinates":[20.147378,44.855457]},"properties":{"line":"606","mode":"bus","color":"#0059a9","colorDark":"#00294f","band":3,"off":[0,1.1]}},{"type":"Feature","geometry":{"type":"Point","coordinates":[20.235947,44.836478]},"properties":{"name":"Dobanovci /groblje/","band":3,"modes":"bus","arr":["611"],"off":[0,-0.8]}},{"type":"Feature","geometry":{"type":"Point","coordinates":[20.235947,44.836478]},"properties":{"line":"611","mode":"bus","color":"#0059a9","colorDark":"#00294f","band":3,"off":[0,1.1]}},{"type":"Feature","geometry":{"type":"Point","coordinates":[20.298983,44.830981]},"properties":{"name":"Radiofar","band":3,"modes":"bus","arr":["613"],"off":[0,-0.8]}},{"type":"Feature","geometry":{"type":"Point","coordinates":[20.298983,44.830981]},"properties":{"line":"613","mode":"bus","color":"#0059a9","colorDark":"#00294f","band":3,"off":[0,1.1]}},{"type":"Feature","geometry":{"type":"Point","coordinates":[20.27122,44.915497]},"properties":{"name":"Batajnica","band":3,"modes":"bus","arr":["706","706N"],"off":[0,-0.8]}},{"type":"Feature","geometry":{"type":"Point","coordinates":[20.27122,44.915497]},"properties":{"line":"706","mode":"bus","color":"#0059a9","colorDark":"#00294f","band":3,"off":[-1.7,1.1]}},{"type":"Feature","geometry":{"type":"Point","coordinates":[20.27122,44.915497]},"properties":{"line":"706N","mode":"bus","color":"#0059a9","colorDark":"#00294f","band":3,"off":[1.7,1.1]}},{"type":"Feature","geometry":{"type":"Point","coordinates":[20.213903,44.90121]},"properties":{"name":"Busije/terminus/","band":3,"modes":"bus","arr":["702"],"off":[0,-0.8]}},{"type":"Feature","geometry":{"type":"Point","coordinates":[20.213903,44.90121]},"properties":{"line":"702","mode":"bus","color":"#0059a9","colorDark":"#00294f","band":3,"off":[0,1.1]}},{"type":"Feature","geometry":{"type":"Point","coordinates":[20.319242,44.875612]},"properties":{"name":"Zemun polje","band":3,"modes":"bus","arr":["704","707","707N","708","709"],"off":[0,-0.8]}},{"type":"Feature","geometry":{"type":"Point","coordinates":[20.319242,44.875612]},"properties":{"line":"704","mode":"bus","color":"#0059a9","colorDark":"#00294f","band":3,"off":[-6.8,1.1]}},{"type":"Feature","geometry":{"type":"Point","coordinates":[20.319242,44.875612]},"properties":{"line":"707","mode":"bus","color":"#0059a9","colorDark":"#00294f","band":3,"off":[-3.4,1.1]}},{"type":"Feature","geometry":{"type":"Point","coordinates":[20.319242,44.875612]},"properties":{"line":"707N","mode":"bus","color":"#0059a9","colorDark":"#00294f","band":3,"off":[0,1.1]}},{"type":"Feature","geometry":{"type":"Point","coordinates":[20.319242,44.875612]},"properties":{"line":"708","mode":"bus","color":"#0059a9","colorDark":"#00294f","band":3,"off":[3.4,1.1]}},{"type":"Feature","geometry":{"type":"Point","coordinates":[20.319242,44.875612]},"properties":{"line":"709","mode":"bus","color":"#0059a9","colorDark":"#00294f","band":3,"off":[6.8,1.1]}},{"type":"Feature","geometry":{"type":"Point","coordinates":[20.342664,44.88587]},"properties":{"name":"13. maj","band":3,"modes":"bus","arr":["705"],"off":[0,-0.8]}},{"type":"Feature","geometry":{"type":"Point","coordinates":[20.342664,44.88587]},"properties":{"line":"705","mode":"bus","color":"#0059a9","colorDark":"#00294f","band":3,"off":[0,1.1]}},{"type":"Feature","geometry":{"type":"Point","coordinates":[20.244993,44.927249]},"properties":{"name":"Aerodrom Batajnica","band":3,"modes":"bus","arr":["706E"],"off":[0,-0.8]}},{"type":"Feature","geometry":{"type":"Point","coordinates":[20.244993,44.927249]},"properties":{"line":"706E","mode":"bus","color":"#0059a9","colorDark":"#00294f","band":3,"off":[0,1.1]}},{"type":"Feature","geometry":{"type":"Point","coordinates":[20.195794,44.655257]},"properties":{"name":"Obrenovac AS","band":3,"modes":"bus","arr":["860N"],"off":[0,-0.8]}},{"type":"Feature","geometry":{"type":"Point","coordinates":[20.195794,44.655257]},"properties":{"line":"860N","mode":"bus","color":"#0059a9","colorDark":"#00294f","band":3,"off":[0,1.1]}},{"type":"Feature","geometry":{"type":"Point","coordinates":[20.19826,44.656315]},"properties":{"name":"Obrenovac AS","band":3,"modes":"bus","arr":["860N"],"off":[0,-0.8]}},{"type":"Feature","geometry":{"type":"Point","coordinates":[20.19826,44.656315]},"properties":{"line":"860N","mode":"bus","color":"#0059a9","colorDark":"#00294f","band":3,"off":[0,1.1]}},{"type":"Feature","geometry":{"type":"Point","coordinates":[20.44948,44.818886]},"properties":{"name":"Pristanište Ka Bloku 45","band":3,"modes":"tram","arr":["2"],"off":[0,-0.8]}},{"type":"Feature","geometry":{"type":"Point","coordinates":[20.44948,44.818886]},"properties":{"name":"Pristanište","band":3,"modes":"tram","arr":["2"],"off":[0,-3]}},{"type":"Feature","geometry":{"type":"Point","coordinates":[20.44948,44.818886]},"properties":{"line":"2","mode":"tram","color":"#d6212b","colorDark":"#7c1116","band":3,"off":[0,1.1]}},{"type":"Feature","geometry":{"type":"Point","coordinates":[20.449396,44.81994]},"properties":{"name":"Pristanište 1","band":3,"modes":"tram","arr":["2L"],"off":[0,-0.8]}},{"type":"Feature","geometry":{"type":"Point","coordinates":[20.449396,44.81994]},"properties":{"line":"2L","mode":"tram","color":"#d6212b","colorDark":"#7c1116","band":3,"off":[0,1.1]}},{"type":"Feature","geometry":{"type":"Point","coordinates":[20.438266,44.795276]},"properties":{"name":"Ruska","band":3,"modes":"tram","arr":["2L"],"off":[0,-0.8]}},{"type":"Feature","geometry":{"type":"Point","coordinates":[20.438266,44.795276]},"properties":{"line":"2L","mode":"tram","color":"#d6212b","colorDark":"#7c1116","band":3,"off":[0,1.1]}},{"type":"Feature","geometry":{"type":"Point","coordinates":[20.455266,44.825898]},"properties":{"name":"Tadeuša Košćuška","band":3,"modes":"tram","arr":["5","10","11"],"off":[0,-0.8]}},{"type":"Feature","geometry":{"type":"Point","coordinates":[20.455266,44.825898]},"properties":{"line":"5","mode":"tram","color":"#d6212b","colorDark":"#7c1116","band":3,"off":[-3.4,1.1]}},{"type":"Feature","geometry":{"type":"Point","coordinates":[20.455266,44.825898]},"properties":{"line":"10","mode":"tram","color":"#d6212b","colorDark":"#7c1116","band":3,"off":[0,1.1]}},{"type":"Feature","geometry":{"type":"Point","coordinates":[20.455266,44.825898]},"properties":{"line":"11","mode":"tram","color":"#d6212b","colorDark":"#7c1116","band":3,"off":[3.4,1.1]}},{"type":"Feature","geometry":{"type":"Point","coordinates":[20.453246,44.827132]},"properties":{"name":"Kalemegdan (Donji grad)","band":3,"modes":"tram","arr":["5","10","11"],"off":[0,-0.8]}},{"type":"Feature","geometry":{"type":"Point","coordinates":[20.453246,44.827132]},"properties":{"line":"5","mode":"tram","color":"#d6212b","colorDark":"#7c1116","band":3,"off":[-3.4,1.1]}},{"type":"Feature","geometry":{"type":"Point","coordinates":[20.453246,44.827132]},"properties":{"line":"10","mode":"tram","color":"#d6212b","colorDark":"#7c1116","band":3,"off":[0,1.1]}},{"type":"Feature","geometry":{"type":"Point","coordinates":[20.453246,44.827132]},"properties":{"line":"11","mode":"tram","color":"#d6212b","colorDark":"#7c1116","band":3,"off":[3.4,1.1]}},{"type":"Feature","geometry":{"type":"Point","coordinates":[20.468041,44.809552]},"properties":{"name":"Tašmajdan /park/","band":3,"modes":"tram","arr":["6"],"off":[0,-0.8]}},{"type":"Feature","geometry":{"type":"Point","coordinates":[20.468041,44.809552]},"properties":{"line":"6","mode":"tram","color":"#d6212b","colorDark":"#7c1116","band":3,"off":[0,1.1]}},{"type":"Feature","geometry":{"type":"Point","coordinates":[20.37402,44.793921]},"properties":{"name":"Blok 45","band":3,"modes":"tram","arr":["7L","9L","11","13"],"off":[0,-0.8]}},{"type":"Feature","geometry":{"type":"Point","coordinates":[20.37402,44.793921]},"properties":{"line":"7L","mode":"tram","color":"#d6212b","colorDark":"#7c1116","band":3,"off":[-5.1,1.1]}},{"type":"Feature","geometry":{"type":"Point","coordinates":[20.37402,44.793921]},"properties":{"line":"9L","mode":"tram","color":"#d6212b","colorDark":"#7c1116","band":3,"off":[-1.7,1.1]}},{"type":"Feature","geometry":{"type":"Point","coordinates":[20.37402,44.793921]},"properties":{"line":"11","mode":"tram","color":"#d6212b","colorDark":"#7c1116","band":3,"off":[1.7,1.1]}},{"type":"Feature","geometry":{"type":"Point","coordinates":[20.37402,44.793921]},"properties":{"line":"13","mode":"tram","color":"#d6212b","colorDark":"#7c1116","band":3,"off":[5.1,1.1]}},{"type":"Feature","geometry":{"type":"Point","coordinates":[20.478033,44.757229]},"properties":{"name":"Banjica","band":3,"modes":"tram","arr":["9L","10","14"],"off":[0,-0.8]}},{"type":"Feature","geometry":{"type":"Point","coordinates":[20.478033,44.757229]},"properties":{"line":"9L","mode":"tram","color":"#d6212b","colorDark":"#7c1116","band":3,"off":[-3.4,1.1]}},{"type":"Feature","geometry":{"type":"Point","coordinates":[20.478033,44.757229]},"properties":{"line":"10","mode":"tram","color":"#d6212b","colorDark":"#7c1116","band":3,"off":[0,1.1]}},{"type":"Feature","geometry":{"type":"Point","coordinates":[20.478033,44.757229]},"properties":{"line":"14","mode":"tram","color":"#d6212b","colorDark":"#7c1116","band":3,"off":[3.4,1.1]}},{"type":"Feature","geometry":{"type":"Point","coordinates":[20.490297,44.814064]},"properties":{"name":"Omladinski stadion","band":3,"modes":"tram","arr":["12"],"off":[0,-0.8]}},{"type":"Feature","geometry":{"type":"Point","coordinates":[20.490297,44.814064]},"properties":{"line":"12","mode":"tram","color":"#d6212b","colorDark":"#7c1116","band":3,"off":[0,1.1]}},{"type":"Feature","geometry":{"type":"Point","coordinates":[20.456189,44.829837]},"properties":{"name":"Dorćol /SRC Milan Gale Muškatirović/","band":4,"modes":"bus","arr":["2A","24","79","EKO2"],"off":[0,-0.8]}},{"type":"Feature","geometry":{"type":"Point","coordinates":[20.456189,44.829837]},"properties":{"line":"2A","mode":"bus","color":"#0059a9","colorDark":"#00294f","band":4,"off":[-5.1,1.1]}},{"type":"Feature","geometry":{"type":"Point","coordinates":[20.456189,44.829837]},"properties":{"line":"24","mode":"bus","color":"#0059a9","colorDark":"#00294f","band":4,"off":[-1.7,1.1]}},{"type":"Feature","geometry":{"type":"Point","coordinates":[20.456189,44.829837]},"properties":{"line":"79","mode":"bus","color":"#0059a9","colorDark":"#00294f","band":4,"off":[1.7,1.1]}},{"type":"Feature","geometry":{"type":"Point","coordinates":[20.456189,44.829837]},"properties":{"line":"EKO2","mode":"bus","color":"#0059a9","colorDark":"#00294f","band":4,"off":[5.1,1.1]}},{"type":"Feature","geometry":{"type":"Point","coordinates":[20.445462,44.801212]},"properties":{"name":"TC Galerija","band":4,"modes":"bus","arr":["3A","46","51","91","91a","92","511","551","553","601","EKO2"],"off":[0,-0.8]}},{"type":"Feature","geometry":{"type":"Point","coordinates":[20.445462,44.801212]},"properties":{"line":"3A","mode":"bus","color":"#0059a9","colorDark":"#00294f","band":4,"off":[-6.8,1.1]}},{"type":"Feature","geometry":{"type":"Point","coordinates":[20.445462,44.801212]},"properties":{"line":"46","mode":"bus","color":"#0059a9","colorDark":"#00294f","band":4,"off":[-3.4,1.1]}},{"type":"Feature","geometry":{"type":"Point","coordinates":[20.445462,44.801212]},"properties":{"line":"51","mode":"bus","color":"#0059a9","colorDark":"#00294f","band":4,"off":[0,1.1]}},{"type":"Feature","geometry":{"type":"Point","coordinates":[20.445462,44.801212]},"properties":{"line":"91","mode":"bus","color":"#0059a9","colorDark":"#00294f","band":4,"off":[3.4,1.1]}},{"type":"Feature","geometry":{"type":"Point","coordinates":[20.445462,44.801212]},"properties":{"line":"91a","mode":"bus","color":"#0059a9","colorDark":"#00294f","band":4,"off":[6.8,1.1]}},{"type":"Feature","geometry":{"type":"Point","coordinates":[20.445462,44.801212]},"properties":{"line":"92","mode":"bus","color":"#0059a9","colorDark":"#00294f","band":4,"off":[-6.8,3.1]}},{"type":"Feature","geometry":{"type":"Point","coordinates":[20.445462,44.801212]},"properties":{"line":"511","mode":"bus","color":"#0059a9","colorDark":"#00294f","band":4,"off":[-3.4,3.1]}},{"type":"Feature","geometry":{"type":"Point","coordinates":[20.445462,44.801212]},"properties":{"line":"551","mode":"bus","color":"#0059a9","colorDark":"#00294f","band":4,"off":[0,3.1]}},{"type":"Feature","geometry":{"type":"Point","coordinates":[20.445462,44.801212]},"properties":{"line":"553","mode":"bus","color":"#0059a9","colorDark":"#00294f","band":4,"off":[3.4,3.1]}},{"type":"Feature","geometry":{"type":"Point","coordinates":[20.445462,44.801212]},"properties":{"line":"601","mode":"bus","color":"#0059a9","colorDark":"#00294f","band":4,"off":[6.8,3.1]}},{"type":"Feature","geometry":{"type":"Point","coordinates":[20.445462,44.801212]},"properties":{"line":"EKO2","mode":"bus","color":"#0059a9","colorDark":"#00294f","band":4,"off":[0,5.1]}},{"type":"Feature","geometry":{"type":"Point","coordinates":[20.443819,44.800876]},"properties":{"name":"Beograd na vodi","band":4,"modes":"bus","arr":["3A","46","51","91","92","511","551","553","601","EKO2"],"off":[0,-0.8]}},{"type":"Feature","geometry":{"type":"Point","coordinates":[20.443819,44.800876]},"properties":{"line":"3A","mode":"bus","color":"#0059a9","colorDark":"#00294f","band":4,"off":[-6.8,1.1]}},{"type":"Feature","geometry":{"type":"Point","coordinates":[20.443819,44.800876]},"properties":{"line":"46","mode":"bus","color":"#0059a9","colorDark":"#00294f","band":4,"off":[-3.4,1.1]}},{"type":"Feature","geometry":{"type":"Point","coordinates":[20.443819,44.800876]},"properties":{"line":"51","mode":"bus","color":"#0059a9","colorDark":"#00294f","band":4,"off":[0,1.1]}},{"type":"Feature","geometry":{"type":"Point","coordinates":[20.443819,44.800876]},"properties":{"line":"91","mode":"bus","color":"#0059a9","colorDark":"#00294f","band":4,"off":[3.4,1.1]}},{"type":"Feature","geometry":{"type":"Point","coordinates":[20.443819,44.800876]},"properties":{"line":"92","mode":"bus","color":"#0059a9","colorDark":"#00294f","band":4,"off":[6.8,1.1]}},{"type":"Feature","geometry":{"type":"Point","coordinates":[20.443819,44.800876]},"properties":{"line":"511","mode":"bus","color":"#0059a9","colorDark":"#00294f","band":4,"off":[-6.8,3.1]}},{"type":"Feature","geometry":{"type":"Point","coordinates":[20.443819,44.800876]},"properties":{"line":"551","mode":"bus","color":"#0059a9","colorDark":"#00294f","band":4,"off":[-3.4,3.1]}},{"type":"Feature","geometry":{"type":"Point","coordinates":[20.443819,44.800876]},"properties":{"line":"553","mode":"bus","color":"#0059a9","colorDark":"#00294f","band":4,"off":[0,3.1]}},{"type":"Feature","geometry":{"type":"Point","coordinates":[20.443819,44.800876]},"properties":{"line":"601","mode":"bus","color":"#0059a9","colorDark":"#00294f","band":4,"off":[3.4,3.1]}},{"type":"Feature","geometry":{"type":"Point","coordinates":[20.443819,44.800876]},"properties":{"line":"EKO2","mode":"bus","color":"#0059a9","colorDark":"#00294f","band":4,"off":[6.8,3.1]}},{"type":"Feature","geometry":{"type":"Point","coordinates":[20.432407,44.734385]},"properties":{"name":"Kneževac","band":4,"modes":"bus","arr":["3A","37","37N","507"],"off":[0,-0.8]}},{"type":"Feature","geometry":{"type":"Point","coordinates":[20.432407,44.734385]},"properties":{"line":"3A","mode":"bus","color":"#0059a9","colorDark":"#00294f","band":4,"off":[-5.1,1.1]}},{"type":"Feature","geometry":{"type":"Point","coordinates":[20.432407,44.734385]},"properties":{"line":"37","mode":"bus","color":"#0059a9","colorDark":"#00294f","band":4,"off":[-1.7,1.1]}},{"type":"Feature","geometry":{"type":"Point","coordinates":[20.432407,44.734385]},"properties":{"line":"37N","mode":"bus","color":"#0059a9","colorDark":"#00294f","band":4,"off":[1.7,1.1]}},{"type":"Feature","geometry":{"type":"Point","coordinates":[20.432407,44.734385]},"properties":{"line":"507","mode":"bus","color":"#0059a9","colorDark":"#00294f","band":4,"off":[5.1,1.1]}},{"type":"Feature","geometry":{"type":"Point","coordinates":[20.37511,44.792933]},"properties":{"name":"Blok 45","band":4,"modes":"bus","arr":["9A","73","94","95","95N","604","605","E6"],"off":[0,-0.8]}},{"type":"Feature","geometry":{"type":"Point","coordinates":[20.37511,44.792933]},"properties":{"line":"9A","mode":"bus","color":"#0059a9","colorDark":"#00294f","band":4,"off":[-6.8,1.1]}},{"type":"Feature","geometry":{"type":"Point","coordinates":[20.37511,44.792933]},"properties":{"line":"73","mode":"bus","color":"#0059a9","colorDark":"#00294f","band":4,"off":[-3.4,1.1]}},{"type":"Feature","geometry":{"type":"Point","coordinates":[20.37511,44.792933]},"properties":{"line":"94","mode":"bus","color":"#0059a9","colorDark":"#00294f","band":4,"off":[0,1.1]}},{"type":"Feature","geometry":{"type":"Point","coordinates":[20.37511,44.792933]},"properties":{"line":"95","mode":"bus","color":"#0059a9","colorDark":"#00294f","band":4,"off":[3.4,1.1]}},{"type":"Feature","geometry":{"type":"Point","coordinates":[20.37511,44.792933]},"properties":{"line":"95N","mode":"bus","color":"#0059a9","colorDark":"#00294f","band":4,"off":[6.8,1.1]}},{"type":"Feature","geometry":{"type":"Point","coordinates":[20.37511,44.792933]},"properties":{"line":"604","mode":"bus","color":"#0059a9","colorDark":"#00294f","band":4,"off":[-3.4,3.1]}},{"type":"Feature","geometry":{"type":"Point","coordinates":[20.37511,44.792933]},"properties":{"line":"605","mode":"bus","color":"#0059a9","colorDark":"#00294f","band":4,"off":[0,3.1]}},{"type":"Feature","geometry":{"type":"Point","coordinates":[20.37511,44.792933]},"properties":{"line":"E6","mode":"bus","color":"#0059a9","colorDark":"#00294f","band":4,"off":[3.4,3.1]}},{"type":"Feature","geometry":{"type":"Point","coordinates":[20.464536,44.803055]},"properties":{"name":"Trg Slavija /Nemanjina/","band":4,"modes":"bus","arr":["581N","860N"],"off":[0,-0.8]}},{"type":"Feature","geometry":{"type":"Point","coordinates":[20.464536,44.803055]},"properties":{"line":"581N","mode":"bus","color":"#0059a9","colorDark":"#00294f","band":4,"off":[-1.7,1.1]}},{"type":"Feature","geometry":{"type":"Point","coordinates":[20.464536,44.803055]},"properties":{"line":"860N","mode":"bus","color":"#0059a9","colorDark":"#00294f","band":4,"off":[1.7,1.1]}},{"type":"Feature","geometry":{"type":"Point","coordinates":[20.368757,44.841812]},"properties":{"name":"Zemun /Novi grad/","band":4,"modes":"bus","arr":["15","45","78","709"],"off":[0,-0.8]}},{"type":"Feature","geometry":{"type":"Point","coordinates":[20.368757,44.841812]},"properties":{"line":"15","mode":"bus","color":"#0059a9","colorDark":"#00294f","band":4,"off":[-5.1,1.1]}},{"type":"Feature","geometry":{"type":"Point","coordinates":[20.368757,44.841812]},"properties":{"line":"45","mode":"bus","color":"#0059a9","colorDark":"#00294f","band":4,"off":[-1.7,1.1]}},{"type":"Feature","geometry":{"type":"Point","coordinates":[20.368757,44.841812]},"properties":{"line":"78","mode":"bus","color":"#0059a9","colorDark":"#00294f","band":4,"off":[1.7,1.1]}},{"type":"Feature","geometry":{"type":"Point","coordinates":[20.368757,44.841812]},"properties":{"line":"709","mode":"bus","color":"#0059a9","colorDark":"#00294f","band":4,"off":[5.1,1.1]}},{"type":"Feature","geometry":{"type":"Point","coordinates":[20.462079,44.816694]},"properties":{"name":"Trg Republike","band":4,"modes":"bus","arr":["15N","27","27N","32E","32N","37N","43","47N","51N","56N","72N","101Nb","202N","304Nb","E2"],"off":[0,-0.8]}},{"type":"Feature","geometry":{"type":"Point","coordinates":[20.462079,44.816694]},"properties":{"line":"15N","mode":"bus","color":"#0059a9","colorDark":"#00294f","band":4,"off":[-6.8,1.1]}},{"type":"Feature","geometry":{"type":"Point","coordinates":[20.462079,44.816694]},"properties":{"line":"27","mode":"bus","color":"#0059a9","colorDark":"#00294f","band":4,"off":[-3.4,1.1]}},{"type":"Feature","geometry":{"type":"Point","coordinates":[20.462079,44.816694]},"properties":{"line":"27N","mode":"bus","color":"#0059a9","colorDark":"#00294f","band":4,"off":[0,1.1]}},{"type":"Feature","geometry":{"type":"Point","coordinates":[20.462079,44.816694]},"properties":{"line":"32E","mode":"bus","color":"#0059a9","colorDark":"#00294f","band":4,"off":[3.4,1.1]}},{"type":"Feature","geometry":{"type":"Point","coordinates":[20.462079,44.816694]},"properties":{"line":"32N","mode":"bus","color":"#0059a9","colorDark":"#00294f","band":4,"off":[6.8,1.1]}},{"type":"Feature","geometry":{"type":"Point","coordinates":[20.462079,44.816694]},"properties":{"line":"37N","mode":"bus","color":"#0059a9","colorDark":"#00294f","band":4,"off":[-6.8,3.1]}},{"type":"Feature","geometry":{"type":"Point","coordinates":[20.462079,44.816694]},"properties":{"line":"43","mode":"bus","color":"#0059a9","colorDark":"#00294f","band":4,"off":[-3.4,3.1]}},{"type":"Feature","geometry":{"type":"Point","coordinates":[20.462079,44.816694]},"properties":{"line":"47N","mode":"bus","color":"#0059a9","colorDark":"#00294f","band":4,"off":[0,3.1]}},{"type":"Feature","geometry":{"type":"Point","coordinates":[20.462079,44.816694]},"properties":{"line":"51N","mode":"bus","color":"#0059a9","colorDark":"#00294f","band":4,"off":[3.4,3.1]}},{"type":"Feature","geometry":{"type":"Point","coordinates":[20.462079,44.816694]},"properties":{"line":"56N","mode":"bus","color":"#0059a9","colorDark":"#00294f","band":4,"off":[6.8,3.1]}},{"type":"Feature","geometry":{"type":"Point","coordinates":[20.462079,44.816694]},"properties":{"line":"72N","mode":"bus","color":"#0059a9","colorDark":"#00294f","band":4,"off":[-6.8,5.1]}},{"type":"Feature","geometry":{"type":"Point","coordinates":[20.462079,44.816694]},"properties":{"line":"101Nb","mode":"bus","color":"#0059a9","colorDark":"#00294f","band":4,"off":[-3.4,5.1]}},{"type":"Feature","geometry":{"type":"Point","coordinates":[20.462079,44.816694]},"properties":{"line":"202N","mode":"bus","color":"#0059a9","colorDark":"#00294f","band":4,"off":[0,5.1]}},{"type":"Feature","geometry":{"type":"Point","coordinates":[20.462079,44.816694]},"properties":{"line":"304Nb","mode":"bus","color":"#0059a9","colorDark":"#00294f","band":4,"off":[3.4,5.1]}},{"type":"Feature","geometry":{"type":"Point","coordinates":[20.462079,44.816694]},"properties":{"line":"E2","mode":"bus","color":"#0059a9","colorDark":"#00294f","band":4,"off":[6.8,5.1]}},{"type":"Feature","geometry":{"type":"Point","coordinates":[20.334068,44.857457]},"properties":{"name":"Železnička stanica Zemun polje","band":4,"modes":"bus","arr":["15N"],"off":[0,-0.8]}},{"type":"Feature","geometry":{"type":"Point","coordinates":[20.334068,44.857457]},"properties":{"line":"15N","mode":"bus","color":"#0059a9","colorDark":"#00294f","band":4,"off":[0,1.1]}},{"type":"Feature","geometry":{"type":"Point","coordinates":[20.521972,44.807181]},"properties":{"name":"Karaburma 2","band":4,"modes":"bus","arr":["16","23","25"],"off":[0,-0.8]}},{"type":"Feature","geometry":{"type":"Point","coordinates":[20.521972,44.807181]},"properties":{"line":"16","mode":"bus","color":"#0059a9","colorDark":"#00294f","band":4,"off":[-3.4,1.1]}},{"type":"Feature","geometry":{"type":"Point","coordinates":[20.521972,44.807181]},"properties":{"line":"23","mode":"bus","color":"#0059a9","colorDark":"#00294f","band":4,"off":[0,1.1]}},{"type":"Feature","geometry":{"type":"Point","coordinates":[20.521972,44.807181]},"properties":{"line":"25","mode":"bus","color":"#0059a9","colorDark":"#00294f","band":4,"off":[3.4,1.1]}},{"type":"Feature","geometry":{"type":"Point","coordinates":[20.404673,44.830343]},"properties":{"name":"Novi Beograd /Paviljoni/","band":4,"modes":"bus","arr":["16","81","81L","613","711"],"off":[0,-0.8]}},{"type":"Feature","geometry":{"type":"Point","coordinates":[20.404673,44.830343]},"properties":{"line":"16","mode":"bus","color":"#0059a9","colorDark":"#00294f","band":4,"off":[-6.8,1.1]}},{"type":"Feature","geometry":{"type":"Point","coordinates":[20.404673,44.830343]},"properties":{"line":"81","mode":"bus","color":"#0059a9","colorDark":"#00294f","band":4,"off":[-3.4,1.1]}},{"type":"Feature","geometry":{"type":"Point","coordinates":[20.404673,44.830343]},"properties":{"line":"81L","mode":"bus","color":"#0059a9","colorDark":"#00294f","band":4,"off":[0,1.1]}},{"type":"Feature","geometry":{"type":"Point","coordinates":[20.404673,44.830343]},"properties":{"line":"613","mode":"bus","color":"#0059a9","colorDark":"#00294f","band":4,"off":[3.4,1.1]}},{"type":"Feature","geometry":{"type":"Point","coordinates":[20.404673,44.830343]},"properties":{"line":"711","mode":"bus","color":"#0059a9","colorDark":"#00294f","band":4,"off":[6.8,1.1]}},{"type":"Feature","geometry":{"type":"Point","coordinates":[20.510519,44.782312]},"properties":{"name":"Konjarnik","band":4,"modes":"bus","arr":["17","19","31","31N"],"off":[0,-0.8]}},{"type":"Feature","geometry":{"type":"Point","coordinates":[20.510519,44.782312]},"properties":{"line":"17","mode":"bus","color":"#0059a9","colorDark":"#00294f","band":4,"off":[-5.1,1.1]}},{"type":"Feature","geometry":{"type":"Point","coordinates":[20.510519,44.782312]},"properties":{"line":"19","mode":"bus","color":"#149a3f","colorDark":"#0a5121","band":4,"off":[-1.7,1.1]}},{"type":"Feature","geometry":{"type":"Point","coordinates":[20.510519,44.782312]},"properties":{"line":"31","mode":"bus","color":"#0059a9","colorDark":"#00294f","band":4,"off":[1.7,1.1]}},{"type":"Feature","geometry":{"type":"Point","coordinates":[20.510519,44.782312]},"properties":{"line":"31N","mode":"bus","color":"#0059a9","colorDark":"#00294f","band":4,"off":[5.1,1.1]}},{"type":"Feature","geometry":{"type":"Point","coordinates":[20.41266,44.823478]},"properties":{"name":"GO Novi Beograd","band":4,"modes":"bus","arr":["601N","601Na"],"off":[0,-0.8]}},{"type":"Feature","geometry":{"type":"Point","coordinates":[20.41266,44.823478]},"properties":{"line":"601N","mode":"bus","color":"#0059a9","colorDark":"#00294f","band":4,"off":[-1.7,1.1]}},{"type":"Feature","geometry":{"type":"Point","coordinates":[20.41266,44.823478]},"properties":{"line":"601Na","mode":"bus","color":"#0059a9","colorDark":"#00294f","band":4,"off":[1.7,1.1]}},{"type":"Feature","geometry":{"type":"Point","coordinates":[20.378251,44.859239]},"properties":{"name":"Zemun /Gornji grad/","band":4,"modes":"bus","arr":["17"],"off":[0,-0.8]}},{"type":"Feature","geometry":{"type":"Point","coordinates":[20.378251,44.859239]},"properties":{"line":"17","mode":"bus","color":"#0059a9","colorDark":"#00294f","band":4,"off":[0,1.1]}},{"type":"Feature","geometry":{"type":"Point","coordinates":[20.50779,44.772151]},"properties":{"name":"Medaković 3","band":4,"modes":"bus","arr":["18","18N","20","26L","29","29N"],"off":[0,-0.8]}},{"type":"Feature","geometry":{"type":"Point","coordinates":[20.50779,44.772151]},"properties":{"line":"18","mode":"bus","color":"#0059a9","colorDark":"#00294f","band":4,"off":[-6.8,1.1]}},{"type":"Feature","geometry":{"type":"Point","coordinates":[20.50779,44.772151]},"properties":{"line":"18N","mode":"bus","color":"#0059a9","colorDark":"#00294f","band":4,"off":[-3.4,1.1]}},{"type":"Feature","geometry":{"type":"Point","coordinates":[20.50779,44.772151]},"properties":{"line":"20","mode":"bus","color":"#0059a9","colorDark":"#00294f","band":4,"off":[0,1.1]}},{"type":"Feature","geometry":{"type":"Point","coordinates":[20.50779,44.772151]},"properties":{"line":"26L","mode":"bus","color":"#0059a9","colorDark":"#00294f","band":4,"off":[3.4,1.1]}},{"type":"Feature","geometry":{"type":"Point","coordinates":[20.50779,44.772151]},"properties":{"line":"29","mode":"bus","color":"#149a3f","colorDark":"#0a5121","band":4,"off":[6.8,1.1]}},{"type":"Feature","geometry":{"type":"Point","coordinates":[20.50779,44.772151]},"properties":{"line":"29N","mode":"bus","color":"#0059a9","colorDark":"#00294f","band":4,"off":[0,3.1]}},{"type":"Feature","geometry":{"type":"Point","coordinates":[20.379334,44.848465]},"properties":{"name":"Zemun /Bačka/","band":4,"modes":"bus","arr":["18","18N","83","103","105L","112"],"off":[0,-0.8]}},{"type":"Feature","geometry":{"type":"Point","coordinates":[20.379334,44.848465]},"properties":{"line":"18","mode":"bus","color":"#0059a9","colorDark":"#00294f","band":4,"off":[-6.8,1.1]}},{"type":"Feature","geometry":{"type":"Point","coordinates":[20.379334,44.848465]},"properties":{"line":"18N","mode":"bus","color":"#0059a9","colorDark":"#00294f","band":4,"off":[-3.4,1.1]}},{"type":"Feature","geometry":{"type":"Point","coordinates":[20.379334,44.848465]},"properties":{"line":"83","mode":"bus","color":"#0059a9","colorDark":"#00294f","band":4,"off":[0,1.1]}},{"type":"Feature","geometry":{"type":"Point","coordinates":[20.379334,44.848465]},"properties":{"line":"103","mode":"bus","color":"#0059a9","colorDark":"#00294f","band":4,"off":[3.4,1.1]}},{"type":"Feature","geometry":{"type":"Point","coordinates":[20.379334,44.848465]},"properties":{"line":"105L","mode":"bus","color":"#0059a9","colorDark":"#00294f","band":4,"off":[6.8,1.1]}},{"type":"Feature","geometry":{"type":"Point","coordinates":[20.379334,44.848465]},"properties":{"line":"112","mode":"bus","color":"#0059a9","colorDark":"#00294f","band":4,"off":[0,3.1]}},{"type":"Feature","geometry":{"type":"Point","coordinates":[20.466175,44.801374]},"properties":{"name":"Trg Slavija /Bulevar oslobođenja/","band":4,"modes":"bus","arr":["30","39","47","47Na","59","401","401a","402"],"off":[0,-0.8]}},{"type":"Feature","geometry":{"type":"Point","coordinates":[20.466175,44.801374]},"properties":{"line":"30","mode":"bus","color":"#0059a9","colorDark":"#00294f","band":4,"off":[-6.8,1.1]}},{"type":"Feature","geometry":{"type":"Point","coordinates":[20.466175,44.801374]},"properties":{"line":"39","mode":"bus","color":"#0059a9","colorDark":"#00294f","band":4,"off":[-3.4,1.1]}},{"type":"Feature","geometry":{"type":"Point","coordinates":[20.466175,44.801374]},"properties":{"line":"47","mode":"bus","color":"#0059a9","colorDark":"#00294f","band":4,"off":[0,1.1]}},{"type":"Feature","geometry":{"type":"Point","coordinates":[20.466175,44.801374]},"properties":{"line":"47Na","mode":"bus","color":"#0059a9","colorDark":"#00294f","band":4,"off":[3.4,1.1]}},{"type":"Feature","geometry":{"type":"Point","coordinates":[20.466175,44.801374]},"properties":{"line":"59","mode":"bus","color":"#0059a9","colorDark":"#00294f","band":4,"off":[6.8,1.1]}},{"type":"Feature","geometry":{"type":"Point","coordinates":[20.466175,44.801374]},"properties":{"line":"401","mode":"bus","color":"#0059a9","colorDark":"#00294f","band":4,"off":[-3.4,3.1]}},{"type":"Feature","geometry":{"type":"Point","coordinates":[20.466175,44.801374]},"properties":{"line":"401a","mode":"bus","color":"#0059a9","colorDark":"#00294f","band":4,"off":[0,3.1]}},{"type":"Feature","geometry":{"type":"Point","coordinates":[20.466175,44.801374]},"properties":{"line":"402","mode":"bus","color":"#0059a9","colorDark":"#00294f","band":4,"off":[3.4,3.1]}},{"type":"Feature","geometry":{"type":"Point","coordinates":[20.461901,44.815763]},"properties":{"name":"Trg republike","band":4,"modes":"bus","arr":["301Na","304Nb"],"off":[0,-0.8]}},{"type":"Feature","geometry":{"type":"Point","coordinates":[20.461901,44.815763]},"properties":{"line":"301Na","mode":"bus","color":"#0059a9","colorDark":"#00294f","band":4,"off":[-1.7,1.1]}},{"type":"Feature","geometry":{"type":"Point","coordinates":[20.461901,44.815763]},"properties":{"line":"304Nb","mode":"bus","color":"#0059a9","colorDark":"#00294f","band":4,"off":[1.7,1.1]}},{"type":"Feature","geometry":{"type":"Point","coordinates":[20.407313,44.80701]},"properties":{"name":"Naselje Belvil","band":4,"modes":"bus","arr":["EKO1"],"off":[0,-0.8]}},{"type":"Feature","geometry":{"type":"Point","coordinates":[20.407313,44.80701]},"properties":{"line":"EKO1","mode":"bus","color":"#0059a9","colorDark":"#00294f","band":4,"off":[0,1.1]}},{"type":"Feature","geometry":{"type":"Point","coordinates":[20.405686,44.807665]},"properties":{"name":"Garaža Novi Beograd","band":4,"modes":"bus","arr":["EKO1"],"off":[0,-0.8]}},{"type":"Feature","geometry":{"type":"Point","coordinates":[20.405686,44.807665]},"properties":{"line":"EKO1","mode":"bus","color":"#0059a9","colorDark":"#00294f","band":4,"off":[0,1.1]}},{"type":"Feature","geometry":{"type":"Point","coordinates":[20.466015,44.802654]},"properties":{"name":"Trg Slavija","band":4,"modes":"bus","arr":["19","21A","22","601N","860N","A1"],"off":[0,-0.8]}},{"type":"Feature","geometry":{"type":"Point","coordinates":[20.466015,44.802654]},"properties":{"line":"19","mode":"bus","color":"#149a3f","colorDark":"#0a5121","band":4,"off":[-6.8,1.1]}},{"type":"Feature","geometry":{"type":"Point","coordinates":[20.466015,44.802654]},"properties":{"line":"21A","mode":"bus","color":"#0059a9","colorDark":"#00294f","band":4,"off":[-3.4,1.1]}},{"type":"Feature","geometry":{"type":"Point","coordinates":[20.466015,44.802654]},"properties":{"line":"22","mode":"bus","color":"#149a3f","colorDark":"#0a5121","band":4,"off":[0,1.1]}},{"type":"Feature","geometry":{"type":"Point","coordinates":[20.466015,44.802654]},"properties":{"line":"601N","mode":"bus","color":"#0059a9","colorDark":"#00294f","band":4,"off":[3.4,1.1]}},{"type":"Feature","geometry":{"type":"Point","coordinates":[20.466015,44.802654]},"properties":{"line":"860N","mode":"bus","color":"#0059a9","colorDark":"#00294f","band":4,"off":[6.8,1.1]}},{"type":"Feature","geometry":{"type":"Point","coordinates":[20.466015,44.802654]},"properties":{"line":"A1","mode":"bus","color":"#0059a9","colorDark":"#00294f","band":4,"off":[0,3.1]}},{"type":"Feature","geometry":{"type":"Point","coordinates":[20.48571,44.797874]},"properties":{"name":"Crveni krst","band":4,"modes":"bus","arr":["83"],"off":[0,-0.8]}},{"type":"Feature","geometry":{"type":"Point","coordinates":[20.48571,44.797874]},"properties":{"line":"83","mode":"bus","color":"#0059a9","colorDark":"#00294f","band":4,"off":[0,1.1]}},{"type":"Feature","geometry":{"type":"Point","coordinates":[20.536988,44.793475]},"properties":{"name":"Mirijevo 3","band":4,"modes":"bus","arr":["20","27","27N","74"],"off":[0,-0.8]}},{"type":"Feature","geometry":{"type":"Point","coordinates":[20.536988,44.793475]},"properties":{"line":"20","mode":"bus","color":"#0059a9","colorDark":"#00294f","band":4,"off":[-5.1,1.1]}},{"type":"Feature","geometry":{"type":"Point","coordinates":[20.536988,44.793475]},"properties":{"line":"27","mode":"bus","color":"#0059a9","colorDark":"#00294f","band":4,"off":[-1.7,1.1]}},{"type":"Feature","geometry":{"type":"Point","coordinates":[20.536988,44.793475]},"properties":{"line":"27N","mode":"bus","color":"#0059a9","colorDark":"#00294f","band":4,"off":[1.7,1.1]}},{"type":"Feature","geometry":{"type":"Point","coordinates":[20.536988,44.793475]},"properties":{"line":"74","mode":"bus","color":"#0059a9","colorDark":"#00294f","band":4,"off":[5.1,1.1]}},{"type":"Feature","geometry":{"type":"Point","coordinates":[20.517561,44.783919]},"properties":{"name":"Bulevar kralja Aleksandra","band":4,"modes":"bus","arr":["50"],"off":[0,-0.8]}},{"type":"Feature","geometry":{"type":"Point","coordinates":[20.517561,44.783919]},"properties":{"line":"50","mode":"bus","color":"#0059a9","colorDark":"#00294f","band":4,"off":[0,1.1]}},{"type":"Feature","geometry":{"type":"Point","coordinates":[20.501487,44.782874]},"properties":{"name":"Šumice","band":4,"modes":"bus","arr":["38","64","308","310"],"off":[0,-0.8]}},{"type":"Feature","geometry":{"type":"Point","coordinates":[20.501487,44.782874]},"properties":{"line":"38","mode":"bus","color":"#0059a9","colorDark":"#00294f","band":4,"off":[-5.1,1.1]}},{"type":"Feature","geometry":{"type":"Point","coordinates":[20.501487,44.782874]},"properties":{"line":"64","mode":"bus","color":"#0059a9","colorDark":"#00294f","band":4,"off":[-1.7,1.1]}},{"type":"Feature","geometry":{"type":"Point","coordinates":[20.501487,44.782874]},"properties":{"line":"308","mode":"bus","color":"#0059a9","colorDark":"#00294f","band":4,"off":[1.7,1.1]}},{"type":"Feature","geometry":{"type":"Point","coordinates":[20.501487,44.782874]},"properties":{"line":"310","mode":"bus","color":"#0059a9","colorDark":"#00294f","band":4,"off":[5.1,1.1]}},{"type":"Feature","geometry":{"type":"Point","coordinates":[20.506973,44.786098]},"properties":{"name":"Učiteljsko naselje","band":4,"modes":"bus","arr":["21A"],"off":[0,-0.8]}},{"type":"Feature","geometry":{"type":"Point","coordinates":[20.506973,44.786098]},"properties":{"line":"21A","mode":"bus","color":"#0059a9","colorDark":"#00294f","band":4,"off":[0,1.1]}},{"type":"Feature","geometry":{"type":"Point","coordinates":[20.484868,44.790632]},"properties":{"name":"Kruševačka","band":4,"modes":"bus","arr":["22"],"off":[0,-0.8]}},{"type":"Feature","geometry":{"type":"Point","coordinates":[20.484868,44.790632]},"properties":{"line":"22","mode":"bus","color":"#149a3f","colorDark":"#0a5121","band":4,"off":[0,1.1]}},{"type":"Feature","geometry":{"type":"Point","coordinates":[20.420521,44.731941]},"properties":{"name":"Vidikovac","band":4,"modes":"bus","arr":["23","53","89","504","521","521a"],"off":[0,-0.8]}},{"type":"Feature","geometry":{"type":"Point","coordinates":[20.420521,44.731941]},"properties":{"line":"23","mode":"bus","color":"#0059a9","colorDark":"#00294f","band":4,"off":[-6.8,1.1]}},{"type":"Feature","geometry":{"type":"Point","coordinates":[20.420521,44.731941]},"properties":{"line":"53","mode":"bus","color":"#0059a9","colorDark":"#00294f","band":4,"off":[-3.4,1.1]}},{"type":"Feature","geometry":{"type":"Point","coordinates":[20.420521,44.731941]},"properties":{"line":"89","mode":"bus","color":"#0059a9","colorDark":"#00294f","band":4,"off":[0,1.1]}},{"type":"Feature","geometry":{"type":"Point","coordinates":[20.420521,44.731941]},"properties":{"line":"504","mode":"bus","color":"#0059a9","colorDark":"#00294f","band":4,"off":[3.4,1.1]}},{"type":"Feature","geometry":{"type":"Point","coordinates":[20.420521,44.731941]},"properties":{"line":"521","mode":"bus","color":"#0059a9","colorDark":"#00294f","band":4,"off":[6.8,1.1]}},{"type":"Feature","geometry":{"type":"Point","coordinates":[20.420521,44.731941]},"properties":{"line":"521a","mode":"bus","color":"#0059a9","colorDark":"#00294f","band":4,"off":[0,3.1]}},{"type":"Feature","geometry":{"type":"Point","coordinates":[20.473217,44.794058]},"properties":{"name":"Neimar","band":4,"modes":"bus","arr":["24"],"off":[0,-0.8]}},{"type":"Feature","geometry":{"type":"Point","coordinates":[20.473217,44.794058]},"properties":{"line":"24","mode":"bus","color":"#0059a9","colorDark":"#00294f","band":4,"off":[0,1.1]}},{"type":"Feature","geometry":{"type":"Point","coordinates":[20.497825,44.748583]},"properties":{"name":"Kumodraž 2","band":4,"modes":"bus","arr":["25"],"off":[0,-0.8]}},{"type":"Feature","geometry":{"type":"Point","coordinates":[20.497825,44.748583]},"properties":{"line":"25","mode":"bus","color":"#0059a9","colorDark":"#00294f","band":4,"off":[0,1.1]}},{"type":"Feature","geometry":{"type":"Point","coordinates":[20.5456,44.786252]},"properties":{"name":"Mirijevo 4","band":4,"modes":"bus","arr":["25P","27E","79","E6"],"off":[0,-0.8]}},{"type":"Feature","geometry":{"type":"Point","coordinates":[20.5456,44.786252]},"properties":{"line":"25P","mode":"bus","color":"#0059a9","colorDark":"#00294f","band":4,"off":[-5.1,1.1]}},{"type":"Feature","geometry":{"type":"Point","coordinates":[20.5456,44.786252]},"properties":{"line":"27E","mode":"bus","color":"#0059a9","colorDark":"#00294f","band":4,"off":[-1.7,1.1]}},{"type":"Feature","geometry":{"type":"Point","coordinates":[20.5456,44.786252]},"properties":{"line":"79","mode":"bus","color":"#0059a9","colorDark":"#00294f","band":4,"off":[1.7,1.1]}},{"type":"Feature","geometry":{"type":"Point","coordinates":[20.5456,44.786252]},"properties":{"line":"E6","mode":"bus","color":"#0059a9","colorDark":"#00294f","band":4,"off":[5.1,1.1]}},{"type":"Feature","geometry":{"type":"Point","coordinates":[20.515762,44.742149]},"properties":{"name":"Kumodraž 1","band":4,"modes":"bus","arr":["25P"],"off":[0,-0.8]}},{"type":"Feature","geometry":{"type":"Point","coordinates":[20.515762,44.742149]},"properties":{"line":"25P","mode":"bus","color":"#0059a9","colorDark":"#00294f","band":4,"off":[0,1.1]}},{"type":"Feature","geometry":{"type":"Point","coordinates":[20.516004,44.742365]},"properties":{"name":"Kumodraž (Stepina kuća)","band":4,"modes":"bus","arr":["25P"],"off":[0,-0.8]}},{"type":"Feature","geometry":{"type":"Point","coordinates":[20.516004,44.742365]},"properties":{"line":"25P","mode":"bus","color":"#0059a9","colorDark":"#00294f","band":4,"off":[0,1.1]}},{"type":"Feature","geometry":{"type":"Point","coordinates":[20.461487,44.828165]},"properties":{"name":"Dorćol /Dunavska/","band":4,"modes":"bus","arr":["26","26N","401N"],"off":[0,-0.8]}},{"type":"Feature","geometry":{"type":"Point","coordinates":[20.461487,44.828165]},"properties":{"line":"26","mode":"bus","color":"#0059a9","colorDark":"#00294f","band":4,"off":[-3.4,1.1]}},{"type":"Feature","geometry":{"type":"Point","coordinates":[20.461487,44.828165]},"properties":{"line":"26N","mode":"bus","color":"#0059a9","colorDark":"#00294f","band":4,"off":[0,1.1]}},{"type":"Feature","geometry":{"type":"Point","coordinates":[20.461487,44.828165]},"properties":{"line":"401N","mode":"bus","color":"#0059a9","colorDark":"#00294f","band":4,"off":[3.4,1.1]}},{"type":"Feature","geometry":{"type":"Point","coordinates":[20.499956,44.765258]},"properties":{"name":"Naselje Braće Jerković","band":4,"modes":"bus","arr":["26","26N"],"off":[0,-0.8]}},{"type":"Feature","geometry":{"type":"Point","coordinates":[20.499956,44.765258]},"properties":{"line":"26","mode":"bus","color":"#0059a9","colorDark":"#00294f","band":4,"off":[-1.7,1.1]}},{"type":"Feature","geometry":{"type":"Point","coordinates":[20.499956,44.765258]},"properties":{"line":"26N","mode":"bus","color":"#0059a9","colorDark":"#00294f","band":4,"off":[1.7,1.1]}},{"type":"Feature","geometry":{"type":"Point","coordinates":[20.510814,44.76421]},"properties":{"name":"Vojvode Vlahovića (terminus)","band":4,"modes":"bus","arr":["26L"],"off":[0,-0.8]}},{"type":"Feature","geometry":{"type":"Point","coordinates":[20.510814,44.76421]},"properties":{"line":"26L","mode":"bus","color":"#0059a9","colorDark":"#00294f","band":4,"off":[0,1.1]}},{"type":"Feature","geometry":{"type":"Point","coordinates":[20.438421,44.811556]},"properties":{"name":"Novi Beograd (Blok 20)","band":4,"modes":"bus","arr":["27E","35","612"],"off":[0,-0.8]}},{"type":"Feature","geometry":{"type":"Point","coordinates":[20.438421,44.811556]},"properties":{"line":"27E","mode":"bus","color":"#0059a9","colorDark":"#00294f","band":4,"off":[-3.4,1.1]}},{"type":"Feature","geometry":{"type":"Point","coordinates":[20.438421,44.811556]},"properties":{"line":"35","mode":"bus","color":"#0059a9","colorDark":"#00294f","band":4,"off":[0,1.1]}},{"type":"Feature","geometry":{"type":"Point","coordinates":[20.438421,44.811556]},"properties":{"line":"612","mode":"bus","color":"#0059a9","colorDark":"#00294f","band":4,"off":[3.4,1.1]}},{"type":"Feature","geometry":{"type":"Point","coordinates":[20.45865,44.818037]},"properties":{"name":"Studentski trg","band":4,"modes":"bus","arr":["28","29","29N","31","31N","33N","41","101N","101Na","105N","302N","304N","304Na","307N","307Na","511N","511Na","511Nb","603N","603Na","706N","707N","E9"],"off":[0,-0.8]}},{"type":"Feature","geometry":{"type":"Point","coordinates":[20.45865,44.818037]},"properties":{"line":"28","mode":"bus","color":"#149a3f","colorDark":"#0a5121","band":4,"off":[-6.8,1.1]}},{"type":"Feature","geometry":{"type":"Point","coordinates":[20.45865,44.818037]},"properties":{"line":"29","mode":"bus","color":"#149a3f","colorDark":"#0a5121","band":4,"off":[-3.4,1.1]}},{"type":"Feature","geometry":{"type":"Point","coordinates":[20.45865,44.818037]},"properties":{"line":"29N","mode":"bus","color":"#0059a9","colorDark":"#00294f","band":4,"off":[0,1.1]}},{"type":"Feature","geometry":{"type":"Point","coordinates":[20.45865,44.818037]},"properties":{"line":"31","mode":"bus","color":"#0059a9","colorDark":"#00294f","band":4,"off":[3.4,1.1]}},{"type":"Feature","geometry":{"type":"Point","coordinates":[20.45865,44.818037]},"properties":{"line":"31N","mode":"bus","color":"#0059a9","colorDark":"#00294f","band":4,"off":[6.8,1.1]}},{"type":"Feature","geometry":{"type":"Point","coordinates":[20.45865,44.818037]},"properties":{"line":"33N","mode":"bus","color":"#0059a9","colorDark":"#00294f","band":4,"off":[-6.8,3.1]}},{"type":"Feature","geometry":{"type":"Point","coordinates":[20.45865,44.818037]},"properties":{"line":"41","mode":"bus","color":"#149a3f","colorDark":"#0a5121","band":4,"off":[-3.4,3.1]}},{"type":"Feature","geometry":{"type":"Point","coordinates":[20.45865,44.818037]},"properties":{"line":"101N","mode":"bus","color":"#0059a9","colorDark":"#00294f","band":4,"off":[0,3.1]}},{"type":"Feature","geometry":{"type":"Point","coordinates":[20.45865,44.818037]},"properties":{"line":"101Na","mode":"bus","color":"#0059a9","colorDark":"#00294f","band":4,"off":[3.4,3.1]}},{"type":"Feature","geometry":{"type":"Point","coordinates":[20.45865,44.818037]},"properties":{"line":"105N","mode":"bus","color":"#0059a9","colorDark":"#00294f","band":4,"off":[6.8,3.1]}},{"type":"Feature","geometry":{"type":"Point","coordinates":[20.45865,44.818037]},"properties":{"line":"302N","mode":"bus","color":"#0059a9","colorDark":"#00294f","band":4,"off":[-6.8,5.1]}},{"type":"Feature","geometry":{"type":"Point","coordinates":[20.45865,44.818037]},"properties":{"line":"304N","mode":"bus","color":"#0059a9","colorDark":"#00294f","band":4,"off":[-3.4,5.1]}},{"type":"Feature","geometry":{"type":"Point","coordinates":[20.45865,44.818037]},"properties":{"line":"304Na","mode":"bus","color":"#0059a9","colorDark":"#00294f","band":4,"off":[0,5.1]}},{"type":"Feature","geometry":{"type":"Point","coordinates":[20.45865,44.818037]},"properties":{"line":"307N","mode":"bus","color":"#0059a9","colorDark":"#00294f","band":4,"off":[3.4,5.1]}},{"type":"Feature","geometry":{"type":"Point","coordinates":[20.45865,44.818037]},"properties":{"line":"307Na","mode":"bus","color":"#0059a9","colorDark":"#00294f","band":4,"off":[6.8,5.1]}},{"type":"Feature","geometry":{"type":"Point","coordinates":[20.45865,44.818037]},"properties":{"line":"511N","mode":"bus","color":"#0059a9","colorDark":"#00294f","band":4,"off":[-6.8,7.1]}},{"type":"Feature","geometry":{"type":"Point","coordinates":[20.45865,44.818037]},"properties":{"line":"511Na","mode":"bus","color":"#0059a9","colorDark":"#00294f","band":4,"off":[-3.4,7.1]}},{"type":"Feature","geometry":{"type":"Point","coordinates":[20.45865,44.818037]},"properties":{"line":"511Nb","mode":"bus","color":"#0059a9","colorDark":"#00294f","band":4,"off":[0,7.1]}},{"type":"Feature","geometry":{"type":"Point","coordinates":[20.45865,44.818037]},"properties":{"line":"603N","mode":"bus","color":"#0059a9","colorDark":"#00294f","band":4,"off":[3.4,7.1]}},{"type":"Feature","geometry":{"type":"Point","coordinates":[20.45865,44.818037]},"properties":{"line":"603Na","mode":"bus","color":"#0059a9","colorDark":"#00294f","band":4,"off":[6.8,7.1]}},{"type":"Feature","geometry":{"type":"Point","coordinates":[20.45865,44.818037]},"properties":{"line":"706N","mode":"bus","color":"#0059a9","colorDark":"#00294f","band":4,"off":[-3.4,9.1]}},{"type":"Feature","geometry":{"type":"Point","coordinates":[20.45865,44.818037]},"properties":{"line":"707N","mode":"bus","color":"#0059a9","colorDark":"#00294f","band":4,"off":[0,9.1]}},{"type":"Feature","geometry":{"type":"Point","coordinates":[20.45865,44.818037]},"properties":{"line":"E9","mode":"bus","color":"#0059a9","colorDark":"#00294f","band":4,"off":[3.4,9.1]}},{"type":"Feature","geometry":{"type":"Point","coordinates":[20.506079,44.798287]},"properties":{"name":"Zvezdara","band":4,"modes":"bus","arr":["28","40","64","77"],"off":[0,-0.8]}},{"type":"Feature","geometry":{"type":"Point","coordinates":[20.506079,44.798287]},"properties":{"line":"28","mode":"bus","color":"#149a3f","colorDark":"#0a5121","band":4,"off":[-5.1,1.1]}},{"type":"Feature","geometry":{"type":"Point","coordinates":[20.506079,44.798287]},"properties":{"line":"40","mode":"bus","color":"#149a3f","colorDark":"#0a5121","band":4,"off":[-1.7,1.1]}},{"type":"Feature","geometry":{"type":"Point","coordinates":[20.506079,44.798287]},"properties":{"line":"64","mode":"bus","color":"#0059a9","colorDark":"#00294f","band":4,"off":[1.7,1.1]}},{"type":"Feature","geometry":{"type":"Point","coordinates":[20.506079,44.798287]},"properties":{"line":"77","mode":"bus","color":"#0059a9","colorDark":"#00294f","band":4,"off":[5.1,1.1]}},{"type":"Feature","geometry":{"type":"Point","coordinates":[20.465461,44.800725]},"properties":{"name":"Birčaninova","band":4,"modes":"bus","arr":["30","39","47","59","401","402"],"off":[0,-0.8]}},{"type":"Feature","geometry":{"type":"Point","coordinates":[20.465461,44.800725]},"properties":{"line":"30","mode":"bus","color":"#0059a9","colorDark":"#00294f","band":4,"off":[-6.8,1.1]}},{"type":"Feature","geometry":{"type":"Point","coordinates":[20.465461,44.800725]},"properties":{"line":"39","mode":"bus","color":"#0059a9","colorDark":"#00294f","band":4,"off":[-3.4,1.1]}},{"type":"Feature","geometry":{"type":"Point","coordinates":[20.465461,44.800725]},"properties":{"line":"47","mode":"bus","color":"#0059a9","colorDark":"#00294f","band":4,"off":[0,1.1]}},{"type":"Feature","geometry":{"type":"Point","coordinates":[20.465461,44.800725]},"properties":{"line":"59","mode":"bus","color":"#0059a9","colorDark":"#00294f","band":4,"off":[3.4,1.1]}},{"type":"Feature","geometry":{"type":"Point","coordinates":[20.465461,44.800725]},"properties":{"line":"401","mode":"bus","color":"#0059a9","colorDark":"#00294f","band":4,"off":[6.8,1.1]}},{"type":"Feature","geometry":{"type":"Point","coordinates":[20.465461,44.800725]},"properties":{"line":"402","mode":"bus","color":"#0059a9","colorDark":"#00294f","band":4,"off":[0,3.1]}},{"type":"Feature","geometry":{"type":"Point","coordinates":[20.497421,44.775425]},"properties":{"name":"Medaković 2","band":4,"modes":"bus","arr":["30"],"off":[0,-0.8]}},{"type":"Feature","geometry":{"type":"Point","coordinates":[20.497421,44.775425]},"properties":{"line":"30","mode":"bus","color":"#0059a9","colorDark":"#00294f","band":4,"off":[0,1.1]}},{"type":"Feature","geometry":{"type":"Point","coordinates":[20.479653,44.804814]},"properties":{"name":"Vukov spomenik","band":4,"modes":"bus","arr":["32","66","EKO1"],"off":[0,-0.8]}},{"type":"Feature","geometry":{"type":"Point","coordinates":[20.479653,44.804814]},"properties":{"line":"32","mode":"bus","color":"#0059a9","colorDark":"#00294f","band":4,"off":[-3.4,1.1]}},{"type":"Feature","geometry":{"type":"Point","coordinates":[20.479653,44.804814]},"properties":{"line":"66","mode":"bus","color":"#0059a9","colorDark":"#00294f","band":4,"off":[0,1.1]}},{"type":"Feature","geometry":{"type":"Point","coordinates":[20.479653,44.804814]},"properties":{"line":"EKO1","mode":"bus","color":"#0059a9","colorDark":"#00294f","band":4,"off":[3.4,1.1]}},{"type":"Feature","geometry":{"type":"Point","coordinates":[20.548284,44.830864]},"properties":{"name":"Višnjica","band":4,"modes":"bus","arr":["32","32E","32N"],"off":[0,-0.8]}},{"type":"Feature","geometry":{"type":"Point","coordinates":[20.548284,44.830864]},"properties":{"line":"32","mode":"bus","color":"#0059a9","colorDark":"#00294f","band":4,"off":[-3.4,1.1]}},{"type":"Feature","geometry":{"type":"Point","coordinates":[20.548284,44.830864]},"properties":{"line":"32E","mode":"bus","color":"#0059a9","colorDark":"#00294f","band":4,"off":[0,1.1]}},{"type":"Feature","geometry":{"type":"Point","coordinates":[20.548284,44.830864]},"properties":{"line":"32N","mode":"bus","color":"#0059a9","colorDark":"#00294f","band":4,"off":[3.4,1.1]}},{"type":"Feature","geometry":{"type":"Point","coordinates":[20.488846,44.819323]},"properties":{"name":"ŽS Pančevački most","band":4,"modes":"bus","arr":["33","37","48","58","96"],"off":[0,-0.8]}},{"type":"Feature","geometry":{"type":"Point","coordinates":[20.488846,44.819323]},"properties":{"line":"33","mode":"bus","color":"#0059a9","colorDark":"#00294f","band":4,"off":[-6.8,1.1]}},{"type":"Feature","geometry":{"type":"Point","coordinates":[20.488846,44.819323]},"properties":{"line":"37","mode":"bus","color":"#0059a9","colorDark":"#00294f","band":4,"off":[-3.4,1.1]}},{"type":"Feature","geometry":{"type":"Point","coordinates":[20.488846,44.819323]},"properties":{"line":"48","mode":"bus","color":"#0059a9","colorDark":"#00294f","band":4,"off":[0,1.1]}},{"type":"Feature","geometry":{"type":"Point","coordinates":[20.488846,44.819323]},"properties":{"line":"58","mode":"bus","color":"#0059a9","colorDark":"#00294f","band":4,"off":[3.4,1.1]}},{"type":"Feature","geometry":{"type":"Point","coordinates":[20.488846,44.819323]},"properties":{"line":"96","mode":"bus","color":"#0059a9","colorDark":"#00294f","band":4,"off":[6.8,1.1]}},{"type":"Feature","geometry":{"type":"Point","coordinates":[20.518135,44.744787]},"properties":{"name":"Kumodraž","band":4,"modes":"bus","arr":["33","33N","E9"],"off":[0,-0.8]}},{"type":"Feature","geometry":{"type":"Point","coordinates":[20.518135,44.744787]},"properties":{"line":"33","mode":"bus","color":"#0059a9","colorDark":"#00294f","band":4,"off":[-3.4,1.1]}},{"type":"Feature","geometry":{"type":"Point","coordinates":[20.518135,44.744787]},"properties":{"line":"33N","mode":"bus","color":"#0059a9","colorDark":"#00294f","band":4,"off":[0,1.1]}},{"type":"Feature","geometry":{"type":"Point","coordinates":[20.518135,44.744787]},"properties":{"line":"E9","mode":"bus","color":"#0059a9","colorDark":"#00294f","band":4,"off":[3.4,1.1]}},{"type":"Feature","geometry":{"type":"Point","coordinates":[20.443103,44.795788]},"properties":{"name":"Topčidersko brdo /Senjak/","band":4,"modes":"bus","arr":["34","44","44a"],"off":[0,-0.8]}},{"type":"Feature","geometry":{"type":"Point","coordinates":[20.443103,44.795788]},"properties":{"line":"34","mode":"bus","color":"#0059a9","colorDark":"#00294f","band":4,"off":[-3.4,1.1]}},{"type":"Feature","geometry":{"type":"Point","coordinates":[20.443103,44.795788]},"properties":{"line":"44","mode":"bus","color":"#0059a9","colorDark":"#00294f","band":4,"off":[0,1.1]}},{"type":"Feature","geometry":{"type":"Point","coordinates":[20.443103,44.795788]},"properties":{"line":"44a","mode":"bus","color":"#0059a9","colorDark":"#00294f","band":4,"off":[3.4,1.1]}},{"type":"Feature","geometry":{"type":"Point","coordinates":[20.454044,44.792721]},"properties":{"name":"Železnička stanica BGD centar","band":4,"modes":"bus","arr":["36"],"off":[0,-0.8]}},{"type":"Feature","geometry":{"type":"Point","coordinates":[20.454044,44.792721]},"properties":{"name":"Železnička stanica Beograd centar - Terminus (pola","band":4,"modes":"bus","arr":["36"],"off":[0,-3]}},{"type":"Feature","geometry":{"type":"Point","coordinates":[20.454044,44.792721]},"properties":{"line":"36","mode":"bus","color":"#0059a9","colorDark":"#00294f","band":4,"off":[0,1.1]}},{"type":"Feature","geometry":{"type":"Point","coordinates":[20.457934,44.79252]},"properties":{"name":"Gučevska","band":4,"modes":"bus","arr":["38L","600"],"off":[0,-0.8]}},{"type":"Feature","geometry":{"type":"Point","coordinates":[20.457934,44.79252]},"properties":{"line":"38L","mode":"bus","color":"#0059a9","colorDark":"#00294f","band":4,"off":[-1.7,1.1]}},{"type":"Feature","geometry":{"type":"Point","coordinates":[20.457934,44.79252]},"properties":{"line":"600","mode":"bus","color":"#0059a9","colorDark":"#00294f","band":4,"off":[1.7,1.1]}},{"type":"Feature","geometry":{"type":"Point","coordinates":[20.460103,44.75711]},"properties":{"name":"Pere Velimirovića","band":4,"modes":"bus","arr":["34"],"off":[0,-0.8]}},{"type":"Feature","geometry":{"type":"Point","coordinates":[20.460103,44.75711]},"properties":{"line":"34","mode":"bus","color":"#0059a9","colorDark":"#00294f","band":4,"off":[0,1.1]}},{"type":"Feature","geometry":{"type":"Point","coordinates":[20.54699,44.810139]},"properties":{"name":"Lešće /groblje/","band":4,"modes":"bus","arr":["35","63"],"off":[0,-0.8]}},{"type":"Feature","geometry":{"type":"Point","coordinates":[20.54699,44.810139]},"properties":{"line":"35","mode":"bus","color":"#0059a9","colorDark":"#00294f","band":4,"off":[-1.7,1.1]}},{"type":"Feature","geometry":{"type":"Point","coordinates":[20.54699,44.810139]},"properties":{"line":"63","mode":"bus","color":"#0059a9","colorDark":"#00294f","band":4,"off":[1.7,1.1]}},{"type":"Feature","geometry":{"type":"Point","coordinates":[20.529133,44.756177]},"properties":{"name":"VML","band":4,"modes":"bus","arr":["38","308"],"off":[0,-0.8]}},{"type":"Feature","geometry":{"type":"Point","coordinates":[20.529133,44.756177]},"properties":{"line":"38","mode":"bus","color":"#0059a9","colorDark":"#00294f","band":4,"off":[-1.7,1.1]}},{"type":"Feature","geometry":{"type":"Point","coordinates":[20.529133,44.756177]},"properties":{"line":"308","mode":"bus","color":"#0059a9","colorDark":"#00294f","band":4,"off":[1.7,1.1]}},{"type":"Feature","geometry":{"type":"Point","coordinates":[20.517328,44.772212]},"properties":{"name":"Pogon Kosmaj","band":4,"modes":"bus","arr":["38L"],"off":[0,-0.8]}},{"type":"Feature","geometry":{"type":"Point","coordinates":[20.517328,44.772212]},"properties":{"line":"38L","mode":"bus","color":"#0059a9","colorDark":"#00294f","band":4,"off":[0,1.1]}},{"type":"Feature","geometry":{"type":"Point","coordinates":[20.501213,44.744089]},"properties":{"name":"Kumodraž 1","band":4,"modes":"bus","arr":["39"],"off":[0,-0.8]}},{"type":"Feature","geometry":{"type":"Point","coordinates":[20.501213,44.744089]},"properties":{"line":"39","mode":"bus","color":"#0059a9","colorDark":"#00294f","band":4,"off":[0,1.1]}},{"type":"Feature","geometry":{"type":"Point","coordinates":[20.479942,44.75208]},"properties":{"name":"Banjica 2","band":4,"modes":"bus","arr":["40","41","78"],"off":[0,-0.8]}},{"type":"Feature","geometry":{"type":"Point","coordinates":[20.479942,44.75208]},"properties":{"line":"40","mode":"bus","color":"#149a3f","colorDark":"#0a5121","band":4,"off":[-3.4,1.1]}},{"type":"Feature","geometry":{"type":"Point","coordinates":[20.479942,44.75208]},"properties":{"line":"41","mode":"bus","color":"#149a3f","colorDark":"#0a5121","band":4,"off":[0,1.1]}},{"type":"Feature","geometry":{"type":"Point","coordinates":[20.479942,44.75208]},"properties":{"line":"78","mode":"bus","color":"#0059a9","colorDark":"#00294f","band":4,"off":[3.4,1.1]}},{"type":"Feature","geometry":{"type":"Point","coordinates":[20.428605,44.718462]},"properties":{"name":"Petlovo brdo","band":4,"modes":"bus","arr":["42","56","59","501","E2"],"off":[0,-0.8]}},{"type":"Feature","geometry":{"type":"Point","coordinates":[20.428605,44.718462]},"properties":{"line":"42","mode":"bus","color":"#0059a9","colorDark":"#00294f","band":4,"off":[-6.8,1.1]}},{"type":"Feature","geometry":{"type":"Point","coordinates":[20.428605,44.718462]},"properties":{"line":"56","mode":"bus","color":"#0059a9","colorDark":"#00294f","band":4,"off":[-3.4,1.1]}},{"type":"Feature","geometry":{"type":"Point","coordinates":[20.428605,44.718462]},"properties":{"line":"59","mode":"bus","color":"#0059a9","colorDark":"#00294f","band":4,"off":[0,1.1]}},{"type":"Feature","geometry":{"type":"Point","coordinates":[20.428605,44.718462]},"properties":{"line":"501","mode":"bus","color":"#0059a9","colorDark":"#00294f","band":4,"off":[3.4,1.1]}},{"type":"Feature","geometry":{"type":"Point","coordinates":[20.428605,44.718462]},"properties":{"line":"E2","mode":"bus","color":"#0059a9","colorDark":"#00294f","band":4,"off":[6.8,1.1]}},{"type":"Feature","geometry":{"type":"Point","coordinates":[20.467035,44.851482]},"properties":{"name":"Kotež","band":4,"modes":"bus","arr":["43"],"off":[0,-0.8]}},{"type":"Feature","geometry":{"type":"Point","coordinates":[20.467035,44.851482]},"properties":{"line":"43","mode":"bus","color":"#0059a9","colorDark":"#00294f","band":4,"off":[0,1.1]}},{"type":"Feature","geometry":{"type":"Point","coordinates":[20.479952,44.81888]},"properties":{"name":"Železnička stanica Dunav","band":4,"modes":"bus","arr":["44","44a"],"off":[0,-0.8]}},{"type":"Feature","geometry":{"type":"Point","coordinates":[20.479952,44.81888]},"properties":{"line":"44","mode":"bus","color":"#0059a9","colorDark":"#00294f","band":4,"off":[-1.7,1.1]}},{"type":"Feature","geometry":{"type":"Point","coordinates":[20.479952,44.81888]},"properties":{"line":"44a","mode":"bus","color":"#0059a9","colorDark":"#00294f","band":4,"off":[1.7,1.1]}},{"type":"Feature","geometry":{"type":"Point","coordinates":[20.383869,44.797058]},"properties":{"name":"Blok 44","band":4,"modes":"bus","arr":["45","82","602"],"off":[0,-0.8]}},{"type":"Feature","geometry":{"type":"Point","coordinates":[20.383869,44.797058]},"properties":{"line":"45","mode":"bus","color":"#0059a9","colorDark":"#00294f","band":4,"off":[-3.4,1.1]}},{"type":"Feature","geometry":{"type":"Point","coordinates":[20.383869,44.797058]},"properties":{"line":"82","mode":"bus","color":"#0059a9","colorDark":"#00294f","band":4,"off":[0,1.1]}},{"type":"Feature","geometry":{"type":"Point","coordinates":[20.383869,44.797058]},"properties":{"line":"602","mode":"bus","color":"#0059a9","colorDark":"#00294f","band":4,"off":[3.4,1.1]}},{"type":"Feature","geometry":{"type":"Point","coordinates":[20.503601,44.792895]},"properties":{"name":"Zvezdara","band":4,"modes":"bus","arr":["55"],"off":[0,-0.8]}},{"type":"Feature","geometry":{"type":"Point","coordinates":[20.503601,44.792895]},"properties":{"line":"55","mode":"bus","color":"#0059a9","colorDark":"#00294f","band":4,"off":[0,1.1]}},{"type":"Feature","geometry":{"type":"Point","coordinates":[20.531607,44.793776]},"properties":{"name":"Mirijevo","band":4,"modes":"bus","arr":["46"],"off":[0,-0.8]}},{"type":"Feature","geometry":{"type":"Point","coordinates":[20.531607,44.793776]},"properties":{"line":"46","mode":"bus","color":"#0059a9","colorDark":"#00294f","band":4,"off":[0,1.1]}},{"type":"Feature","geometry":{"type":"Point","coordinates":[20.449734,44.748186]},"properties":{"name":"Miljakovac 1","band":4,"modes":"bus","arr":["54","502","505","506"],"off":[0,-0.8]}},{"type":"Feature","geometry":{"type":"Point","coordinates":[20.449734,44.748186]},"properties":{"line":"54","mode":"bus","color":"#0059a9","colorDark":"#00294f","band":4,"off":[-5.1,1.1]}},{"type":"Feature","geometry":{"type":"Point","coordinates":[20.449734,44.748186]},"properties":{"line":"502","mode":"bus","color":"#0059a9","colorDark":"#00294f","band":4,"off":[-1.7,1.1]}},{"type":"Feature","geometry":{"type":"Point","coordinates":[20.449734,44.748186]},"properties":{"line":"505","mode":"bus","color":"#0059a9","colorDark":"#00294f","band":4,"off":[1.7,1.1]}},{"type":"Feature","geometry":{"type":"Point","coordinates":[20.449734,44.748186]},"properties":{"line":"506","mode":"bus","color":"#0059a9","colorDark":"#00294f","band":4,"off":[5.1,1.1]}},{"type":"Feature","geometry":{"type":"Point","coordinates":[20.449457,44.704453]},"properties":{"name":"Železnička stanica Resnik","band":4,"modes":"bus","arr":["47","47N","47Na","503","504"],"off":[0,-0.8]}},{"type":"Feature","geometry":{"type":"Point","coordinates":[20.449457,44.704453]},"properties":{"line":"47","mode":"bus","color":"#0059a9","colorDark":"#00294f","band":4,"off":[-6.8,1.1]}},{"type":"Feature","geometry":{"type":"Point","coordinates":[20.449457,44.704453]},"properties":{"line":"47N","mode":"bus","color":"#0059a9","colorDark":"#00294f","band":4,"off":[-3.4,1.1]}},{"type":"Feature","geometry":{"type":"Point","coordinates":[20.449457,44.704453]},"properties":{"line":"47Na","mode":"bus","color":"#0059a9","colorDark":"#00294f","band":4,"off":[0,1.1]}},{"type":"Feature","geometry":{"type":"Point","coordinates":[20.449457,44.704453]},"properties":{"line":"503","mode":"bus","color":"#0059a9","colorDark":"#00294f","band":4,"off":[3.4,1.1]}},{"type":"Feature","geometry":{"type":"Point","coordinates":[20.449457,44.704453]},"properties":{"line":"504","mode":"bus","color":"#0059a9","colorDark":"#00294f","band":4,"off":[6.8,1.1]}},{"type":"Feature","geometry":{"type":"Point","coordinates":[20.463341,44.738005]},"properties":{"name":"Miljakovac 3","band":4,"modes":"bus","arr":["48"],"off":[0,-0.8]}},{"type":"Feature","geometry":{"type":"Point","coordinates":[20.463341,44.738005]},"properties":{"line":"48","mode":"bus","color":"#0059a9","colorDark":"#00294f","band":4,"off":[0,1.1]}},{"type":"Feature","geometry":{"type":"Point","coordinates":[20.41381,44.768478]},"properties":{"name":"Banovo brdo","band":4,"modes":"tram,bus","arr":["12","13","49","50","57","85","512","531","531a","532","532a","533","607"],"off":[0,-0.8]}},{"type":"Feature","geometry":{"type":"Point","coordinates":[20.41381,44.768478]},"properties":{"line":"12","mode":"tram","color":"#d6212b","colorDark":"#7c1116","band":4,"off":[-6.8,1.1]}},{"type":"Feature","geometry":{"type":"Point","coordinates":[20.41381,44.768478]},"properties":{"line":"13","mode":"tram","color":"#d6212b","colorDark":"#7c1116","band":4,"off":[-3.4,1.1]}},{"type":"Feature","geometry":{"type":"Point","coordinates":[20.41381,44.768478]},"properties":{"line":"49","mode":"bus","color":"#0059a9","colorDark":"#00294f","band":4,"off":[0,1.1]}},{"type":"Feature","geometry":{"type":"Point","coordinates":[20.41381,44.768478]},"properties":{"line":"50","mode":"bus","color":"#0059a9","colorDark":"#00294f","band":4,"off":[3.4,1.1]}},{"type":"Feature","geometry":{"type":"Point","coordinates":[20.41381,44.768478]},"properties":{"line":"57","mode":"bus","color":"#0059a9","colorDark":"#00294f","band":4,"off":[6.8,1.1]}},{"type":"Feature","geometry":{"type":"Point","coordinates":[20.41381,44.768478]},"properties":{"line":"85","mode":"bus","color":"#0059a9","colorDark":"#00294f","band":4,"off":[-6.8,3.1]}},{"type":"Feature","geometry":{"type":"Point","coordinates":[20.41381,44.768478]},"properties":{"line":"512","mode":"bus","color":"#0059a9","colorDark":"#00294f","band":4,"off":[-3.4,3.1]}},{"type":"Feature","geometry":{"type":"Point","coordinates":[20.41381,44.768478]},"properties":{"line":"531","mode":"bus","color":"#0059a9","colorDark":"#00294f","band":4,"off":[0,3.1]}},{"type":"Feature","geometry":{"type":"Point","coordinates":[20.41381,44.768478]},"properties":{"line":"531a","mode":"bus","color":"#0059a9","colorDark":"#00294f","band":4,"off":[3.4,3.1]}},{"type":"Feature","geometry":{"type":"Point","coordinates":[20.41381,44.768478]},"properties":{"line":"532","mode":"bus","color":"#0059a9","colorDark":"#00294f","band":4,"off":[6.8,3.1]}},{"type":"Feature","geometry":{"type":"Point","coordinates":[20.41381,44.768478]},"properties":{"line":"532a","mode":"bus","color":"#0059a9","colorDark":"#00294f","band":4,"off":[-3.4,5.1]}},{"type":"Feature","geometry":{"type":"Point","coordinates":[20.41381,44.768478]},"properties":{"line":"533","mode":"bus","color":"#0059a9","colorDark":"#00294f","band":4,"off":[0,5.1]}},{"type":"Feature","geometry":{"type":"Point","coordinates":[20.41381,44.768478]},"properties":{"line":"607","mode":"bus","color":"#0059a9","colorDark":"#00294f","band":4,"off":[3.4,5.1]}},{"type":"Feature","geometry":{"type":"Point","coordinates":[20.496587,44.7536]},"properties":{"name":"Naselje Stepa Stepanović","band":4,"modes":"bus","arr":["49"],"off":[0,-0.8]}},{"type":"Feature","geometry":{"type":"Point","coordinates":[20.496587,44.7536]},"properties":{"line":"49","mode":"bus","color":"#0059a9","colorDark":"#00294f","band":4,"off":[0,1.1]}},{"type":"Feature","geometry":{"type":"Point","coordinates":[20.496792,44.754727]},"properties":{"name":"Generala Štefanika","band":4,"modes":"bus","arr":["49"],"off":[0,-0.8]}},{"type":"Feature","geometry":{"type":"Point","coordinates":[20.496792,44.754727]},"properties":{"line":"49","mode":"bus","color":"#0059a9","colorDark":"#00294f","band":4,"off":[0,1.1]}},{"type":"Feature","geometry":{"type":"Point","coordinates":[20.517462,44.784789]},"properties":{"name":"Ustanička","band":4,"modes":"tram,bus","arr":["5","6","7L","14","50","63","302","302a","302b","303","304","305","305a","306","306a","306b","306v","307","311"],"off":[0,-0.8]}},{"type":"Feature","geometry":{"type":"Point","coordinates":[20.517462,44.784789]},"properties":{"line":"5","mode":"tram","color":"#d6212b","colorDark":"#7c1116","band":4,"off":[-6.8,1.1]}},{"type":"Feature","geometry":{"type":"Point","coordinates":[20.517462,44.784789]},"properties":{"line":"6","mode":"tram","color":"#d6212b","colorDark":"#7c1116","band":4,"off":[-3.4,1.1]}},{"type":"Feature","geometry":{"type":"Point","coordinates":[20.517462,44.784789]},"properties":{"line":"7L","mode":"tram","color":"#d6212b","colorDark":"#7c1116","band":4,"off":[0,1.1]}},{"type":"Feature","geometry":{"type":"Point","coordinates":[20.517462,44.784789]},"properties":{"line":"14","mode":"tram","color":"#d6212b","colorDark":"#7c1116","band":4,"off":[3.4,1.1]}},{"type":"Feature","geometry":{"type":"Point","coordinates":[20.517462,44.784789]},"properties":{"line":"50","mode":"bus","color":"#0059a9","colorDark":"#00294f","band":4,"off":[6.8,1.1]}},{"type":"Feature","geometry":{"type":"Point","coordinates":[20.517462,44.784789]},"properties":{"line":"63","mode":"bus","color":"#0059a9","colorDark":"#00294f","band":4,"off":[-6.8,3.1]}},{"type":"Feature","geometry":{"type":"Point","coordinates":[20.517462,44.784789]},"properties":{"line":"302","mode":"bus","color":"#0059a9","colorDark":"#00294f","band":4,"off":[-3.4,3.1]}},{"type":"Feature","geometry":{"type":"Point","coordinates":[20.517462,44.784789]},"properties":{"line":"302a","mode":"bus","color":"#0059a9","colorDark":"#00294f","band":4,"off":[0,3.1]}},{"type":"Feature","geometry":{"type":"Point","coordinates":[20.517462,44.784789]},"properties":{"line":"302b","mode":"bus","color":"#0059a9","colorDark":"#00294f","band":4,"off":[3.4,3.1]}},{"type":"Feature","geometry":{"type":"Point","coordinates":[20.517462,44.784789]},"properties":{"line":"303","mode":"bus","color":"#0059a9","colorDark":"#00294f","band":4,"off":[6.8,3.1]}},{"type":"Feature","geometry":{"type":"Point","coordinates":[20.517462,44.784789]},"properties":{"line":"304","mode":"bus","color":"#0059a9","colorDark":"#00294f","band":4,"off":[-6.8,5.1]}},{"type":"Feature","geometry":{"type":"Point","coordinates":[20.517462,44.784789]},"properties":{"line":"305","mode":"bus","color":"#0059a9","colorDark":"#00294f","band":4,"off":[-3.4,5.1]}},{"type":"Feature","geometry":{"type":"Point","coordinates":[20.517462,44.784789]},"properties":{"line":"305a","mode":"bus","color":"#0059a9","colorDark":"#00294f","band":4,"off":[0,5.1]}},{"type":"Feature","geometry":{"type":"Point","coordinates":[20.517462,44.784789]},"properties":{"line":"306","mode":"bus","color":"#0059a9","colorDark":"#00294f","band":4,"off":[3.4,5.1]}},{"type":"Feature","geometry":{"type":"Point","coordinates":[20.517462,44.784789]},"properties":{"line":"306a","mode":"bus","color":"#0059a9","colorDark":"#00294f","band":4,"off":[6.8,5.1]}},{"type":"Feature","geometry":{"type":"Point","coordinates":[20.517462,44.784789]},"properties":{"line":"306b","mode":"bus","color":"#0059a9","colorDark":"#00294f","band":4,"off":[-5.1,7.1]}},{"type":"Feature","geometry":{"type":"Point","coordinates":[20.517462,44.784789]},"properties":{"line":"306v","mode":"bus","color":"#0059a9","colorDark":"#00294f","band":4,"off":[-1.7,7.1]}},{"type":"Feature","geometry":{"type":"Point","coordinates":[20.517462,44.784789]},"properties":{"line":"307","mode":"bus","color":"#0059a9","colorDark":"#00294f","band":4,"off":[1.7,7.1]}},{"type":"Feature","geometry":{"type":"Point","coordinates":[20.517462,44.784789]},"properties":{"line":"311","mode":"bus","color":"#0059a9","colorDark":"#00294f","band":4,"off":[5.1,7.1]}},{"type":"Feature","geometry":{"type":"Point","coordinates":[20.403729,44.748977]},"properties":{"name":"Bele vode","band":4,"modes":"bus","arr":["51","51N"],"off":[0,-0.8]}},{"type":"Feature","geometry":{"type":"Point","coordinates":[20.403729,44.748977]},"properties":{"line":"51","mode":"bus","color":"#0059a9","colorDark":"#00294f","band":4,"off":[-1.7,1.1]}},{"type":"Feature","geometry":{"type":"Point","coordinates":[20.403729,44.748977]},"properties":{"line":"51N","mode":"bus","color":"#0059a9","colorDark":"#00294f","band":4,"off":[1.7,1.1]}},{"type":"Feature","geometry":{"type":"Point","coordinates":[20.457571,44.813833]},"properties":{"name":"Zeleni venac","band":4,"modes":"bus","arr":["52","53","56","56L","60","60L","71","72","75","706"],"off":[0,-0.8]}},{"type":"Feature","geometry":{"type":"Point","coordinates":[20.457571,44.813833]},"properties":{"line":"52","mode":"bus","color":"#0059a9","colorDark":"#00294f","band":4,"off":[-6.8,1.1]}},{"type":"Feature","geometry":{"type":"Point","coordinates":[20.457571,44.813833]},"properties":{"line":"53","mode":"bus","color":"#0059a9","colorDark":"#00294f","band":4,"off":[-3.4,1.1]}},{"type":"Feature","geometry":{"type":"Point","coordinates":[20.457571,44.813833]},"properties":{"line":"56","mode":"bus","color":"#0059a9","colorDark":"#00294f","band":4,"off":[0,1.1]}},{"type":"Feature","geometry":{"type":"Point","coordinates":[20.457571,44.813833]},"properties":{"line":"56L","mode":"bus","color":"#0059a9","colorDark":"#00294f","band":4,"off":[3.4,1.1]}},{"type":"Feature","geometry":{"type":"Point","coordinates":[20.457571,44.813833]},"properties":{"line":"60","mode":"bus","color":"#0059a9","colorDark":"#00294f","band":4,"off":[6.8,1.1]}},{"type":"Feature","geometry":{"type":"Point","coordinates":[20.457571,44.813833]},"properties":{"line":"60L","mode":"bus","color":"#0059a9","colorDark":"#00294f","band":4,"off":[-6.8,3.1]}},{"type":"Feature","geometry":{"type":"Point","coordinates":[20.457571,44.813833]},"properties":{"line":"71","mode":"bus","color":"#0059a9","colorDark":"#00294f","band":4,"off":[-3.4,3.1]}},{"type":"Feature","geometry":{"type":"Point","coordinates":[20.457571,44.813833]},"properties":{"line":"72","mode":"bus","color":"#0059a9","colorDark":"#00294f","band":4,"off":[0,3.1]}},{"type":"Feature","geometry":{"type":"Point","coordinates":[20.457571,44.813833]},"properties":{"line":"75","mode":"bus","color":"#0059a9","colorDark":"#00294f","band":4,"off":[3.4,3.1]}},{"type":"Feature","geometry":{"type":"Point","coordinates":[20.457571,44.813833]},"properties":{"line":"706","mode":"bus","color":"#0059a9","colorDark":"#00294f","band":4,"off":[6.8,3.1]}},{"type":"Feature","geometry":{"type":"Point","coordinates":[20.419144,44.743706]},"properties":{"name":"Cerak Vinogradi","band":4,"modes":"bus","arr":["52","534"],"off":[0,-0.8]}},{"type":"Feature","geometry":{"type":"Point","coordinates":[20.419144,44.743706]},"properties":{"line":"52","mode":"bus","color":"#0059a9","colorDark":"#00294f","band":4,"off":[-1.7,1.1]}},{"type":"Feature","geometry":{"type":"Point","coordinates":[20.419144,44.743706]},"properties":{"line":"534","mode":"bus","color":"#0059a9","colorDark":"#00294f","band":4,"off":[1.7,1.1]}},{"type":"Feature","geometry":{"type":"Point","coordinates":[20.362039,44.770464]},"properties":{"name":"MZ Makiš","band":4,"modes":"bus","arr":["54"],"off":[0,-0.8]}},{"type":"Feature","geometry":{"type":"Point","coordinates":[20.362039,44.770464]},"properties":{"line":"54","mode":"bus","color":"#0059a9","colorDark":"#00294f","band":4,"off":[0,1.1]}},{"type":"Feature","geometry":{"type":"Point","coordinates":[20.382804,44.72068]},"properties":{"name":"Stari Železnik","band":4,"modes":"bus","arr":["55"],"off":[0,-0.8]}},{"type":"Feature","geometry":{"type":"Point","coordinates":[20.382804,44.72068]},"properties":{"line":"55","mode":"bus","color":"#0059a9","colorDark":"#00294f","band":4,"off":[0,1.1]}},{"type":"Feature","geometry":{"type":"Point","coordinates":[20.404775,44.777971]},"properties":{"name":"Čukarička padina","band":4,"modes":"bus","arr":["56L","87","87A"],"off":[0,-0.8]}},{"type":"Feature","geometry":{"type":"Point","coordinates":[20.404775,44.777971]},"properties":{"line":"56L","mode":"bus","color":"#0059a9","colorDark":"#00294f","band":4,"off":[-3.4,1.1]}},{"type":"Feature","geometry":{"type":"Point","coordinates":[20.404775,44.777971]},"properties":{"line":"87","mode":"bus","color":"#0059a9","colorDark":"#00294f","band":4,"off":[0,1.1]}},{"type":"Feature","geometry":{"type":"Point","coordinates":[20.404775,44.777971]},"properties":{"line":"87A","mode":"bus","color":"#0059a9","colorDark":"#00294f","band":4,"off":[3.4,1.1]}},{"type":"Feature","geometry":{"type":"Point","coordinates":[20.45151,44.682821]},"properties":{"name":"13. Septembar","band":4,"modes":"bus","arr":["56N","531","531a"],"off":[0,-0.8]}},{"type":"Feature","geometry":{"type":"Point","coordinates":[20.45151,44.682821]},"properties":{"line":"56N","mode":"bus","color":"#0059a9","colorDark":"#00294f","band":4,"off":[-3.4,1.1]}},{"type":"Feature","geometry":{"type":"Point","coordinates":[20.45151,44.682821]},"properties":{"line":"531","mode":"bus","color":"#0059a9","colorDark":"#00294f","band":4,"off":[0,1.1]}},{"type":"Feature","geometry":{"type":"Point","coordinates":[20.45151,44.682821]},"properties":{"line":"531a","mode":"bus","color":"#0059a9","colorDark":"#00294f","band":4,"off":[3.4,1.1]}},{"type":"Feature","geometry":{"type":"Point","coordinates":[20.380272,44.731874]},"properties":{"name":"Novi Železnik","band":4,"modes":"bus","arr":["58","88","511Nb","522"],"off":[0,-0.8]}},{"type":"Feature","geometry":{"type":"Point","coordinates":[20.380272,44.731874]},"properties":{"line":"58","mode":"bus","color":"#0059a9","colorDark":"#00294f","band":4,"off":[-5.1,1.1]}},{"type":"Feature","geometry":{"type":"Point","coordinates":[20.380272,44.731874]},"properties":{"line":"88","mode":"bus","color":"#0059a9","colorDark":"#00294f","band":4,"off":[-1.7,1.1]}},{"type":"Feature","geometry":{"type":"Point","coordinates":[20.380272,44.731874]},"properties":{"line":"511Nb","mode":"bus","color":"#0059a9","colorDark":"#00294f","band":4,"off":[1.7,1.1]}},{"type":"Feature","geometry":{"type":"Point","coordinates":[20.380272,44.731874]},"properties":{"line":"522","mode":"bus","color":"#0059a9","colorDark":"#00294f","band":4,"off":[5.1,1.1]}},{"type":"Feature","geometry":{"type":"Point","coordinates":[20.413835,44.801438]},"properties":{"name":"Toplana","band":4,"modes":"bus","arr":["60","60L"],"off":[0,-0.8]}},{"type":"Feature","geometry":{"type":"Point","coordinates":[20.413835,44.801438]},"properties":{"line":"60","mode":"bus","color":"#0059a9","colorDark":"#00294f","band":4,"off":[-1.7,1.1]}},{"type":"Feature","geometry":{"type":"Point","coordinates":[20.413835,44.801438]},"properties":{"line":"60L","mode":"bus","color":"#0059a9","colorDark":"#00294f","band":4,"off":[1.7,1.1]}},{"type":"Feature","geometry":{"type":"Point","coordinates":[20.509411,44.80687]},"properties":{"name":"Zvezdara 2","band":4,"modes":"bus","arr":["65"],"off":[0,-0.8]}},{"type":"Feature","geometry":{"type":"Point","coordinates":[20.509411,44.80687]},"properties":{"line":"65","mode":"bus","color":"#0059a9","colorDark":"#00294f","band":4,"off":[0,1.1]}},{"type":"Feature","geometry":{"type":"Point","coordinates":[20.363947,44.82222]},"properties":{"name":"Novo bežanijsko groblje","band":4,"modes":"bus","arr":["65"],"off":[0,-0.8]}},{"type":"Feature","geometry":{"type":"Point","coordinates":[20.363947,44.82222]},"properties":{"line":"65","mode":"bus","color":"#0059a9","colorDark":"#00294f","band":4,"off":[0,1.1]}},{"type":"Feature","geometry":{"type":"Point","coordinates":[20.501982,44.80383]},"properties":{"name":"Naučno-tehnološki park","band":4,"modes":"bus","arr":["66"],"off":[0,-0.8]}},{"type":"Feature","geometry":{"type":"Point","coordinates":[20.501982,44.80383]},"properties":{"line":"66","mode":"bus","color":"#0059a9","colorDark":"#00294f","band":4,"off":[0,1.1]}},{"type":"Feature","geometry":{"type":"Point","coordinates":[20.400151,44.798263]},"properties":{"name":"Blok 70A","band":4,"modes":"bus","arr":["67","76","610e","610ea","708"],"off":[0,-0.8]}},{"type":"Feature","geometry":{"type":"Point","coordinates":[20.400151,44.798263]},"properties":{"line":"67","mode":"bus","color":"#0059a9","colorDark":"#00294f","band":4,"off":[-6.8,1.1]}},{"type":"Feature","geometry":{"type":"Point","coordinates":[20.400151,44.798263]},"properties":{"line":"76","mode":"bus","color":"#0059a9","colorDark":"#00294f","band":4,"off":[-3.4,1.1]}},{"type":"Feature","geometry":{"type":"Point","coordinates":[20.400151,44.798263]},"properties":{"line":"610e","mode":"bus","color":"#0059a9","colorDark":"#00294f","band":4,"off":[0,1.1]}},{"type":"Feature","geometry":{"type":"Point","coordinates":[20.400151,44.798263]},"properties":{"line":"610ea","mode":"bus","color":"#0059a9","colorDark":"#00294f","band":4,"off":[3.4,1.1]}},{"type":"Feature","geometry":{"type":"Point","coordinates":[20.400151,44.798263]},"properties":{"line":"708","mode":"bus","color":"#0059a9","colorDark":"#00294f","band":4,"off":[6.8,1.1]}},{"type":"Feature","geometry":{"type":"Point","coordinates":[20.389827,44.797521]},"properties":{"name":"Blok 70","band":4,"modes":"bus","arr":["68"],"off":[0,-0.8]}},{"type":"Feature","geometry":{"type":"Point","coordinates":[20.389827,44.797521]},"properties":{"line":"68","mode":"bus","color":"#0059a9","colorDark":"#00294f","band":4,"off":[0,1.1]}},{"type":"Feature","geometry":{"type":"Point","coordinates":[20.363078,44.807864]},"properties":{"name":"Bežanijska kosa","band":4,"modes":"bus","arr":["70","74","75"],"off":[0,-0.8]}},{"type":"Feature","geometry":{"type":"Point","coordinates":[20.363078,44.807864]},"properties":{"line":"70","mode":"bus","color":"#0059a9","colorDark":"#00294f","band":4,"off":[-3.4,1.1]}},{"type":"Feature","geometry":{"type":"Point","coordinates":[20.363078,44.807864]},"properties":{"line":"74","mode":"bus","color":"#0059a9","colorDark":"#00294f","band":4,"off":[0,1.1]}},{"type":"Feature","geometry":{"type":"Point","coordinates":[20.363078,44.807864]},"properties":{"line":"75","mode":"bus","color":"#0059a9","colorDark":"#00294f","band":4,"off":[3.4,1.1]}},{"type":"Feature","geometry":{"type":"Point","coordinates":[20.561103,44.709875]},"properties":{"name":"IKEA","band":4,"modes":"bus","arr":["70"],"off":[0,-0.8]}},{"type":"Feature","geometry":{"type":"Point","coordinates":[20.561103,44.709875]},"properties":{"line":"70","mode":"bus","color":"#0059a9","colorDark":"#00294f","band":4,"off":[0,1.1]}},{"type":"Feature","geometry":{"type":"Point","coordinates":[20.349054,44.805015]},"properties":{"name":"Ledine","band":4,"modes":"bus","arr":["71","603"],"off":[0,-0.8]}},{"type":"Feature","geometry":{"type":"Point","coordinates":[20.349054,44.805015]},"properties":{"line":"71","mode":"bus","color":"#0059a9","colorDark":"#00294f","band":4,"off":[-1.7,1.1]}},{"type":"Feature","geometry":{"type":"Point","coordinates":[20.349054,44.805015]},"properties":{"line":"603","mode":"bus","color":"#0059a9","colorDark":"#00294f","band":4,"off":[1.7,1.1]}},{"type":"Feature","geometry":{"type":"Point","coordinates":[20.290255,44.82038]},"properties":{"name":"Aerodrom Nikola Tesla /dolasci/","band":4,"modes":"bus","arr":["72","72N","600","607","A1"],"off":[0,-0.8]}},{"type":"Feature","geometry":{"type":"Point","coordinates":[20.290255,44.82038]},"properties":{"line":"72","mode":"bus","color":"#0059a9","colorDark":"#00294f","band":4,"off":[-6.8,1.1]}},{"type":"Feature","geometry":{"type":"Point","coordinates":[20.290255,44.82038]},"properties":{"line":"72N","mode":"bus","color":"#0059a9","colorDark":"#00294f","band":4,"off":[-3.4,1.1]}},{"type":"Feature","geometry":{"type":"Point","coordinates":[20.290255,44.82038]},"properties":{"line":"600","mode":"bus","color":"#0059a9","colorDark":"#00294f","band":4,"off":[0,1.1]}},{"type":"Feature","geometry":{"type":"Point","coordinates":[20.290255,44.82038]},"properties":{"line":"607","mode":"bus","color":"#0059a9","colorDark":"#00294f","band":4,"off":[3.4,1.1]}},{"type":"Feature","geometry":{"type":"Point","coordinates":[20.290255,44.82038]},"properties":{"line":"A1","mode":"bus","color":"#0059a9","colorDark":"#00294f","band":4,"off":[6.8,1.1]}},{"type":"Feature","geometry":{"type":"Point","coordinates":[20.270974,44.899948]},"properties":{"name":"Batajnica /železnička stanica/","band":4,"modes":"bus","arr":["73","700","702"],"off":[0,-0.8]}},{"type":"Feature","geometry":{"type":"Point","coordinates":[20.270974,44.899948]},"properties":{"line":"73","mode":"bus","color":"#0059a9","colorDark":"#00294f","band":4,"off":[-3.4,1.1]}},{"type":"Feature","geometry":{"type":"Point","coordinates":[20.270974,44.899948]},"properties":{"line":"700","mode":"bus","color":"#0059a9","colorDark":"#00294f","band":4,"off":[0,1.1]}},{"type":"Feature","geometry":{"type":"Point","coordinates":[20.270974,44.899948]},"properties":{"line":"702","mode":"bus","color":"#0059a9","colorDark":"#00294f","band":4,"off":[3.4,1.1]}},{"type":"Feature","geometry":{"type":"Point","coordinates":[20.380146,44.829896]},"properties":{"name":"Bežanijska kosa","band":4,"modes":"bus","arr":["76","77"],"off":[0,-0.8]}},{"type":"Feature","geometry":{"type":"Point","coordinates":[20.380146,44.829896]},"properties":{"line":"76","mode":"bus","color":"#0059a9","colorDark":"#00294f","band":4,"off":[-1.7,1.1]}},{"type":"Feature","geometry":{"type":"Point","coordinates":[20.380146,44.829896]},"properties":{"line":"77","mode":"bus","color":"#0059a9","colorDark":"#00294f","band":4,"off":[1.7,1.1]}},{"type":"Feature","geometry":{"type":"Point","coordinates":[20.339496,44.859253]},"properties":{"name":"Altina 1","band":4,"modes":"bus","arr":["81","81L"],"off":[0,-0.8]}},{"type":"Feature","geometry":{"type":"Point","coordinates":[20.339496,44.859253]},"properties":{"line":"81","mode":"bus","color":"#0059a9","colorDark":"#00294f","band":4,"off":[-1.7,1.1]}},{"type":"Feature","geometry":{"type":"Point","coordinates":[20.339496,44.859253]},"properties":{"line":"81L","mode":"bus","color":"#0059a9","colorDark":"#00294f","band":4,"off":[1.7,1.1]}},{"type":"Feature","geometry":{"type":"Point","coordinates":[20.415165,44.843011]},"properties":{"name":"Kej oslobođenja","band":4,"modes":"bus","arr":["82","88","610","611","703","705","706E"],"off":[0,-0.8]}},{"type":"Feature","geometry":{"type":"Point","coordinates":[20.415165,44.843011]},"properties":{"line":"82","mode":"bus","color":"#0059a9","colorDark":"#00294f","band":4,"off":[-6.8,1.1]}},{"type":"Feature","geometry":{"type":"Point","coordinates":[20.415165,44.843011]},"properties":{"line":"88","mode":"bus","color":"#0059a9","colorDark":"#00294f","band":4,"off":[-3.4,1.1]}},{"type":"Feature","geometry":{"type":"Point","coordinates":[20.415165,44.843011]},"properties":{"line":"610","mode":"bus","color":"#0059a9","colorDark":"#00294f","band":4,"off":[0,1.1]}},{"type":"Feature","geometry":{"type":"Point","coordinates":[20.415165,44.843011]},"properties":{"line":"611","mode":"bus","color":"#0059a9","colorDark":"#00294f","band":4,"off":[3.4,1.1]}},{"type":"Feature","geometry":{"type":"Point","coordinates":[20.415165,44.843011]},"properties":{"line":"703","mode":"bus","color":"#0059a9","colorDark":"#00294f","band":4,"off":[6.8,1.1]}},{"type":"Feature","geometry":{"type":"Point","coordinates":[20.415165,44.843011]},"properties":{"line":"705","mode":"bus","color":"#0059a9","colorDark":"#00294f","band":4,"off":[-1.7,3.1]}},{"type":"Feature","geometry":{"type":"Point","coordinates":[20.415165,44.843011]},"properties":{"line":"706E","mode":"bus","color":"#0059a9","colorDark":"#00294f","band":4,"off":[1.7,3.1]}},{"type":"Feature","geometry":{"type":"Point","coordinates":[20.370013,44.857078]},"properties":{"name":"Nova Galenika","band":4,"modes":"bus","arr":["84","612"],"off":[0,-0.8]}},{"type":"Feature","geometry":{"type":"Point","coordinates":[20.370013,44.857078]},"properties":{"line":"84","mode":"bus","color":"#0059a9","colorDark":"#00294f","band":4,"off":[-1.7,1.1]}},{"type":"Feature","geometry":{"type":"Point","coordinates":[20.370013,44.857078]},"properties":{"line":"612","mode":"bus","color":"#0059a9","colorDark":"#00294f","band":4,"off":[1.7,1.1]}},{"type":"Feature","geometry":{"type":"Point","coordinates":[20.448334,44.8744]},"properties":{"name":"Borča 3","band":4,"modes":"bus","arr":["85","95","95N","96","101Nb"],"off":[0,-0.8]}},{"type":"Feature","geometry":{"type":"Point","coordinates":[20.448334,44.8744]},"properties":{"line":"85","mode":"bus","color":"#0059a9","colorDark":"#00294f","band":4,"off":[-6.8,1.1]}},{"type":"Feature","geometry":{"type":"Point","coordinates":[20.448334,44.8744]},"properties":{"line":"95","mode":"bus","color":"#0059a9","colorDark":"#00294f","band":4,"off":[-3.4,1.1]}},{"type":"Feature","geometry":{"type":"Point","coordinates":[20.448334,44.8744]},"properties":{"line":"95N","mode":"bus","color":"#0059a9","colorDark":"#00294f","band":4,"off":[0,1.1]}},{"type":"Feature","geometry":{"type":"Point","coordinates":[20.448334,44.8744]},"properties":{"line":"96","mode":"bus","color":"#0059a9","colorDark":"#00294f","band":4,"off":[3.4,1.1]}},{"type":"Feature","geometry":{"type":"Point","coordinates":[20.448334,44.8744]},"properties":{"line":"101Nb","mode":"bus","color":"#0059a9","colorDark":"#00294f","band":4,"off":[6.8,1.1]}},{"type":"Feature","geometry":{"type":"Point","coordinates":[20.364451,44.802109]},"properties":{"name":"Novi Beograd /Blok 72/","band":4,"modes":"bus","arr":["89"],"off":[0,-0.8]}},{"type":"Feature","geometry":{"type":"Point","coordinates":[20.364451,44.802109]},"properties":{"line":"89","mode":"bus","color":"#0059a9","colorDark":"#00294f","band":4,"off":[0,1.1]}},{"type":"Feature","geometry":{"type":"Point","coordinates":[20.332433,44.717854]},"properties":{"name":"Okretnica /česma/","band":4,"modes":"bus","arr":["91a"],"off":[0,-0.8]}},{"type":"Feature","geometry":{"type":"Point","coordinates":[20.332433,44.717854]},"properties":{"line":"91a","mode":"bus","color":"#0059a9","colorDark":"#00294f","band":4,"off":[0,1.1]}},{"type":"Feature","geometry":{"type":"Point","coordinates":[20.319883,44.713621]},"properties":{"name":"Ostružnica /Novo naselje/","band":4,"modes":"bus","arr":["91"],"off":[0,-0.8]}},{"type":"Feature","geometry":{"type":"Point","coordinates":[20.319883,44.713621]},"properties":{"line":"91","mode":"bus","color":"#0059a9","colorDark":"#00294f","band":4,"off":[0,1.1]}},{"type":"Feature","geometry":{"type":"Point","coordinates":[20.309686,44.718189]},"properties":{"name":"Ostružnica /Karaula/","band":4,"modes":"bus","arr":["92"],"off":[0,-0.8]}},{"type":"Feature","geometry":{"type":"Point","coordinates":[20.309686,44.718189]},"properties":{"line":"92","mode":"bus","color":"#0059a9","colorDark":"#00294f","band":4,"off":[0,1.1]}},{"type":"Feature","geometry":{"type":"Point","coordinates":[20.464355,44.71148]},"properties":{"name":"Resnik (Edvarda Griga)","band":4,"modes":"bus","arr":["94"],"off":[0,-0.8]}},{"type":"Feature","geometry":{"type":"Point","coordinates":[20.464355,44.71148]},"properties":{"line":"94","mode":"bus","color":"#0059a9","colorDark":"#00294f","band":4,"off":[0,1.1]}},{"type":"Feature","geometry":{"type":"Point","coordinates":[20.490049,44.815419]},"properties":{"name":"Omladinski stadion /ulaz/","band":4,"modes":"bus","arr":["101","104","105","106","108","111","202"],"off":[0,-0.8]}},{"type":"Feature","geometry":{"type":"Point","coordinates":[20.490049,44.815419]},"properties":{"name":"Omladinski stadion","band":4,"modes":"bus","arr":["101","104","105","106","108","111","202"],"off":[0,-3]}},{"type":"Feature","geometry":{"type":"Point","coordinates":[20.490049,44.815419]},"properties":{"line":"101","mode":"bus","color":"#0059a9","colorDark":"#00294f","band":4,"off":[-6.8,1.1]}},{"type":"Feature","geometry":{"type":"Point","coordinates":[20.490049,44.815419]},"properties":{"line":"104","mode":"bus","color":"#0059a9","colorDark":"#00294f","band":4,"off":[-3.4,1.1]}},{"type":"Feature","geometry":{"type":"Point","coordinates":[20.490049,44.815419]},"properties":{"line":"105","mode":"bus","color":"#0059a9","colorDark":"#00294f","band":4,"off":[0,1.1]}},{"type":"Feature","geometry":{"type":"Point","coordinates":[20.490049,44.815419]},"properties":{"line":"106","mode":"bus","color":"#0059a9","colorDark":"#00294f","band":4,"off":[3.4,1.1]}},{"type":"Feature","geometry":{"type":"Point","coordinates":[20.490049,44.815419]},"properties":{"line":"108","mode":"bus","color":"#0059a9","colorDark":"#00294f","band":4,"off":[6.8,1.1]}},{"type":"Feature","geometry":{"type":"Point","coordinates":[20.490049,44.815419]},"properties":{"line":"111","mode":"bus","color":"#0059a9","colorDark":"#00294f","band":4,"off":[-1.7,3.1]}},{"type":"Feature","geometry":{"type":"Point","coordinates":[20.490049,44.815419]},"properties":{"line":"202","mode":"bus","color":"#0059a9","colorDark":"#00294f","band":4,"off":[1.7,3.1]}},{"type":"Feature","geometry":{"type":"Point","coordinates":[20.424896,44.944881]},"properties":{"name":"Padinska skela","band":4,"modes":"bus","arr":["101","101N","101Na","102","102a","102b","102P","103","107","107a","109","110"],"off":[0,-0.8]}},{"type":"Feature","geometry":{"type":"Point","coordinates":[20.424896,44.944881]},"properties":{"line":"101","mode":"bus","color":"#0059a9","colorDark":"#00294f","band":4,"off":[-6.8,1.1]}},{"type":"Feature","geometry":{"type":"Point","coordinates":[20.424896,44.944881]},"properties":{"line":"101N","mode":"bus","color":"#0059a9","colorDark":"#00294f","band":4,"off":[-3.4,1.1]}},{"type":"Feature","geometry":{"type":"Point","coordinates":[20.424896,44.944881]},"properties":{"line":"101Na","mode":"bus","color":"#0059a9","colorDark":"#00294f","band":4,"off":[0,1.1]}},{"type":"Feature","geometry":{"type":"Point","coordinates":[20.424896,44.944881]},"properties":{"line":"102","mode":"bus","color":"#0059a9","colorDark":"#00294f","band":4,"off":[3.4,1.1]}},{"type":"Feature","geometry":{"type":"Point","coordinates":[20.424896,44.944881]},"properties":{"line":"102a","mode":"bus","color":"#0059a9","colorDark":"#00294f","band":4,"off":[6.8,1.1]}},{"type":"Feature","geometry":{"type":"Point","coordinates":[20.424896,44.944881]},"properties":{"line":"102b","mode":"bus","color":"#0059a9","colorDark":"#00294f","band":4,"off":[-6.8,3.1]}},{"type":"Feature","geometry":{"type":"Point","coordinates":[20.424896,44.944881]},"properties":{"line":"102P","mode":"bus","color":"#0059a9","colorDark":"#00294f","band":4,"off":[-3.4,3.1]}},{"type":"Feature","geometry":{"type":"Point","coordinates":[20.424896,44.944881]},"properties":{"line":"103","mode":"bus","color":"#0059a9","colorDark":"#00294f","band":4,"off":[0,3.1]}},{"type":"Feature","geometry":{"type":"Point","coordinates":[20.424896,44.944881]},"properties":{"line":"107","mode":"bus","color":"#0059a9","colorDark":"#00294f","band":4,"off":[3.4,3.1]}},{"type":"Feature","geometry":{"type":"Point","coordinates":[20.424896,44.944881]},"properties":{"line":"107a","mode":"bus","color":"#0059a9","colorDark":"#00294f","band":4,"off":[6.8,3.1]}},{"type":"Feature","geometry":{"type":"Point","coordinates":[20.424896,44.944881]},"properties":{"line":"109","mode":"bus","color":"#0059a9","colorDark":"#00294f","band":4,"off":[-1.7,5.1]}},{"type":"Feature","geometry":{"type":"Point","coordinates":[20.424896,44.944881]},"properties":{"line":"110","mode":"bus","color":"#0059a9","colorDark":"#00294f","band":4,"off":[1.7,5.1]}},{"type":"Feature","geometry":{"type":"Point","coordinates":[20.489496,44.81507]},"properties":{"name":"Omladinski stadion/izlaz/","band":4,"modes":"bus","arr":["101","104","105","106","108","111","202"],"off":[0,-0.8]}},{"type":"Feature","geometry":{"type":"Point","coordinates":[20.489496,44.81507]},"properties":{"line":"101","mode":"bus","color":"#0059a9","colorDark":"#00294f","band":4,"off":[-6.8,1.1]}},{"type":"Feature","geometry":{"type":"Point","coordinates":[20.489496,44.81507]},"properties":{"line":"104","mode":"bus","color":"#0059a9","colorDark":"#00294f","band":4,"off":[-3.4,1.1]}},{"type":"Feature","geometry":{"type":"Point","coordinates":[20.489496,44.81507]},"properties":{"line":"105","mode":"bus","color":"#0059a9","colorDark":"#00294f","band":4,"off":[0,1.1]}},{"type":"Feature","geometry":{"type":"Point","coordinates":[20.489496,44.81507]},"properties":{"line":"106","mode":"bus","color":"#0059a9","colorDark":"#00294f","band":4,"off":[3.4,1.1]}},{"type":"Feature","geometry":{"type":"Point","coordinates":[20.489496,44.81507]},"properties":{"line":"108","mode":"bus","color":"#0059a9","colorDark":"#00294f","band":4,"off":[6.8,1.1]}},{"type":"Feature","geometry":{"type":"Point","coordinates":[20.489496,44.81507]},"properties":{"line":"111","mode":"bus","color":"#0059a9","colorDark":"#00294f","band":4,"off":[-1.7,3.1]}},{"type":"Feature","geometry":{"type":"Point","coordinates":[20.489496,44.81507]},"properties":{"line":"202","mode":"bus","color":"#0059a9","colorDark":"#00294f","band":4,"off":[1.7,3.1]}},{"type":"Feature","geometry":{"type":"Point","coordinates":[20.35635,44.977997]},"properties":{"name":"Vrbovski","band":4,"modes":"bus","arr":["102","102a"],"off":[0,-0.8]}},{"type":"Feature","geometry":{"type":"Point","coordinates":[20.35635,44.977997]},"properties":{"line":"102","mode":"bus","color":"#0059a9","colorDark":"#00294f","band":4,"off":[-1.7,1.1]}},{"type":"Feature","geometry":{"type":"Point","coordinates":[20.35635,44.977997]},"properties":{"line":"102a","mode":"bus","color":"#0059a9","colorDark":"#00294f","band":4,"off":[1.7,1.1]}},{"type":"Feature","geometry":{"type":"Point","coordinates":[20.38687,45.017152]},"properties":{"name":"Preliv","band":4,"modes":"bus","arr":["102P"],"off":[0,-0.8]}},{"type":"Feature","geometry":{"type":"Point","coordinates":[20.38687,45.017152]},"properties":{"line":"102P","mode":"bus","color":"#0059a9","colorDark":"#00294f","band":4,"off":[0,1.1]}},{"type":"Feature","geometry":{"type":"Point","coordinates":[20.417758,44.860831]},"properties":{"name":"Crvenka","band":4,"modes":"bus","arr":["104"],"off":[0,-0.8]}},{"type":"Feature","geometry":{"type":"Point","coordinates":[20.417758,44.860831]},"properties":{"line":"104","mode":"bus","color":"#0059a9","colorDark":"#00294f","band":4,"off":[0,1.1]}},{"type":"Feature","geometry":{"type":"Point","coordinates":[20.53529,44.887972]},"properties":{"name":"Ovča /centar/","band":4,"modes":"bus","arr":["105N"],"off":[0,-0.8]}},{"type":"Feature","geometry":{"type":"Point","coordinates":[20.53529,44.887972]},"properties":{"line":"105N","mode":"bus","color":"#0059a9","colorDark":"#00294f","band":4,"off":[0,1.1]}},{"type":"Feature","geometry":{"type":"Point","coordinates":[20.543306,44.875509]},"properties":{"name":"Ovča /Železnička stanica/","band":4,"modes":"bus","arr":["105","105L"],"off":[0,-0.8]}},{"type":"Feature","geometry":{"type":"Point","coordinates":[20.543306,44.875509]},"properties":{"line":"105","mode":"bus","color":"#0059a9","colorDark":"#00294f","band":4,"off":[-1.7,1.1]}},{"type":"Feature","geometry":{"type":"Point","coordinates":[20.543306,44.875509]},"properties":{"line":"105L","mode":"bus","color":"#0059a9","colorDark":"#00294f","band":4,"off":[1.7,1.1]}},{"type":"Feature","geometry":{"type":"Point","coordinates":[20.557663,44.918112]},"properties":{"name":"Jabučki rit","band":4,"modes":"bus","arr":["106"],"off":[0,-0.8]}},{"type":"Feature","geometry":{"type":"Point","coordinates":[20.557663,44.918112]},"properties":{"line":"106","mode":"bus","color":"#0059a9","colorDark":"#00294f","band":4,"off":[0,1.1]}},{"type":"Feature","geometry":{"type":"Point","coordinates":[20.383278,45.067019]},"properties":{"name":"Dunavac","band":4,"modes":"bus","arr":["107","107a"],"off":[0,-0.8]}},{"type":"Feature","geometry":{"type":"Point","coordinates":[20.383278,45.067019]},"properties":{"line":"107","mode":"bus","color":"#0059a9","colorDark":"#00294f","band":4,"off":[-1.7,1.1]}},{"type":"Feature","geometry":{"type":"Point","coordinates":[20.383278,45.067019]},"properties":{"line":"107a","mode":"bus","color":"#0059a9","colorDark":"#00294f","band":4,"off":[1.7,1.1]}},{"type":"Feature","geometry":{"type":"Point","coordinates":[20.614793,44.870185]},"properties":{"name":"Reva /Duboka bara/","band":4,"modes":"bus","arr":["108","112"],"off":[0,-0.8]}},{"type":"Feature","geometry":{"type":"Point","coordinates":[20.614793,44.870185]},"properties":{"line":"108","mode":"bus","color":"#0059a9","colorDark":"#00294f","band":4,"off":[-1.7,1.1]}},{"type":"Feature","geometry":{"type":"Point","coordinates":[20.614793,44.870185]},"properties":{"line":"112","mode":"bus","color":"#0059a9","colorDark":"#00294f","band":4,"off":[1.7,1.1]}},{"type":"Feature","geometry":{"type":"Point","coordinates":[20.380627,45.064503]},"properties":{"name":"Put za Dunavac","band":4,"modes":"bus","arr":["109"],"off":[0,-0.8]}},{"type":"Feature","geometry":{"type":"Point","coordinates":[20.380627,45.064503]},"properties":{"line":"109","mode":"bus","color":"#0059a9","colorDark":"#00294f","band":4,"off":[0,1.1]}},{"type":"Feature","geometry":{"type":"Point","coordinates":[20.467818,45.004088]},"properties":{"name":"Obala Tamiša","band":4,"modes":"bus","arr":["110"],"off":[0,-0.8]}},{"type":"Feature","geometry":{"type":"Point","coordinates":[20.467818,45.004088]},"properties":{"line":"110","mode":"bus","color":"#0059a9","colorDark":"#00294f","band":4,"off":[0,1.1]}},{"type":"Feature","geometry":{"type":"Point","coordinates":[20.464114,45.002663]},"properties":{"name":"Obala Tamiša","band":4,"modes":"bus","arr":["110"],"off":[0,-0.8]}},{"type":"Feature","geometry":{"type":"Point","coordinates":[20.464114,45.002663]},"properties":{"line":"110","mode":"bus","color":"#0059a9","colorDark":"#00294f","band":4,"off":[0,1.1]}},{"type":"Feature","geometry":{"type":"Point","coordinates":[20.456234,44.91116]},"properties":{"name":"SC Kovilovo","band":4,"modes":"bus","arr":["111"],"off":[0,-0.8]}},{"type":"Feature","geometry":{"type":"Point","coordinates":[20.456234,44.91116]},"properties":{"line":"111","mode":"bus","color":"#0059a9","colorDark":"#00294f","band":4,"off":[0,1.1]}},{"type":"Feature","geometry":{"type":"Point","coordinates":[20.601538,44.812162]},"properties":{"name":"Veliko selo","band":4,"modes":"bus","arr":["202","202N"],"off":[0,-0.8]}},{"type":"Feature","geometry":{"type":"Point","coordinates":[20.601538,44.812162]},"properties":{"line":"202","mode":"bus","color":"#0059a9","colorDark":"#00294f","band":4,"off":[-1.7,1.1]}},{"type":"Feature","geometry":{"type":"Point","coordinates":[20.601538,44.812162]},"properties":{"line":"202N","mode":"bus","color":"#0059a9","colorDark":"#00294f","band":4,"off":[1.7,1.1]}},{"type":"Feature","geometry":{"type":"Point","coordinates":[20.560583,44.752192]},"properties":{"name":"Kaluđerica","band":4,"modes":"bus","arr":["301Na","309"],"off":[0,-0.8]}},{"type":"Feature","geometry":{"type":"Point","coordinates":[20.560583,44.752192]},"properties":{"line":"301Na","mode":"bus","color":"#0059a9","colorDark":"#00294f","band":4,"off":[-1.7,1.1]}},{"type":"Feature","geometry":{"type":"Point","coordinates":[20.560583,44.752192]},"properties":{"line":"309","mode":"bus","color":"#0059a9","colorDark":"#00294f","band":4,"off":[1.7,1.1]}},{"type":"Feature","geometry":{"type":"Point","coordinates":[20.564426,44.764544]},"properties":{"name":"Put za Institut","band":4,"modes":"bus","arr":["309L"],"off":[0,-0.8]}},{"type":"Feature","geometry":{"type":"Point","coordinates":[20.564426,44.764544]},"properties":{"line":"309L","mode":"bus","color":"#0059a9","colorDark":"#00294f","band":4,"off":[0,1.1]}},{"type":"Feature","geometry":{"type":"Point","coordinates":[20.716271,44.673624]},"properties":{"name":"Šumadijska","band":4,"modes":"bus","arr":["304Na"],"off":[0,-0.8]}},{"type":"Feature","geometry":{"type":"Point","coordinates":[20.716271,44.673624]},"properties":{"line":"304Na","mode":"bus","color":"#0059a9","colorDark":"#00294f","band":4,"off":[0,1.1]}},{"type":"Feature","geometry":{"type":"Point","coordinates":[20.716565,44.669644]},"properties":{"name":"JA","band":4,"modes":"bus","arr":["301Na"],"off":[0,-0.8]}},{"type":"Feature","geometry":{"type":"Point","coordinates":[20.716565,44.669644]},"properties":{"line":"301Na","mode":"bus","color":"#0059a9","colorDark":"#00294f","band":4,"off":[0,1.1]}},{"type":"Feature","geometry":{"type":"Point","coordinates":[20.717628,44.670507]},"properties":{"name":"Grocka","band":4,"modes":"bus","arr":["301Na"],"off":[0,-0.8]}},{"type":"Feature","geometry":{"type":"Point","coordinates":[20.717628,44.670507]},"properties":{"line":"301Na","mode":"bus","color":"#0059a9","colorDark":"#00294f","band":4,"off":[0,1.1]}},{"type":"Feature","geometry":{"type":"Point","coordinates":[20.695033,44.632261]},"properties":{"name":"Begaljica","band":4,"modes":"bus","arr":["302","302a","302b","302N"],"off":[0,-0.8]}},{"type":"Feature","geometry":{"type":"Point","coordinates":[20.695033,44.632261]},"properties":{"line":"302","mode":"bus","color":"#0059a9","colorDark":"#00294f","band":4,"off":[-5.1,1.1]}},{"type":"Feature","geometry":{"type":"Point","coordinates":[20.695033,44.632261]},"properties":{"line":"302a","mode":"bus","color":"#0059a9","colorDark":"#00294f","band":4,"off":[-1.7,1.1]}},{"type":"Feature","geometry":{"type":"Point","coordinates":[20.695033,44.632261]},"properties":{"line":"302b","mode":"bus","color":"#0059a9","colorDark":"#00294f","band":4,"off":[1.7,1.1]}},{"type":"Feature","geometry":{"type":"Point","coordinates":[20.695033,44.632261]},"properties":{"line":"302N","mode":"bus","color":"#0059a9","colorDark":"#00294f","band":4,"off":[5.1,1.1]}},{"type":"Feature","geometry":{"type":"Point","coordinates":[20.607572,44.722069]},"properties":{"name":"Boleč","band":4,"modes":"bus","arr":["305","305a"],"off":[0,-0.8]}},{"type":"Feature","geometry":{"type":"Point","coordinates":[20.607572,44.722069]},"properties":{"line":"305","mode":"bus","color":"#0059a9","colorDark":"#00294f","band":4,"off":[-1.7,1.1]}},{"type":"Feature","geometry":{"type":"Point","coordinates":[20.607572,44.722069]},"properties":{"line":"305a","mode":"bus","color":"#0059a9","colorDark":"#00294f","band":4,"off":[1.7,1.1]}},{"type":"Feature","geometry":{"type":"Point","coordinates":[20.596041,44.671626]},"properties":{"name":"Vrčin","band":4,"modes":"bus","arr":["303"],"off":[0,-0.8]}},{"type":"Feature","geometry":{"type":"Point","coordinates":[20.596041,44.671626]},"properties":{"line":"303","mode":"bus","color":"#0059a9","colorDark":"#00294f","band":4,"off":[0,1.1]}},{"type":"Feature","geometry":{"type":"Point","coordinates":[20.659016,44.738651]},"properties":{"name":"Ritopek","band":4,"modes":"bus","arr":["304","304N","304Nb"],"off":[0,-0.8]}},{"type":"Feature","geometry":{"type":"Point","coordinates":[20.659016,44.738651]},"properties":{"line":"304","mode":"bus","color":"#0059a9","colorDark":"#00294f","band":4,"off":[-3.4,1.1]}},{"type":"Feature","geometry":{"type":"Point","coordinates":[20.659016,44.738651]},"properties":{"line":"304N","mode":"bus","color":"#0059a9","colorDark":"#00294f","band":4,"off":[0,1.1]}},{"type":"Feature","geometry":{"type":"Point","coordinates":[20.659016,44.738651]},"properties":{"line":"304Nb","mode":"bus","color":"#0059a9","colorDark":"#00294f","band":4,"off":[3.4,1.1]}},{"type":"Feature","geometry":{"type":"Point","coordinates":[20.610752,44.767116]},"properties":{"name":"Vinča","band":4,"modes":"bus","arr":["307","307N","307Na"],"off":[0,-0.8]}},{"type":"Feature","geometry":{"type":"Point","coordinates":[20.610752,44.767116]},"properties":{"line":"307","mode":"bus","color":"#0059a9","colorDark":"#00294f","band":4,"off":[-3.4,1.1]}},{"type":"Feature","geometry":{"type":"Point","coordinates":[20.610752,44.767116]},"properties":{"line":"307N","mode":"bus","color":"#0059a9","colorDark":"#00294f","band":4,"off":[0,1.1]}},{"type":"Feature","geometry":{"type":"Point","coordinates":[20.610752,44.767116]},"properties":{"line":"307Na","mode":"bus","color":"#0059a9","colorDark":"#00294f","band":4,"off":[3.4,1.1]}},{"type":"Feature","geometry":{"type":"Point","coordinates":[20.57551,44.730423]},"properties":{"name":"Leštane","band":4,"modes":"bus","arr":["306","306b","306v"],"off":[0,-0.8]}},{"type":"Feature","geometry":{"type":"Point","coordinates":[20.57551,44.730423]},"properties":{"line":"306","mode":"bus","color":"#0059a9","colorDark":"#00294f","band":4,"off":[-3.4,1.1]}},{"type":"Feature","geometry":{"type":"Point","coordinates":[20.57551,44.730423]},"properties":{"line":"306b","mode":"bus","color":"#0059a9","colorDark":"#00294f","band":4,"off":[0,1.1]}},{"type":"Feature","geometry":{"type":"Point","coordinates":[20.57551,44.730423]},"properties":{"line":"306v","mode":"bus","color":"#0059a9","colorDark":"#00294f","band":4,"off":[3.4,1.1]}},{"type":"Feature","geometry":{"type":"Point","coordinates":[20.546664,44.736602]},"properties":{"name":"Bubanj potok","band":4,"modes":"bus","arr":["306a"],"off":[0,-0.8]}},{"type":"Feature","geometry":{"type":"Point","coordinates":[20.546664,44.736602]},"properties":{"line":"306a","mode":"bus","color":"#0059a9","colorDark":"#00294f","band":4,"off":[0,1.1]}},{"type":"Feature","geometry":{"type":"Point","coordinates":[20.504527,44.794124]},"properties":{"name":"Zvezdara /pijaca/","band":4,"modes":"bus","arr":["309"],"off":[0,-0.8]}},{"type":"Feature","geometry":{"type":"Point","coordinates":[20.504527,44.794124]},"properties":{"line":"309","mode":"bus","color":"#0059a9","colorDark":"#00294f","band":4,"off":[0,1.1]}},{"type":"Feature","geometry":{"type":"Point","coordinates":[20.552922,44.755236]},"properties":{"name":"Kaluđerica (Višnjićeva)","band":4,"modes":"bus","arr":["309L"],"off":[0,-0.8]}},{"type":"Feature","geometry":{"type":"Point","coordinates":[20.552922,44.755236]},"properties":{"line":"309L","mode":"bus","color":"#0059a9","colorDark":"#00294f","band":4,"off":[0,1.1]}},{"type":"Feature","geometry":{"type":"Point","coordinates":[20.531076,44.774074]},"properties":{"name":"Mali mokri lug (crkva)","band":4,"modes":"bus","arr":["310"],"off":[0,-0.8]}},{"type":"Feature","geometry":{"type":"Point","coordinates":[20.531076,44.774074]},"properties":{"line":"310","mode":"bus","color":"#0059a9","colorDark":"#00294f","band":4,"off":[0,1.1]}},{"type":"Feature","geometry":{"type":"Point","coordinates":[20.583078,44.719546]},"properties":{"name":"Leštane (Ravan)","band":4,"modes":"bus","arr":["311"],"off":[0,-0.8]}},{"type":"Feature","geometry":{"type":"Point","coordinates":[20.583078,44.719546]},"properties":{"line":"311","mode":"bus","color":"#0059a9","colorDark":"#00294f","band":4,"off":[0,1.1]}},{"type":"Feature","geometry":{"type":"Point","coordinates":[20.525444,44.760418]},"properties":{"name":"M.Z. VML","band":4,"modes":"bus","arr":["312"],"off":[0,-0.8]}},{"type":"Feature","geometry":{"type":"Point","coordinates":[20.525444,44.760418]},"properties":{"line":"312","mode":"bus","color":"#0059a9","colorDark":"#00294f","band":4,"off":[0,1.1]}},{"type":"Feature","geometry":{"type":"Point","coordinates":[20.47084,44.695858]},"properties":{"name":"Pinosava","band":4,"modes":"bus","arr":["401","401a","401N"],"off":[0,-0.8]}},{"type":"Feature","geometry":{"type":"Point","coordinates":[20.47084,44.695858]},"properties":{"line":"401","mode":"bus","color":"#0059a9","colorDark":"#00294f","band":4,"off":[-3.4,1.1]}},{"type":"Feature","geometry":{"type":"Point","coordinates":[20.47084,44.695858]},"properties":{"line":"401a","mode":"bus","color":"#0059a9","colorDark":"#00294f","band":4,"off":[0,1.1]}},{"type":"Feature","geometry":{"type":"Point","coordinates":[20.47084,44.695858]},"properties":{"line":"401N","mode":"bus","color":"#0059a9","colorDark":"#00294f","band":4,"off":[3.4,1.1]}},{"type":"Feature","geometry":{"type":"Point","coordinates":[20.52681,44.709256]},"properties":{"name":"Beli potok","band":4,"modes":"bus","arr":["402"],"off":[0,-0.8]}},{"type":"Feature","geometry":{"type":"Point","coordinates":[20.52681,44.709256]},"properties":{"line":"402","mode":"bus","color":"#0059a9","colorDark":"#00294f","band":4,"off":[0,1.1]}},{"type":"Feature","geometry":{"type":"Point","coordinates":[20.483945,44.760881]},"properties":{"name":"Voždovac","band":4,"modes":"bus","arr":["403","405","406","406L","407","408","409","503"],"off":[0,-0.8]}},{"type":"Feature","geometry":{"type":"Point","coordinates":[20.483945,44.760881]},"properties":{"line":"403","mode":"bus","color":"#0059a9","colorDark":"#00294f","band":4,"off":[-6.8,1.1]}},{"type":"Feature","geometry":{"type":"Point","coordinates":[20.483945,44.760881]},"properties":{"line":"405","mode":"bus","color":"#0059a9","colorDark":"#00294f","band":4,"off":[-3.4,1.1]}},{"type":"Feature","geometry":{"type":"Point","coordinates":[20.483945,44.760881]},"properties":{"line":"406","mode":"bus","color":"#0059a9","colorDark":"#00294f","band":4,"off":[0,1.1]}},{"type":"Feature","geometry":{"type":"Point","coordinates":[20.483945,44.760881]},"properties":{"line":"406L","mode":"bus","color":"#0059a9","colorDark":"#00294f","band":4,"off":[3.4,1.1]}},{"type":"Feature","geometry":{"type":"Point","coordinates":[20.483945,44.760881]},"properties":{"line":"407","mode":"bus","color":"#0059a9","colorDark":"#00294f","band":4,"off":[6.8,1.1]}},{"type":"Feature","geometry":{"type":"Point","coordinates":[20.483945,44.760881]},"properties":{"line":"408","mode":"bus","color":"#0059a9","colorDark":"#00294f","band":4,"off":[-3.4,3.1]}},{"type":"Feature","geometry":{"type":"Point","coordinates":[20.483945,44.760881]},"properties":{"line":"409","mode":"bus","color":"#0059a9","colorDark":"#00294f","band":4,"off":[0,3.1]}},{"type":"Feature","geometry":{"type":"Point","coordinates":[20.483945,44.760881]},"properties":{"line":"503","mode":"bus","color":"#0059a9","colorDark":"#00294f","band":4,"off":[3.4,3.1]}},{"type":"Feature","geometry":{"type":"Point","coordinates":[20.540065,44.696947]},"properties":{"name":"Zuce","band":4,"modes":"bus","arr":["403"],"off":[0,-0.8]}},{"type":"Feature","geometry":{"type":"Point","coordinates":[20.540065,44.696947]},"properties":{"line":"403","mode":"bus","color":"#0059a9","colorDark":"#00294f","band":4,"off":[0,1.1]}},{"type":"Feature","geometry":{"type":"Point","coordinates":[20.474515,44.657537]},"properties":{"name":"Bela reka","band":4,"modes":"bus","arr":["404","407","407L"],"off":[0,-0.8]}},{"type":"Feature","geometry":{"type":"Point","coordinates":[20.474515,44.657537]},"properties":{"line":"404","mode":"bus","color":"#0059a9","colorDark":"#00294f","band":4,"off":[-3.4,1.1]}},{"type":"Feature","geometry":{"type":"Point","coordinates":[20.474515,44.657537]},"properties":{"line":"407","mode":"bus","color":"#0059a9","colorDark":"#00294f","band":4,"off":[0,1.1]}},{"type":"Feature","geometry":{"type":"Point","coordinates":[20.474515,44.657537]},"properties":{"line":"407L","mode":"bus","color":"#0059a9","colorDark":"#00294f","band":4,"off":[3.4,1.1]}},{"type":"Feature","geometry":{"type":"Point","coordinates":[20.555784,44.608664]},"properties":{"name":"Trešnja /okretnica/","band":4,"modes":"bus","arr":["404"],"off":[0,-0.8]}},{"type":"Feature","geometry":{"type":"Point","coordinates":[20.555784,44.608664]},"properties":{"line":"404","mode":"bus","color":"#0059a9","colorDark":"#00294f","band":4,"off":[0,1.1]}},{"type":"Feature","geometry":{"type":"Point","coordinates":[20.45504,44.615207]},"properties":{"name":"Glumčevo brdo","band":4,"modes":"bus","arr":["405","405L"],"off":[0,-0.8]}},{"type":"Feature","geometry":{"type":"Point","coordinates":[20.45504,44.615207]},"properties":{"line":"405","mode":"bus","color":"#0059a9","colorDark":"#00294f","band":4,"off":[-1.7,1.1]}},{"type":"Feature","geometry":{"type":"Point","coordinates":[20.45504,44.615207]},"properties":{"line":"405L","mode":"bus","color":"#0059a9","colorDark":"#00294f","band":4,"off":[1.7,1.1]}},{"type":"Feature","geometry":{"type":"Point","coordinates":[20.490872,44.704443]},"properties":{"name":"Institut Jaroslav Černi","band":4,"modes":"bus","arr":["406"],"off":[0,-0.8]}},{"type":"Feature","geometry":{"type":"Point","coordinates":[20.490872,44.704443]},"properties":{"line":"406","mode":"bus","color":"#0059a9","colorDark":"#00294f","band":4,"off":[0,1.1]}},{"type":"Feature","geometry":{"type":"Point","coordinates":[20.519764,44.711887]},"properties":{"name":"Beli potok (Igralište)","band":4,"modes":"bus","arr":["406L"],"off":[0,-0.8]}},{"type":"Feature","geometry":{"type":"Point","coordinates":[20.519764,44.711887]},"properties":{"line":"406L","mode":"bus","color":"#0059a9","colorDark":"#00294f","band":4,"off":[0,1.1]}},{"type":"Feature","geometry":{"type":"Point","coordinates":[20.428827,44.642392]},"properties":{"name":"Trebež (okretnica)","band":4,"modes":"bus","arr":["407L"],"off":[0,-0.8]}},{"type":"Feature","geometry":{"type":"Point","coordinates":[20.428827,44.642392]},"properties":{"line":"407L","mode":"bus","color":"#0059a9","colorDark":"#00294f","band":4,"off":[0,1.1]}},{"type":"Feature","geometry":{"type":"Point","coordinates":[20.581059,44.560483]},"properties":{"name":"Ralja /Drumine/","band":4,"modes":"bus","arr":["408"],"off":[0,-0.8]}},{"type":"Feature","geometry":{"type":"Point","coordinates":[20.581059,44.560483]},"properties":{"line":"408","mode":"bus","color":"#0059a9","colorDark":"#00294f","band":4,"off":[0,1.1]}},{"type":"Feature","geometry":{"type":"Point","coordinates":[20.413313,44.805723]},"properties":{"name":"BAS","band":4,"modes":"bus","arr":["493N"],"off":[0,-0.8]}},{"type":"Feature","geometry":{"type":"Point","coordinates":[20.413313,44.805723]},"properties":{"line":"493N","mode":"bus","color":"#0059a9","colorDark":"#00294f","band":4,"off":[0,1.1]}},{"type":"Feature","geometry":{"type":"Point","coordinates":[20.69215,44.439837]},"properties":{"name":"Mladenovac AS","band":4,"modes":"bus","arr":["493N"],"off":[0,-0.8]}},{"type":"Feature","geometry":{"type":"Point","coordinates":[20.69215,44.439837]},"properties":{"line":"493N","mode":"bus","color":"#0059a9","colorDark":"#00294f","band":4,"off":[0,1.1]}},{"type":"Feature","geometry":{"type":"Point","coordinates":[20.428177,44.715085]},"properties":{"name":"Staro Kijevo","band":4,"modes":"bus","arr":["501"],"off":[0,-0.8]}},{"type":"Feature","geometry":{"type":"Point","coordinates":[20.428177,44.715085]},"properties":{"line":"501","mode":"bus","color":"#0059a9","colorDark":"#00294f","band":4,"off":[0,1.1]}},{"type":"Feature","geometry":{"type":"Point","coordinates":[20.412509,44.709505]},"properties":{"name":"Orlovača groblje","band":4,"modes":"bus","arr":["502","533"],"off":[0,-0.8]}},{"type":"Feature","geometry":{"type":"Point","coordinates":[20.412509,44.709505]},"properties":{"line":"502","mode":"bus","color":"#0059a9","colorDark":"#00294f","band":4,"off":[-1.7,1.1]}},{"type":"Feature","geometry":{"type":"Point","coordinates":[20.412509,44.709505]},"properties":{"line":"533","mode":"bus","color":"#0059a9","colorDark":"#00294f","band":4,"off":[1.7,1.1]}},{"type":"Feature","geometry":{"type":"Point","coordinates":[20.46916,44.728251]},"properties":{"name":"Miljakovačke livade","band":4,"modes":"bus","arr":["505"],"off":[0,-0.8]}},{"type":"Feature","geometry":{"type":"Point","coordinates":[20.46916,44.728251]},"properties":{"line":"505","mode":"bus","color":"#0059a9","colorDark":"#00294f","band":4,"off":[0,1.1]}},{"type":"Feature","geometry":{"type":"Point","coordinates":[20.461006,44.69693]},"properties":{"name":"Resnik (Patin majdan)","band":4,"modes":"bus","arr":["506"],"off":[0,-0.8]}},{"type":"Feature","geometry":{"type":"Point","coordinates":[20.461006,44.69693]},"properties":{"line":"506","mode":"bus","color":"#0059a9","colorDark":"#00294f","band":4,"off":[0,1.1]}},{"type":"Feature","geometry":{"type":"Point","coordinates":[20.441432,44.690078]},"properties":{"name":"Oslobođenja 2","band":4,"modes":"bus","arr":["532","532a"],"off":[0,-0.8]}},{"type":"Feature","geometry":{"type":"Point","coordinates":[20.441432,44.690078]},"properties":{"line":"532","mode":"bus","color":"#0059a9","colorDark":"#00294f","band":4,"off":[-1.7,1.1]}},{"type":"Feature","geometry":{"type":"Point","coordinates":[20.441432,44.690078]},"properties":{"line":"532a","mode":"bus","color":"#0059a9","colorDark":"#00294f","band":4,"off":[1.7,1.1]}},{"type":"Feature","geometry":{"type":"Point","coordinates":[20.4464,44.675378]},"properties":{"name":"Rušanj (Drobnjački kraj)","band":4,"modes":"bus","arr":["507"],"off":[0,-0.8]}},{"type":"Feature","geometry":{"type":"Point","coordinates":[20.4464,44.675378]},"properties":{"line":"507","mode":"bus","color":"#0059a9","colorDark":"#00294f","band":4,"off":[0,1.1]}},{"type":"Feature","geometry":{"type":"Point","coordinates":[20.403913,44.650511]},"properties":{"name":"Sremčica","band":4,"modes":"bus","arr":["511","511N","511Na","551"],"off":[0,-0.8]}},{"type":"Feature","geometry":{"type":"Point","coordinates":[20.403913,44.650511]},"properties":{"line":"511","mode":"bus","color":"#0059a9","colorDark":"#00294f","band":4,"off":[-5.1,1.1]}},{"type":"Feature","geometry":{"type":"Point","coordinates":[20.403913,44.650511]},"properties":{"line":"511N","mode":"bus","color":"#0059a9","colorDark":"#00294f","band":4,"off":[-1.7,1.1]}},{"type":"Feature","geometry":{"type":"Point","coordinates":[20.403913,44.650511]},"properties":{"line":"511Na","mode":"bus","color":"#0059a9","colorDark":"#00294f","band":4,"off":[1.7,1.1]}},{"type":"Feature","geometry":{"type":"Point","coordinates":[20.403913,44.650511]},"properties":{"line":"551","mode":"bus","color":"#0059a9","colorDark":"#00294f","band":4,"off":[5.1,1.1]}},{"type":"Feature","geometry":{"type":"Point","coordinates":[20.384755,44.689187]},"properties":{"name":"Sremčica /Naselje Gorica/","band":4,"modes":"bus","arr":["512","513"],"off":[0,-0.8]}},{"type":"Feature","geometry":{"type":"Point","coordinates":[20.384755,44.689187]},"properties":{"line":"512","mode":"bus","color":"#0059a9","colorDark":"#00294f","band":4,"off":[-1.7,1.1]}},{"type":"Feature","geometry":{"type":"Point","coordinates":[20.384755,44.689187]},"properties":{"line":"513","mode":"bus","color":"#0059a9","colorDark":"#00294f","band":4,"off":[1.7,1.1]}},{"type":"Feature","geometry":{"type":"Point","coordinates":[20.360697,44.674069]},"properties":{"name":"Velika Moštanica (Živojina Tabakovića)","band":4,"modes":"bus","arr":["513"],"off":[0,-0.8]}},{"type":"Feature","geometry":{"type":"Point","coordinates":[20.360697,44.674069]},"properties":{"line":"513","mode":"bus","color":"#0059a9","colorDark":"#00294f","band":4,"off":[0,1.1]}},{"type":"Feature","geometry":{"type":"Point","coordinates":[20.378748,44.713028]},"properties":{"name":"Železnik /Tariš/","band":4,"modes":"bus","arr":["521","521a"],"off":[0,-0.8]}},{"type":"Feature","geometry":{"type":"Point","coordinates":[20.378748,44.713028]},"properties":{"line":"521","mode":"bus","color":"#0059a9","colorDark":"#00294f","band":4,"off":[-1.7,1.1]}},{"type":"Feature","geometry":{"type":"Point","coordinates":[20.378748,44.713028]},"properties":{"line":"521a","mode":"bus","color":"#0059a9","colorDark":"#00294f","band":4,"off":[1.7,1.1]}},{"type":"Feature","geometry":{"type":"Point","coordinates":[20.521966,44.64789]},"properties":{"name":"Ripanj /groblje/","band":4,"modes":"bus","arr":["534"],"off":[0,-0.8]}},{"type":"Feature","geometry":{"type":"Point","coordinates":[20.521966,44.64789]},"properties":{"line":"534","mode":"bus","color":"#0059a9","colorDark":"#00294f","band":4,"off":[0,1.1]}},{"type":"Feature","geometry":{"type":"Point","coordinates":[20.315068,44.655913]},"properties":{"name":"Rucka /Okretnica/","band":4,"modes":"bus","arr":["553"],"off":[0,-0.8]}},{"type":"Feature","geometry":{"type":"Point","coordinates":[20.315068,44.655913]},"properties":{"line":"553","mode":"bus","color":"#0059a9","colorDark":"#00294f","band":4,"off":[0,1.1]}},{"type":"Feature","geometry":{"type":"Point","coordinates":[20.264269,44.379068]},"properties":{"name":"Lazarevac AS","band":4,"modes":"bus","arr":["581N"],"off":[0,-0.8]}},{"type":"Feature","geometry":{"type":"Point","coordinates":[20.264269,44.379068]},"properties":{"line":"581N","mode":"bus","color":"#0059a9","colorDark":"#00294f","band":4,"off":[0,1.1]}},{"type":"Feature","geometry":{"type":"Point","coordinates":[20.26962,44.790873]},"properties":{"name":"Surčin /centar/","band":4,"modes":"bus","arr":["601N","601Na"],"off":[0,-0.8]}},{"type":"Feature","geometry":{"type":"Point","coordinates":[20.26962,44.790873]},"properties":{"line":"601N","mode":"bus","color":"#0059a9","colorDark":"#00294f","band":4,"off":[-1.7,1.1]}},{"type":"Feature","geometry":{"type":"Point","coordinates":[20.26962,44.790873]},"properties":{"line":"601Na","mode":"bus","color":"#0059a9","colorDark":"#00294f","band":4,"off":[1.7,1.1]}},{"type":"Feature","geometry":{"type":"Point","coordinates":[20.249578,44.780884]},"properties":{"name":"Surčin","band":4,"modes":"bus","arr":["601","606"],"off":[0,-0.8]}},{"type":"Feature","geometry":{"type":"Point","coordinates":[20.249578,44.780884]},"properties":{"line":"601","mode":"bus","color":"#0059a9","colorDark":"#00294f","band":4,"off":[-1.7,1.1]}},{"type":"Feature","geometry":{"type":"Point","coordinates":[20.249578,44.780884]},"properties":{"line":"606","mode":"bus","color":"#0059a9","colorDark":"#00294f","band":4,"off":[1.7,1.1]}},{"type":"Feature","geometry":{"type":"Point","coordinates":[20.270579,44.745327]},"properties":{"name":"Jakovo","band":4,"modes":"bus","arr":["610","610e","610ea"],"off":[0,-0.8]}},{"type":"Feature","geometry":{"type":"Point","coordinates":[20.270579,44.745327]},"properties":{"line":"610","mode":"bus","color":"#0059a9","colorDark":"#00294f","band":4,"off":[-3.4,1.1]}},{"type":"Feature","geometry":{"type":"Point","coordinates":[20.270579,44.745327]},"properties":{"line":"610e","mode":"bus","color":"#0059a9","colorDark":"#00294f","band":4,"off":[0,1.1]}},{"type":"Feature","geometry":{"type":"Point","coordinates":[20.270579,44.745327]},"properties":{"line":"610ea","mode":"bus","color":"#0059a9","colorDark":"#00294f","band":4,"off":[3.4,1.1]}},{"type":"Feature","geometry":{"type":"Point","coordinates":[20.231756,44.787999]},"properties":{"name":"SRC Surčin","band":4,"modes":"bus","arr":["602"],"off":[0,-0.8]}},{"type":"Feature","geometry":{"type":"Point","coordinates":[20.231756,44.787999]},"properties":{"line":"602","mode":"bus","color":"#0059a9","colorDark":"#00294f","band":4,"off":[0,1.1]}},{"type":"Feature","geometry":{"type":"Point","coordinates":[20.18001,44.878025]},"properties":{"name":"Ugrinovci","band":4,"modes":"bus","arr":["603","603N","603Na","703","711"],"off":[0,-0.8]}},{"type":"Feature","geometry":{"type":"Point","coordinates":[20.18001,44.878025]},"properties":{"line":"603","mode":"bus","color":"#0059a9","colorDark":"#00294f","band":4,"off":[-6.8,1.1]}},{"type":"Feature","geometry":{"type":"Point","coordinates":[20.18001,44.878025]},"properties":{"line":"603N","mode":"bus","color":"#0059a9","colorDark":"#00294f","band":4,"off":[-3.4,1.1]}},{"type":"Feature","geometry":{"type":"Point","coordinates":[20.18001,44.878025]},"properties":{"line":"603Na","mode":"bus","color":"#0059a9","colorDark":"#00294f","band":4,"off":[0,1.1]}},{"type":"Feature","geometry":{"type":"Point","coordinates":[20.18001,44.878025]},"properties":{"line":"703","mode":"bus","color":"#0059a9","colorDark":"#00294f","band":4,"off":[3.4,1.1]}},{"type":"Feature","geometry":{"type":"Point","coordinates":[20.18001,44.878025]},"properties":{"line":"711","mode":"bus","color":"#0059a9","colorDark":"#00294f","band":4,"off":[6.8,1.1]}},{"type":"Feature","geometry":{"type":"Point","coordinates":[20.100824,44.806024]},"properties":{"name":"Preka kaldrma","band":4,"modes":"bus","arr":["604"],"off":[0,-0.8]}},{"type":"Feature","geometry":{"type":"Point","coordinates":[20.100824,44.806024]},"properties":{"line":"604","mode":"bus","color":"#0059a9","colorDark":"#00294f","band":4,"off":[0,1.1]}},{"type":"Feature","geometry":{"type":"Point","coordinates":[20.149697,44.718214]},"properties":{"name":"Progar","band":4,"modes":"bus","arr":["605"],"off":[0,-0.8]}},{"type":"Feature","geometry":{"type":"Point","coordinates":[20.149697,44.718214]},"properties":{"line":"605","mode":"bus","color":"#0059a9","colorDark":"#00294f","band":4,"off":[0,1.1]}},{"type":"Feature","geometry":{"type":"Point","coordinates":[20.147378,44.855457]},"properties":{"name":"Grmovac /25.nova/","band":4,"modes":"bus","arr":["606"],"off":[0,-0.8]}},{"type":"Feature","geometry":{"type":"Point","coordinates":[20.147378,44.855457]},"properties":{"line":"606","mode":"bus","color":"#0059a9","colorDark":"#00294f","band":4,"off":[0,1.1]}},{"type":"Feature","geometry":{"type":"Point","coordinates":[20.235947,44.836478]},"properties":{"name":"Dobanovci /groblje/","band":4,"modes":"bus","arr":["611"],"off":[0,-0.8]}},{"type":"Feature","geometry":{"type":"Point","coordinates":[20.235947,44.836478]},"properties":{"line":"611","mode":"bus","color":"#0059a9","colorDark":"#00294f","band":4,"off":[0,1.1]}},{"type":"Feature","geometry":{"type":"Point","coordinates":[20.298983,44.830981]},"properties":{"name":"Radiofar","band":4,"modes":"bus","arr":["613"],"off":[0,-0.8]}},{"type":"Feature","geometry":{"type":"Point","coordinates":[20.298983,44.830981]},"properties":{"line":"613","mode":"bus","color":"#0059a9","colorDark":"#00294f","band":4,"off":[0,1.1]}},{"type":"Feature","geometry":{"type":"Point","coordinates":[20.27122,44.915497]},"properties":{"name":"Batajnica","band":4,"modes":"bus","arr":["706","706N"],"off":[0,-0.8]}},{"type":"Feature","geometry":{"type":"Point","coordinates":[20.27122,44.915497]},"properties":{"line":"706","mode":"bus","color":"#0059a9","colorDark":"#00294f","band":4,"off":[-1.7,1.1]}},{"type":"Feature","geometry":{"type":"Point","coordinates":[20.27122,44.915497]},"properties":{"line":"706N","mode":"bus","color":"#0059a9","colorDark":"#00294f","band":4,"off":[1.7,1.1]}},{"type":"Feature","geometry":{"type":"Point","coordinates":[20.213903,44.90121]},"properties":{"name":"Busije/terminus/","band":4,"modes":"bus","arr":["702"],"off":[0,-0.8]}},{"type":"Feature","geometry":{"type":"Point","coordinates":[20.213903,44.90121]},"properties":{"line":"702","mode":"bus","color":"#0059a9","colorDark":"#00294f","band":4,"off":[0,1.1]}},{"type":"Feature","geometry":{"type":"Point","coordinates":[20.319242,44.875612]},"properties":{"name":"Zemun polje","band":4,"modes":"bus","arr":["704","707","707N","708","709"],"off":[0,-0.8]}},{"type":"Feature","geometry":{"type":"Point","coordinates":[20.319242,44.875612]},"properties":{"line":"704","mode":"bus","color":"#0059a9","colorDark":"#00294f","band":4,"off":[-6.8,1.1]}},{"type":"Feature","geometry":{"type":"Point","coordinates":[20.319242,44.875612]},"properties":{"line":"707","mode":"bus","color":"#0059a9","colorDark":"#00294f","band":4,"off":[-3.4,1.1]}},{"type":"Feature","geometry":{"type":"Point","coordinates":[20.319242,44.875612]},"properties":{"line":"707N","mode":"bus","color":"#0059a9","colorDark":"#00294f","band":4,"off":[0,1.1]}},{"type":"Feature","geometry":{"type":"Point","coordinates":[20.319242,44.875612]},"properties":{"line":"708","mode":"bus","color":"#0059a9","colorDark":"#00294f","band":4,"off":[3.4,1.1]}},{"type":"Feature","geometry":{"type":"Point","coordinates":[20.319242,44.875612]},"properties":{"line":"709","mode":"bus","color":"#0059a9","colorDark":"#00294f","band":4,"off":[6.8,1.1]}},{"type":"Feature","geometry":{"type":"Point","coordinates":[20.342664,44.88587]},"properties":{"name":"13. maj","band":4,"modes":"bus","arr":["705"],"off":[0,-0.8]}},{"type":"Feature","geometry":{"type":"Point","coordinates":[20.342664,44.88587]},"properties":{"line":"705","mode":"bus","color":"#0059a9","colorDark":"#00294f","band":4,"off":[0,1.1]}},{"type":"Feature","geometry":{"type":"Point","coordinates":[20.244993,44.927249]},"properties":{"name":"Aerodrom Batajnica","band":4,"modes":"bus","arr":["706E"],"off":[0,-0.8]}},{"type":"Feature","geometry":{"type":"Point","coordinates":[20.244993,44.927249]},"properties":{"line":"706E","mode":"bus","color":"#0059a9","colorDark":"#00294f","band":4,"off":[0,1.1]}},{"type":"Feature","geometry":{"type":"Point","coordinates":[20.195794,44.655257]},"properties":{"name":"Obrenovac AS","band":4,"modes":"bus","arr":["860N"],"off":[0,-0.8]}},{"type":"Feature","geometry":{"type":"Point","coordinates":[20.195794,44.655257]},"properties":{"line":"860N","mode":"bus","color":"#0059a9","colorDark":"#00294f","band":4,"off":[0,1.1]}},{"type":"Feature","geometry":{"type":"Point","coordinates":[20.19826,44.656315]},"properties":{"name":"Obrenovac AS","band":4,"modes":"bus","arr":["860N"],"off":[0,-0.8]}},{"type":"Feature","geometry":{"type":"Point","coordinates":[20.19826,44.656315]},"properties":{"line":"860N","mode":"bus","color":"#0059a9","colorDark":"#00294f","band":4,"off":[0,1.1]}},{"type":"Feature","geometry":{"type":"Point","coordinates":[20.449503,44.819035]},"properties":{"name":"Pristanište","band":4,"modes":"tram","arr":["2"],"off":[0,-0.8]}},{"type":"Feature","geometry":{"type":"Point","coordinates":[20.449503,44.819035]},"properties":{"line":"2","mode":"tram","color":"#d6212b","colorDark":"#7c1116","band":4,"off":[0,1.1]}},{"type":"Feature","geometry":{"type":"Point","coordinates":[20.449456,44.818736]},"properties":{"name":"Pristanište Ka Bloku 45","band":4,"modes":"tram","arr":["2"],"off":[0,-0.8]}},{"type":"Feature","geometry":{"type":"Point","coordinates":[20.449456,44.818736]},"properties":{"line":"2","mode":"tram","color":"#d6212b","colorDark":"#7c1116","band":4,"off":[0,1.1]}},{"type":"Feature","geometry":{"type":"Point","coordinates":[20.449396,44.81994]},"properties":{"name":"Pristanište 1","band":4,"modes":"tram","arr":["2L"],"off":[0,-0.8]}},{"type":"Feature","geometry":{"type":"Point","coordinates":[20.449396,44.81994]},"properties":{"line":"2L","mode":"tram","color":"#d6212b","colorDark":"#7c1116","band":4,"off":[0,1.1]}},{"type":"Feature","geometry":{"type":"Point","coordinates":[20.438266,44.795276]},"properties":{"name":"Ruska","band":4,"modes":"tram","arr":["2L"],"off":[0,-0.8]}},{"type":"Feature","geometry":{"type":"Point","coordinates":[20.438266,44.795276]},"properties":{"line":"2L","mode":"tram","color":"#d6212b","colorDark":"#7c1116","band":4,"off":[0,1.1]}},{"type":"Feature","geometry":{"type":"Point","coordinates":[20.455266,44.825898]},"properties":{"name":"Tadeuša Košćuška","band":4,"modes":"tram","arr":["5","10","11"],"off":[0,-0.8]}},{"type":"Feature","geometry":{"type":"Point","coordinates":[20.455266,44.825898]},"properties":{"line":"5","mode":"tram","color":"#d6212b","colorDark":"#7c1116","band":4,"off":[-3.4,1.1]}},{"type":"Feature","geometry":{"type":"Point","coordinates":[20.455266,44.825898]},"properties":{"line":"10","mode":"tram","color":"#d6212b","colorDark":"#7c1116","band":4,"off":[0,1.1]}},{"type":"Feature","geometry":{"type":"Point","coordinates":[20.455266,44.825898]},"properties":{"line":"11","mode":"tram","color":"#d6212b","colorDark":"#7c1116","band":4,"off":[3.4,1.1]}},{"type":"Feature","geometry":{"type":"Point","coordinates":[20.453246,44.827132]},"properties":{"name":"Kalemegdan (Donji grad)","band":4,"modes":"tram","arr":["5","10","11"],"off":[0,-0.8]}},{"type":"Feature","geometry":{"type":"Point","coordinates":[20.453246,44.827132]},"properties":{"line":"5","mode":"tram","color":"#d6212b","colorDark":"#7c1116","band":4,"off":[-3.4,1.1]}},{"type":"Feature","geometry":{"type":"Point","coordinates":[20.453246,44.827132]},"properties":{"line":"10","mode":"tram","color":"#d6212b","colorDark":"#7c1116","band":4,"off":[0,1.1]}},{"type":"Feature","geometry":{"type":"Point","coordinates":[20.453246,44.827132]},"properties":{"line":"11","mode":"tram","color":"#d6212b","colorDark":"#7c1116","band":4,"off":[3.4,1.1]}},{"type":"Feature","geometry":{"type":"Point","coordinates":[20.468041,44.809552]},"properties":{"name":"Tašmajdan /park/","band":4,"modes":"tram","arr":["6"],"off":[0,-0.8]}},{"type":"Feature","geometry":{"type":"Point","coordinates":[20.468041,44.809552]},"properties":{"line":"6","mode":"tram","color":"#d6212b","colorDark":"#7c1116","band":4,"off":[0,1.1]}},{"type":"Feature","geometry":{"type":"Point","coordinates":[20.37402,44.793921]},"properties":{"name":"Blok 45","band":4,"modes":"tram","arr":["7L","9L","11","13"],"off":[0,-0.8]}},{"type":"Feature","geometry":{"type":"Point","coordinates":[20.37402,44.793921]},"properties":{"line":"7L","mode":"tram","color":"#d6212b","colorDark":"#7c1116","band":4,"off":[-5.1,1.1]}},{"type":"Feature","geometry":{"type":"Point","coordinates":[20.37402,44.793921]},"properties":{"line":"9L","mode":"tram","color":"#d6212b","colorDark":"#7c1116","band":4,"off":[-1.7,1.1]}},{"type":"Feature","geometry":{"type":"Point","coordinates":[20.37402,44.793921]},"properties":{"line":"11","mode":"tram","color":"#d6212b","colorDark":"#7c1116","band":4,"off":[1.7,1.1]}},{"type":"Feature","geometry":{"type":"Point","coordinates":[20.37402,44.793921]},"properties":{"line":"13","mode":"tram","color":"#d6212b","colorDark":"#7c1116","band":4,"off":[5.1,1.1]}},{"type":"Feature","geometry":{"type":"Point","coordinates":[20.478033,44.757229]},"properties":{"name":"Banjica","band":4,"modes":"tram","arr":["9L","10","14"],"off":[0,-0.8]}},{"type":"Feature","geometry":{"type":"Point","coordinates":[20.478033,44.757229]},"properties":{"line":"9L","mode":"tram","color":"#d6212b","colorDark":"#7c1116","band":4,"off":[-3.4,1.1]}},{"type":"Feature","geometry":{"type":"Point","coordinates":[20.478033,44.757229]},"properties":{"line":"10","mode":"tram","color":"#d6212b","colorDark":"#7c1116","band":4,"off":[0,1.1]}},{"type":"Feature","geometry":{"type":"Point","coordinates":[20.478033,44.757229]},"properties":{"line":"14","mode":"tram","color":"#d6212b","colorDark":"#7c1116","band":4,"off":[3.4,1.1]}},{"type":"Feature","geometry":{"type":"Point","coordinates":[20.490297,44.814064]},"properties":{"name":"Omladinski stadion","band":4,"modes":"tram","arr":["12"],"off":[0,-0.8]}},{"type":"Feature","geometry":{"type":"Point","coordinates":[20.490297,44.814064]},"properties":{"line":"12","mode":"tram","color":"#d6212b","colorDark":"#7c1116","band":4,"off":[0,1.1]}}]}