{"type":"FeatureCollection","features":[{"type":"Feature","geometry":{"type":"Point","coordinates":[20.456189,44.829837]},"properties":{"name":"Dorćol /SRC Milan Gale Muškatirović/","lines":"2A, 24, 79, EKO2","arr":["2A","24","79","EKO2"],"terminus":1,"mode":"bus","color":"#0059a9","colorDark":"#00294f","angle":95.9,"snapDist":5,"label":1}},{"type":"Feature","geometry":{"type":"Point","coordinates":[20.455841,44.82628]},"properties":{"name":"Solunska","lines":"2A, EKO2","arr":["2A","EKO2"],"terminus":0,"mode":"bus","color":"#0059a9","colorDark":"#00294f","angle":96.6,"snapDist":4,"label":1}},{"type":"Feature","geometry":{"type":"Point","coordinates":[20.449652,44.818847]},"properties":{"name":"Pristanište 1","lines":"2A","arr":["2A"],"terminus":0,"mode":"bus","color":"#0059a9","colorDark":"#00294f","angle":275.8,"snapDist":9,"label":1}},{"type":"Feature","geometry":{"type":"Point","coordinates":[20.45092,44.814866]},"properties":{"name":"Brankov most","lines":"2A","arr":["2A"],"terminus":0,"mode":"bus","color":"#0059a9","colorDark":"#00294f","angle":246.1,"snapDist":4,"label":1}},{"type":"Feature","geometry":{"type":"Point","coordinates":[20.452163,44.809743]},"properties":{"name":"Savski most","lines":"2A, 51, 51N, 511, 601, 601N, EKO2","arr":["2A","51","51N","511","601","601N","EKO2"],"terminus":0,"mode":"bus","color":"#0059a9","colorDark":"#00294f","angle":299.8,"snapDist":6,"label":1}},{"type":"Feature","geometry":{"type":"Point","coordinates":[20.451303,44.806097]},"properties":{"name":"Savski park","lines":"2A, 51, 51N, 511, 601, 601N, EKO2","arr":["2A","51","51N","511","601","601N","EKO2"],"terminus":0,"mode":"bus","color":"#0059a9","colorDark":"#00294f","angle":281.9,"snapDist":6,"label":1}},{"type":"Feature","geometry":{"type":"Point","coordinates":[20.448097,44.802952]},"properties":{"name":"Kula Beograd","lines":"2A, 3A, 46, 51, 91, 91a, 92, 511, 551, 553, 601, EKO2","arr":["2A","3A","46","51","91","91a","92","511","551","553","601","EKO2"],"terminus":0,"mode":"bus","color":"#0059a9","colorDark":"#00294f","angle":322.3,"snapDist":5,"label":1}},{"type":"Feature","geometry":{"type":"Point","coordinates":[20.445462,44.801212]},"properties":{"name":"TC Galerija","lines":"2A, 3A, 46, 51, 91, 91a, 92, 511, 551, 553, 601, EKO2","arr":["2A","3A","46","51","91","91a","92","511","551","553","601","EKO2"],"terminus":1,"mode":"bus","color":"#0059a9","colorDark":"#00294f","angle":312.6,"snapDist":5,"label":1}},{"type":"Feature","geometry":{"type":"Point","coordinates":[20.446422,44.801753]},"properties":{"name":"TC Galerija","lines":"2A, 3A, 36, 46, 51, 511, 601, EKO2","arr":["2A","3A","36","46","51","511","601","EKO2"],"terminus":0,"mode":"bus","color":"#0059a9","colorDark":"#00294f","angle":134.4,"snapDist":9,"label":0}},{"type":"Feature","geometry":{"type":"Point","coordinates":[20.449166,44.803362]},"properties":{"name":"Kula Beograd","lines":"2A, 3A, 36, 46, 51, 511, 601, EKO2","arr":["2A","3A","36","46","51","511","601","EKO2"],"terminus":0,"mode":"bus","color":"#0059a9","colorDark":"#00294f","angle":143.2,"snapDist":7,"label":0}},{"type":"Feature","geometry":{"type":"Point","coordinates":[20.451576,44.807628]},"properties":{"name":"Savski park","lines":"2A, 51, 511, 601, EKO2","arr":["2A","51","511","601","EKO2"],"terminus":0,"mode":"bus","color":"#0059a9","colorDark":"#00294f","angle":91,"snapDist":5,"label":0}},{"type":"Feature","geometry":{"type":"Point","coordinates":[20.452924,44.810276]},"properties":{"name":"Savski most","lines":"2A, 51, 511, 601, EKO2","arr":["2A","51","511","601","EKO2"],"terminus":0,"mode":"bus","color":"#0059a9","colorDark":"#00294f","angle":174.8,"snapDist":4,"label":0}},{"type":"Feature","geometry":{"type":"Point","coordinates":[20.450697,44.815233]},"properties":{"name":"Brankov most","lines":"2A","arr":["2A"],"terminus":0,"mode":"bus","color":"#0059a9","colorDark":"#00294f","angle":66.7,"snapDist":7,"label":0}},{"type":"Feature","geometry":{"type":"Point","coordinates":[20.449682,44.818149]},"properties":{"name":"Pristanište 1","lines":"2A","arr":["2A"],"terminus":0,"mode":"bus","color":"#0059a9","colorDark":"#00294f","angle":84.4,"snapDist":4,"label":0}},{"type":"Feature","geometry":{"type":"Point","coordinates":[20.455945,44.826954]},"properties":{"name":"Solunska","lines":"2A, 24, 26, 26N, 79, 401N, EKO2","arr":["2A","24","26","26N","79","401N","EKO2"],"terminus":0,"mode":"bus","color":"#0059a9","colorDark":"#00294f","angle":276.2,"snapDist":6,"label":0}},{"type":"Feature","geometry":{"type":"Point","coordinates":[20.455924,44.8295]},"properties":{"name":"Dorćol /SRC Milan Gale Muškatirović/","lines":"2A, 24, EKO2","arr":["2A","24","EKO2"],"terminus":1,"mode":"bus","color":"#0059a9","colorDark":"#00294f","angle":275.1,"snapDist":6,"label":0}},{"type":"Feature","geometry":{"type":"Point","coordinates":[20.443819,44.800876]},"properties":{"name":"Beograd na vodi","lines":"3A, 91, 92, 551, 553","arr":["3A","91","92","551","553"],"terminus":1,"mode":"bus","color":"#0059a9","colorDark":"#00294f","angle":36.3,"snapDist":7,"label":1}},{"type":"Feature","geometry":{"type":"Point","coordinates":[20.451126,44.802088]},"properties":{"name":"Durmitorska","lines":"3A, 36, 46, 51, 51N, 493N, 511, 601, 601N, 860N, A1","arr":["3A","36","46","51","51N","493N","511","601","601N","860N","A1"],"terminus":0,"mode":"bus","color":"#0059a9","colorDark":"#00294f","angle":299.4,"snapDist":9,"label":1}},{"type":"Feature","geometry":{"type":"Point","coordinates":[20.44142,44.796326]},"properties":{"name":"Sajam","lines":"3A, 23, 37, 37N, 51, 51N, 52, 53, 55, 56, 56L, 56N, 58, 88, 91, 92, 511, 511N, 511Na, 511Nb, 551, 553, 600, 860N, A1, E2","arr":["3A","23","37","37N","51","51N","52","53","55","56","56L","56N","58","88","91","92","511","511N","511Na","511Nb","551","553","600","860N","A1","E2"],"terminus":0,"mode":"bus","color":"#0059a9","colorDark":"#00294f","angle":337.8,"snapDist":10,"label":1}},{"type":"Feature","geometry":{"type":"Point","coordinates":[20.435945,44.795034]},"properties":{"name":"Ruska","lines":"3A, 23, 37, 37N, 51, 51N, 52, 53, 56, 56N, 58, 88, 511N, 511Na, 511Nb, E2","arr":["3A","23","37","37N","51","51N","52","53","56","56N","58","88","511N","511Na","511Nb","E2"],"terminus":0,"mode":"bus","color":"#0059a9","colorDark":"#00294f","angle":348.1,"snapDist":7,"label":1}},{"type":"Feature","geometry":{"type":"Point","coordinates":[20.431625,44.786441]},"properties":{"name":"Careva ćuprija","lines":"3A","arr":["3A"],"terminus":0,"mode":"bus","color":"#0059a9","colorDark":"#00294f","angle":231.1,"snapDist":0,"label":1}},{"type":"Feature","geometry":{"type":"Point","coordinates":[20.441499,44.781803]},"properties":{"name":"Topčiderski park","lines":"3A, 49, 94","arr":["3A","49","94"],"terminus":0,"mode":"bus","color":"#0059a9","colorDark":"#00294f","angle":223.2,"snapDist":6,"label":1}},{"type":"Feature","geometry":{"type":"Point","coordinates":[20.439984,44.776512]},"properties":{"name":"Dom garde 1","lines":"3A","arr":["3A"],"terminus":0,"mode":"bus","color":"#0059a9","colorDark":"#00294f","angle":298.8,"snapDist":8,"label":1}},{"type":"Feature","geometry":{"type":"Point","coordinates":[20.438045,44.774036]},"properties":{"name":"Topčiderska okretnica","lines":"3A","arr":["3A"],"terminus":0,"mode":"bus","color":"#0059a9","colorDark":"#00294f","angle":298,"snapDist":8,"label":1}},{"type":"Feature","geometry":{"type":"Point","coordinates":[20.443618,44.766139]},"properties":{"name":"Patrijarha Pavla","lines":"3A","arr":["3A"],"terminus":0,"mode":"bus","color":"#0059a9","colorDark":"#00294f","angle":240.4,"snapDist":4,"label":1}},{"type":"Feature","geometry":{"type":"Point","coordinates":[20.446059,44.756747]},"properties":{"name":"Košutnjak","lines":"3A","arr":["3A"],"terminus":0,"mode":"bus","color":"#0059a9","colorDark":"#00294f","angle":268,"snapDist":5,"label":1}},{"type":"Feature","geometry":{"type":"Point","coordinates":[20.445803,44.750394]},"properties":{"name":"Vareška","lines":"3A, 42","arr":["3A","42"],"terminus":0,"mode":"bus","color":"#0059a9","colorDark":"#00294f","angle":293.7,"snapDist":6,"label":1}},{"type":"Feature","geometry":{"type":"Point","coordinates":[20.443787,44.746901]},"properties":{"name":"Železnička stanica Rakovica","lines":"3A, 42, 94","arr":["3A","42","94"],"terminus":0,"mode":"bus","color":"#0059a9","colorDark":"#00294f","angle":303.8,"snapDist":8,"label":1}},{"type":"Feature","geometry":{"type":"Point","coordinates":[20.440934,44.742171]},"properties":{"name":"Miška Kranjca","lines":"3A, 94","arr":["3A","94"],"terminus":0,"mode":"bus","color":"#0059a9","colorDark":"#00294f","angle":282.7,"snapDist":7,"label":1}},{"type":"Feature","geometry":{"type":"Point","coordinates":[20.438659,44.739011]},"properties":{"name":"Ulica Oslobođenja","lines":"3A, 37, 37N, 47N, 47Na, 54, 94, 501, 504","arr":["3A","37","37N","47N","47Na","54","94","501","504"],"terminus":0,"mode":"bus","color":"#0059a9","colorDark":"#00294f","angle":295.7,"snapDist":6,"label":1}},{"type":"Feature","geometry":{"type":"Point","coordinates":[20.434131,44.738987]},"properties":{"name":"Slavka Rodića","lines":"3A, 94","arr":["3A","94"],"terminus":0,"mode":"bus","color":"#0059a9","colorDark":"#00294f","angle":301.1,"snapDist":1,"label":1}},{"type":"Feature","geometry":{"type":"Point","coordinates":[20.432407,44.734385]},"properties":{"name":"Kneževac","lines":"3A, 37, 37N, 507","arr":["3A","37","37N","507"],"terminus":1,"mode":"bus","color":"#0059a9","colorDark":"#00294f","angle":216.7,"snapDist":6,"label":1}},{"type":"Feature","geometry":{"type":"Point","coordinates":[20.43416,44.73902]},"properties":{"name":"Slavka Rodića","lines":"3A, 94","arr":["3A","94"],"terminus":0,"mode":"bus","color":"#0059a9","colorDark":"#00294f","angle":121.1,"snapDist":5,"label":0}},{"type":"Feature","geometry":{"type":"Point","coordinates":[20.437577,44.738602]},"properties":{"name":"Ulica Oslobođenja","lines":"3A, 37, 37N, 47N, 47Na, 54, 94, 501, 504","arr":["3A","37","37N","47N","47Na","54","94","501","504"],"terminus":0,"mode":"bus","color":"#0059a9","colorDark":"#00294f","angle":207.2,"snapDist":3,"label":0}},{"type":"Feature","geometry":{"type":"Point","coordinates":[20.440956,44.74225]},"properties":{"name":"Miška Kranjca","lines":"3A, 94","arr":["3A","94"],"terminus":0,"mode":"bus","color":"#0059a9","colorDark":"#00294f","angle":99.4,"snapDist":7,"label":0}},{"type":"Feature","geometry":{"type":"Point","coordinates":[20.443898,44.747024]},"properties":{"name":"Železnička stanica Rakovica","lines":"3A, 42, 94","arr":["3A","42","94"],"terminus":0,"mode":"bus","color":"#0059a9","colorDark":"#00294f","angle":122.6,"snapDist":4,"label":0}},{"type":"Feature","geometry":{"type":"Point","coordinates":[20.445858,44.750482]},"properties":{"name":"Vareška","lines":"3A, 42","arr":["3A","42"],"terminus":0,"mode":"bus","color":"#0059a9","colorDark":"#00294f","angle":114.5,"snapDist":5,"label":0}},{"type":"Feature","geometry":{"type":"Point","coordinates":[20.446252,44.757859]},"properties":{"name":"Košutnjak","lines":"3A","arr":["3A"],"terminus":0,"mode":"bus","color":"#0059a9","colorDark":"#00294f","angle":76.9,"snapDist":6,"label":0}},{"type":"Feature","geometry":{"type":"Point","coordinates":[20.443732,44.766331]},"properties":{"name":"Patrijarha Pavla","lines":"3A","arr":["3A"],"terminus":0,"mode":"bus","color":"#0059a9","colorDark":"#00294f","angle":55.5,"snapDist":5,"label":0}},{"type":"Feature","geometry":{"type":"Point","coordinates":[20.437615,44.774363]},"properties":{"name":"Topčiderska okretnica","lines":"3A","arr":["3A"],"terminus":0,"mode":"bus","color":"#0059a9","colorDark":"#00294f","angle":81.3,"snapDist":6,"label":0}},{"type":"Feature","geometry":{"type":"Point","coordinates":[20.437469,44.777061]},"properties":{"name":"Železnička stanica Topčider","lines":"3A","arr":["3A"],"terminus":0,"mode":"bus","color":"#0059a9","colorDark":"#00294f","angle":202.5,"snapDist":10,"label":1}},{"type":"Feature","geometry":{"type":"Point","coordinates":[20.439527,44.776456]},"properties":{"name":"Dom garde","lines":"3A","arr":["3A"],"terminus":0,"mode":"bus","color":"#0059a9","colorDark":"#00294f","angle":202.5,"snapDist":4,"label":1}},{"type":"Feature","geometry":{"type":"Point","coordinates":[20.440855,44.782229]},"properties":{"name":"Topčiderski park","lines":"3A, 49, 94","arr":["3A","49","94"],"terminus":0,"mode":"bus","color":"#0059a9","colorDark":"#00294f","angle":42.1,"snapDist":3,"label":0}},{"type":"Feature","geometry":{"type":"Point","coordinates":[20.431591,44.786471]},"properties":{"name":"Careva ćuprija","lines":"3A","arr":["3A"],"terminus":0,"mode":"bus","color":"#0059a9","colorDark":"#00294f","angle":51.1,"snapDist":14,"label":0}},{"type":"Feature","geometry":{"type":"Point","coordinates":[20.433642,44.794531]},"properties":{"name":"Gospodarska mehana","lines":"3A, 23, 37, 37N, 51, 51N, 52, 53, 55, 56, 56L, 56N, 58, 88, 511N, 511Na, 511Nb, 600, E2","arr":["3A","23","37","37N","51","51N","52","53","55","56","56L","56N","58","88","511N","511Na","511Nb","600","E2"],"terminus":0,"mode":"bus","color":"#0059a9","colorDark":"#00294f","angle":162.8,"snapDist":6,"label":1}},{"type":"Feature","geometry":{"type":"Point","coordinates":[20.438191,44.795336]},"properties":{"name":"Ruska","lines":"3A, 23, 37, 37N, 51, 51N, 52, 53, 55, 56, 56L, 56N, 58, 88, 91, 91a, 92, 511N, 511Na, 511Nb, E2","arr":["3A","23","37","37N","51","51N","52","53","55","56","56L","56N","58","88","91","91a","92","511N","511Na","511Nb","E2"],"terminus":0,"mode":"bus","color":"#0059a9","colorDark":"#00294f","angle":162.9,"snapDist":5,"label":0}},{"type":"Feature","geometry":{"type":"Point","coordinates":[20.442084,44.796413]},"properties":{"name":"Sajam","lines":"3A, 23, 37, 37N, 51, 51N, 52, 53, 55, 56, 56L, 56N, 58, 88, 91, 91a, 92, 511, 511N, 511Na, 511Nb, 551, 553, 581N, 600, 860N, A1, E2","arr":["3A","23","37","37N","51","51N","52","53","55","56","56L","56N","58","88","91","91a","92","511","511N","511Na","511Nb","551","553","581N","600","860N","A1","E2"],"terminus":0,"mode":"bus","color":"#0059a9","colorDark":"#00294f","angle":160.3,"snapDist":7,"label":0}},{"type":"Feature","geometry":{"type":"Point","coordinates":[20.451514,44.802279]},"properties":{"name":"Durmitorska","lines":"3A, 46, 51, 511, 581N, 601, 860N","arr":["3A","46","51","511","581N","601","860N"],"terminus":0,"mode":"bus","color":"#0059a9","colorDark":"#00294f","angle":118.6,"snapDist":8,"label":0}},{"type":"Feature","geometry":{"type":"Point","coordinates":[20.37511,44.792933]},"properties":{"name":"Blok 45","lines":"9A, 73, 94, 95, 95N, 604, 605, E6","arr":["9A","73","94","95","95N","604","605","E6"],"terminus":1,"mode":"bus","color":"#0059a9","colorDark":"#00294f","angle":60.1,"snapDist":10,"label":1}},{"type":"Feature","geometry":{"type":"Point","coordinates":[20.372824,44.795847]},"properties":{"name":"dr Ivana Ribara 1","lines":"9A, 73, 94, 95, 95N, 604, 605, E6","arr":["9A","73","94","95","95N","604","605","E6"],"terminus":0,"mode":"bus","color":"#0059a9","colorDark":"#00294f","angle":60.9,"snapDist":10,"label":1}},{"type":"Feature","geometry":{"type":"Point","coordinates":[20.372366,44.798225]},"properties":{"name":"dr Ivana Ribara","lines":"9A, 45, 73, 94, 95N, 610, 610e, 610ea","arr":["9A","45","73","94","95N","610","610e","610ea"],"terminus":0,"mode":"bus","color":"#0059a9","colorDark":"#00294f","angle":146.9,"snapDist":7,"label":1}},{"type":"Feature","geometry":{"type":"Point","coordinates":[20.375735,44.79972]},"properties":{"name":"OŠ Branko Radičević","lines":"9A, 45, 73, 94, 95N, 610, 610e, 610ea","arr":["9A","45","73","94","95N","610","610e","610ea"],"terminus":0,"mode":"bus","color":"#0059a9","colorDark":"#00294f","angle":149.2,"snapDist":9,"label":1}},{"type":"Feature","geometry":{"type":"Point","coordinates":[20.380052,44.801279]},"properties":{"name":"Nehruova","lines":"9A, 45, 73, 94, 95N, 610, 610e, 610ea","arr":["9A","45","73","94","95N","610","610e","610ea"],"terminus":0,"mode":"bus","color":"#0059a9","colorDark":"#00294f","angle":155.8,"snapDist":9,"label":1}},{"type":"Feature","geometry":{"type":"Point","coordinates":[20.389023,44.80345]},"properties":{"name":"Gandijeva","lines":"9A, 68, 73, 89, 94, 95, 95N, 610, 610e, 610ea, E6","arr":["9A","68","73","89","94","95","95N","610","610e","610ea","E6"],"terminus":0,"mode":"bus","color":"#0059a9","colorDark":"#00294f","angle":166.5,"snapDist":7,"label":1}},{"type":"Feature","geometry":{"type":"Point","coordinates":[20.393971,44.804094]},"properties":{"name":"Blok 70","lines":"9A, 68, 73, 89, 94, 95, 95N, 610, 610e, 610ea, E6","arr":["9A","68","73","89","94","95","95N","610","610e","610ea","E6"],"terminus":0,"mode":"bus","color":"#0059a9","colorDark":"#00294f","angle":172.3,"snapDist":8,"label":1}},{"type":"Feature","geometry":{"type":"Point","coordinates":[20.398313,44.804382]},"properties":{"name":"Omladinskih brigada","lines":"9A, 89, 95, 610e, 610ea, E6","arr":["9A","89","95","610e","610ea","E6"],"terminus":0,"mode":"bus","color":"#0059a9","colorDark":"#00294f","angle":176.6,"snapDist":9,"label":1}},{"type":"Feature","geometry":{"type":"Point","coordinates":[20.405157,44.804291]},"properties":{"name":"Agostina Neta","lines":"9A, 89, 95, E6","arr":["9A","89","95","E6"],"terminus":0,"mode":"bus","color":"#0059a9","colorDark":"#00294f","angle":183.9,"snapDist":8,"label":1}},{"type":"Feature","geometry":{"type":"Point","coordinates":[20.411494,44.803998]},"properties":{"name":"Naselje Belvil","lines":"9A, 89, 95, E6","arr":["9A","89","95","E6"],"terminus":0,"mode":"bus","color":"#0059a9","colorDark":"#00294f","angle":183.5,"snapDist":9,"label":1}},{"type":"Feature","geometry":{"type":"Point","coordinates":[20.417444,44.80461]},"properties":{"name":"Beogradska autobuska stanica","lines":"9A, 94, 95, E6","arr":["9A","94","95","E6"],"terminus":0,"mode":"bus","color":"#0059a9","colorDark":"#00294f","angle":88.5,"snapDist":9,"label":1}},{"type":"Feature","geometry":{"type":"Point","coordinates":[20.418795,44.807064]},"properties":{"name":"Železnička stanica Novi Beograd","lines":"9A, 94, 95, E6","arr":["9A","94","95","E6"],"terminus":0,"mode":"bus","color":"#0059a9","colorDark":"#00294f","angle":123.6,"snapDist":7,"label":1}},{"type":"Feature","geometry":{"type":"Point","coordinates":[20.423063,44.806503]},"properties":{"name":"Milutina Milankovića","lines":"9A, 18N, 95, 612, E6","arr":["9A","18N","95","612","E6"],"terminus":0,"mode":"bus","color":"#0059a9","colorDark":"#00294f","angle":212.3,"snapDist":7,"label":1}},{"type":"Feature","geometry":{"type":"Point","coordinates":[20.427573,44.806831]},"properties":{"name":"Blok 23","lines":"9A, 18N, 95, 612, E6","arr":["9A","18N","95","612","E6"],"terminus":0,"mode":"bus","color":"#0059a9","colorDark":"#00294f","angle":123.2,"snapDist":10,"label":1}},{"type":"Feature","geometry":{"type":"Point","coordinates":[20.430625,44.810191]},"properties":{"name":"Sava centar","lines":"9A, 18N, 95, 612, E6","arr":["9A","18N","95","612","E6"],"terminus":0,"mode":"bus","color":"#0059a9","colorDark":"#00294f","angle":122.5,"snapDist":9,"label":1}},{"type":"Feature","geometry":{"type":"Point","coordinates":[20.433973,44.813877]},"properties":{"name":"Blok 21","lines":"9A, 18N, 27E, 35, 68, 72N, 95, 603N, 603Na, E6, EKO1","arr":["9A","18N","27E","35","68","72N","95","603N","603Na","E6","EKO1"],"terminus":0,"mode":"bus","color":"#0059a9","colorDark":"#00294f","angle":122.4,"snapDist":8,"label":1}},{"type":"Feature","geometry":{"type":"Point","coordinates":[20.439049,44.811805]},"properties":{"name":"Staro sajmište","lines":"9A","arr":["9A"],"terminus":0,"mode":"bus","color":"#0059a9","colorDark":"#00294f","angle":-21,"snapDist":7,"label":1}},{"type":"Feature","geometry":{"type":"Point","coordinates":[20.452866,44.814731]},"properties":{"name":"Brankov most 1","lines":"9A, 78, 83","arr":["9A","78","83"],"terminus":0,"mode":"bus","color":"#0059a9","colorDark":"#00294f","angle":191.6,"snapDist":5,"label":1}},{"type":"Feature","geometry":{"type":"Point","coordinates":[20.456305,44.811591]},"properties":{"name":"Kamenička 1","lines":"9A, 78, 83","arr":["9A","78","83"],"terminus":0,"mode":"bus","color":"#0059a9","colorDark":"#00294f","angle":238.3,"snapDist":3,"label":1}},{"type":"Feature","geometry":{"type":"Point","coordinates":[20.460685,44.805397]},"properties":{"name":"Kneza Miloša","lines":"9A, 36, 51N, 78, 83, EKO2","arr":["9A","36","51N","78","83","EKO2"],"terminus":0,"mode":"bus","color":"#0059a9","colorDark":"#00294f","angle":220.7,"snapDist":3,"label":1}},{"type":"Feature","geometry":{"type":"Point","coordinates":[20.464536,44.803055]},"properties":{"name":"Trg Slavija /Nemanjina/","lines":"9A, 36, 51N, 78, 83, 493N, 581N, 860N, EKO2","arr":["9A","36","51N","78","83","493N","581N","860N","EKO2"],"terminus":1,"mode":"bus","color":"#0059a9","colorDark":"#00294f","angle":220.5,"snapDist":6,"label":1}},{"type":"Feature","geometry":{"type":"Point","coordinates":[20.464323,44.803354]},"properties":{"name":"Trg Slavija /Nemanjina/","lines":"9A, 36, 78, 83, 493N, EKO2","arr":["9A","36","78","83","493N","EKO2"],"terminus":0,"mode":"bus","color":"#0059a9","colorDark":"#00294f","angle":40.2,"snapDist":9,"label":0}},{"type":"Feature","geometry":{"type":"Point","coordinates":[20.461259,44.805219]},"properties":{"name":"Kneza Miloša","lines":"9A, 36, 51N, 78, 83, 601N, EKO2","arr":["9A","36","51N","78","83","601N","EKO2"],"terminus":0,"mode":"bus","color":"#0059a9","colorDark":"#00294f","angle":40.5,"snapDist":6,"label":0}},{"type":"Feature","geometry":{"type":"Point","coordinates":[20.458286,44.807937]},"properties":{"name":"Nemanjina","lines":"9A, 52, 53, 56, 56L, 78, 83, EKO2","arr":["9A","52","53","56","56L","78","83","EKO2"],"terminus":0,"mode":"bus","color":"#0059a9","colorDark":"#00294f","angle":105,"snapDist":6,"label":1}},{"type":"Feature","geometry":{"type":"Point","coordinates":[20.456135,44.811785]},"properties":{"name":"Kamenička","lines":"9A, 52, 53, 56, 56L, 78, 83","arr":["9A","52","53","56","56L","78","83"],"terminus":0,"mode":"bus","color":"#0059a9","colorDark":"#00294f","angle":58.1,"snapDist":8,"label":1}},{"type":"Feature","geometry":{"type":"Point","coordinates":[20.452065,44.815283]},"properties":{"name":"Brankov most","lines":"9A, 15, 60, 60L, 67, 68, 71, 72, 75, 78, 83, 84","arr":["9A","15","60","60L","67","68","71","72","75","78","83","84"],"terminus":0,"mode":"bus","color":"#0059a9","colorDark":"#00294f","angle":329.2,"snapDist":3,"label":0}},{"type":"Feature","geometry":{"type":"Point","coordinates":[20.440834,44.814875]},"properties":{"name":"Novi Beograd (Ušće)","lines":"9A, 60","arr":["9A","60"],"terminus":0,"mode":"bus","color":"#0059a9","colorDark":"#00294f","angle":175.7,"snapDist":5,"label":1}},{"type":"Feature","geometry":{"type":"Point","coordinates":[20.439973,44.811816]},"properties":{"name":"Staro sajmiste 1","lines":"9A","arr":["9A"],"terminus":0,"mode":"bus","color":"#0059a9","colorDark":"#00294f","angle":199.6,"snapDist":4,"label":1}},{"type":"Feature","geometry":{"type":"Point","coordinates":[20.433607,44.813667]},"properties":{"name":"Blok 21","lines":"9A, 18N, 27E, 35, 68, 72N, 95, 603N, 603Na, E6, EKO1","arr":["9A","18N","27E","35","68","72N","95","603N","603Na","E6","EKO1"],"terminus":0,"mode":"bus","color":"#0059a9","colorDark":"#00294f","angle":302.8,"snapDist":7,"label":0}},{"type":"Feature","geometry":{"type":"Point","coordinates":[20.429474,44.80911]},"properties":{"name":"Sava centar","lines":"9A, 18N, 95, 612, E6","arr":["9A","18N","95","612","E6"],"terminus":0,"mode":"bus","color":"#0059a9","colorDark":"#00294f","angle":302.5,"snapDist":8,"label":0}},{"type":"Feature","geometry":{"type":"Point","coordinates":[20.427224,44.806639]},"properties":{"name":"Blok 23","lines":"9A, 18N, 95, 612, E6","arr":["9A","18N","95","612","E6"],"terminus":0,"mode":"bus","color":"#0059a9","colorDark":"#00294f","angle":302.6,"snapDist":7,"label":0}},{"type":"Feature","geometry":{"type":"Point","coordinates":[20.422241,44.807128]},"properties":{"name":"Milutina Milankovića","lines":"9A, 18N, 60, 60L, 95, 612, E6","arr":["9A","18N","60","60L","95","612","E6"],"terminus":0,"mode":"bus","color":"#0059a9","colorDark":"#00294f","angle":33.2,"snapDist":9,"label":0}},{"type":"Feature","geometry":{"type":"Point","coordinates":[20.418547,44.807152]},"properties":{"name":"Železnička stanica Novi Beograd","lines":"9A, 60, 60L, 94, 95, A1, E6","arr":["9A","60","60L","94","95","A1","E6"],"terminus":0,"mode":"bus","color":"#0059a9","colorDark":"#00294f","angle":302,"snapDist":6,"label":0}},{"type":"Feature","geometry":{"type":"Point","coordinates":[20.415829,44.804039]},"properties":{"name":"Beogradska autobuska stanica","lines":"9A, 85, 89, 95, 600, E6","arr":["9A","85","89","95","600","E6"],"terminus":0,"mode":"bus","color":"#0059a9","colorDark":"#00294f","angle":3.6,"snapDist":9,"label":0}},{"type":"Feature","geometry":{"type":"Point","coordinates":[20.408804,44.804341]},"properties":{"name":"Naselje Belvil","lines":"9A, 89, 95, E6","arr":["9A","89","95","E6"],"terminus":0,"mode":"bus","color":"#0059a9","colorDark":"#00294f","angle":3.7,"snapDist":10,"label":0}},{"type":"Feature","geometry":{"type":"Point","coordinates":[20.402611,44.804601]},"properties":{"name":"Agostina Neta","lines":"9A, 89, 95, E6","arr":["9A","89","95","E6"],"terminus":0,"mode":"bus","color":"#0059a9","colorDark":"#00294f","angle":1.8,"snapDist":6,"label":0}},{"type":"Feature","geometry":{"type":"Point","coordinates":[20.398125,44.804589]},"properties":{"name":"Omladinskih brigada","lines":"9A, 68, 73, 89, 94, 95, 95N, 610, 610e, 610ea, E6","arr":["9A","68","73","89","94","95","95N","610","610e","610ea","E6"],"terminus":0,"mode":"bus","color":"#0059a9","colorDark":"#00294f","angle":356.5,"snapDist":9,"label":0}},{"type":"Feature","geometry":{"type":"Point","coordinates":[20.393638,44.804287]},"properties":{"name":"Blok 70","lines":"9A, 68, 73, 89, 94, 95, 95N, 610, 610e, 610ea, E6","arr":["9A","68","73","89","94","95","95N","610","610e","610ea","E6"],"terminus":0,"mode":"bus","color":"#0059a9","colorDark":"#00294f","angle":352.6,"snapDist":8,"label":0}},{"type":"Feature","geometry":{"type":"Point","coordinates":[20.386727,44.803231]},"properties":{"name":"Gandijeva","lines":"9A, 73, 94, 95N, 610, 610e, 610ea","arr":["9A","73","94","95N","610","610e","610ea"],"terminus":0,"mode":"bus","color":"#0059a9","colorDark":"#00294f","angle":344.3,"snapDist":9,"label":0}},{"type":"Feature","geometry":{"type":"Point","coordinates":[20.379749,44.801404]},"properties":{"name":"Nehruova","lines":"9A, 45, 73, 94, 95N, 610, 610e, 610ea","arr":["9A","45","73","94","95N","610","610e","610ea"],"terminus":0,"mode":"bus","color":"#0059a9","colorDark":"#00294f","angle":335,"snapDist":8,"label":0}},{"type":"Feature","geometry":{"type":"Point","coordinates":[20.374996,44.799647]},"properties":{"name":"OŠ Branko Radičević","lines":"9A, 45, 73, 94, 95N, 610, 610e, 610ea","arr":["9A","45","73","94","95N","610","610e","610ea"],"terminus":0,"mode":"bus","color":"#0059a9","colorDark":"#00294f","angle":329,"snapDist":8,"label":0}},{"type":"Feature","geometry":{"type":"Point","coordinates":[20.372093,44.796682]},"properties":{"name":"dr Ivana Ribara 1","lines":"9A, 73, 94, 95, 95N, 604, 605, E6","arr":["9A","73","94","95","95N","604","605","E6"],"terminus":0,"mode":"bus","color":"#0059a9","colorDark":"#00294f","angle":240.5,"snapDist":3,"label":0}},{"type":"Feature","geometry":{"type":"Point","coordinates":[20.375177,44.79285]},"properties":{"name":"Blok 45","lines":"9A, 73, 94, 95, 95N, 604, 605, E6","arr":["9A","73","94","95","95N","604","605","E6"],"terminus":1,"mode":"bus","color":"#0059a9","colorDark":"#00294f","angle":240.1,"snapDist":9,"label":0}},{"type":"Feature","geometry":{"type":"Point","coordinates":[20.368757,44.841812]},"properties":{"name":"Zemun /Novi grad/","lines":"15, 15N, 45, 78, 709","arr":["15","15N","45","78","709"],"terminus":1,"mode":"bus","color":"#0059a9","colorDark":"#00294f","angle":228.9,"snapDist":6,"label":1}},{"type":"Feature","geometry":{"type":"Point","coordinates":[20.371699,44.83991]},"properties":{"name":"OŠ Gavrilo Princip","lines":"15, 15N, 45, 78, 612","arr":["15","15N","45","78","612"],"terminus":0,"mode":"bus","color":"#0059a9","colorDark":"#00294f","angle":190.7,"snapDist":6,"label":1}},{"type":"Feature","geometry":{"type":"Point","coordinates":[20.375879,44.839681]},"properties":{"name":"Branko Plećaš","lines":"15, 15N, 78","arr":["15","15N","78"],"terminus":0,"mode":"bus","color":"#0059a9","colorDark":"#00294f","angle":100.6,"snapDist":6,"label":1}},{"type":"Feature","geometry":{"type":"Point","coordinates":[20.376618,44.842496]},"properties":{"name":"Vojni put","lines":"15, 15N, 78","arr":["15","15N","78"],"terminus":0,"mode":"bus","color":"#0059a9","colorDark":"#00294f","angle":99.8,"snapDist":6,"label":1}},{"type":"Feature","geometry":{"type":"Point","coordinates":[20.379793,44.842673]},"properties":{"name":"Prvomajska","lines":"15, 15N, 78","arr":["15","15N","78"],"terminus":0,"mode":"bus","color":"#0059a9","colorDark":"#00294f","angle":191.3,"snapDist":2,"label":1}},{"type":"Feature","geometry":{"type":"Point","coordinates":[20.38557,44.841929]},"properties":{"name":"Rada Končara","lines":"15, 15N, 18, 78","arr":["15","15N","18","78"],"terminus":0,"mode":"bus","color":"#0059a9","colorDark":"#00294f","angle":190.2,"snapDist":5,"label":1}},{"type":"Feature","geometry":{"type":"Point","coordinates":[20.39064,44.841252]},"properties":{"name":"Bosanska","lines":"15, 15N, 18, 78","arr":["15","15N","18","78"],"terminus":0,"mode":"bus","color":"#0059a9","colorDark":"#00294f","angle":191.4,"snapDist":7,"label":1}},{"type":"Feature","geometry":{"type":"Point","coordinates":[20.395549,44.841062]},"properties":{"name":"Zlatiborska","lines":"15, 15N, 18, 78","arr":["15","15N","18","78"],"terminus":0,"mode":"bus","color":"#0059a9","colorDark":"#00294f","angle":179,"snapDist":5,"label":1}},{"type":"Feature","geometry":{"type":"Point","coordinates":[20.404595,44.841699]},"properties":{"name":"Prilaz","lines":"15","arr":["15"],"terminus":0,"mode":"bus","color":"#0059a9","colorDark":"#00294f","angle":133.2,"snapDist":6,"label":1}},{"type":"Feature","geometry":{"type":"Point","coordinates":[20.407157,44.840323]},"properties":{"name":"KBC Zemun","lines":"15, 45, 81, 81L, 85","arr":["15","45","81","81L","85"],"terminus":0,"mode":"bus","color":"#0059a9","colorDark":"#00294f","angle":235.2,"snapDist":7,"label":1}},{"type":"Feature","geometry":{"type":"Point","coordinates":[20.411027,44.838974]},"properties":{"name":"Aleksandra Dubčeka","lines":"15, 45, 81, 81L, 85","arr":["15","45","81","81L","85"],"terminus":0,"mode":"bus","color":"#0059a9","colorDark":"#00294f","angle":212.1,"snapDist":7,"label":1}},{"type":"Feature","geometry":{"type":"Point","coordinates":[20.417423,44.836965]},"properties":{"name":"Karađorđev trg","lines":"15, 84, 704, 707","arr":["15","84","704","707"],"terminus":0,"mode":"bus","color":"#0059a9","colorDark":"#00294f","angle":243.5,"snapDist":5,"label":1}},{"type":"Feature","geometry":{"type":"Point","coordinates":[20.418448,44.833146]},"properties":{"name":"Džona Kenedija","lines":"15, 84, 706","arr":["15","84","706"],"terminus":0,"mode":"bus","color":"#0059a9","colorDark":"#00294f","angle":260.9,"snapDist":3,"label":1}},{"type":"Feature","geometry":{"type":"Point","coordinates":[20.419739,44.827097]},"properties":{"name":"Hotel Jugoslavija","lines":"15, 84, 704, 707","arr":["15","84","704","707"],"terminus":0,"mode":"bus","color":"#0059a9","colorDark":"#00294f","angle":261.4,"snapDist":4,"label":1}},{"type":"Feature","geometry":{"type":"Point","coordinates":[20.431258,44.820365]},"properties":{"name":"Palata Srbija","lines":"15, 84","arr":["15","84"],"terminus":0,"mode":"bus","color":"#0059a9","colorDark":"#00294f","angle":212.4,"snapDist":7,"label":1}},{"type":"Feature","geometry":{"type":"Point","coordinates":[20.439079,44.814894]},"properties":{"name":"Ušće","lines":"15, 60L, 84","arr":["15","60L","84"],"terminus":0,"mode":"bus","color":"#0059a9","colorDark":"#00294f","angle":265.7,"snapDist":2,"label":1}},{"type":"Feature","geometry":{"type":"Point","coordinates":[20.452724,44.815019]},"properties":{"name":"Brankov most","lines":"15, 15N, 16, 18N, 27E, 35, 60, 60L, 65, 67, 68, 71, 72, 72N, 75, 77, 84, 95, 95N, 603N, 603Na, 706N, 707N, E6, EKO1","arr":["15","15N","16","18N","27E","35","60","60L","65","67","68","71","72","72N","75","77","84","95","95N","603N","603Na","706N","707N","E6","EKO1"],"terminus":0,"mode":"bus","color":"#0059a9","colorDark":"#00294f","angle":178.9,"snapDist":1,"label":0}},{"type":"Feature","geometry":{"type":"Point","coordinates":[20.456659,44.813944]},"properties":{"name":"Zeleni venac","lines":"15","arr":["15"],"terminus":0,"mode":"bus","color":"#0059a9","colorDark":"#00294f","angle":10.3,"snapDist":12,"label":0}},{"type":"Feature","geometry":{"type":"Point","coordinates":[20.439184,44.815199]},"properties":{"name":"Ušće","lines":"15, 60L, 84","arr":["15","60L","84"],"terminus":0,"mode":"bus","color":"#0059a9","colorDark":"#00294f","angle":83.2,"snapDist":5,"label":0}},{"type":"Feature","geometry":{"type":"Point","coordinates":[20.430069,44.820998]},"properties":{"name":"Palata Srbija","lines":"15, 84","arr":["15","84"],"terminus":0,"mode":"bus","color":"#0059a9","colorDark":"#00294f","angle":32.4,"snapDist":6,"label":0}},{"type":"Feature","geometry":{"type":"Point","coordinates":[20.419436,44.829209]},"properties":{"name":"Hotel Jugoslavija","lines":"15, 84, 704, 707","arr":["15","84","704","707"],"terminus":0,"mode":"bus","color":"#0059a9","colorDark":"#00294f","angle":81.3,"snapDist":13,"label":1}},{"type":"Feature","geometry":{"type":"Point","coordinates":[20.418177,44.835346]},"properties":{"name":"Džona Kenedija","lines":"15, 84, 706","arr":["15","84","706"],"terminus":0,"mode":"bus","color":"#0059a9","colorDark":"#00294f","angle":81.9,"snapDist":8,"label":1}},{"type":"Feature","geometry":{"type":"Point","coordinates":[20.416732,44.838004]},"properties":{"name":"Karađorđev trg","lines":"15, 84, 704, 707","arr":["15","84","704","707"],"terminus":0,"mode":"bus","color":"#0059a9","colorDark":"#00294f","angle":58.1,"snapDist":7,"label":0}},{"type":"Feature","geometry":{"type":"Point","coordinates":[20.410547,44.839189]},"properties":{"name":"Aleksandra Dubčeka","lines":"15, 45, 81, 81L, 85","arr":["15","45","81","81L","85"],"terminus":0,"mode":"bus","color":"#0059a9","colorDark":"#00294f","angle":32.2,"snapDist":6,"label":0}},{"type":"Feature","geometry":{"type":"Point","coordinates":[20.406352,44.841139]},"properties":{"name":"KBC Zemun","lines":"15, 45, 81, 81L, 85","arr":["15","45","81","81L","85"],"terminus":0,"mode":"bus","color":"#0059a9","colorDark":"#00294f","angle":53.8,"snapDist":10,"label":0}},{"type":"Feature","geometry":{"type":"Point","coordinates":[20.403321,44.841413]},"properties":{"name":"Prilaz","lines":"15, 15N, 18, 78","arr":["15","15N","18","78"],"terminus":0,"mode":"bus","color":"#0059a9","colorDark":"#00294f","angle":353.7,"snapDist":6,"label":0}},{"type":"Feature","geometry":{"type":"Point","coordinates":[20.39597,44.841066]},"properties":{"name":"Zlatiborska","lines":"15, 15N, 18, 78","arr":["15","15N","18","78"],"terminus":0,"mode":"bus","color":"#0059a9","colorDark":"#00294f","angle":359.5,"snapDist":9,"label":0}},{"type":"Feature","geometry":{"type":"Point","coordinates":[20.389526,44.841413]},"properties":{"name":"Bosanska","lines":"15, 15N, 18, 78","arr":["15","15N","18","78"],"terminus":0,"mode":"bus","color":"#0059a9","colorDark":"#00294f","angle":11.4,"snapDist":10,"label":0}},{"type":"Feature","geometry":{"type":"Point","coordinates":[20.383545,44.842198]},"properties":{"name":"Rada Končara","lines":"15, 15N, 78","arr":["15","15N","78"],"terminus":0,"mode":"bus","color":"#0059a9","colorDark":"#00294f","angle":10.9,"snapDist":6,"label":0}},{"type":"Feature","geometry":{"type":"Point","coordinates":[20.379552,44.842886]},"properties":{"name":"Prvomajska","lines":"15, 15N, 78","arr":["15","15N","78"],"terminus":0,"mode":"bus","color":"#0059a9","colorDark":"#00294f","angle":36.7,"snapDist":10,"label":0}},{"type":"Feature","geometry":{"type":"Point","coordinates":[20.376328,44.841391]},"properties":{"name":"Vojni put","lines":"15, 15N, 78","arr":["15","15N","78"],"terminus":0,"mode":"bus","color":"#0059a9","colorDark":"#00294f","angle":100.5,"snapDist":5,"label":0}},{"type":"Feature","geometry":{"type":"Point","coordinates":[20.374289,44.839566]},"properties":{"name":"Branko Plećaš","lines":"15, 15N, 78","arr":["15","15N","78"],"terminus":0,"mode":"bus","color":"#0059a9","colorDark":"#00294f","angle":10.5,"snapDist":5,"label":0}},{"type":"Feature","geometry":{"type":"Point","coordinates":[20.371215,44.839975]},"properties":{"name":"OŠ Gavrilo Princip","lines":"15, 15N, 45, 78, 612","arr":["15","15N","45","78","612"],"terminus":0,"mode":"bus","color":"#0059a9","colorDark":"#00294f","angle":10.7,"snapDist":6,"label":0}},{"type":"Feature","geometry":{"type":"Point","coordinates":[20.462079,44.816694]},"properties":{"name":"Trg Republike","lines":"15N, 27, 101Nb","arr":["15N","27","101Nb"],"terminus":1,"mode":"bus","color":"#0059a9","colorDark":"#00294f","angle":188.8,"snapDist":5,"label":1}},{"type":"Feature","geometry":{"type":"Point","coordinates":[20.456865,44.814419]},"properties":{"name":"Zeleni venac","lines":"15N, 16, 18N, 27E, 35, 65, 72N, 77, 95, 95N, 603N, 603Na, 706N, 707N, E6, EKO1","arr":["15N","16","18N","27E","35","65","72N","77","95","95N","603N","603Na","706N","707N","E6","EKO1"],"terminus":0,"mode":"bus","color":"#0059a9","colorDark":"#00294f","angle":16.3,"snapDist":10,"label":0}},{"type":"Feature","geometry":{"type":"Point","coordinates":[20.452057,44.8151]},"properties":{"name":"Brankov most","lines":"15N, 16, 18N, 27E, 35, 65, 72N, 77, 95, 95N, 603N, 603Na, 706N, 707N, E6, EKO1","arr":["15N","16","18N","27E","35","65","72N","77","95","95N","603N","603Na","706N","707N","E6","EKO1"],"terminus":0,"mode":"bus","color":"#0059a9","colorDark":"#00294f","angle":357.3,"snapDist":8,"label":0}},{"type":"Feature","geometry":{"type":"Point","coordinates":[20.433421,44.815247]},"properties":{"name":"Šest kaplara","lines":"15N, 16, 65, 67, 71, 72, 75, 77, 78, 83, 95N, 706N, 707N","arr":["15N","16","65","67","71","72","75","77","78","83","95N","706N","707N"],"terminus":0,"mode":"bus","color":"#0059a9","colorDark":"#00294f","angle":26.6,"snapDist":6,"label":1}},{"type":"Feature","geometry":{"type":"Point","coordinates":[20.429569,44.816926]},"properties":{"name":"Palata Srbija","lines":"15N, 16, 65, 67, 71, 72, 75, 77, 78, 83, 95N, 706N, 707N","arr":["15N","16","65","67","71","72","75","77","78","83","95N","706N","707N"],"terminus":0,"mode":"bus","color":"#0059a9","colorDark":"#00294f","angle":31.8,"snapDist":7,"label":1}},{"type":"Feature","geometry":{"type":"Point","coordinates":[20.423336,44.819733]},"properties":{"name":"Španskih boraca","lines":"15N, 16, 65, 71, 72, 75, 77, 78, 83, 95N, 706N, 707N","arr":["15N","16","65","71","72","75","77","78","83","95N","706N","707N"],"terminus":0,"mode":"bus","color":"#0059a9","colorDark":"#00294f","angle":32.6,"snapDist":6,"label":1}},{"type":"Feature","geometry":{"type":"Point","coordinates":[20.416471,44.822828]},"properties":{"name":"Blok 30","lines":"15N, 16, 65, 72, 75, 77, 78, 83, 95N, 706N, 707N","arr":["15N","16","65","72","75","77","78","83","95N","706N","707N"],"terminus":0,"mode":"bus","color":"#0059a9","colorDark":"#00294f","angle":31.8,"snapDist":6,"label":1}},{"type":"Feature","geometry":{"type":"Point","coordinates":[20.41187,44.824843]},"properties":{"name":"Ulaz u pariske komune","lines":"15N, 18, 65, 72, 75, 76, 77, 78, 82, 613, 708","arr":["15N","18","65","72","75","76","77","78","82","613","708"],"terminus":0,"mode":"bus","color":"#0059a9","colorDark":"#00294f","angle":25.6,"snapDist":7,"label":1}},{"type":"Feature","geometry":{"type":"Point","coordinates":[20.407502,44.826645]},"properties":{"name":"Fontana","lines":"15N, 18, 72, 75, 76, 77, 78, 82, 708, A1","arr":["15N","18","72","75","76","77","78","82","708","A1"],"terminus":0,"mode":"bus","color":"#0059a9","colorDark":"#00294f","angle":30.2,"snapDist":8,"label":1}},{"type":"Feature","geometry":{"type":"Point","coordinates":[20.40243,44.826131]},"properties":{"name":"Studentska","lines":"15N, 72, 75, 76, 77, 82, 708","arr":["15N","72","75","76","77","82","708"],"terminus":0,"mode":"bus","color":"#0059a9","colorDark":"#00294f","angle":302.7,"snapDist":4,"label":1}},{"type":"Feature","geometry":{"type":"Point","coordinates":[20.398412,44.827517]},"properties":{"name":"Studentski grad","lines":"15N, 18N, 45","arr":["15N","18N","45"],"terminus":0,"mode":"bus","color":"#0059a9","colorDark":"#00294f","angle":98.9,"snapDist":8,"label":1}},{"type":"Feature","geometry":{"type":"Point","coordinates":[20.400056,44.831706]},"properties":{"name":"Pariske komune","lines":"15N, 18, 18N, 45, 78","arr":["15N","18","18N","45","78"],"terminus":0,"mode":"bus","color":"#0059a9","colorDark":"#00294f","angle":106.5,"snapDist":7,"label":1}},{"type":"Feature","geometry":{"type":"Point","coordinates":[20.401523,44.835194]},"properties":{"name":"Paviljoni","lines":"15N, 18, 18N, 45, 78","arr":["15N","18","18N","45","78"],"terminus":0,"mode":"bus","color":"#0059a9","colorDark":"#00294f","angle":106.8,"snapDist":5,"label":1}},{"type":"Feature","geometry":{"type":"Point","coordinates":[20.403223,44.839047]},"properties":{"name":"Birotehnička škola","lines":"15N, 18, 18N, 45, 78","arr":["15N","18","18N","45","78"],"terminus":0,"mode":"bus","color":"#0059a9","colorDark":"#00294f","angle":107,"snapDist":5,"label":1}},{"type":"Feature","geometry":{"type":"Point","coordinates":[20.363193,44.837107]},"properties":{"name":"Novosadski put","lines":"15N, 708, 709","arr":["15N","708","709"],"terminus":0,"mode":"bus","color":"#0059a9","colorDark":"#00294f","angle":13.6,"snapDist":2,"label":1}},{"type":"Feature","geometry":{"type":"Point","coordinates":[20.359622,44.837756]},"properties":{"name":"Kineski tržni centar","lines":"15N, 708, 709","arr":["15N","708","709"],"terminus":0,"mode":"bus","color":"#0059a9","colorDark":"#00294f","angle":18,"snapDist":3,"label":1}},{"type":"Feature","geometry":{"type":"Point","coordinates":[20.356566,44.838648]},"properties":{"name":"Železnička tehnička stanica","lines":"15N, 708, 709","arr":["15N","708","709"],"terminus":0,"mode":"bus","color":"#0059a9","colorDark":"#00294f","angle":27.7,"snapDist":4,"label":1}},{"type":"Feature","geometry":{"type":"Point","coordinates":[20.352944,44.840105]},"properties":{"name":"Železnička tehnička stanica 1","lines":"15N, 708, 709","arr":["15N","708","709"],"terminus":0,"mode":"bus","color":"#0059a9","colorDark":"#00294f","angle":29.8,"snapDist":5,"label":1}},{"type":"Feature","geometry":{"type":"Point","coordinates":[20.348661,44.84513]},"properties":{"name":"Crkva Sv. Atanasija Velikog","lines":"15N, 708, 709","arr":["15N","708","709"],"terminus":0,"mode":"bus","color":"#0059a9","colorDark":"#00294f","angle":70.6,"snapDist":5,"label":1}},{"type":"Feature","geometry":{"type":"Point","coordinates":[20.345022,44.845884]},"properties":{"name":"Milana Nedeljkovića","lines":"15N, 708, 709","arr":["15N","708","709"],"terminus":0,"mode":"bus","color":"#0059a9","colorDark":"#00294f","angle":43.9,"snapDist":6,"label":1}},{"type":"Feature","geometry":{"type":"Point","coordinates":[20.342087,44.847888]},"properties":{"name":"Koste Cukića","lines":"15N, 708, 709","arr":["15N","708","709"],"terminus":0,"mode":"bus","color":"#0059a9","colorDark":"#00294f","angle":43.8,"snapDist":6,"label":1}},{"type":"Feature","geometry":{"type":"Point","coordinates":[20.339116,44.849911]},"properties":{"name":"Koste Alkovića","lines":"15N, 708, 709","arr":["15N","708","709"],"terminus":0,"mode":"bus","color":"#0059a9","colorDark":"#00294f","angle":43.7,"snapDist":7,"label":1}},{"type":"Feature","geometry":{"type":"Point","coordinates":[20.336198,44.851899]},"properties":{"name":"Koste Brankovića","lines":"15N, 708, 709","arr":["15N","708","709"],"terminus":0,"mode":"bus","color":"#0059a9","colorDark":"#00294f","angle":43.8,"snapDist":6,"label":1}},{"type":"Feature","geometry":{"type":"Point","coordinates":[20.330478,44.855788]},"properties":{"name":"Mihajla Bandura","lines":"15N, 708, 709","arr":["15N","708","709"],"terminus":0,"mode":"bus","color":"#0059a9","colorDark":"#00294f","angle":43.6,"snapDist":8,"label":1}},{"type":"Feature","geometry":{"type":"Point","coordinates":[20.334068,44.857457]},"properties":{"name":"Železnička stanica Zemun polje","lines":"15N, 708, 709","arr":["15N","708","709"],"terminus":1,"mode":"bus","color":"#0059a9","colorDark":"#00294f","angle":146.1,"snapDist":3,"label":1}},{"type":"Feature","geometry":{"type":"Point","coordinates":[20.331034,44.855411]},"properties":{"name":"Mihajla Bandura","lines":"15N, 708, 709","arr":["15N","708","709"],"terminus":0,"mode":"bus","color":"#0059a9","colorDark":"#00294f","angle":223.6,"snapDist":3,"label":0}},{"type":"Feature","geometry":{"type":"Point","coordinates":[20.337124,44.851265]},"properties":{"name":"Koste Brankovića /Plavi horizonti/","lines":"15N, 708, 709","arr":["15N","708","709"],"terminus":0,"mode":"bus","color":"#0059a9","colorDark":"#00294f","angle":224,"snapDist":1,"label":1}},{"type":"Feature","geometry":{"type":"Point","coordinates":[20.340106,44.849236]},"properties":{"name":"Koste Alkovića","lines":"15N, 708, 709","arr":["15N","708","709"],"terminus":0,"mode":"bus","color":"#0059a9","colorDark":"#00294f","angle":223.8,"snapDist":2,"label":0}},{"type":"Feature","geometry":{"type":"Point","coordinates":[20.342939,44.847307]},"properties":{"name":"Koste Cukića","lines":"15N, 708, 709","arr":["15N","708","709"],"terminus":0,"mode":"bus","color":"#0059a9","colorDark":"#00294f","angle":223.9,"snapDist":3,"label":0}},{"type":"Feature","geometry":{"type":"Point","coordinates":[20.34441,44.846302]},"properties":{"name":"Milana Nedeljkovića","lines":"15N, 708, 709","arr":["15N","708","709"],"terminus":0,"mode":"bus","color":"#0059a9","colorDark":"#00294f","angle":223.9,"snapDist":2,"label":0}},{"type":"Feature","geometry":{"type":"Point","coordinates":[20.348962,44.844548]},"properties":{"name":"Crkva Sv. Atanasija Velikog","lines":"15N, 708, 709","arr":["15N","708","709"],"terminus":0,"mode":"bus","color":"#0059a9","colorDark":"#00294f","angle":249.1,"snapDist":3,"label":0}},{"type":"Feature","geometry":{"type":"Point","coordinates":[20.352782,44.840173]},"properties":{"name":"Železnička tehnička stanica 1","lines":"15N, 708, 709","arr":["15N","708","709"],"terminus":0,"mode":"bus","color":"#0059a9","colorDark":"#00294f","angle":211.7,"snapDist":3,"label":0}},{"type":"Feature","geometry":{"type":"Point","coordinates":[20.357786,44.838231]},"properties":{"name":"Železnička tehnička stanica","lines":"15N, 708, 709","arr":["15N","708","709"],"terminus":0,"mode":"bus","color":"#0059a9","colorDark":"#00294f","angle":202.6,"snapDist":5,"label":0}},{"type":"Feature","geometry":{"type":"Point","coordinates":[20.363638,44.837033]},"properties":{"name":"Novosadski put","lines":"15N, 708, 709","arr":["15N","708","709"],"terminus":0,"mode":"bus","color":"#0059a9","colorDark":"#00294f","angle":193.1,"snapDist":2,"label":0}},{"type":"Feature","geometry":{"type":"Point","coordinates":[20.403817,44.840358]},"properties":{"name":"Prilaz","lines":"15N, 18, 18N, 45, 78","arr":["15N","18","18N","45","78"],"terminus":0,"mode":"bus","color":"#0059a9","colorDark":"#00294f","angle":288,"snapDist":5,"label":0}},{"type":"Feature","geometry":{"type":"Point","coordinates":[20.401565,44.835292]},"properties":{"name":"Paviljoni","lines":"15N, 18, 18N, 45, 78","arr":["15N","18","18N","45","78"],"terminus":0,"mode":"bus","color":"#0059a9","colorDark":"#00294f","angle":287.2,"snapDist":4,"label":0}},{"type":"Feature","geometry":{"type":"Point","coordinates":[20.399847,44.831206]},"properties":{"name":"Pariske komune","lines":"15N, 18, 18N, 45, 78","arr":["15N","18","18N","45","78"],"terminus":0,"mode":"bus","color":"#0059a9","colorDark":"#00294f","angle":286.7,"snapDist":4,"label":0}},{"type":"Feature","geometry":{"type":"Point","coordinates":[20.399248,44.826301]},"properties":{"name":"Studentski grad","lines":"15N, 18N, 70, 72, 72N, 74, 75, 76, 77, 82, 603N, 603Na, 708","arr":["15N","18N","70","72","72N","74","75","76","77","82","603N","603Na","708"],"terminus":0,"mode":"bus","color":"#0059a9","colorDark":"#00294f","angle":197.8,"snapDist":8,"label":0}},{"type":"Feature","geometry":{"type":"Point","coordinates":[20.403213,44.826999]},"properties":{"name":"Studentska","lines":"15N, 72, 75, 76, 77, 82, 708","arr":["15N","72","75","76","77","82","708"],"terminus":0,"mode":"bus","color":"#0059a9","colorDark":"#00294f","angle":122.7,"snapDist":8,"label":0}},{"type":"Feature","geometry":{"type":"Point","coordinates":[20.409604,44.82567]},"properties":{"name":"Fontana","lines":"15N, 18, 65, 72, 75, 76, 77, 78, 82, 613, 708, A1","arr":["15N","18","65","72","75","76","77","78","82","613","708","A1"],"terminus":0,"mode":"bus","color":"#0059a9","colorDark":"#00294f","angle":209.7,"snapDist":4,"label":0}},{"type":"Feature","geometry":{"type":"Point","coordinates":[20.414448,44.823573]},"properties":{"name":"GO Novi Beograd","lines":"15N, 16, 65, 72, 75, 77, 78, 83, 95N, 706N, 707N","arr":["15N","16","65","72","75","77","78","83","95N","706N","707N"],"terminus":0,"mode":"bus","color":"#0059a9","colorDark":"#00294f","angle":212.3,"snapDist":5,"label":0}},{"type":"Feature","geometry":{"type":"Point","coordinates":[20.418674,44.821673]},"properties":{"name":"Blok 30","lines":"15N, 16, 65, 71, 72, 75, 77, 78, 83, 95N, 706N, 707N","arr":["15N","16","65","71","72","75","77","78","83","95N","706N","707N"],"terminus":0,"mode":"bus","color":"#0059a9","colorDark":"#00294f","angle":212.4,"snapDist":4,"label":0}},{"type":"Feature","geometry":{"type":"Point","coordinates":[20.42329,44.819603]},"properties":{"name":"Španskih boraca","lines":"15N, 16, 65, 71, 72, 75, 77, 78, 83, 95N, 706N, 707N","arr":["15N","16","65","71","72","75","77","78","83","95N","706N","707N"],"terminus":0,"mode":"bus","color":"#0059a9","colorDark":"#00294f","angle":212.3,"snapDist":6,"label":0}},{"type":"Feature","geometry":{"type":"Point","coordinates":[20.428863,44.817093]},"properties":{"name":"Palata Srbija","lines":"15N, 16, 65, 67, 71, 72, 75, 77, 78, 83, 95N, 706N, 707N","arr":["15N","16","65","67","71","72","75","77","78","83","95N","706N","707N"],"terminus":0,"mode":"bus","color":"#0059a9","colorDark":"#00294f","angle":212.9,"snapDist":5,"label":0}},{"type":"Feature","geometry":{"type":"Point","coordinates":[20.435521,44.814526]},"properties":{"name":"Šest kaplara","lines":"15N, 16, 71, 72, 75, 78, 83, 95N, 706N, 707N","arr":["15N","16","71","72","75","78","83","95N","706N","707N"],"terminus":0,"mode":"bus","color":"#0059a9","colorDark":"#00294f","angle":196.2,"snapDist":6,"label":0}},{"type":"Feature","geometry":{"type":"Point","coordinates":[20.45697,44.814397]},"properties":{"name":"Zeleni venac","lines":"15N, 16, 18N, 27E, 35, 65, 67, 68, 72N, 77, 95, 95N, 603N, 603Na, 706N, 707N, E6, EKO1","arr":["15N","16","18N","27E","35","65","67","68","72N","77","95","95N","603N","603Na","706N","707N","E6","EKO1"],"terminus":0,"mode":"bus","color":"#0059a9","colorDark":"#00294f","angle":196.3,"snapDist":12,"label":0}},{"type":"Feature","geometry":{"type":"Point","coordinates":[20.460963,44.816223]},"properties":{"name":"Trg Republike","lines":"15N, 24, 32N, 33N, 72N, 101N, 304N, 304Nb","arr":["15N","24","32N","33N","72N","101N","304N","304Nb"],"terminus":1,"mode":"bus","color":"#0059a9","colorDark":"#00294f","angle":48.7,"snapDist":11,"label":0}},{"type":"Feature","geometry":{"type":"Point","coordinates":[20.521972,44.807181]},"properties":{"name":"Karaburma 2","lines":"16","arr":["16"],"terminus":1,"mode":"bus","color":"#0059a9","colorDark":"#00294f","angle":302.6,"snapDist":7,"label":1}},{"type":"Feature","geometry":{"type":"Point","coordinates":[20.522043,44.81011]},"properties":{"name":"Salvadora Aljendea","lines":"16, 23, 25, 32N","arr":["16","23","25","32N"],"terminus":0,"mode":"bus","color":"#0059a9","colorDark":"#00294f","angle":86.1,"snapDist":7,"label":1}},{"type":"Feature","geometry":{"type":"Point","coordinates":[20.517758,44.81292]},"properties":{"name":"Husinjskih rudara","lines":"16, 23, 25, 32N","arr":["16","23","25","32N"],"terminus":0,"mode":"bus","color":"#0059a9","colorDark":"#00294f","angle":346,"snapDist":3,"label":1}},{"type":"Feature","geometry":{"type":"Point","coordinates":[20.513923,44.813002]},"properties":{"name":"Stevana Hristića","lines":"16, 23, 25, 32N","arr":["16","23","25","32N"],"terminus":0,"mode":"bus","color":"#0059a9","colorDark":"#00294f","angle":2.5,"snapDist":6,"label":1}},{"type":"Feature","geometry":{"type":"Point","coordinates":[20.510365,44.813115]},"properties":{"name":"Diljska","lines":"16, 23, 25, 32N","arr":["16","23","25","32N"],"terminus":0,"mode":"bus","color":"#0059a9","colorDark":"#00294f","angle":3.1,"snapDist":8,"label":1}},{"type":"Feature","geometry":{"type":"Point","coordinates":[20.506229,44.81471]},"properties":{"name":"Patrisa Lumumbe","lines":"16, 23, 25, 32N","arr":["16","23","25","32N"],"terminus":0,"mode":"bus","color":"#0059a9","colorDark":"#00294f","angle":42.2,"snapDist":7,"label":1}},{"type":"Feature","geometry":{"type":"Point","coordinates":[20.496693,44.817866]},"properties":{"name":"Vuka Vrčevića","lines":"16, 23, 25, 25P, 32, 32E, 32N, 35, 74, 202, 202N","arr":["16","23","25","25P","32","32E","32N","35","74","202","202N"],"terminus":0,"mode":"bus","color":"#0059a9","colorDark":"#00294f","angle":359.6,"snapDist":6,"label":1}},{"type":"Feature","geometry":{"type":"Point","coordinates":[20.487987,44.817984]},"properties":{"name":"Pančevački most","lines":"16, 23, 32E, 35, 43, 95, 95N, 96, 101N, 101Na, 101Nb, 105N","arr":["16","23","32E","35","43","95","95N","96","101N","101Na","101Nb","105N"],"terminus":0,"mode":"bus","color":"#0059a9","colorDark":"#00294f","angle":354.4,"snapDist":12,"label":1}},{"type":"Feature","geometry":{"type":"Point","coordinates":[20.484485,44.8176]},"properties":{"name":"Centar za kulturu Vlada Divljan","lines":"16, 23, 27E, 32E, 33, 35, 43, 48, 95, 95N, 96, 101N, 101Na, 101Nb, 105N, E6","arr":["16","23","27E","32E","33","35","43","48","95","95N","96","101N","101Na","101Nb","105N","E6"],"terminus":0,"mode":"bus","color":"#0059a9","colorDark":"#00294f","angle":350.8,"snapDist":9,"label":1}},{"type":"Feature","geometry":{"type":"Point","coordinates":[20.479483,44.817297]},"properties":{"name":"Jovana Avakumovića","lines":"16, 23, 27E, 32E, 35, 43, 58, 95, 95N, 101N, 101Na, 101Nb, 105N, E6","arr":["16","23","27E","32E","35","43","58","95","95N","101N","101Na","101Nb","105N","E6"],"terminus":0,"mode":"bus","color":"#0059a9","colorDark":"#00294f","angle":356.8,"snapDist":6,"label":1}},{"type":"Feature","geometry":{"type":"Point","coordinates":[20.475894,44.817125]},"properties":{"name":"Cvijićeva","lines":"16, 27E, 32E, 35, 43, 95, 95N, 101N, 101Na, 101Nb, 105N, E6","arr":["16","27E","32E","35","43","95","95N","101N","101Na","101Nb","105N","E6"],"terminus":0,"mode":"bus","color":"#0059a9","colorDark":"#00294f","angle":355.9,"snapDist":7,"label":1}},{"type":"Feature","geometry":{"type":"Point","coordinates":[20.469848,44.816869]},"properties":{"name":"Džordža Vašingtona","lines":"16, 27E, 32E, 35, 43, 95, 95N, 101N, 101Na, 101Nb, 105N, E6","arr":["16","27E","32E","35","43","95","95N","101N","101Na","101Nb","105N","E6"],"terminus":0,"mode":"bus","color":"#0059a9","colorDark":"#00294f","angle":356.6,"snapDist":8,"label":1}},{"type":"Feature","geometry":{"type":"Point","coordinates":[20.463679,44.816543]},"properties":{"name":"Skadarska","lines":"16, 27, 27E, 35, 95, E6","arr":["16","27","27E","35","95","E6"],"terminus":0,"mode":"bus","color":"#0059a9","colorDark":"#00294f","angle":355.7,"snapDist":7,"label":1}},{"type":"Feature","geometry":{"type":"Point","coordinates":[20.412876,44.825566]},"properties":{"name":"Arhiv","lines":"16, 73, 82, 83, 85, 88, 610, 611, 613, 706N, 707N, 711","arr":["16","73","82","83","85","88","610","611","613","706N","707N","711"],"terminus":0,"mode":"bus","color":"#0059a9","colorDark":"#00294f","angle":68.7,"snapDist":9,"label":1}},{"type":"Feature","geometry":{"type":"Point","coordinates":[20.411575,44.82927]},"properties":{"name":"Bulevar maršala Tolbuhina","lines":"16, 17, 73, 82, 83, 85, 88, 610, 611, 613, 706N, 707N, 711","arr":["16","17","73","82","83","85","88","610","611","613","706N","707N","711"],"terminus":0,"mode":"bus","color":"#0059a9","colorDark":"#00294f","angle":76.7,"snapDist":6,"label":1}},{"type":"Feature","geometry":{"type":"Point","coordinates":[20.404673,44.830343]},"properties":{"name":"Novi Beograd /Paviljoni/","lines":"16, 81, 81L, 613, 711","arr":["16","81","81L","613","711"],"terminus":1,"mode":"bus","color":"#0059a9","colorDark":"#00294f","angle":352.5,"snapDist":4,"label":1}},{"type":"Feature","geometry":{"type":"Point","coordinates":[20.404353,44.830037]},"properties":{"name":"Novi Beograd /Paviljoni/","lines":"16, 81, 81L, 613, 711","arr":["16","81","81L","613","711"],"terminus":1,"mode":"bus","color":"#0059a9","colorDark":"#00294f","angle":262.7,"snapDist":2,"label":0}},{"type":"Feature","geometry":{"type":"Point","coordinates":[20.411213,44.829711]},"properties":{"name":"Bulevar maršala Tolbuhina","lines":"16, 17, 73, 82, 83, 85, 88, 610, 611, 613, 706N, 707N, 711","arr":["16","17","73","82","83","85","88","610","611","613","706N","707N","711"],"terminus":0,"mode":"bus","color":"#0059a9","colorDark":"#00294f","angle":257.3,"snapDist":5,"label":0}},{"type":"Feature","geometry":{"type":"Point","coordinates":[20.412145,44.826976]},"properties":{"name":"Arhiv","lines":"16, 17, 73, 82, 83, 85, 88, 610, 611, 613, 706N, 707N, 711","arr":["16","17","73","82","83","85","88","610","611","613","706N","707N","711"],"terminus":0,"mode":"bus","color":"#0059a9","colorDark":"#00294f","angle":256.1,"snapDist":6,"label":0}},{"type":"Feature","geometry":{"type":"Point","coordinates":[20.462389,44.815397]},"properties":{"name":"Dom omladine","lines":"16, 27E, 35, 95, E6","arr":["16","27E","35","95","E6"],"terminus":0,"mode":"bus","color":"#0059a9","colorDark":"#00294f","angle":75.5,"snapDist":8,"label":1}},{"type":"Feature","geometry":{"type":"Point","coordinates":[20.470022,44.816877]},"properties":{"name":"Džordža Vašingtona","lines":"16, 27E, 32E, 35, 43, 95, 95N, 101N, 101Nb, 105N, E6","arr":["16","27E","32E","35","43","95","95N","101N","101Nb","105N","E6"],"terminus":0,"mode":"bus","color":"#0059a9","colorDark":"#00294f","angle":176.6,"snapDist":7,"label":0}},{"type":"Feature","geometry":{"type":"Point","coordinates":[20.477742,44.817214]},"properties":{"name":"Cvijićeva","lines":"16, 23, 27E, 32E, 35, 43, 95, 95N, 101N, 101Nb, 105N, E6","arr":["16","23","27E","32E","35","43","95","95N","101N","101Nb","105N","E6"],"terminus":0,"mode":"bus","color":"#0059a9","colorDark":"#00294f","angle":175.8,"snapDist":9,"label":0}},{"type":"Feature","geometry":{"type":"Point","coordinates":[20.483175,44.817459]},"properties":{"name":"Centar za kulturu Vlada Divljan","lines":"16, 23, 27E, 32E, 33, 35, 43, 48, 95, 95N, 96, 101N, 101Nb, 105N, E6","arr":["16","23","27E","32E","33","35","43","48","95","95N","96","101N","101Nb","105N","E6"],"terminus":0,"mode":"bus","color":"#0059a9","colorDark":"#00294f","angle":174.5,"snapDist":6,"label":0}},{"type":"Feature","geometry":{"type":"Point","coordinates":[20.488524,44.817904]},"properties":{"name":"Pančevački most","lines":"16, 23, 32E, 35, 43, 95, 95N, 96, 101N, 101Nb, 105N","arr":["16","23","32E","35","43","95","95N","96","101N","101Nb","105N"],"terminus":0,"mode":"bus","color":"#0059a9","colorDark":"#00294f","angle":179.6,"snapDist":4,"label":0}},{"type":"Feature","geometry":{"type":"Point","coordinates":[20.495539,44.817687]},"properties":{"name":"Vuka Vrčevića","lines":"16, 23, 25, 25P, 32, 32E, 32N, 35, 74, 202, 202N","arr":["16","23","25","25P","32","32E","32N","35","74","202","202N"],"terminus":0,"mode":"bus","color":"#0059a9","colorDark":"#00294f","angle":179,"snapDist":3,"label":0}},{"type":"Feature","geometry":{"type":"Point","coordinates":[20.501068,44.81769]},"properties":{"name":"Vojvode Micka Krstića","lines":"16, 23, 25, 32N","arr":["16","23","25","32N"],"terminus":0,"mode":"bus","color":"#0059a9","colorDark":"#00294f","angle":180.9,"snapDist":5,"label":1}},{"type":"Feature","geometry":{"type":"Point","coordinates":[20.506281,44.814677]},"properties":{"name":"Patrisa Lumumbe","lines":"16, 23, 25, 32N","arr":["16","23","25","32N"],"terminus":0,"mode":"bus","color":"#0059a9","colorDark":"#00294f","angle":222.2,"snapDist":3,"label":0}},{"type":"Feature","geometry":{"type":"Point","coordinates":[20.511019,44.813091]},"properties":{"name":"Diljska","lines":"16, 23, 25, 32N","arr":["16","23","25","32N"],"terminus":0,"mode":"bus","color":"#0059a9","colorDark":"#00294f","angle":181.8,"snapDist":3,"label":0}},{"type":"Feature","geometry":{"type":"Point","coordinates":[20.513547,44.813014]},"properties":{"name":"Stevana Hristića","lines":"16, 23, 25, 32N","arr":["16","23","25","32N"],"terminus":0,"mode":"bus","color":"#0059a9","colorDark":"#00294f","angle":182.6,"snapDist":6,"label":0}},{"type":"Feature","geometry":{"type":"Point","coordinates":[20.518091,44.812726]},"properties":{"name":"Husinjskih rudara","lines":"16, 23, 25, 32N","arr":["16","23","25","32N"],"terminus":0,"mode":"bus","color":"#0059a9","colorDark":"#00294f","angle":200,"snapDist":2,"label":0}},{"type":"Feature","geometry":{"type":"Point","coordinates":[20.521918,44.810489]},"properties":{"name":"Salvadora Aljendea","lines":"16, 23, 25, 32N","arr":["16","23","25","32N"],"terminus":0,"mode":"bus","color":"#0059a9","colorDark":"#00294f","angle":235,"snapDist":4,"label":0}},{"type":"Feature","geometry":{"type":"Point","coordinates":[20.510519,44.782312]},"properties":{"name":"Konjarnik","lines":"17","arr":["17"],"terminus":1,"mode":"bus","color":"#0059a9","colorDark":"#00294f","angle":10.3,"snapDist":7,"label":1}},{"type":"Feature","geometry":{"type":"Point","coordinates":[20.505592,44.78293]},"properties":{"name":"Petrinjska","lines":"17, 19, 31, 31N, 50, 302N, 308, 310","arr":["17","19","31","31N","50","302N","308","310"],"terminus":0,"mode":"bus","color":"#0059a9","colorDark":"#00294f","angle":10,"snapDist":5,"label":1}},{"type":"Feature","geometry":{"type":"Point","coordinates":[20.499819,44.783581]},"properties":{"name":"Šumice","lines":"17, 31, 31N, 38L","arr":["17","31","31N","38L"],"terminus":0,"mode":"bus","color":"#0059a9","colorDark":"#00294f","angle":9.7,"snapDist":10,"label":0}},{"type":"Feature","geometry":{"type":"Point","coordinates":[20.493726,44.784076]},"properties":{"name":"Hotel Srbija","lines":"17, 31, 31N, 38L","arr":["17","31","31N","38L"],"terminus":0,"mode":"bus","color":"#0059a9","colorDark":"#00294f","angle":358.6,"snapDist":8,"label":1}},{"type":"Feature","geometry":{"type":"Point","coordinates":[20.486405,44.784304]},"properties":{"name":"Grčića Milenka","lines":"17, 31, 31N, 38L","arr":["17","31","31N","38L"],"terminus":0,"mode":"bus","color":"#0059a9","colorDark":"#00294f","angle":5.3,"snapDist":9,"label":1}},{"type":"Feature","geometry":{"type":"Point","coordinates":[20.481321,44.784739]},"properties":{"name":"Dušanovac /pošta/","lines":"17, 38L","arr":["17","38L"],"terminus":0,"mode":"bus","color":"#0059a9","colorDark":"#00294f","angle":323.8,"snapDist":6,"label":1}},{"type":"Feature","geometry":{"type":"Point","coordinates":[20.473794,44.78761]},"properties":{"name":"Dom zdravlja Voždovac","lines":"17, 38L, 70","arr":["17","38L","70"],"terminus":0,"mode":"bus","color":"#0059a9","colorDark":"#00294f","angle":30.1,"snapDist":5,"label":1}},{"type":"Feature","geometry":{"type":"Point","coordinates":[20.468128,44.79091]},"properties":{"name":"Franše DEperea","lines":"17, 18, 38L, 46, 55, 70, 493N","arr":["17","18","38L","46","55","70","493N"],"terminus":0,"mode":"bus","color":"#0059a9","colorDark":"#00294f","angle":39.8,"snapDist":3,"label":1}},{"type":"Feature","geometry":{"type":"Point","coordinates":[20.457452,44.795762]},"properties":{"name":"Deligradska","lines":"17, 18, 38L, 46, 55, 70","arr":["17","18","38L","46","55","70"],"terminus":0,"mode":"bus","color":"#0059a9","colorDark":"#00294f","angle":16.4,"snapDist":4,"label":1}},{"type":"Feature","geometry":{"type":"Point","coordinates":[20.450552,44.797791]},"properties":{"name":"Mostar","lines":"17, 18, 70","arr":["17","18","70"],"terminus":0,"mode":"bus","color":"#0059a9","colorDark":"#00294f","angle":36.2,"snapDist":8,"label":1}},{"type":"Feature","geometry":{"type":"Point","coordinates":[20.431178,44.807667]},"properties":{"name":"Sava centar","lines":"17, 18, 70, 74, 88, 601, 601N","arr":["17","18","70","74","88","601","601N"],"terminus":0,"mode":"bus","color":"#0059a9","colorDark":"#00294f","angle":31.5,"snapDist":5,"label":1}},{"type":"Feature","geometry":{"type":"Point","coordinates":[20.424707,44.813683]},"properties":{"name":"Blok 25","lines":"17, 67, EKO1","arr":["17","67","EKO1"],"terminus":0,"mode":"bus","color":"#0059a9","colorDark":"#00294f","angle":122.8,"snapDist":9,"label":1}},{"type":"Feature","geometry":{"type":"Point","coordinates":[20.424546,44.814855]},"properties":{"name":"Antifašističke borbe","lines":"17, 68, 72N, 603N, 603Na","arr":["17","68","72N","603N","603Na"],"terminus":0,"mode":"bus","color":"#0059a9","colorDark":"#00294f","angle":33.5,"snapDist":6,"label":1}},{"type":"Feature","geometry":{"type":"Point","coordinates":[20.420358,44.816788]},"properties":{"name":"Beogradska arena","lines":"17, 68, 72N, 603N, 603Na","arr":["17","68","72N","603N","603Na"],"terminus":0,"mode":"bus","color":"#0059a9","colorDark":"#00294f","angle":32.5,"snapDist":5,"label":1}},{"type":"Feature","geometry":{"type":"Point","coordinates":[20.413451,44.819893]},"properties":{"name":"Bulevar umetnosti","lines":"17, 68, 70, 72N, 74, 603N, 603Na","arr":["17","68","70","72N","74","603N","603Na"],"terminus":0,"mode":"bus","color":"#0059a9","colorDark":"#00294f","angle":32.8,"snapDist":9,"label":1}},{"type":"Feature","geometry":{"type":"Point","coordinates":[20.41266,44.823478]},"properties":{"name":"GO Novi Beograd","lines":"17, 73, 76, 85, 88, 601N, 601Na, 610, 611, 708, 711","arr":["17","73","76","85","88","601N","601Na","610","611","708","711"],"terminus":1,"mode":"bus","color":"#0059a9","colorDark":"#00294f","angle":125.7,"snapDist":7,"label":1}},{"type":"Feature","geometry":{"type":"Point","coordinates":[20.409846,44.834265]},"properties":{"name":"Džona Kenedija","lines":"17, 73, 81, 81L, 82, 83, 85, 88, 610, 611, 706N, 707N","arr":["17","73","81","81L","82","83","85","88","610","611","706N","707N"],"terminus":0,"mode":"bus","color":"#0059a9","colorDark":"#00294f","angle":75.1,"snapDist":8,"label":1}},{"type":"Feature","geometry":{"type":"Point","coordinates":[20.410524,44.836898]},"properties":{"name":"Prve pruge - Retenzija","lines":"17, 73, 81, 81L, 82, 83, 85, 88, 610, 611, 706N, 707N","arr":["17","73","81","81L","82","83","85","88","610","611","706N","707N"],"terminus":0,"mode":"bus","color":"#0059a9","colorDark":"#00294f","angle":121.4,"snapDist":8,"label":1}},{"type":"Feature","geometry":{"type":"Point","coordinates":[20.412888,44.839502]},"properties":{"name":"Poljoprivredni fakultet","lines":"17, 45, 73, 82, 83, 88, 610, 611, 706N, 707N","arr":["17","45","73","82","83","88","610","611","706N","707N"],"terminus":0,"mode":"bus","color":"#0059a9","colorDark":"#00294f","angle":139,"snapDist":13,"label":1}},{"type":"Feature","geometry":{"type":"Point","coordinates":[20.413294,44.842115]},"properties":{"name":"Zemun /pošta/","lines":"17, 45, 73, 83, 84, 703, 704, 706, 706E, 706N, 707, 707N","arr":["17","45","73","83","84","703","704","706","706E","706N","707","707N"],"terminus":0,"mode":"bus","color":"#0059a9","colorDark":"#00294f","angle":241.1,"snapDist":2,"label":1}},{"type":"Feature","geometry":{"type":"Point","coordinates":[20.409466,44.846039]},"properties":{"name":"Trg Branka Radičevića","lines":"17, 45, 73, 83, 84, 705, 706N, 707N","arr":["17","45","73","83","84","705","706N","707N"],"terminus":0,"mode":"bus","color":"#0059a9","colorDark":"#00294f","angle":48.1,"snapDist":7,"label":1}},{"type":"Feature","geometry":{"type":"Point","coordinates":[20.402822,44.849102]},"properties":{"name":"Nade Dimić","lines":"17, 73, 84, 703, 704, 705, 706, 706N, 707, 707N","arr":["17","73","84","703","704","705","706","706N","707","707N"],"terminus":0,"mode":"bus","color":"#0059a9","colorDark":"#00294f","angle":27.1,"snapDist":5,"label":1}},{"type":"Feature","geometry":{"type":"Point","coordinates":[20.397742,44.850979]},"properties":{"name":"Dunavska","lines":"17, 73, 84, 703, 705, 706N, 707N","arr":["17","73","84","703","705","706N","707N"],"terminus":0,"mode":"bus","color":"#0059a9","colorDark":"#00294f","angle":27.4,"snapDist":6,"label":1}},{"type":"Feature","geometry":{"type":"Point","coordinates":[20.390394,44.853744]},"properties":{"name":"Tršćanska","lines":"17, 73, 84, 704, 705, 706N, 707, 707N","arr":["17","73","84","704","705","706N","707","707N"],"terminus":0,"mode":"bus","color":"#0059a9","colorDark":"#00294f","angle":26.9,"snapDist":10,"label":1}},{"type":"Feature","geometry":{"type":"Point","coordinates":[20.386602,44.855224]},"properties":{"name":"Filipa Višnjića","lines":"17, 73, 84, 703, 704, 705, 706, 706N, 707","arr":["17","73","84","703","704","705","706","706N","707"],"terminus":0,"mode":"bus","color":"#0059a9","colorDark":"#00294f","angle":32,"snapDist":7,"label":1}},{"type":"Feature","geometry":{"type":"Point","coordinates":[20.380852,44.857789]},"properties":{"name":"Ruska","lines":"17, 73, 84, 704, 706, 706N, 707","arr":["17","73","84","704","706","706N","707"],"terminus":0,"mode":"bus","color":"#0059a9","colorDark":"#00294f","angle":31.8,"snapDist":8,"label":1}},{"type":"Feature","geometry":{"type":"Point","coordinates":[20.378251,44.859239]},"properties":{"name":"Zemun /Gornji grad/","lines":"17","arr":["17"],"terminus":1,"mode":"bus","color":"#0059a9","colorDark":"#00294f","angle":51.8,"snapDist":11,"label":1}},{"type":"Feature","geometry":{"type":"Point","coordinates":[20.381828,44.857352]},"properties":{"name":"Ruska","lines":"17, 73, 84, 704, 705, 706, 706N, 707","arr":["17","73","84","704","705","706","706N","707"],"terminus":0,"mode":"bus","color":"#0059a9","colorDark":"#00294f","angle":212.4,"snapDist":5,"label":0}},{"type":"Feature","geometry":{"type":"Point","coordinates":[20.387743,44.854746]},"properties":{"name":"Filipa Višnjića","lines":"17, 73, 84, 703, 704, 705, 706, 706N, 707, 707N","arr":["17","73","84","703","704","705","706","706N","707","707N"],"terminus":0,"mode":"bus","color":"#0059a9","colorDark":"#00294f","angle":208.6,"snapDist":9,"label":0}},{"type":"Feature","geometry":{"type":"Point","coordinates":[20.39188,44.853172]},"properties":{"name":"Tršćanska","lines":"17, 73, 84, 704, 705, 706N, 707, 707N","arr":["17","73","84","704","705","706N","707","707N"],"terminus":0,"mode":"bus","color":"#0059a9","colorDark":"#00294f","angle":28.5,"snapDist":6,"label":0}},{"type":"Feature","geometry":{"type":"Point","coordinates":[20.396894,44.851297]},"properties":{"name":"Dunavska","lines":"17, 73, 84, 703, 705, 706N, 707N","arr":["17","73","84","703","705","706N","707N"],"terminus":0,"mode":"bus","color":"#0059a9","colorDark":"#00294f","angle":207.4,"snapDist":6,"label":0}},{"type":"Feature","geometry":{"type":"Point","coordinates":[20.402483,44.849227]},"properties":{"name":"Nade Dimić","lines":"17, 73, 84, 703, 704, 705, 706, 706N, 707, 707N","arr":["17","73","84","703","704","705","706","706N","707","707N"],"terminus":0,"mode":"bus","color":"#0059a9","colorDark":"#00294f","angle":207.3,"snapDist":6,"label":0}},{"type":"Feature","geometry":{"type":"Point","coordinates":[20.40861,44.846439]},"properties":{"name":"Trg Branka Radičevića","lines":"17, 45, 73, 83, 84, 705, 706N, 707N","arr":["17","45","73","83","84","705","706N","707N"],"terminus":0,"mode":"bus","color":"#0059a9","colorDark":"#00294f","angle":205.6,"snapDist":5,"label":0}},{"type":"Feature","geometry":{"type":"Point","coordinates":[20.412204,44.843429]},"properties":{"name":"RK Beograd","lines":"17, 45, 73, 83, 84, 703, 704, 705, 706, 706E, 706N, 707, 707N","arr":["17","45","73","83","84","703","704","705","706","706E","706N","707","707N"],"terminus":0,"mode":"bus","color":"#0059a9","colorDark":"#00294f","angle":237.7,"snapDist":3,"label":1}},{"type":"Feature","geometry":{"type":"Point","coordinates":[20.414371,44.840764]},"properties":{"name":"Zemun /pošta/","lines":"17, 45, 73, 83, 84, 706N, 707N","arr":["17","45","73","83","84","706N","707N"],"terminus":0,"mode":"bus","color":"#0059a9","colorDark":"#00294f","angle":239.7,"snapDist":3,"label":0}},{"type":"Feature","geometry":{"type":"Point","coordinates":[20.411262,44.837824]},"properties":{"name":"22. Oktobra","lines":"17, 73, 82, 83, 88, 610, 611, 706N, 707N","arr":["17","73","82","83","88","610","611","706N","707N"],"terminus":0,"mode":"bus","color":"#0059a9","colorDark":"#00294f","angle":294.7,"snapDist":6,"label":1}},{"type":"Feature","geometry":{"type":"Point","coordinates":[20.409793,44.833991]},"properties":{"name":"Džona Kenedija","lines":"17, 73, 81, 81L, 82, 83, 85, 88, 610, 611, 706N, 707N","arr":["17","73","81","81L","82","83","85","88","610","611","706N","707N"],"terminus":0,"mode":"bus","color":"#0059a9","colorDark":"#00294f","angle":256.5,"snapDist":6,"label":0}},{"type":"Feature","geometry":{"type":"Point","coordinates":[20.411941,44.822949]},"properties":{"name":"GO Novi Beograd","lines":"17, 18, 73, 76, 85, 88, 95N, 601N, 601Na, 610, 611, 708, 711","arr":["17","18","73","76","85","88","95N","601N","601Na","610","611","708","711"],"terminus":1,"mode":"bus","color":"#0059a9","colorDark":"#00294f","angle":302.2,"snapDist":6,"label":0}},{"type":"Feature","geometry":{"type":"Point","coordinates":[20.411749,44.820428]},"properties":{"name":"Crkva Svetog Dimitrija","lines":"17, 70, 72N, 74, 603N, 603Na","arr":["17","70","72N","74","603N","603Na"],"terminus":0,"mode":"bus","color":"#0059a9","colorDark":"#00294f","angle":212.7,"snapDist":9,"label":1}},{"type":"Feature","geometry":{"type":"Point","coordinates":[20.415507,44.818633]},"properties":{"name":"Bulevar umetnosti","lines":"17, 68, 70, 72N, 74, 603N, 603Na","arr":["17","68","70","72N","74","603N","603Na"],"terminus":0,"mode":"bus","color":"#0059a9","colorDark":"#00294f","angle":212.7,"snapDist":4,"label":0}},{"type":"Feature","geometry":{"type":"Point","coordinates":[20.421718,44.81579]},"properties":{"name":"Beogradska arena","lines":"17, 68, 72N, 603N, 603Na","arr":["17","68","72N","603N","603Na"],"terminus":0,"mode":"bus","color":"#0059a9","colorDark":"#00294f","angle":213.5,"snapDist":5,"label":0}},{"type":"Feature","geometry":{"type":"Point","coordinates":[20.423744,44.81281]},"properties":{"name":"Blok 25","lines":"17, 67, EKO1","arr":["17","67","EKO1"],"terminus":0,"mode":"bus","color":"#0059a9","colorDark":"#00294f","angle":302.8,"snapDist":3,"label":0}},{"type":"Feature","geometry":{"type":"Point","coordinates":[20.431181,44.807164]},"properties":{"name":"Sava centar","lines":"17, 18, 70, 74, 88, 493N, 601","arr":["17","18","70","74","88","493N","601"],"terminus":0,"mode":"bus","color":"#0059a9","colorDark":"#00294f","angle":212.7,"snapDist":5,"label":0}},{"type":"Feature","geometry":{"type":"Point","coordinates":[20.45073,44.797556]},"properties":{"name":"Mostar","lines":"17, 18, 70","arr":["17","18","70"],"terminus":0,"mode":"bus","color":"#0059a9","colorDark":"#00294f","angle":215.5,"snapDist":9,"label":0}},{"type":"Feature","geometry":{"type":"Point","coordinates":[20.457439,44.795367]},"properties":{"name":"Deligradska","lines":"17, 18, 38L, 46, 55, 70","arr":["17","18","38L","46","55","70"],"terminus":0,"mode":"bus","color":"#0059a9","colorDark":"#00294f","angle":197.6,"snapDist":5,"label":0}},{"type":"Feature","geometry":{"type":"Point","coordinates":[20.466552,44.791528]},"properties":{"name":"Franše DEperea","lines":"17, 18, 38L, 46, 55, 70","arr":["17","18","38L","46","55","70"],"terminus":0,"mode":"bus","color":"#0059a9","colorDark":"#00294f","angle":227.1,"snapDist":8,"label":0}},{"type":"Feature","geometry":{"type":"Point","coordinates":[20.468622,44.791422]},"properties":{"name":"Južni bulevar","lines":"17, 30, 31, 31N","arr":["17","30","31","31N"],"terminus":0,"mode":"bus","color":"#0059a9","colorDark":"#00294f","angle":196.5,"snapDist":6,"label":1}},{"type":"Feature","geometry":{"type":"Point","coordinates":[20.475655,44.787915]},"properties":{"name":"Stratimirovićeva","lines":"17, 30, 31, 31N","arr":["17","30","31","31N"],"terminus":0,"mode":"bus","color":"#0059a9","colorDark":"#00294f","angle":212.2,"snapDist":4,"label":1}},{"type":"Feature","geometry":{"type":"Point","coordinates":[20.479977,44.786419]},"properties":{"name":"Dušanovac /pošta/","lines":"17, 30, 31, 31N","arr":["17","30","31","31N"],"terminus":0,"mode":"bus","color":"#0059a9","colorDark":"#00294f","angle":208.9,"snapDist":2,"label":0}},{"type":"Feature","geometry":{"type":"Point","coordinates":[20.486808,44.784279]},"properties":{"name":"Grčića Milenka","lines":"17, 31, 31N","arr":["17","31","31N"],"terminus":0,"mode":"bus","color":"#0059a9","colorDark":"#00294f","angle":184.7,"snapDist":7,"label":0}},{"type":"Feature","geometry":{"type":"Point","coordinates":[20.491895,44.784043]},"properties":{"name":"Dom zdravlja Voždovac","lines":"17, 31, 31N","arr":["17","31","31N"],"terminus":0,"mode":"bus","color":"#0059a9","colorDark":"#00294f","angle":178.9,"snapDist":11,"label":1}},{"type":"Feature","geometry":{"type":"Point","coordinates":[20.49619,44.784049]},"properties":{"name":"Hotel Srbija","lines":"17, 31, 31N","arr":["17","31","31N"],"terminus":0,"mode":"bus","color":"#0059a9","colorDark":"#00294f","angle":189.9,"snapDist":11,"label":0}},{"type":"Feature","geometry":{"type":"Point","coordinates":[20.502311,44.783221]},"properties":{"name":"Šumice","lines":"17, 19, 31, 31N, 50, 302N, 308, 310","arr":["17","19","31","31N","50","302N","308","310"],"terminus":0,"mode":"bus","color":"#0059a9","colorDark":"#00294f","angle":190.3,"snapDist":8,"label":0}},{"type":"Feature","geometry":{"type":"Point","coordinates":[20.507262,44.782603]},"properties":{"name":"Petrinjska","lines":"17, 19, 31, 31N, 50, 302N, 308, 310","arr":["17","19","31","31N","50","302N","308","310"],"terminus":0,"mode":"bus","color":"#0059a9","colorDark":"#00294f","angle":189.9,"snapDist":4,"label":0}},{"type":"Feature","geometry":{"type":"Point","coordinates":[20.511333,44.782116]},"properties":{"name":"Konjarnik","lines":"17, 19, 31, 31N, 50, 302N, 308, 310","arr":["17","19","31","31N","50","302N","308","310"],"terminus":1,"mode":"bus","color":"#0059a9","colorDark":"#00294f","angle":188.4,"snapDist":4,"label":0}},{"type":"Feature","geometry":{"type":"Point","coordinates":[20.50779,44.772151]},"properties":{"name":"Medaković 3","lines":"18, 18N, 20, 26L, 29, 29N","arr":["18","18N","20","26L","29","29N"],"terminus":1,"mode":"bus","color":"#0059a9","colorDark":"#00294f","angle":9.8,"snapDist":5,"label":1}},{"type":"Feature","geometry":{"type":"Point","coordinates":[20.504278,44.771843]},"properties":{"name":"Vojislava Ilića","lines":"18, 18N, 26L","arr":["18","18N","26L"],"terminus":0,"mode":"bus","color":"#0059a9","colorDark":"#00294f","angle":336.5,"snapDist":4,"label":1}},{"type":"Feature","geometry":{"type":"Point","coordinates":[20.500597,44.76881]},"properties":{"name":"Zaplanjska","lines":"18, 18N, 26L, 50","arr":["18","18N","26L","50"],"terminus":0,"mode":"bus","color":"#0059a9","colorDark":"#00294f","angle":286.1,"snapDist":2,"label":1}},{"type":"Feature","geometry":{"type":"Point","coordinates":[20.499827,44.764995]},"properties":{"name":"Naselje Braće Jerković","lines":"18, 18N, 50","arr":["18","18N","50"],"terminus":0,"mode":"bus","color":"#0059a9","colorDark":"#00294f","angle":291.6,"snapDist":5,"label":0}},{"type":"Feature","geometry":{"type":"Point","coordinates":[20.49755,44.76309]},"properties":{"name":"Braće Jerković (Mitrovo brdo)","lines":"18, 18N, 50","arr":["18","18N","50"],"terminus":0,"mode":"bus","color":"#0059a9","colorDark":"#00294f","angle":321.5,"snapDist":6,"label":1}},{"type":"Feature","geometry":{"type":"Point","coordinates":[20.492947,44.764587]},"properties":{"name":"SC Sport eko","lines":"18, 18N, 50","arr":["18","18N","50"],"terminus":0,"mode":"bus","color":"#0059a9","colorDark":"#00294f","angle":44.8,"snapDist":7,"label":1}},{"type":"Feature","geometry":{"type":"Point","coordinates":[20.490146,44.767811]},"properties":{"name":"Jovana Bijelića","lines":"18, 18N, 25, 25P","arr":["18","18N","25","25P"],"terminus":0,"mode":"bus","color":"#0059a9","colorDark":"#00294f","angle":65.6,"snapDist":11,"label":1}},{"type":"Feature","geometry":{"type":"Point","coordinates":[20.487975,44.771213]},"properties":{"name":"Meštrovićeva","lines":"18, 18N, 25, 25P","arr":["18","18N","25","25P"],"terminus":0,"mode":"bus","color":"#0059a9","colorDark":"#00294f","angle":65.7,"snapDist":10,"label":1}},{"type":"Feature","geometry":{"type":"Point","coordinates":[20.482228,44.772846]},"properties":{"name":"Darvinova","lines":"18, 18N, 25, 25P, 39","arr":["18","18N","25","25P","39"],"terminus":0,"mode":"bus","color":"#0059a9","colorDark":"#00294f","angle":81.3,"snapDist":6,"label":1}},{"type":"Feature","geometry":{"type":"Point","coordinates":[20.481253,44.775916]},"properties":{"name":"Bjelovarska","lines":"18, 18N, 25, 25P, 39","arr":["18","18N","25","25P","39"],"terminus":0,"mode":"bus","color":"#0059a9","colorDark":"#00294f","angle":70.4,"snapDist":3,"label":1}},{"type":"Feature","geometry":{"type":"Point","coordinates":[20.479718,44.779047]},"properties":{"name":"Vitanovačka","lines":"18, 18N, 25, 25P, 39","arr":["18","18N","25","25P","39"],"terminus":0,"mode":"bus","color":"#0059a9","colorDark":"#00294f","angle":62.9,"snapDist":2,"label":1}},{"type":"Feature","geometry":{"type":"Point","coordinates":[20.477178,44.782819]},"properties":{"name":"Ljubićka (Univerzitet Singidunum)","lines":"18, 18N, 25, 25P, 39","arr":["18","18N","25","25P","39"],"terminus":0,"mode":"bus","color":"#0059a9","colorDark":"#00294f","angle":54,"snapDist":5,"label":1}},{"type":"Feature","geometry":{"type":"Point","coordinates":[20.473092,44.785849]},"properties":{"name":"Prešernova","lines":"18, 18N, 39","arr":["18","18N","39"],"terminus":0,"mode":"bus","color":"#0059a9","colorDark":"#00294f","angle":26.7,"snapDist":8,"label":1}},{"type":"Feature","geometry":{"type":"Point","coordinates":[20.466355,44.787569]},"properties":{"name":"Trg oslobođenja","lines":"18, 18N, 39","arr":["18","18N","39"],"terminus":0,"mode":"bus","color":"#0059a9","colorDark":"#00294f","angle":41.3,"snapDist":5,"label":1}},{"type":"Feature","geometry":{"type":"Point","coordinates":[20.422337,44.811702]},"properties":{"name":"Beogradska arena /antifašističke borbe/","lines":"18, 70, 74, 88, 601, 601N","arr":["18","70","74","88","601","601N"],"terminus":0,"mode":"bus","color":"#0059a9","colorDark":"#00294f","angle":32.6,"snapDist":7,"label":1}},{"type":"Feature","geometry":{"type":"Point","coordinates":[20.418172,44.813589]},"properties":{"name":"Beogradska arena /španskih boraca/","lines":"18, 88, 601, 601N","arr":["18","88","601","601N"],"terminus":0,"mode":"bus","color":"#0059a9","colorDark":"#00294f","angle":34.5,"snapDist":7,"label":1}},{"type":"Feature","geometry":{"type":"Point","coordinates":[20.410048,44.817345]},"properties":{"name":"Omladinskih brigada","lines":"18, 88, 600, 601, 601N","arr":["18","88","600","601","601N"],"terminus":0,"mode":"bus","color":"#0059a9","colorDark":"#00294f","angle":34,"snapDist":6,"label":1}},{"type":"Feature","geometry":{"type":"Point","coordinates":[20.409749,44.82027]},"properties":{"name":"Bulevar Zorana Đinđića","lines":"18, 18N, 68, 73, 76, 85, 88, 95N, 601N, 601Na, 610, 611, 708, 711","arr":["18","18N","68","73","76","85","88","95N","601N","601Na","610","611","708","711"],"terminus":0,"mode":"bus","color":"#0059a9","colorDark":"#00294f","angle":123.1,"snapDist":6,"label":1}},{"type":"Feature","geometry":{"type":"Point","coordinates":[20.401148,44.82932]},"properties":{"name":"IX beogradska gimnazija","lines":"18, 78","arr":["18","78"],"terminus":0,"mode":"bus","color":"#0059a9","colorDark":"#00294f","angle":29.1,"snapDist":4,"label":1}},{"type":"Feature","geometry":{"type":"Point","coordinates":[20.384794,44.84266]},"properties":{"name":"OŠ Petar Kočić","lines":"18, 45, 612","arr":["18","45","612"],"terminus":0,"mode":"bus","color":"#0059a9","colorDark":"#00294f","angle":103,"snapDist":6,"label":1}},{"type":"Feature","geometry":{"type":"Point","coordinates":[20.385972,44.845739]},"properties":{"name":"Rada Končara /Dom zdravlja/","lines":"18, 45, 612","arr":["18","45","612"],"terminus":0,"mode":"bus","color":"#0059a9","colorDark":"#00294f","angle":100.5,"snapDist":5,"label":1}},{"type":"Feature","geometry":{"type":"Point","coordinates":[20.385274,44.850045]},"properties":{"name":"Filipa Višnjića","lines":"18, 612, 707N","arr":["18","612","707N"],"terminus":0,"mode":"bus","color":"#0059a9","colorDark":"#00294f","angle":5.2,"snapDist":6,"label":1}},{"type":"Feature","geometry":{"type":"Point","coordinates":[20.381924,44.850114]},"properties":{"name":"Zadrugarska","lines":"18, 18N, 81, 81L, 83, 85, 612, 707N","arr":["18","18N","81","81L","83","85","612","707N"],"terminus":0,"mode":"bus","color":"#0059a9","colorDark":"#00294f","angle":340.8,"snapDist":4,"label":1}},{"type":"Feature","geometry":{"type":"Point","coordinates":[20.379334,44.848465]},"properties":{"name":"Zemun /Bačka/","lines":"18, 18N, 83, 103, 105L, 112","arr":["18","18N","83","103","105L","112"],"terminus":1,"mode":"bus","color":"#0059a9","colorDark":"#00294f","angle":277,"snapDist":14,"label":1}},{"type":"Feature","geometry":{"type":"Point","coordinates":[20.379645,44.848662]},"properties":{"name":"Zemun /Bačka/","lines":"18, 18N, 83, 103, 105L, 112","arr":["18","18N","83","103","105L","112"],"terminus":1,"mode":"bus","color":"#0059a9","colorDark":"#00294f","angle":93.2,"snapDist":8,"label":0}},{"type":"Feature","geometry":{"type":"Point","coordinates":[20.383315,44.850213]},"properties":{"name":"Zadrugarska","lines":"18, 18N, 81, 81L, 83, 85, 612, 707N","arr":["18","18N","81","81L","83","85","612","707N"],"terminus":0,"mode":"bus","color":"#0059a9","colorDark":"#00294f","angle":184.6,"snapDist":7,"label":0}},{"type":"Feature","geometry":{"type":"Point","coordinates":[20.385957,44.849997]},"properties":{"name":"Filipa Višnjića","lines":"18, 612","arr":["18","612"],"terminus":0,"mode":"bus","color":"#0059a9","colorDark":"#00294f","angle":186.2,"snapDist":7,"label":0}},{"type":"Feature","geometry":{"type":"Point","coordinates":[20.385624,44.845108]},"properties":{"name":"Rada Končara /Dom zdravlja/","lines":"18, 45, 612","arr":["18","45","612"],"terminus":0,"mode":"bus","color":"#0059a9","colorDark":"#00294f","angle":283.9,"snapDist":2,"label":0}},{"type":"Feature","geometry":{"type":"Point","coordinates":[20.402156,44.828788]},"properties":{"name":"IX beogradska gimnazija","lines":"18, 78","arr":["18","78"],"terminus":0,"mode":"bus","color":"#0059a9","colorDark":"#00294f","angle":211.3,"snapDist":6,"label":0}},{"type":"Feature","geometry":{"type":"Point","coordinates":[20.409407,44.820132]},"properties":{"name":"Bulevar Zorana Đinđića","lines":"18, 18N, 68, 73, 76, 85, 88, 95N, 601N, 601Na, 610, 611, 708, 711","arr":["18","18N","68","73","76","85","88","95N","601N","601Na","610","611","708","711"],"terminus":0,"mode":"bus","color":"#0059a9","colorDark":"#00294f","angle":302.4,"snapDist":6,"label":0}},{"type":"Feature","geometry":{"type":"Point","coordinates":[20.409994,44.816887]},"properties":{"name":"Omladinskih brigada","lines":"18, 88, 600, 601","arr":["18","88","600","601"],"terminus":0,"mode":"bus","color":"#0059a9","colorDark":"#00294f","angle":213,"snapDist":5,"label":0}},{"type":"Feature","geometry":{"type":"Point","coordinates":[20.41847,44.812999]},"properties":{"name":"Beogradska arena /španskih boraca/","lines":"18, 88, 601","arr":["18","88","601"],"terminus":0,"mode":"bus","color":"#0059a9","colorDark":"#00294f","angle":212.7,"snapDist":4,"label":0}},{"type":"Feature","geometry":{"type":"Point","coordinates":[20.422623,44.811104]},"properties":{"name":"Beogradska arena /antifašističke borbe/","lines":"18, 70, 74, 88, 601","arr":["18","70","74","88","601"],"terminus":0,"mode":"bus","color":"#0059a9","colorDark":"#00294f","angle":212.8,"snapDist":3,"label":0}},{"type":"Feature","geometry":{"type":"Point","coordinates":[20.470395,44.786417]},"properties":{"name":"Trg oslobođenja","lines":"18, 18N, 39","arr":["18","18N","39"],"terminus":0,"mode":"bus","color":"#0059a9","colorDark":"#00294f","angle":189.4,"snapDist":3,"label":1}},{"type":"Feature","geometry":{"type":"Point","coordinates":[20.474254,44.785306]},"properties":{"name":"Prešernova","lines":"18, 18N, 39","arr":["18","18N","39"],"terminus":0,"mode":"bus","color":"#0059a9","colorDark":"#00294f","angle":221,"snapDist":8,"label":0}},{"type":"Feature","geometry":{"type":"Point","coordinates":[20.477395,44.782608]},"properties":{"name":"Ljubićka (Univerzitet Singidunum)","lines":"18, 18N, 25, 25P, 39","arr":["18","18N","25","25P","39"],"terminus":0,"mode":"bus","color":"#0059a9","colorDark":"#00294f","angle":234,"snapDist":7,"label":0}},{"type":"Feature","geometry":{"type":"Point","coordinates":[20.47935,44.77955]},"properties":{"name":"Vitanovačka","lines":"18, 18N, 25, 25P, 39","arr":["18","18N","25","25P","39"],"terminus":0,"mode":"bus","color":"#0059a9","colorDark":"#00294f","angle":244.5,"snapDist":1,"label":0}},{"type":"Feature","geometry":{"type":"Point","coordinates":[20.481581,44.775081]},"properties":{"name":"Bjelovarska","lines":"18, 18N, 25, 25P, 39","arr":["18","18N","25","25P","39"],"terminus":0,"mode":"bus","color":"#0059a9","colorDark":"#00294f","angle":258.8,"snapDist":4,"label":0}},{"type":"Feature","geometry":{"type":"Point","coordinates":[20.483201,44.771625]},"properties":{"name":"Darvinova","lines":"18, 18N, 25, 25P, 39","arr":["18","18N","25","25P","39"],"terminus":0,"mode":"bus","color":"#0059a9","colorDark":"#00294f","angle":211.4,"snapDist":7,"label":0}},{"type":"Feature","geometry":{"type":"Point","coordinates":[20.487269,44.772341]},"properties":{"name":"Meštrovićeva","lines":"18, 18N, 25, 25P","arr":["18","18N","25","25P"],"terminus":0,"mode":"bus","color":"#0059a9","colorDark":"#00294f","angle":247.7,"snapDist":7,"label":0}},{"type":"Feature","geometry":{"type":"Point","coordinates":[20.489591,44.768667]},"properties":{"name":"Jovana Bijelića","lines":"18, 18N, 25, 25P","arr":["18","18N","25","25P"],"terminus":0,"mode":"bus","color":"#0059a9","colorDark":"#00294f","angle":245.3,"snapDist":3,"label":0}},{"type":"Feature","geometry":{"type":"Point","coordinates":[20.493564,44.764168]},"properties":{"name":"SC Sport eko","lines":"18, 18N, 50","arr":["18","18N","50"],"terminus":0,"mode":"bus","color":"#0059a9","colorDark":"#00294f","angle":224.2,"snapDist":5,"label":0}},{"type":"Feature","geometry":{"type":"Point","coordinates":[20.49859,44.763704]},"properties":{"name":"Braće Jerković (Mitrovo brdo)","lines":"18, 18N, 50","arr":["18","18N","50"],"terminus":0,"mode":"bus","color":"#0059a9","colorDark":"#00294f","angle":136.4,"snapDist":9,"label":0}},{"type":"Feature","geometry":{"type":"Point","coordinates":[20.500112,44.765687]},"properties":{"name":"Naselje Braće Jerković","lines":"18, 18N, 50","arr":["18","18N","50"],"terminus":0,"mode":"bus","color":"#0059a9","colorDark":"#00294f","angle":99.8,"snapDist":11,"label":0}},{"type":"Feature","geometry":{"type":"Point","coordinates":[20.500654,44.768552]},"properties":{"name":"Zaplanjska","lines":"18, 18N, 26L, 50","arr":["18","18N","26L","50"],"terminus":0,"mode":"bus","color":"#0059a9","colorDark":"#00294f","angle":103.1,"snapDist":7,"label":0}},{"type":"Feature","geometry":{"type":"Point","coordinates":[20.504255,44.771735]},"properties":{"name":"Vojislava Ilića","lines":"18, 18N, 26L","arr":["18","18N","26L"],"terminus":0,"mode":"bus","color":"#0059a9","colorDark":"#00294f","angle":155.2,"snapDist":4,"label":0}},{"type":"Feature","geometry":{"type":"Point","coordinates":[20.508342,44.772408]},"properties":{"name":"Medaković 3","lines":"18, 18N, 26L, 29, 29N","arr":["18","18N","26L","29","29N"],"terminus":1,"mode":"bus","color":"#0059a9","colorDark":"#00294f","angle":203.3,"snapDist":3,"label":0}},{"type":"Feature","geometry":{"type":"Point","coordinates":[20.466598,44.792775]},"properties":{"name":"Franše DEperea","lines":"18N, 30, 31, 31N, 33, 33N, 36, 39, 42, 47, 47N, 47Na, 48, 59, 78, 401, 401a, 401N, 402, E9","arr":["18N","30","31","31N","33","33N","36","39","42","47","47N","47Na","48","59","78","401","401a","401N","402","E9"],"terminus":0,"mode":"bus","color":"#0059a9","colorDark":"#00294f","angle":70.4,"snapDist":9,"label":1}},{"type":"Feature","geometry":{"type":"Point","coordinates":[20.465614,44.798355]},"properties":{"name":"Karađorđev park","lines":"18N, 30, 31, 31N, 33, 33N, 36, 39, 42, 47, 47N, 47Na, 48, 59, 78, 401, 401a, 401N, 402, E9","arr":["18N","30","31","31N","33","33N","36","39","42","47","47N","47Na","48","59","78","401","401a","401N","402","E9"],"terminus":0,"mode":"bus","color":"#0059a9","colorDark":"#00294f","angle":97.5,"snapDist":11,"label":1}},{"type":"Feature","geometry":{"type":"Point","coordinates":[20.466175,44.801374]},"properties":{"name":"Trg Slavija /Bulevar oslobođenja/","lines":"18N, 30, 33, 33N, 36, 39, 42, 47, 47N, 47Na, 48, 59, 78, 401, 401a, 401N, 402, E9","arr":["18N","30","33","33N","36","39","42","47","47N","47Na","48","59","78","401","401a","401N","402","E9"],"terminus":1,"mode":"bus","color":"#0059a9","colorDark":"#00294f","angle":97.4,"snapDist":7,"label":1}},{"type":"Feature","geometry":{"type":"Point","coordinates":[20.466111,44.803562]},"properties":{"name":"Trg Slavija","lines":"18N, 29, 29N, 31, 31N, 33N, 47N, 51N, E9, EKO2","arr":["18N","29","29N","31","31N","33N","47N","51N","E9","EKO2"],"terminus":0,"mode":"bus","color":"#0059a9","colorDark":"#00294f","angle":68.5,"snapDist":9,"label":0}},{"type":"Feature","geometry":{"type":"Point","coordinates":[20.463895,44.807666]},"properties":{"name":"RK Beograđanka","lines":"18N, 29, 29N, 31, 31N, 33N, 47N, 51N, E9, EKO2","arr":["18N","29","29N","31","31N","33N","47N","51N","E9","EKO2"],"terminus":0,"mode":"bus","color":"#0059a9","colorDark":"#00294f","angle":68.1,"snapDist":7,"label":1}},{"type":"Feature","geometry":{"type":"Point","coordinates":[20.460943,44.813344]},"properties":{"name":"Terazije","lines":"18N, 29, 29N, 31, 31N, 33N, 47N, 51N, 301Na, E9, EKO2","arr":["18N","29","29N","31","31N","33N","47N","51N","301Na","E9","EKO2"],"terminus":0,"mode":"bus","color":"#0059a9","colorDark":"#00294f","angle":69.8,"snapDist":8,"label":1}},{"type":"Feature","geometry":{"type":"Point","coordinates":[20.461901,44.815763]},"properties":{"name":"Trg republike","lines":"18N, 24, 28, 41, 95N, 101N, 105N, 301Na, 302N, 304N, 304Na, 304Nb, 307N, 511N, 511Na, 511Nb, 603N, 603Na, 706N, 707N","arr":["18N","24","28","41","95N","101N","105N","301Na","302N","304N","304Na","304Nb","307N","511N","511Na","511Nb","603N","603Na","706N","707N"],"terminus":1,"mode":"bus","color":"#0059a9","colorDark":"#00294f","angle":187.1,"snapDist":7,"label":1}},{"type":"Feature","geometry":{"type":"Point","coordinates":[20.418807,44.808723]},"properties":{"name":"Milutina Milankovića","lines":"18N, 67, 94, 612, EKO1","arr":["18N","67","94","612","EKO1"],"terminus":0,"mode":"bus","color":"#0059a9","colorDark":"#00294f","angle":32.9,"snapDist":8,"label":1}},{"type":"Feature","geometry":{"type":"Point","coordinates":[20.414185,44.808822]},"properties":{"name":"Španskih boraca","lines":"18N, 600, EKO1","arr":["18N","600","EKO1"],"terminus":0,"mode":"bus","color":"#0059a9","colorDark":"#00294f","angle":302.4,"snapDist":3,"label":1}},{"type":"Feature","geometry":{"type":"Point","coordinates":[20.410915,44.806782]},"properties":{"name":"Depo Sava","lines":"18N, 85, EKO1","arr":["18N","85","EKO1"],"terminus":0,"mode":"bus","color":"#0059a9","colorDark":"#00294f","angle":343.5,"snapDist":8,"label":1}},{"type":"Feature","geometry":{"type":"Point","coordinates":[20.407313,44.80701]},"properties":{"name":"Naselje Belvil","lines":"18N, EKO1","arr":["18N","EKO1"],"terminus":1,"mode":"bus","color":"#0059a9","colorDark":"#00294f","angle":27.5,"snapDist":12,"label":1}},{"type":"Feature","geometry":{"type":"Point","coordinates":[20.405686,44.807665]},"properties":{"name":"Garaža Novi Beograd","lines":"18N, 85, EKO1","arr":["18N","85","EKO1"],"terminus":1,"mode":"bus","color":"#0059a9","colorDark":"#00294f","angle":31.8,"snapDist":11,"label":1}},{"type":"Feature","geometry":{"type":"Point","coordinates":[20.402114,44.811855]},"properties":{"name":"Erport siti","lines":"18N, 67, 68, 73, 76, 85, 94, 95N, 610, 708, EKO1","arr":["18N","67","68","73","76","85","94","95N","610","708","EKO1"],"terminus":0,"mode":"bus","color":"#0059a9","colorDark":"#00294f","angle":121.3,"snapDist":7,"label":1}},{"type":"Feature","geometry":{"type":"Point","coordinates":[20.406092,44.816251]},"properties":{"name":"Milutina Milankovića","lines":"18N, 68, 73, 76, 85, 95N, 610, 708","arr":["18N","68","73","76","85","95N","610","708"],"terminus":0,"mode":"bus","color":"#0059a9","colorDark":"#00294f","angle":122.8,"snapDist":10,"label":1}},{"type":"Feature","geometry":{"type":"Point","coordinates":[20.405385,44.823606]},"properties":{"name":"Narodnih heroja","lines":"18N, 70, 72N, 74, 603N, 603Na","arr":["18N","70","72N","74","603N","603Na"],"terminus":0,"mode":"bus","color":"#0059a9","colorDark":"#00294f","angle":32,"snapDist":7,"label":1}},{"type":"Feature","geometry":{"type":"Point","coordinates":[20.40183,44.845513]},"properties":{"name":"Novogradska","lines":"18N, 81, 81L, 85","arr":["18N","81","81L","85"],"terminus":0,"mode":"bus","color":"#0059a9","colorDark":"#00294f","angle":27.3,"snapDist":6,"label":1}},{"type":"Feature","geometry":{"type":"Point","coordinates":[20.39927,44.846477]},"properties":{"name":"Ugrinovačka","lines":"18N, 45, 81, 81L, 83, 85","arr":["18N","45","81","81L","83","85"],"terminus":0,"mode":"bus","color":"#0059a9","colorDark":"#00294f","angle":26.3,"snapDist":5,"label":1}},{"type":"Feature","geometry":{"type":"Point","coordinates":[20.395882,44.847679]},"properties":{"name":"Stadion Zemun","lines":"18N, 45, 81, 81L, 83, 85","arr":["18N","45","81","81L","83","85"],"terminus":0,"mode":"bus","color":"#0059a9","colorDark":"#00294f","angle":26.7,"snapDist":10,"label":1}},{"type":"Feature","geometry":{"type":"Point","coordinates":[20.391167,44.849348]},"properties":{"name":"Branka Pešića","lines":"18N, 45, 81, 81L, 83, 85","arr":["18N","45","81","81L","83","85"],"terminus":0,"mode":"bus","color":"#0059a9","colorDark":"#00294f","angle":21.4,"snapDist":8,"label":1}},{"type":"Feature","geometry":{"type":"Point","coordinates":[20.387329,44.849873]},"properties":{"name":"Filipa Višnjića","lines":"18N, 45, 81, 81L, 83, 85","arr":["18N","45","81","81L","83","85"],"terminus":0,"mode":"bus","color":"#0059a9","colorDark":"#00294f","angle":7.6,"snapDist":7,"label":0}},{"type":"Feature","geometry":{"type":"Point","coordinates":[20.387008,44.849903]},"properties":{"name":"Filipa Višnjića","lines":"18N, 45, 81, 81L, 83, 85","arr":["18N","45","81","81L","83","85"],"terminus":0,"mode":"bus","color":"#0059a9","colorDark":"#00294f","angle":187.6,"snapDist":6,"label":0}},{"type":"Feature","geometry":{"type":"Point","coordinates":[20.392168,44.849039]},"properties":{"name":"Branka Pešića","lines":"18N, 45, 81, 81L, 83, 85","arr":["18N","45","81","81L","83","85"],"terminus":0,"mode":"bus","color":"#0059a9","colorDark":"#00294f","angle":205.6,"snapDist":5,"label":0}},{"type":"Feature","geometry":{"type":"Point","coordinates":[20.397062,44.847251]},"properties":{"name":"Stadion Zemun","lines":"18N, 45, 81, 81L, 83, 85","arr":["18N","45","81","81L","83","85"],"terminus":0,"mode":"bus","color":"#0059a9","colorDark":"#00294f","angle":206.3,"snapDist":4,"label":0}},{"type":"Feature","geometry":{"type":"Point","coordinates":[20.401649,44.845579]},"properties":{"name":"Novogradska","lines":"18N, 81, 81L, 85","arr":["18N","81","81L","85"],"terminus":0,"mode":"bus","color":"#0059a9","colorDark":"#00294f","angle":207.2,"snapDist":5,"label":0}},{"type":"Feature","geometry":{"type":"Point","coordinates":[20.407036,44.822565]},"properties":{"name":"Narodnih heroja","lines":"18N, 70, 72N, 74, 603N, 603Na","arr":["18N","70","72N","74","603N","603Na"],"terminus":0,"mode":"bus","color":"#0059a9","colorDark":"#00294f","angle":212.7,"snapDist":7,"label":0}},{"type":"Feature","geometry":{"type":"Point","coordinates":[20.405684,44.816009]},"properties":{"name":"Milutina Milankovića","lines":"18N, 68, 73, 76, 85, 95N, 610, 708","arr":["18N","68","73","76","85","95N","610","708"],"terminus":0,"mode":"bus","color":"#0059a9","colorDark":"#00294f","angle":302.4,"snapDist":6,"label":0}},{"type":"Feature","geometry":{"type":"Point","coordinates":[20.401235,44.811097]},"properties":{"name":"Erport siti","lines":"18N, 67, 68, 73, 76, 85, 94, 95N, 610, 708","arr":["18N","67","68","73","76","85","94","95N","610","708"],"terminus":0,"mode":"bus","color":"#0059a9","colorDark":"#00294f","angle":301.9,"snapDist":8,"label":0}},{"type":"Feature","geometry":{"type":"Point","coordinates":[20.405954,44.807339]},"properties":{"name":"Garaža Novi Beograd","lines":"18N, 85","arr":["18N","85"],"terminus":0,"mode":"bus","color":"#0059a9","colorDark":"#00294f","angle":211.9,"snapDist":6,"label":0}},{"type":"Feature","geometry":{"type":"Point","coordinates":[20.461157,44.812692]},"properties":{"name":"Terazije","lines":"18N, 29, 29N, 31, 31N, 33N, 47N, 51N, E9, EKO2","arr":["18N","29","29N","31","31N","33N","47N","51N","E9","EKO2"],"terminus":0,"mode":"bus","color":"#0059a9","colorDark":"#00294f","angle":249.2,"snapDist":10,"label":0}},{"type":"Feature","geometry":{"type":"Point","coordinates":[20.464139,44.807221]},"properties":{"name":"RK Beograđanka","lines":"18N, 29, 29N, 31, 31N, 33N, 47N, 51N, E9, EKO2","arr":["18N","29","29N","31","31N","33N","47N","51N","E9","EKO2"],"terminus":0,"mode":"bus","color":"#0059a9","colorDark":"#00294f","angle":249,"snapDist":10,"label":0}},{"type":"Feature","geometry":{"type":"Point","coordinates":[20.466297,44.803227]},"properties":{"name":"Trg Slavija","lines":"18N, 29, 29N, 31, 31N, 51N, EKO2","arr":["18N","29","29N","31","31N","51N","EKO2"],"terminus":0,"mode":"bus","color":"#0059a9","colorDark":"#00294f","angle":248.5,"snapDist":8,"label":0}},{"type":"Feature","geometry":{"type":"Point","coordinates":[20.466163,44.801309]},"properties":{"name":"Trg Slavija /Bulevar oslobođenja/","lines":"18N, 33, 33N, 36, 42, 47N, 47Na, 48, 78, 401N, E9","arr":["18N","33","33N","36","42","47N","47Na","48","78","401N","E9"],"terminus":1,"mode":"bus","color":"#0059a9","colorDark":"#00294f","angle":277.4,"snapDist":10,"label":0}},{"type":"Feature","geometry":{"type":"Point","coordinates":[20.465341,44.796909]},"properties":{"name":"Karađorđev park","lines":"18N, 30, 31, 31N, 33, 33N, 36, 39, 42, 47, 47N, 47Na, 48, 59, 78, 401, 401N, 402, E9","arr":["18N","30","31","31N","33","33N","36","39","42","47","47N","47Na","48","59","78","401","401N","402","E9"],"terminus":0,"mode":"bus","color":"#0059a9","colorDark":"#00294f","angle":277.6,"snapDist":9,"label":0}},{"type":"Feature","geometry":{"type":"Point","coordinates":[20.466519,44.792608]},"properties":{"name":"Franše DEperea","lines":"18N, 33, 33N, 36, 39, 42, 47, 47N, 47Na, 48, 59, 78, 401, 401N, 402, E9","arr":["18N","33","33N","36","39","42","47","47N","47Na","48","59","78","401","401N","402","E9"],"terminus":0,"mode":"bus","color":"#0059a9","colorDark":"#00294f","angle":252.4,"snapDist":6,"label":0}},{"type":"Feature","geometry":{"type":"Point","coordinates":[20.466015,44.802654]},"properties":{"name":"Trg Slavija","lines":"19, 21A, 22, 601N, 860N","arr":["19","21A","22","601N","860N"],"terminus":1,"mode":"bus","color":"#0059a9","colorDark":"#00294f","angle":311.4,"snapDist":13,"label":1}},{"type":"Feature","geometry":{"type":"Point","coordinates":[20.471855,44.799483]},"properties":{"name":"Katanićeva","lines":"19, 21A, 22, 29, 29N, 83","arr":["19","21A","22","29","29N","83"],"terminus":0,"mode":"bus","color":"#0059a9","colorDark":"#00294f","angle":227.7,"snapDist":6,"label":1}},{"type":"Feature","geometry":{"type":"Point","coordinates":[20.474108,44.797772]},"properties":{"name":"Mačvanska","lines":"19, 21A, 22, 24, 29, 29N, 83","arr":["19","21A","22","24","29","29N","83"],"terminus":0,"mode":"bus","color":"#0059a9","colorDark":"#00294f","angle":221.6,"snapDist":2,"label":1}},{"type":"Feature","geometry":{"type":"Point","coordinates":[20.479108,44.797976]},"properties":{"name":"Vojvode Dragomira","lines":"19, 21A, 22, 29, 29N, 83","arr":["19","21A","22","29","29N","83"],"terminus":0,"mode":"bus","color":"#0059a9","colorDark":"#00294f","angle":177.9,"snapDist":6,"label":1}},{"type":"Feature","geometry":{"type":"Point","coordinates":[20.487572,44.797399]},"properties":{"name":"Crveni krst","lines":"19, 21A, 22, 29, 29N","arr":["19","21A","22","29","29N"],"terminus":0,"mode":"bus","color":"#0059a9","colorDark":"#00294f","angle":215.5,"snapDist":9,"label":0}},{"type":"Feature","geometry":{"type":"Point","coordinates":[20.49083,44.79509]},"properties":{"name":"Bregalnička","lines":"19, 21A, 22, 29, 29N","arr":["19","21A","22","29","29N"],"terminus":0,"mode":"bus","color":"#0059a9","colorDark":"#00294f","angle":209.2,"snapDist":9,"label":1}},{"type":"Feature","geometry":{"type":"Point","coordinates":[20.495172,44.793316]},"properties":{"name":"Velimira Todorovića","lines":"19, 21A, 22, 29, 29N","arr":["19","21A","22","29","29N"],"terminus":0,"mode":"bus","color":"#0059a9","colorDark":"#00294f","angle":211.8,"snapDist":7,"label":1}},{"type":"Feature","geometry":{"type":"Point","coordinates":[20.49802,44.790839]},"properties":{"name":"Škola Vojislav Ilić","lines":"19, 21A, 29, 29N","arr":["19","21A","29","29N"],"terminus":0,"mode":"bus","color":"#0059a9","colorDark":"#00294f","angle":243.2,"snapDist":5,"label":1}},{"type":"Feature","geometry":{"type":"Point","coordinates":[20.499775,44.787459]},"properties":{"name":"Rimska","lines":"19, 29, 29N","arr":["19","29","29N"],"terminus":0,"mode":"bus","color":"#0059a9","colorDark":"#00294f","angle":255.6,"snapDist":5,"label":1}},{"type":"Feature","geometry":{"type":"Point","coordinates":[20.510498,44.782315]},"properties":{"name":"Konjarnik","lines":"19, 50, 302N, 308, 310","arr":["19","50","302N","308","310"],"terminus":1,"mode":"bus","color":"#0059a9","colorDark":"#00294f","angle":10.3,"snapDist":5,"label":0}},{"type":"Feature","geometry":{"type":"Point","coordinates":[20.501197,44.783959]},"properties":{"name":"Šumice","lines":"19, 20, 29, 29N","arr":["19","20","29","29N"],"terminus":0,"mode":"bus","color":"#0059a9","colorDark":"#00294f","angle":74.5,"snapDist":8,"label":0}},{"type":"Feature","geometry":{"type":"Point","coordinates":[20.500042,44.787112]},"properties":{"name":"Rimska","lines":"19, 21A, 29, 29N","arr":["19","21A","29","29N"],"terminus":0,"mode":"bus","color":"#0059a9","colorDark":"#00294f","angle":74.9,"snapDist":7,"label":0}},{"type":"Feature","geometry":{"type":"Point","coordinates":[20.497334,44.791824]},"properties":{"name":"Škola Vojislav Ilić","lines":"19, 21A, 22, 29, 29N","arr":["19","21A","22","29","29N"],"terminus":0,"mode":"bus","color":"#0059a9","colorDark":"#00294f","angle":54.3,"snapDist":6,"label":0}},{"type":"Feature","geometry":{"type":"Point","coordinates":[20.494252,44.793715]},"properties":{"name":"Velimira Todorovića","lines":"19, 21A, 22, 29, 29N","arr":["19","21A","22","29","29N"],"terminus":0,"mode":"bus","color":"#0059a9","colorDark":"#00294f","angle":32.1,"snapDist":5,"label":0}},{"type":"Feature","geometry":{"type":"Point","coordinates":[20.490623,44.795176]},"properties":{"name":"Bregalnička","lines":"19, 21A, 22, 29, 29N","arr":["19","21A","22","29","29N"],"terminus":0,"mode":"bus","color":"#0059a9","colorDark":"#00294f","angle":34.8,"snapDist":6,"label":0}},{"type":"Feature","geometry":{"type":"Point","coordinates":[20.48571,44.797874]},"properties":{"name":"Crveni krst","lines":"19, 21A, 22, 29, 29N, 83","arr":["19","21A","22","29","29N","83"],"terminus":1,"mode":"bus","color":"#0059a9","colorDark":"#00294f","angle":17.1,"snapDist":7,"label":1}},{"type":"Feature","geometry":{"type":"Point","coordinates":[20.480186,44.798004]},"properties":{"name":"Vojvode Dragomira","lines":"19, 21A, 22, 29, 29N, 83","arr":["19","21A","22","29","29N","83"],"terminus":0,"mode":"bus","color":"#0059a9","colorDark":"#00294f","angle":357.9,"snapDist":4,"label":0}},{"type":"Feature","geometry":{"type":"Point","coordinates":[20.473967,44.797959]},"properties":{"name":"Novopazarska","lines":"19, 21A, 22, 24, 29, 29N, 83","arr":["19","21A","22","24","29","29N","83"],"terminus":0,"mode":"bus","color":"#0059a9","colorDark":"#00294f","angle":42.9,"snapDist":4,"label":1}},{"type":"Feature","geometry":{"type":"Point","coordinates":[20.471122,44.800028]},"properties":{"name":"Katanićeva","lines":"19, 21A, 22, 29, 29N, 83","arr":["19","21A","22","29","29N","83"],"terminus":0,"mode":"bus","color":"#0059a9","colorDark":"#00294f","angle":47.2,"snapDist":9,"label":0}},{"type":"Feature","geometry":{"type":"Point","coordinates":[20.466583,44.802717]},"properties":{"name":"Trg Slavija","lines":"19, 21A, 22","arr":["19","21A","22"],"terminus":1,"mode":"bus","color":"#0059a9","colorDark":"#00294f","angle":84.5,"snapDist":18,"label":0}},{"type":"Feature","geometry":{"type":"Point","coordinates":[20.536988,44.793475]},"properties":{"name":"Mirijevo 3","lines":"20, 27, 27N, 74, 79","arr":["20","27","27N","74","79"],"terminus":1,"mode":"bus","color":"#0059a9","colorDark":"#00294f","angle":219.6,"snapDist":5,"label":1}},{"type":"Feature","geometry":{"type":"Point","coordinates":[20.540615,44.790566]},"properties":{"name":"Semjuela Beketa","lines":"20, 27, 27N, 74, 79","arr":["20","27","27N","74","79"],"terminus":0,"mode":"bus","color":"#0059a9","colorDark":"#00294f","angle":261.6,"snapDist":6,"label":1}},{"type":"Feature","geometry":{"type":"Point","coordinates":[20.538171,44.789861]},"properties":{"name":"Matice Srpske","lines":"20, 25P, 27E, 27N, 74, E6","arr":["20","25P","27E","27N","74","E6"],"terminus":0,"mode":"bus","color":"#0059a9","colorDark":"#00294f","angle":336.8,"snapDist":5,"label":1}},{"type":"Feature","geometry":{"type":"Point","coordinates":[20.536804,44.787387]},"properties":{"name":"Branka Ćopića","lines":"20, 79","arr":["20","79"],"terminus":0,"mode":"bus","color":"#0059a9","colorDark":"#00294f","angle":297.4,"snapDist":9,"label":1}},{"type":"Feature","geometry":{"type":"Point","coordinates":[20.530593,44.786443]},"properties":{"name":"16. oktobra","lines":"20, 79","arr":["20","79"],"terminus":0,"mode":"bus","color":"#0059a9","colorDark":"#00294f","angle":343.7,"snapDist":9,"label":1}},{"type":"Feature","geometry":{"type":"Point","coordinates":[20.524056,44.790986]},"properties":{"name":"Vitezova Karađorđeve zvezde","lines":"20, 79","arr":["20","79"],"terminus":0,"mode":"bus","color":"#0059a9","colorDark":"#00294f","angle":358.2,"snapDist":9,"label":1}},{"type":"Feature","geometry":{"type":"Point","coordinates":[20.517962,44.791362]},"properties":{"name":"Milana Rakića","lines":"20, 79","arr":["20","79"],"terminus":0,"mode":"bus","color":"#0059a9","colorDark":"#00294f","angle":35,"snapDist":7,"label":1}},{"type":"Feature","geometry":{"type":"Point","coordinates":[20.513685,44.790507]},"properties":{"name":"Mite Ružića","lines":"20, 63, 302N, 304N, 304Na, 304Nb, 307N","arr":["20","63","302N","304N","304Na","304Nb","307N"],"terminus":0,"mode":"bus","color":"#0059a9","colorDark":"#00294f","angle":214.2,"snapDist":6,"label":1}},{"type":"Feature","geometry":{"type":"Point","coordinates":[20.516414,44.788651]},"properties":{"name":"Koste Trifkovića","lines":"20, 63, 302N, 304N, 304Na, 304Nb, 307N, 309","arr":["20","63","302N","304N","304Na","304Nb","307N","309"],"terminus":0,"mode":"bus","color":"#0059a9","colorDark":"#00294f","angle":235.1,"snapDist":9,"label":1}},{"type":"Feature","geometry":{"type":"Point","coordinates":[20.517561,44.783919]},"properties":{"name":"Bulevar kralja Aleksandra","lines":"20, 50, 64, 302N, 308","arr":["20","50","64","302N","308"],"terminus":1,"mode":"bus","color":"#0059a9","colorDark":"#00294f","angle":334.8,"snapDist":5,"label":1}},{"type":"Feature","geometry":{"type":"Point","coordinates":[20.513915,44.785616]},"properties":{"name":"Rudo","lines":"20","arr":["20"],"terminus":0,"mode":"bus","color":"#0059a9","colorDark":"#00294f","angle":95.4,"snapDist":5,"label":1}},{"type":"Feature","geometry":{"type":"Point","coordinates":[20.511308,44.785787]},"properties":{"name":"Budvanska","lines":"20","arr":["20"],"terminus":0,"mode":"bus","color":"#0059a9","colorDark":"#00294f","angle":344.2,"snapDist":4,"label":1}},{"type":"Feature","geometry":{"type":"Point","coordinates":[20.507231,44.785]},"properties":{"name":"Učiteljsko naselje","lines":"20","arr":["20"],"terminus":0,"mode":"bus","color":"#0059a9","colorDark":"#00294f","angle":345.1,"snapDist":5,"label":0}},{"type":"Feature","geometry":{"type":"Point","coordinates":[20.505347,44.78816]},"properties":{"name":"dr Velizara Kosanovića","lines":"20, 21A","arr":["20","21A"],"terminus":0,"mode":"bus","color":"#0059a9","colorDark":"#00294f","angle":359,"snapDist":6,"label":1}},{"type":"Feature","geometry":{"type":"Point","coordinates":[20.501352,44.786871]},"properties":{"name":"Rimska","lines":"20","arr":["20"],"terminus":0,"mode":"bus","color":"#0059a9","colorDark":"#00294f","angle":326.4,"snapDist":7,"label":0}},{"type":"Feature","geometry":{"type":"Point","coordinates":[20.501487,44.782874]},"properties":{"name":"Šumice","lines":"20, 29, 29N, 38, 50, 64, 302N","arr":["20","29","29N","38","50","64","302N"],"terminus":1,"mode":"bus","color":"#0059a9","colorDark":"#00294f","angle":254.4,"snapDist":5,"label":1}},{"type":"Feature","geometry":{"type":"Point","coordinates":[20.499792,44.774866]},"properties":{"name":"Medaković 2","lines":"20, 29, 29N, 50","arr":["20","29","29N","50"],"terminus":0,"mode":"bus","color":"#0059a9","colorDark":"#00294f","angle":273.2,"snapDist":2,"label":0}},{"type":"Feature","geometry":{"type":"Point","coordinates":[20.502259,44.772161]},"properties":{"name":"Svetozara Radojčića","lines":"20, 29, 29N, 50","arr":["20","29","29N","50"],"terminus":0,"mode":"bus","color":"#0059a9","colorDark":"#00294f","angle":219.4,"snapDist":1,"label":1}},{"type":"Feature","geometry":{"type":"Point","coordinates":[20.504951,44.771921]},"properties":{"name":"Veselina Čajkanovića","lines":"20, 29","arr":["20","29"],"terminus":0,"mode":"bus","color":"#0059a9","colorDark":"#00294f","angle":164.8,"snapDist":2,"label":1}},{"type":"Feature","geometry":{"type":"Point","coordinates":[20.508298,44.772263]},"properties":{"name":"Medaković 3","lines":"20","arr":["20"],"terminus":1,"mode":"bus","color":"#0059a9","colorDark":"#00294f","angle":192.6,"snapDist":3,"label":0}},{"type":"Feature","geometry":{"type":"Point","coordinates":[20.502685,44.772039]},"properties":{"name":"Svetozara Radojčića","lines":"20, 29, 29N, 50","arr":["20","29","29N","50"],"terminus":0,"mode":"bus","color":"#0059a9","colorDark":"#00294f","angle":37.6,"snapDist":7,"label":0}},{"type":"Feature","geometry":{"type":"Point","coordinates":[20.500155,44.775738]},"properties":{"name":"Medaković 2","lines":"20, 29, 29N, 50","arr":["20","29","29N","50"],"terminus":0,"mode":"bus","color":"#0059a9","colorDark":"#00294f","angle":109.2,"snapDist":6,"label":0}},{"type":"Feature","geometry":{"type":"Point","coordinates":[20.501987,44.781857]},"properties":{"name":"Vladimira Tomanovića","lines":"20, 29, 29N, 38, 38L, 50, 64, 302N","arr":["20","29","29N","38","38L","50","64","302N"],"terminus":0,"mode":"bus","color":"#0059a9","colorDark":"#00294f","angle":78.1,"snapDist":7,"label":1}},{"type":"Feature","geometry":{"type":"Point","coordinates":[20.501601,44.786988]},"properties":{"name":"Rimska","lines":"20, 21A","arr":["20","21A"],"terminus":0,"mode":"bus","color":"#0059a9","colorDark":"#00294f","angle":146.4,"snapDist":2,"label":0}},{"type":"Feature","geometry":{"type":"Point","coordinates":[20.504657,44.788148]},"properties":{"name":"dr Velizara Kosanovića","lines":"20, 21A","arr":["20","21A"],"terminus":0,"mode":"bus","color":"#0059a9","colorDark":"#00294f","angle":178.4,"snapDist":2,"label":0}},{"type":"Feature","geometry":{"type":"Point","coordinates":[20.507668,44.785083]},"properties":{"name":"Učiteljsko naselje","lines":"20","arr":["20"],"terminus":0,"mode":"bus","color":"#0059a9","colorDark":"#00294f","angle":165.1,"snapDist":4,"label":0}},{"type":"Feature","geometry":{"type":"Point","coordinates":[20.510846,44.785694]},"properties":{"name":"Budvanska","lines":"20","arr":["20"],"terminus":0,"mode":"bus","color":"#0059a9","colorDark":"#00294f","angle":164.6,"snapDist":5,"label":0}},{"type":"Feature","geometry":{"type":"Point","coordinates":[20.513928,44.784246]},"properties":{"name":"Rudo","lines":"20","arr":["20"],"terminus":0,"mode":"bus","color":"#0059a9","colorDark":"#00294f","angle":250.2,"snapDist":6,"label":0}},{"type":"Feature","geometry":{"type":"Point","coordinates":[20.517458,44.783818]},"properties":{"name":"Bulevar kralja Aleksandra","lines":"20, 64, 302N, 308","arr":["20","64","302N","308"],"terminus":0,"mode":"bus","color":"#0059a9","colorDark":"#00294f","angle":154.8,"snapDist":5,"label":0}},{"type":"Feature","geometry":{"type":"Point","coordinates":[20.515771,44.789297]},"properties":{"name":"Koste Trifkovića","lines":"20, 63, 301Na, 302N, 304N, 304Na, 304Nb, 307N, 307Na, 309","arr":["20","63","301Na","302N","304N","304Na","304Nb","307N","307Na","309"],"terminus":0,"mode":"bus","color":"#0059a9","colorDark":"#00294f","angle":47.7,"snapDist":6,"label":0}},{"type":"Feature","geometry":{"type":"Point","coordinates":[20.5144,44.791394]},"properties":{"name":"Mite Ružića","lines":"20, 46, 63, 79","arr":["20","46","63","79"],"terminus":0,"mode":"bus","color":"#0059a9","colorDark":"#00294f","angle":148.9,"snapDist":6,"label":0}},{"type":"Feature","geometry":{"type":"Point","coordinates":[20.518504,44.791057]},"properties":{"name":"Milana Rakića","lines":"20, 79","arr":["20","79"],"terminus":0,"mode":"bus","color":"#0059a9","colorDark":"#00294f","angle":202.1,"snapDist":1,"label":0}},{"type":"Feature","geometry":{"type":"Point","coordinates":[20.525392,44.790877]},"properties":{"name":"Vitezova Karađorđeve zvezde","lines":"20, 79","arr":["20","79"],"terminus":0,"mode":"bus","color":"#0059a9","colorDark":"#00294f","angle":212.5,"snapDist":4,"label":0}},{"type":"Feature","geometry":{"type":"Point","coordinates":[20.531042,44.786504]},"properties":{"name":"16. oktobra","lines":"20, 79","arr":["20","79"],"terminus":0,"mode":"bus","color":"#0059a9","colorDark":"#00294f","angle":174.5,"snapDist":4,"label":0}},{"type":"Feature","geometry":{"type":"Point","coordinates":[20.537051,44.787711]},"properties":{"name":"Branka Ćopića","lines":"20, 79","arr":["20","79"],"terminus":0,"mode":"bus","color":"#0059a9","colorDark":"#00294f","angle":119.5,"snapDist":0,"label":0}},{"type":"Feature","geometry":{"type":"Point","coordinates":[20.538619,44.789993]},"properties":{"name":"Matice Srpske","lines":"20, 25P, 27E, 27N, 74, E6","arr":["20","25P","27E","27N","74","E6"],"terminus":0,"mode":"bus","color":"#0059a9","colorDark":"#00294f","angle":161.2,"snapDist":8,"label":0}},{"type":"Feature","geometry":{"type":"Point","coordinates":[20.540501,44.791007]},"properties":{"name":"Semjuela Beketa","lines":"20, 27, 27N, 74, 79","arr":["20","27","27N","74","79"],"terminus":0,"mode":"bus","color":"#0059a9","colorDark":"#00294f","angle":79.1,"snapDist":4,"label":0}},{"type":"Feature","geometry":{"type":"Point","coordinates":[20.536834,44.793853]},"properties":{"name":"Mirijevo 3","lines":"20, 27, 27N, 74","arr":["20","27","27N","74"],"terminus":1,"mode":"bus","color":"#0059a9","colorDark":"#00294f","angle":55.3,"snapDist":7,"label":0}},{"type":"Feature","geometry":{"type":"Point","coordinates":[20.506973,44.786098]},"properties":{"name":"Učiteljsko naselje","lines":"21A","arr":["21A"],"terminus":1,"mode":"bus","color":"#0059a9","colorDark":"#00294f","angle":163.1,"snapDist":6,"label":1}},{"type":"Feature","geometry":{"type":"Point","coordinates":[20.508808,44.787197]},"properties":{"name":"Marčanska","lines":"21A","arr":["21A"],"terminus":0,"mode":"bus","color":"#0059a9","colorDark":"#00294f","angle":82.8,"snapDist":5,"label":1}},{"type":"Feature","geometry":{"type":"Point","coordinates":[20.496867,44.791296]},"properties":{"name":"Škola Vojislav Ilić","lines":"22, 46, 55","arr":["22","46","55"],"terminus":0,"mode":"bus","color":"#0059a9","colorDark":"#00294f","angle":355.3,"snapDist":6,"label":0}},{"type":"Feature","geometry":{"type":"Point","coordinates":[20.49439,44.79096]},"properties":{"name":"Bačvanska","lines":"22, 46, 55","arr":["22","46","55"],"terminus":0,"mode":"bus","color":"#0059a9","colorDark":"#00294f","angle":349.1,"snapDist":6,"label":1}},{"type":"Feature","geometry":{"type":"Point","coordinates":[20.490821,44.791423]},"properties":{"name":"Grčića Milenka","lines":"22, 46, 55","arr":["22","46","55"],"terminus":0,"mode":"bus","color":"#0059a9","colorDark":"#00294f","angle":14.3,"snapDist":5,"label":1}},{"type":"Feature","geometry":{"type":"Point","coordinates":[20.484868,44.790632]},"properties":{"name":"Kruševačka","lines":"22","arr":["22"],"terminus":1,"mode":"bus","color":"#149a3f","colorDark":"#0a5121","angle":267.7,"snapDist":9,"label":1}},{"type":"Feature","geometry":{"type":"Point","coordinates":[20.485468,44.79083]},"properties":{"name":"Kruševačka","lines":"22","arr":["22"],"terminus":1,"mode":"bus","color":"#149a3f","colorDark":"#0a5121","angle":117.4,"snapDist":5,"label":0}},{"type":"Feature","geometry":{"type":"Point","coordinates":[20.489305,44.791654]},"properties":{"name":"Grčića Milenka","lines":"22, 46, 55","arr":["22","46","55"],"terminus":0,"mode":"bus","color":"#0059a9","colorDark":"#00294f","angle":187.8,"snapDist":2,"label":0}},{"type":"Feature","geometry":{"type":"Point","coordinates":[20.493789,44.790905]},"properties":{"name":"Bačvanska","lines":"22, 46, 55","arr":["22","46","55"],"terminus":0,"mode":"bus","color":"#0059a9","colorDark":"#00294f","angle":181.1,"snapDist":3,"label":0}},{"type":"Feature","geometry":{"type":"Point","coordinates":[20.522193,44.806957]},"properties":{"name":"Karaburma 2","lines":"23","arr":["23"],"terminus":1,"mode":"bus","color":"#0059a9","colorDark":"#00294f","angle":87.8,"snapDist":5,"label":0}},{"type":"Feature","geometry":{"type":"Point","coordinates":[20.476175,44.815928]},"properties":{"name":"Cvijićeva","lines":"23, 58","arr":["23","58"],"terminus":0,"mode":"bus","color":"#0059a9","colorDark":"#00294f","angle":312.7,"snapDist":6,"label":0}},{"type":"Feature","geometry":{"type":"Point","coordinates":[20.471313,44.812831]},"properties":{"name":"27. Marta","lines":"23, 28, 37, 40, 44, 44a, 58, 304N, 304Na, 304Nb","arr":["23","28","37","40","44","44a","58","304N","304Na","304Nb"],"terminus":0,"mode":"bus","color":"#0059a9","colorDark":"#00294f","angle":317.7,"snapDist":7,"label":1}},{"type":"Feature","geometry":{"type":"Point","coordinates":[20.467233,44.811023]},"properties":{"name":"Glavna pošta","lines":"23, 37, 37N, 40, 41, 44, 44a, 56N, 58, 511N, 511Na, 511Nb, E2","arr":["23","37","37N","40","41","44","44a","56N","58","511N","511Na","511Nb","E2"],"terminus":0,"mode":"bus","color":"#0059a9","colorDark":"#00294f","angle":332.2,"snapDist":6,"label":1}},{"type":"Feature","geometry":{"type":"Point","coordinates":[20.461472,44.80672]},"properties":{"name":"Admirala Geprata","lines":"23, 37, 37N, 40, 41, 44, 44a, 56N, 58, 74, 511N, 511Na, 511Nb, E2","arr":["23","37","37N","40","41","44","44a","56N","58","74","511N","511Na","511Nb","E2"],"terminus":0,"mode":"bus","color":"#0059a9","colorDark":"#00294f","angle":311.2,"snapDist":8,"label":1}},{"type":"Feature","geometry":{"type":"Point","coordinates":[20.456025,44.802215]},"properties":{"name":"Miloša Pocerca","lines":"23, 37, 37N, 40, 41, 44, 44a, 52, 53, 56, 56L, 56N, 58, 74, 511N, 511Na, 511Nb, E2","arr":["23","37","37N","40","41","44","44a","52","53","56","56L","56N","58","74","511N","511Na","511Nb","E2"],"terminus":0,"mode":"bus","color":"#0059a9","colorDark":"#00294f","angle":308.4,"snapDist":11,"label":1}},{"type":"Feature","geometry":{"type":"Point","coordinates":[20.449118,44.798731]},"properties":{"name":"Mostar","lines":"23, 36, 37, 37N, 38L, 46, 52, 53, 55, 56, 56L, 56N, 58, 493N, 511N, 511Na, 511Nb, 600, E2","arr":["23","36","37","37N","38L","46","52","53","55","56","56L","56N","58","493N","511N","511Na","511Nb","600","E2"],"terminus":0,"mode":"bus","color":"#0059a9","colorDark":"#00294f","angle":36.1,"snapDist":8,"label":0}},{"type":"Feature","geometry":{"type":"Point","coordinates":[20.421104,44.782984]},"properties":{"name":"Šumarski fakultet","lines":"23, 37, 37N, 49, 51, 51N, 52, 53, 56N, 58, 85, 88, 607","arr":["23","37","37N","49","51","51N","52","53","56N","58","85","88","607"],"terminus":0,"mode":"bus","color":"#0059a9","colorDark":"#00294f","angle":334.8,"snapDist":7,"label":1}},{"type":"Feature","geometry":{"type":"Point","coordinates":[20.417239,44.78097]},"properties":{"name":"Škola Josif Pančić","lines":"23, 37, 37N, 49, 51, 51N, 52, 53, 56N, 58, 85, 87A, 88, 607, E2","arr":["23","37","37N","49","51","51N","52","53","56N","58","85","87A","88","607","E2"],"terminus":0,"mode":"bus","color":"#0059a9","colorDark":"#00294f","angle":298.6,"snapDist":5,"label":1}},{"type":"Feature","geometry":{"type":"Point","coordinates":[20.41458,44.777691]},"properties":{"name":"Dom zdravlja","lines":"23, 37, 37N, 49, 51, 51N, 52, 53, 56N, 58, 85, 87A, 88, 607, E2","arr":["23","37","37N","49","51","51N","52","53","56N","58","85","87A","88","607","E2"],"terminus":0,"mode":"bus","color":"#0059a9","colorDark":"#00294f","angle":302.4,"snapDist":7,"label":1}},{"type":"Feature","geometry":{"type":"Point","coordinates":[20.413677,44.775344]},"properties":{"name":"Kijevska","lines":"23, 37, 37N, 49, 51, 51N, 52, 53, 56N, 58, 85, 87A, 88, 607, E2","arr":["23","37","37N","49","51","51N","52","53","56N","58","85","87A","88","607","E2"],"terminus":0,"mode":"bus","color":"#0059a9","colorDark":"#00294f","angle":274.2,"snapDist":7,"label":1}},{"type":"Feature","geometry":{"type":"Point","coordinates":[20.417058,44.771257]},"properties":{"name":"Petra Lekovića","lines":"23, 37N, 53, 56N, E2","arr":["23","37N","53","56N","E2"],"terminus":0,"mode":"bus","color":"#0059a9","colorDark":"#00294f","angle":256.5,"snapDist":5,"label":1}},{"type":"Feature","geometry":{"type":"Point","coordinates":[20.419822,44.768108]},"properties":{"name":"Žarkovačka","lines":"23, 37N, 53, 56N, E2","arr":["23","37N","53","56N","E2"],"terminus":0,"mode":"bus","color":"#0059a9","colorDark":"#00294f","angle":207.7,"snapDist":3,"label":1}},{"type":"Feature","geometry":{"type":"Point","coordinates":[20.428024,44.7643]},"properties":{"name":"SC Košutnjak","lines":"23, 53, 56N, E2","arr":["23","53","56N","E2"],"terminus":0,"mode":"bus","color":"#0059a9","colorDark":"#00294f","angle":213.2,"snapDist":6,"label":1}},{"type":"Feature","geometry":{"type":"Point","coordinates":[20.432846,44.759512]},"properties":{"name":"Pionirski grad","lines":"23, 53, 56N, E2","arr":["23","53","56N","E2"],"terminus":0,"mode":"bus","color":"#0059a9","colorDark":"#00294f","angle":230.1,"snapDist":8,"label":1}},{"type":"Feature","geometry":{"type":"Point","coordinates":[20.434812,44.75169]},"properties":{"name":"Luke Vojvodića","lines":"23, 53, 56N, E2","arr":["23","53","56N","E2"],"terminus":0,"mode":"bus","color":"#0059a9","colorDark":"#00294f","angle":308.6,"snapDist":8,"label":1}},{"type":"Feature","geometry":{"type":"Point","coordinates":[20.433216,44.75029]},"properties":{"name":"Miloja Zakića","lines":"23, 53, 56N, E2","arr":["23","53","56N","E2"],"terminus":0,"mode":"bus","color":"#0059a9","colorDark":"#00294f","angle":310,"snapDist":5,"label":1}},{"type":"Feature","geometry":{"type":"Point","coordinates":[20.430911,44.748255]},"properties":{"name":"Ratka Mitrovića","lines":"23, 53, 56N, E2","arr":["23","53","56N","E2"],"terminus":0,"mode":"bus","color":"#0059a9","colorDark":"#00294f","angle":309,"snapDist":7,"label":1}},{"type":"Feature","geometry":{"type":"Point","coordinates":[20.428412,44.746244]},"properties":{"name":"Vojno medicinski centar","lines":"23, 37, 37N, 50, 53, 56N, 89, E2","arr":["23","37","37N","50","53","56N","89","E2"],"terminus":0,"mode":"bus","color":"#0059a9","colorDark":"#00294f","angle":312.5,"snapDist":10,"label":1}},{"type":"Feature","geometry":{"type":"Point","coordinates":[20.424532,44.742608]},"properties":{"name":"Pilota Mihajla Petrovića","lines":"23, 53, 56N, 59, 89, 504, 534, E2","arr":["23","53","56N","59","89","504","534","E2"],"terminus":0,"mode":"bus","color":"#0059a9","colorDark":"#00294f","angle":288,"snapDist":7,"label":1}},{"type":"Feature","geometry":{"type":"Point","coordinates":[20.422727,44.740205]},"properties":{"name":"MZ Vidikovac","lines":"23, 53, 56N, 59, 89, 534, E2","arr":["23","53","56N","59","89","534","E2"],"terminus":0,"mode":"bus","color":"#0059a9","colorDark":"#00294f","angle":316.6,"snapDist":6,"label":1}},{"type":"Feature","geometry":{"type":"Point","coordinates":[20.420085,44.738465]},"properties":{"name":"Vidikovački venac","lines":"23, 53, 56N, 59, 89, 504, 534, E2","arr":["23","53","56N","59","89","504","534","E2"],"terminus":0,"mode":"bus","color":"#0059a9","colorDark":"#00294f","angle":306.3,"snapDist":5,"label":1}},{"type":"Feature","geometry":{"type":"Point","coordinates":[20.420728,44.733642]},"properties":{"name":"Toplana","lines":"23, 53, 56N, 59, 89, 504, 534, E2","arr":["23","53","56N","59","89","504","534","E2"],"terminus":0,"mode":"bus","color":"#0059a9","colorDark":"#00294f","angle":265.3,"snapDist":2,"label":1}},{"type":"Feature","geometry":{"type":"Point","coordinates":[20.420521,44.731941]},"properties":{"name":"Vidikovac","lines":"23, 53, 521, 521a","arr":["23","53","521","521a"],"terminus":1,"mode":"bus","color":"#0059a9","colorDark":"#00294f","angle":267.3,"snapDist":5,"label":1}},{"type":"Feature","geometry":{"type":"Point","coordinates":[20.420627,44.731649]},"properties":{"name":"Vidikovac","lines":"23, 53","arr":["23","53"],"terminus":1,"mode":"bus","color":"#0059a9","colorDark":"#00294f","angle":201.8,"snapDist":16,"label":0}},{"type":"Feature","geometry":{"type":"Point","coordinates":[20.420538,44.734539]},"properties":{"name":"Toplana","lines":"23, 53, 56N, 59, 89, 504, 534, E2","arr":["23","53","56N","59","89","504","534","E2"],"terminus":0,"mode":"bus","color":"#0059a9","colorDark":"#00294f","angle":78.6,"snapDist":5,"label":0}},{"type":"Feature","geometry":{"type":"Point","coordinates":[20.420958,44.739088]},"properties":{"name":"Vidikovački venac","lines":"23, 53, 56N, 59, 89, 534, E2","arr":["23","53","56N","59","89","534","E2"],"terminus":0,"mode":"bus","color":"#0059a9","colorDark":"#00294f","angle":138.3,"snapDist":5,"label":0}},{"type":"Feature","geometry":{"type":"Point","coordinates":[20.423144,44.740494]},"properties":{"name":"MZ Vidikovac","lines":"23, 53, 56N, 59, 89, 534, E2","arr":["23","53","56N","59","89","534","E2"],"terminus":0,"mode":"bus","color":"#0059a9","colorDark":"#00294f","angle":134.1,"snapDist":4,"label":0}},{"type":"Feature","geometry":{"type":"Point","coordinates":[20.425774,44.744203]},"properties":{"name":"Pilota Mihajla Petrovića","lines":"23, 37, 37N, 50, 53, 56N, 89, E2","arr":["23","37","37N","50","53","56N","89","E2"],"terminus":0,"mode":"bus","color":"#0059a9","colorDark":"#00294f","angle":132.9,"snapDist":8,"label":0}},{"type":"Feature","geometry":{"type":"Point","coordinates":[20.430679,44.748052]},"properties":{"name":"Ratka Mitrovića","lines":"23, 53, 56N, 57, E2","arr":["23","53","56N","57","E2"],"terminus":0,"mode":"bus","color":"#0059a9","colorDark":"#00294f","angle":129,"snapDist":7,"label":0}},{"type":"Feature","geometry":{"type":"Point","coordinates":[20.433064,44.750161]},"properties":{"name":"Miloja Zakića","lines":"23, 53, 56N, E2","arr":["23","53","56N","E2"],"terminus":0,"mode":"bus","color":"#0059a9","colorDark":"#00294f","angle":130,"snapDist":10,"label":0}},{"type":"Feature","geometry":{"type":"Point","coordinates":[20.43517,44.752001]},"properties":{"name":"Luke Vojvodića","lines":"23, 53, 56N, E2","arr":["23","53","56N","E2"],"terminus":0,"mode":"bus","color":"#0059a9","colorDark":"#00294f","angle":128.4,"snapDist":6,"label":0}},{"type":"Feature","geometry":{"type":"Point","coordinates":[20.432686,44.75965]},"properties":{"name":"Pionirski grad","lines":"23, 53, 56N, E2","arr":["23","53","56N","E2"],"terminus":0,"mode":"bus","color":"#0059a9","colorDark":"#00294f","angle":50.7,"snapDist":8,"label":0}},{"type":"Feature","geometry":{"type":"Point","coordinates":[20.428688,44.76399]},"properties":{"name":"SC Košutnjak","lines":"23, 53, 56N, E2","arr":["23","53","56N","E2"],"terminus":0,"mode":"bus","color":"#0059a9","colorDark":"#00294f","angle":33.5,"snapDist":7,"label":0}},{"type":"Feature","geometry":{"type":"Point","coordinates":[20.420373,44.7679]},"properties":{"name":"Žarkovačka","lines":"23, 53, 56N, E2","arr":["23","53","56N","E2"],"terminus":0,"mode":"bus","color":"#0059a9","colorDark":"#00294f","angle":29.8,"snapDist":7,"label":0}},{"type":"Feature","geometry":{"type":"Point","coordinates":[20.41699,44.771458]},"properties":{"name":"Petra Lekovića","lines":"23, 37N, 53, 56N, E2","arr":["23","37N","53","56N","E2"],"terminus":0,"mode":"bus","color":"#0059a9","colorDark":"#00294f","angle":76.5,"snapDist":7,"label":0}},{"type":"Feature","geometry":{"type":"Point","coordinates":[20.413716,44.775822]},"properties":{"name":"Kijevska","lines":"23, 37, 37N, 49, 51, 51N, 52, 53, 56N, 57, 58, 85, 87, 88, 607, E2","arr":["23","37","37N","49","51","51N","52","53","56N","57","58","85","87","88","607","E2"],"terminus":0,"mode":"bus","color":"#0059a9","colorDark":"#00294f","angle":94.5,"snapDist":8,"label":0}},{"type":"Feature","geometry":{"type":"Point","coordinates":[20.415802,44.779093]},"properties":{"name":"Dom zdravlja","lines":"23, 37, 37N, 49, 51, 51N, 52, 53, 56N, 57, 58, 85, 87, 88, 607, E2","arr":["23","37","37N","49","51","51N","52","53","56N","57","58","85","87","88","607","E2"],"terminus":0,"mode":"bus","color":"#0059a9","colorDark":"#00294f","angle":118.6,"snapDist":12,"label":0}},{"type":"Feature","geometry":{"type":"Point","coordinates":[20.417712,44.781586]},"properties":{"name":"Škola Josif Pančić","lines":"23, 37, 37N, 49, 51, 51N, 52, 53, 56N, 57, 58, 85, 87, 88, 607, E2","arr":["23","37","37N","49","51","51N","52","53","56N","57","58","85","87","88","607","E2"],"terminus":0,"mode":"bus","color":"#0059a9","colorDark":"#00294f","angle":119.1,"snapDist":10,"label":0}},{"type":"Feature","geometry":{"type":"Point","coordinates":[20.417847,44.784811]},"properties":{"name":"Kirovljeva","lines":"23, 37, 37N, 51, 51N, 52, 53, 56N, 58, 85, 87, 88, E2","arr":["23","37","37N","51","51N","52","53","56N","58","85","87","88","E2"],"terminus":0,"mode":"bus","color":"#0059a9","colorDark":"#00294f","angle":86.4,"snapDist":11,"label":1}},{"type":"Feature","geometry":{"type":"Point","coordinates":[20.419982,44.788541]},"properties":{"name":"Ada Ciganlija","lines":"23, 37, 37N, 51, 51N, 52, 53, 55, 56, 56L, 56N, 58, 85, 87A, 88, 89, 91, 91a, 92, 511, 511N, 511Na, 511Nb, E2","arr":["23","37","37N","51","51N","52","53","55","56","56L","56N","58","85","87A","88","89","91","91a","92","511","511N","511Na","511Nb","E2"],"terminus":0,"mode":"bus","color":"#0059a9","colorDark":"#00294f","angle":151,"snapDist":6,"label":1}},{"type":"Feature","geometry":{"type":"Point","coordinates":[20.427132,44.79231]},"properties":{"name":"Petlja Radnička","lines":"23, 37, 37N, 51, 51N, 52, 53, 56, 56N, 58, 88, 511N, 511Na, 511Nb, E2","arr":["23","37","37N","51","51N","52","53","56","56N","58","88","511N","511Na","511Nb","E2"],"terminus":0,"mode":"bus","color":"#0059a9","colorDark":"#00294f","angle":149.3,"snapDist":3,"label":1}},{"type":"Feature","geometry":{"type":"Point","coordinates":[20.448966,44.798235]},"properties":{"name":"Mostar","lines":"23, 36, 37, 37N, 38L, 46, 55, 56N, 58, 511N, 511Na, 511Nb, 600, E2","arr":["23","36","37","37N","38L","46","55","56N","58","511N","511Na","511Nb","600","E2"],"terminus":0,"mode":"bus","color":"#0059a9","colorDark":"#00294f","angle":216.6,"snapDist":7,"label":0}},{"type":"Feature","geometry":{"type":"Point","coordinates":[20.455566,44.80181]},"properties":{"name":"Višegradska","lines":"23, 37, 37N, 40, 41, 44, 44a, 56N, 58, 74, 511N, 511Na, 511Nb, E2","arr":["23","37","37N","40","41","44","44a","56N","58","74","511N","511Na","511Nb","E2"],"terminus":0,"mode":"bus","color":"#0059a9","colorDark":"#00294f","angle":129.5,"snapDist":13,"label":1}},{"type":"Feature","geometry":{"type":"Point","coordinates":[20.459527,44.80512]},"properties":{"name":"Birčaninova","lines":"23, 37, 37N, 40, 41, 44, 44a, 56N, 58, 74, 511N, 511Na, 511Nb, E2","arr":["23","37","37N","40","41","44","44a","56N","58","74","511N","511Na","511Nb","E2"],"terminus":0,"mode":"bus","color":"#0059a9","colorDark":"#00294f","angle":130.4,"snapDist":10,"label":1}},{"type":"Feature","geometry":{"type":"Point","coordinates":[20.462926,44.80794]},"properties":{"name":"London","lines":"23, 37, 37N, 40, 41, 44, 44a, 56N, 58, 511N, 511Na, 511Nb, E2","arr":["23","37","37N","40","41","44","44a","56N","58","511N","511Na","511Nb","E2"],"terminus":0,"mode":"bus","color":"#0059a9","colorDark":"#00294f","angle":131.3,"snapDist":6,"label":1}},{"type":"Feature","geometry":{"type":"Point","coordinates":[20.468381,44.81141]},"properties":{"name":"Glavna pošta","lines":"23, 24, 37, 37N, 40, 41, 44, 44a, 56N, 58, 202N, 302N, 307N, 307Na, 511N, 511Na, 511Nb, E2","arr":["23","24","37","37N","40","41","44","44a","56N","58","202N","302N","307N","307Na","511N","511Na","511Nb","E2"],"terminus":0,"mode":"bus","color":"#0059a9","colorDark":"#00294f","angle":150.1,"snapDist":10,"label":0}},{"type":"Feature","geometry":{"type":"Point","coordinates":[20.47265,44.813714]},"properties":{"name":"27. Marta","lines":"23, 28, 40, 58, 304N, 304Na, 304Nb","arr":["23","28","40","58","304N","304Na","304Nb"],"terminus":0,"mode":"bus","color":"#0059a9","colorDark":"#00294f","angle":137.4,"snapDist":10,"label":0}},{"type":"Feature","geometry":{"type":"Point","coordinates":[20.457667,44.824655]},"properties":{"name":"Braće Baruh","lines":"24, 79","arr":["24","79"],"terminus":0,"mode":"bus","color":"#0059a9","colorDark":"#00294f","angle":217.3,"snapDist":7,"label":1}},{"type":"Feature","geometry":{"type":"Point","coordinates":[20.460489,44.823161]},"properties":{"name":"Kralja Petra","lines":"24, 26, 26N, 79","arr":["24","26","26N","79"],"terminus":0,"mode":"bus","color":"#0059a9","colorDark":"#00294f","angle":218.2,"snapDist":8,"label":1}},{"type":"Feature","geometry":{"type":"Point","coordinates":[20.464286,44.821098]},"properties":{"name":"Dorćol /Kneginje Ljubice/","lines":"24, 26, 26N, 79","arr":["24","26","26N","79"],"terminus":0,"mode":"bus","color":"#0059a9","colorDark":"#00294f","angle":217,"snapDist":9,"label":1}},{"type":"Feature","geometry":{"type":"Point","coordinates":[20.465346,44.819401]},"properties":{"name":"Dušanova","lines":"24","arr":["24"],"terminus":0,"mode":"bus","color":"#0059a9","colorDark":"#00294f","angle":319.1,"snapDist":6,"label":1}},{"type":"Feature","geometry":{"type":"Point","coordinates":[20.465352,44.815263]},"properties":{"name":"Makedonska","lines":"24, 28, 37N, 41, 56N, 65, 77, 202N, 302N, 304N, 304Na, 304Nb, 307N, 511N, 511Na, 511Nb, E2, EKO1","arr":["24","28","37N","41","56N","65","77","202N","302N","304N","304Na","304Nb","307N","511N","511Na","511Nb","E2","EKO1"],"terminus":0,"mode":"bus","color":"#0059a9","colorDark":"#00294f","angle":196.8,"snapDist":6,"label":1}},{"type":"Feature","geometry":{"type":"Point","coordinates":[20.468212,44.809076]},"properties":{"name":"Resavska","lines":"24, 74, 202N, 302N, 307N, EKO1","arr":["24","74","202N","302N","307N","EKO1"],"terminus":0,"mode":"bus","color":"#0059a9","colorDark":"#00294f","angle":220.3,"snapDist":5,"label":1}},{"type":"Feature","geometry":{"type":"Point","coordinates":[20.46917,44.807991]},"properties":{"name":"Tašmajdan","lines":"24","arr":["24"],"terminus":0,"mode":"bus","color":"#0059a9","colorDark":"#00294f","angle":311,"snapDist":8,"label":1}},{"type":"Feature","geometry":{"type":"Point","coordinates":[20.466945,44.80484]},"properties":{"name":"Cvetni trg","lines":"24","arr":["24"],"terminus":0,"mode":"bus","color":"#0059a9","colorDark":"#00294f","angle":220.5,"snapDist":1,"label":1}},{"type":"Feature","geometry":{"type":"Point","coordinates":[20.470355,44.802771]},"properties":{"name":"Smiljanićeva","lines":"24","arr":["24"],"terminus":0,"mode":"bus","color":"#0059a9","colorDark":"#00294f","angle":222,"snapDist":4,"label":1}},{"type":"Feature","geometry":{"type":"Point","coordinates":[20.473486,44.800818]},"properties":{"name":"GO Vračar","lines":"24","arr":["24"],"terminus":0,"mode":"bus","color":"#0059a9","colorDark":"#00294f","angle":221.3,"snapDist":3,"label":1}},{"type":"Feature","geometry":{"type":"Point","coordinates":[20.473705,44.794648]},"properties":{"name":"Internacionalnih brigada","lines":"24","arr":["24"],"terminus":0,"mode":"bus","color":"#0059a9","colorDark":"#00294f","angle":355.6,"snapDist":3,"label":1}},{"type":"Feature","geometry":{"type":"Point","coordinates":[20.473217,44.794058]},"properties":{"name":"Neimar","lines":"24","arr":["24"],"terminus":1,"mode":"bus","color":"#0059a9","colorDark":"#00294f","angle":165.5,"snapDist":5,"label":1}},{"type":"Feature","geometry":{"type":"Point","coordinates":[20.472684,44.801308]},"properties":{"name":"GO Vračar","lines":"24","arr":["24"],"terminus":0,"mode":"bus","color":"#0059a9","colorDark":"#00294f","angle":39.9,"snapDist":6,"label":0}},{"type":"Feature","geometry":{"type":"Point","coordinates":[20.469973,44.803005]},"properties":{"name":"Smiljanićeva","lines":"24","arr":["24"],"terminus":0,"mode":"bus","color":"#0059a9","colorDark":"#00294f","angle":40.8,"snapDist":6,"label":0}},{"type":"Feature","geometry":{"type":"Point","coordinates":[20.467383,44.804577]},"properties":{"name":"Cvetni trg","lines":"24","arr":["24"],"terminus":0,"mode":"bus","color":"#0059a9","colorDark":"#00294f","angle":40,"snapDist":4,"label":0}},{"type":"Feature","geometry":{"type":"Point","coordinates":[20.47036,44.807405]},"properties":{"name":"Tašmajdan","lines":"24","arr":["24"],"terminus":0,"mode":"bus","color":"#0059a9","colorDark":"#00294f","angle":130.7,"snapDist":5,"label":0}},{"type":"Feature","geometry":{"type":"Point","coordinates":[20.467057,44.809931]},"properties":{"name":"Glavna pošta","lines":"24, 202N, 301Na, 302N, 307N, 307Na, EKO1","arr":["24","202N","301Na","302N","307N","307Na","EKO1"],"terminus":0,"mode":"bus","color":"#0059a9","colorDark":"#00294f","angle":41.7,"snapDist":8,"label":0}},{"type":"Feature","geometry":{"type":"Point","coordinates":[20.464854,44.815371]},"properties":{"name":"Makedonska","lines":"24, 27N, 28, 32N, 37N, 41, 56N, 65, 77, 202N, 302N, 304N, 304Na, 304Nb, 307N, 307Na, 511N, 511Na, 511Nb, E2, EKO1","arr":["24","27N","28","32N","37N","41","56N","65","77","202N","302N","304N","304Na","304Nb","307N","307Na","511N","511Na","511Nb","E2","EKO1"],"terminus":0,"mode":"bus","color":"#0059a9","colorDark":"#00294f","angle":16.9,"snapDist":9,"label":0}},{"type":"Feature","geometry":{"type":"Point","coordinates":[20.464722,44.819018]},"properties":{"name":"Dušanova","lines":"24","arr":["24"],"terminus":0,"mode":"bus","color":"#0059a9","colorDark":"#00294f","angle":139,"snapDist":8,"label":0}},{"type":"Feature","geometry":{"type":"Point","coordinates":[20.463902,44.821303]},"properties":{"name":"Dorćol /Kneginje Ljubice/","lines":"24, 26, 26N, 79, 401N","arr":["24","26","26N","79","401N"],"terminus":0,"mode":"bus","color":"#0059a9","colorDark":"#00294f","angle":36.8,"snapDist":13,"label":0}},{"type":"Feature","geometry":{"type":"Point","coordinates":[20.460127,44.823364]},"properties":{"name":"Kralja Petra","lines":"24, 26, 26N, 79, 401N","arr":["24","26","26N","79","401N"],"terminus":0,"mode":"bus","color":"#0059a9","colorDark":"#00294f","angle":38.2,"snapDist":8,"label":0}},{"type":"Feature","geometry":{"type":"Point","coordinates":[20.456994,44.825094]},"properties":{"name":"Braće Baruh","lines":"24, 26, 26N, 79, 401N","arr":["24","26","26N","79","401N"],"terminus":0,"mode":"bus","color":"#0059a9","colorDark":"#00294f","angle":35.8,"snapDist":7,"label":0}},{"type":"Feature","geometry":{"type":"Point","coordinates":[20.522186,44.807081]},"properties":{"name":"Karaburma 2","lines":"25, 32N","arr":["25","32N"],"terminus":1,"mode":"bus","color":"#0059a9","colorDark":"#00294f","angle":267.7,"snapDist":1,"label":0}},{"type":"Feature","geometry":{"type":"Point","coordinates":[20.493876,44.817115]},"properties":{"name":"SUP Palilula","lines":"25, 25P, 32, 32N, 74, 202, 202N","arr":["25","25P","32","32N","74","202","202N"],"terminus":0,"mode":"bus","color":"#0059a9","colorDark":"#00294f","angle":308.8,"snapDist":8,"label":1}},{"type":"Feature","geometry":{"type":"Point","coordinates":[20.490342,44.814039]},"properties":{"name":"Omladinski stadion","lines":"25, 25P, 27, 32, 32N, 66, 202N","arr":["25","25P","27","32","32N","66","202N"],"terminus":0,"mode":"bus","color":"#0059a9","colorDark":"#00294f","angle":308.1,"snapDist":8,"label":0}},{"type":"Feature","geometry":{"type":"Point","coordinates":[20.487937,44.811944]},"properties":{"name":"Vatrogasna komanda","lines":"25, 25P, 27, 32, 32N, 66, 202N","arr":["25","25P","27","32","32N","66","202N"],"terminus":0,"mode":"bus","color":"#0059a9","colorDark":"#00294f","angle":309.3,"snapDist":6,"label":1}},{"type":"Feature","geometry":{"type":"Point","coordinates":[20.484755,44.809704]},"properties":{"name":"Novo groblje","lines":"25, 25P, 27, 32, 32N, 66, 202N","arr":["25","25P","27","32","32N","66","202N"],"terminus":0,"mode":"bus","color":"#0059a9","colorDark":"#00294f","angle":318.4,"snapDist":9,"label":1}},{"type":"Feature","geometry":{"type":"Point","coordinates":[20.480487,44.807003]},"properties":{"name":"Dalmatinska","lines":"25, 25P, 27, 27N, 32, 32N, 65, 66, 74, 202N","arr":["25","25P","27","27N","32","32N","65","66","74","202N"],"terminus":0,"mode":"bus","color":"#0059a9","colorDark":"#00294f","angle":318.9,"snapDist":9,"label":1}},{"type":"Feature","geometry":{"type":"Point","coordinates":[20.478003,44.805422]},"properties":{"name":"Vukov spomenik","lines":"25, 25P, 26, 26N","arr":["25","25P","26","26N"],"terminus":0,"mode":"bus","color":"#0059a9","colorDark":"#00294f","angle":317.5,"snapDist":9,"label":0}},{"type":"Feature","geometry":{"type":"Point","coordinates":[20.475768,44.801237]},"properties":{"name":"GO Vračar","lines":"25, 25P, 26, 26N","arr":["25","25P","26","26N"],"terminus":0,"mode":"bus","color":"#0059a9","colorDark":"#00294f","angle":255.7,"snapDist":4,"label":0}},{"type":"Feature","geometry":{"type":"Point","coordinates":[20.476516,44.798971]},"properties":{"name":"Pijaca Kalenić","lines":"25, 25P, 26, 26N","arr":["25","25P","26","26N"],"terminus":0,"mode":"bus","color":"#0059a9","colorDark":"#00294f","angle":255.7,"snapDist":2,"label":1}},{"type":"Feature","geometry":{"type":"Point","coordinates":[20.478236,44.793774]},"properties":{"name":"Južni bulevar","lines":"25, 25P, 26, 26N","arr":["25","25P","26","26N"],"terminus":0,"mode":"bus","color":"#0059a9","colorDark":"#00294f","angle":267.7,"snapDist":3,"label":1}},{"type":"Feature","geometry":{"type":"Point","coordinates":[20.480537,44.789457]},"properties":{"name":"Tetovska","lines":"25, 25P, 26, 26N","arr":["25","25P","26","26N"],"terminus":0,"mode":"bus","color":"#0059a9","colorDark":"#00294f","angle":210.1,"snapDist":3,"label":1}},{"type":"Feature","geometry":{"type":"Point","coordinates":[20.482297,44.785869]},"properties":{"name":"Dušanovac /pošta/","lines":"25, 25P, 26, 26N","arr":["25","25P","26","26N"],"terminus":0,"mode":"bus","color":"#0059a9","colorDark":"#00294f","angle":291.3,"snapDist":7,"label":0}},{"type":"Feature","geometry":{"type":"Point","coordinates":[20.480428,44.783939]},"properties":{"name":"Husova","lines":"25, 25P","arr":["25","25P"],"terminus":0,"mode":"bus","color":"#0059a9","colorDark":"#00294f","angle":30.4,"snapDist":2,"label":1}},{"type":"Feature","geometry":{"type":"Point","coordinates":[20.491406,44.765919]},"properties":{"name":"Pive Karamatijevića","lines":"25, 25P","arr":["25","25P"],"terminus":0,"mode":"bus","color":"#0059a9","colorDark":"#00294f","angle":240.3,"snapDist":6,"label":1}},{"type":"Feature","geometry":{"type":"Point","coordinates":[20.490259,44.762659]},"properties":{"name":"Voždovački kružni put","lines":"25, 25P, 39","arr":["25","25P","39"],"terminus":0,"mode":"bus","color":"#0059a9","colorDark":"#00294f","angle":229,"snapDist":4,"label":1}},{"type":"Feature","geometry":{"type":"Point","coordinates":[20.494241,44.759182]},"properties":{"name":"Preduzeće Izolacija","lines":"25, 25P, 39","arr":["25","25P","39"],"terminus":0,"mode":"bus","color":"#0059a9","colorDark":"#00294f","angle":233.6,"snapDist":2,"label":1}},{"type":"Feature","geometry":{"type":"Point","coordinates":[20.495628,44.757862]},"properties":{"name":"Pukovnika Petra Mišića","lines":"25, 25P, 39","arr":["25","25P","39"],"terminus":0,"mode":"bus","color":"#0059a9","colorDark":"#00294f","angle":233.3,"snapDist":3,"label":1}},{"type":"Feature","geometry":{"type":"Point","coordinates":[20.497477,44.756095]},"properties":{"name":"Preduzeće Petar Velebit","lines":"25, 25P, 39","arr":["25","25P","39"],"terminus":0,"mode":"bus","color":"#0059a9","colorDark":"#00294f","angle":232.9,"snapDist":2,"label":1}},{"type":"Feature","geometry":{"type":"Point","coordinates":[20.50005,44.753934]},"properties":{"name":"Dušana Jovanovića","lines":"25, 25P, 39","arr":["25","25P","39"],"terminus":0,"mode":"bus","color":"#0059a9","colorDark":"#00294f","angle":228.5,"snapDist":1,"label":1}},{"type":"Feature","geometry":{"type":"Point","coordinates":[20.502731,44.751823]},"properties":{"name":"Put za kumodraško groblje","lines":"25, 25P, 39","arr":["25","25P","39"],"terminus":0,"mode":"bus","color":"#0059a9","colorDark":"#00294f","angle":224.1,"snapDist":3,"label":1}},{"type":"Feature","geometry":{"type":"Point","coordinates":[20.500602,44.749828]},"properties":{"name":"Junska","lines":"25, 25P, 39","arr":["25","25P","39"],"terminus":0,"mode":"bus","color":"#0059a9","colorDark":"#00294f","angle":322.9,"snapDist":5,"label":1}},{"type":"Feature","geometry":{"type":"Point","coordinates":[20.497825,44.748583]},"properties":{"name":"Kumodraž 2","lines":"25, 25P, 39","arr":["25","25P","39"],"terminus":1,"mode":"bus","color":"#0059a9","colorDark":"#00294f","angle":336.1,"snapDist":8,"label":1}},{"type":"Feature","geometry":{"type":"Point","coordinates":[20.499081,44.749054]},"properties":{"name":"Kumodraž 2","lines":"25, 25P, 39","arr":["25","25P","39"],"terminus":1,"mode":"bus","color":"#0059a9","colorDark":"#00294f","angle":147.3,"snapDist":8,"label":0}},{"type":"Feature","geometry":{"type":"Point","coordinates":[20.501174,44.750113]},"properties":{"name":"Junska","lines":"25, 25P, 39","arr":["25","25P","39"],"terminus":0,"mode":"bus","color":"#0059a9","colorDark":"#00294f","angle":150.5,"snapDist":10,"label":0}},{"type":"Feature","geometry":{"type":"Point","coordinates":[20.502155,44.752362]},"properties":{"name":"Put za kumodraško groblje","lines":"25, 25P, 39","arr":["25","25P","39"],"terminus":0,"mode":"bus","color":"#0059a9","colorDark":"#00294f","angle":47.3,"snapDist":7,"label":0}},{"type":"Feature","geometry":{"type":"Point","coordinates":[20.499911,44.754172]},"properties":{"name":"Dušana Jovanovića","lines":"25, 25P, 39","arr":["25","25P","39"],"terminus":0,"mode":"bus","color":"#0059a9","colorDark":"#00294f","angle":48.7,"snapDist":7,"label":0}},{"type":"Feature","geometry":{"type":"Point","coordinates":[20.497211,44.75648]},"properties":{"name":"Preduzeće Petar Velebit","lines":"25, 25P, 39","arr":["25","25P","39"],"terminus":0,"mode":"bus","color":"#0059a9","colorDark":"#00294f","angle":53.7,"snapDist":6,"label":0}},{"type":"Feature","geometry":{"type":"Point","coordinates":[20.49501,44.758581]},"properties":{"name":"Pukovnika Petra Mišića","lines":"25, 25P, 39","arr":["25","25P","39"],"terminus":0,"mode":"bus","color":"#0059a9","colorDark":"#00294f","angle":52.5,"snapDist":5,"label":0}},{"type":"Feature","geometry":{"type":"Point","coordinates":[20.493472,44.760048]},"properties":{"name":"Preduzeće Izolacija","lines":"25, 25P, 39","arr":["25","25P","39"],"terminus":0,"mode":"bus","color":"#0059a9","colorDark":"#00294f","angle":53.6,"snapDist":6,"label":0}},{"type":"Feature","geometry":{"type":"Point","coordinates":[20.490527,44.762548]},"properties":{"name":"Voždovački kružni put","lines":"25, 25P, 39","arr":["25","25P","39"],"terminus":0,"mode":"bus","color":"#0059a9","colorDark":"#00294f","angle":48.9,"snapDist":6,"label":0}},{"type":"Feature","geometry":{"type":"Point","coordinates":[20.491204,44.766179]},"properties":{"name":"Pive Karamatijevića","lines":"25, 25P","arr":["25","25P"],"terminus":0,"mode":"bus","color":"#0059a9","colorDark":"#00294f","angle":63.7,"snapDist":9,"label":0}},{"type":"Feature","geometry":{"type":"Point","coordinates":[20.479667,44.783909]},"properties":{"name":"Husova","lines":"25, 25P","arr":["25","25P"],"terminus":0,"mode":"bus","color":"#0059a9","colorDark":"#00294f","angle":140.8,"snapDist":4,"label":0}},{"type":"Feature","geometry":{"type":"Point","coordinates":[20.482388,44.786022]},"properties":{"name":"Dušanovac /pošta/","lines":"25, 25P, 26, 26N","arr":["25","25P","26","26N"],"terminus":0,"mode":"bus","color":"#0059a9","colorDark":"#00294f","angle":112.7,"snapDist":6,"label":0}},{"type":"Feature","geometry":{"type":"Point","coordinates":[20.479958,44.790164]},"properties":{"name":"Tetovska","lines":"25, 25P, 26, 26N","arr":["25","25P","26","26N"],"terminus":0,"mode":"bus","color":"#0059a9","colorDark":"#00294f","angle":79.1,"snapDist":2,"label":0}},{"type":"Feature","geometry":{"type":"Point","coordinates":[20.478277,44.793094]},"properties":{"name":"Južni bulevar","lines":"25, 25P, 26, 26N","arr":["25","25P","26","26N"],"terminus":0,"mode":"bus","color":"#0059a9","colorDark":"#00294f","angle":87.7,"snapDist":7,"label":0}},{"type":"Feature","geometry":{"type":"Point","coordinates":[20.476956,44.800859]},"properties":{"name":"Pijaca Kalenić","lines":"25, 25P, 26, 26N","arr":["25","25P","26","26N"],"terminus":0,"mode":"bus","color":"#0059a9","colorDark":"#00294f","angle":142.4,"snapDist":5,"label":0}},{"type":"Feature","geometry":{"type":"Point","coordinates":[20.480168,44.806804]},"properties":{"name":"Dalmatinska","lines":"25, 25P, 27, 27N, 32, 32N, 65, 66, 74, 202N","arr":["25","25P","27","27N","32","32N","65","66","74","202N"],"terminus":0,"mode":"bus","color":"#0059a9","colorDark":"#00294f","angle":138.5,"snapDist":7,"label":0}},{"type":"Feature","geometry":{"type":"Point","coordinates":[20.486674,44.810956]},"properties":{"name":"Novo groblje","lines":"25, 25P, 27, 32, 32N, 66, 202N","arr":["25","25P","27","32","32N","66","202N"],"terminus":0,"mode":"bus","color":"#0059a9","colorDark":"#00294f","angle":137,"snapDist":10,"label":0}},{"type":"Feature","geometry":{"type":"Point","coordinates":[20.489358,44.81318]},"properties":{"name":"Vatrogasna komanda","lines":"25, 25P, 27, 32, 32N, 66, 202N","arr":["25","25P","27","32","32N","66","202N"],"terminus":0,"mode":"bus","color":"#0059a9","colorDark":"#00294f","angle":129.3,"snapDist":8,"label":0}},{"type":"Feature","geometry":{"type":"Point","coordinates":[20.491063,44.81467]},"properties":{"name":"Omladinski stadion","lines":"25, 25P, 27, 32, 32N, 66, 202N","arr":["25","25P","27","32","32N","66","202N"],"terminus":0,"mode":"bus","color":"#0059a9","colorDark":"#00294f","angle":128.6,"snapDist":5,"label":0}},{"type":"Feature","geometry":{"type":"Point","coordinates":[20.5456,44.786252]},"properties":{"name":"Mirijevo 4","lines":"25P, 27E, 79, E6","arr":["25P","27E","79","E6"],"terminus":1,"mode":"bus","color":"#0059a9","colorDark":"#00294f","angle":38.5,"snapDist":4,"label":1}},{"type":"Feature","geometry":{"type":"Point","coordinates":[20.546051,44.788454]},"properties":{"name":"Milivoja Perovića","lines":"25P, 27E, 79, E6","arr":["25P","27E","79","E6"],"terminus":0,"mode":"bus","color":"#0059a9","colorDark":"#00294f","angle":66.3,"snapDist":6,"label":1}},{"type":"Feature","geometry":{"type":"Point","coordinates":[20.543417,44.78876]},"properties":{"name":"Aleksandra Belića","lines":"25P, 27E, 79, E6","arr":["25P","27E","79","E6"],"terminus":0,"mode":"bus","color":"#0059a9","colorDark":"#00294f","angle":38.4,"snapDist":5,"label":1}},{"type":"Feature","geometry":{"type":"Point","coordinates":[20.533139,44.791112]},"properties":{"name":"Mirijevo 2","lines":"25P, 46, 63, 74","arr":["25P","46","63","74"],"terminus":0,"mode":"bus","color":"#0059a9","colorDark":"#00294f","angle":52.5,"snapDist":8,"label":1}},{"type":"Feature","geometry":{"type":"Point","coordinates":[20.531147,44.793946]},"properties":{"name":"Mirijevo","lines":"25P, 63, 74","arr":["25P","63","74"],"terminus":0,"mode":"bus","color":"#0059a9","colorDark":"#00294f","angle":90.3,"snapDist":11,"label":0}},{"type":"Feature","geometry":{"type":"Point","coordinates":[20.527585,44.794823]},"properties":{"name":"Vitezova Karađorđeve zvezde","lines":"25P, 63, 74","arr":["25P","63","74"],"terminus":0,"mode":"bus","color":"#0059a9","colorDark":"#00294f","angle":57.1,"snapDist":10,"label":1}},{"type":"Feature","geometry":{"type":"Point","coordinates":[20.527585,44.79724]},"properties":{"name":"VII beogradska gimnazija","lines":"25P, 63, 74","arr":["25P","63","74"],"terminus":0,"mode":"bus","color":"#0059a9","colorDark":"#00294f","angle":114,"snapDist":8,"label":1}},{"type":"Feature","geometry":{"type":"Point","coordinates":[20.527342,44.79988]},"properties":{"name":"Ladne vode","lines":"25P, 63, 74","arr":["25P","63","74"],"terminus":0,"mode":"bus","color":"#0059a9","colorDark":"#00294f","angle":71.9,"snapDist":9,"label":1}},{"type":"Feature","geometry":{"type":"Point","coordinates":[20.525713,44.802513]},"properties":{"name":"Šejkina","lines":"25P, 63, 74","arr":["25P","63","74"],"terminus":0,"mode":"bus","color":"#0059a9","colorDark":"#00294f","angle":61.2,"snapDist":9,"label":1}},{"type":"Feature","geometry":{"type":"Point","coordinates":[20.524773,44.805808]},"properties":{"name":"Pere Ćetkovića","lines":"25P, 63, 74","arr":["25P","63","74"],"terminus":0,"mode":"bus","color":"#0059a9","colorDark":"#00294f","angle":82.9,"snapDist":7,"label":1}},{"type":"Feature","geometry":{"type":"Point","coordinates":[20.524311,44.808359]},"properties":{"name":"Mirijevsko brdo","lines":"25P, 63, 74","arr":["25P","63","74"],"terminus":0,"mode":"bus","color":"#0059a9","colorDark":"#00294f","angle":83.1,"snapDist":6,"label":1}},{"type":"Feature","geometry":{"type":"Point","coordinates":[20.523055,44.811261]},"properties":{"name":"Marijane Gregoran","lines":"25P, 63, 74","arr":["25P","63","74"],"terminus":0,"mode":"bus","color":"#0059a9","colorDark":"#00294f","angle":53.4,"snapDist":9,"label":1}},{"type":"Feature","geometry":{"type":"Point","coordinates":[20.520501,44.814189]},"properties":{"name":"Pogon Karaburma","lines":"25P, 63, 74","arr":["25P","63","74"],"terminus":0,"mode":"bus","color":"#0059a9","colorDark":"#00294f","angle":80.7,"snapDist":9,"label":1}},{"type":"Feature","geometry":{"type":"Point","coordinates":[20.519362,44.817641]},"properties":{"name":"Mirijevski bulevar","lines":"25P, 32, 32E, 35, 74, 202, 202N","arr":["25P","32","32E","35","74","202","202N"],"terminus":0,"mode":"bus","color":"#0059a9","colorDark":"#00294f","angle":357.3,"snapDist":7,"label":1}},{"type":"Feature","geometry":{"type":"Point","coordinates":[20.514021,44.817581]},"properties":{"name":"Put za Adu Huju","lines":"25P, 32, 32E, 35, 74, 202, 202N","arr":["25P","32","32E","35","74","202","202N"],"terminus":0,"mode":"bus","color":"#0059a9","colorDark":"#00294f","angle":359.3,"snapDist":6,"label":1}},{"type":"Feature","geometry":{"type":"Point","coordinates":[20.509607,44.817597]},"properties":{"name":"Diljska","lines":"25P, 32, 32E, 35, 74, 202, 202N","arr":["25P","32","32E","35","74","202","202N"],"terminus":0,"mode":"bus","color":"#0059a9","colorDark":"#00294f","angle":1.3,"snapDist":8,"label":1}},{"type":"Feature","geometry":{"type":"Point","coordinates":[20.502869,44.817798]},"properties":{"name":"Vojvode Micka Krstića","lines":"25P, 32, 32E, 35, 74, 202, 202N","arr":["25P","32","32E","35","74","202","202N"],"terminus":0,"mode":"bus","color":"#0059a9","colorDark":"#00294f","angle":4,"snapDist":6,"label":0}},{"type":"Feature","geometry":{"type":"Point","coordinates":[20.496148,44.747474]},"properties":{"name":"Farmaceutski fakultet","lines":"25P, 33, 33N, 39, 406L, 409, E9","arr":["25P","33","33N","39","406L","409","E9"],"terminus":0,"mode":"bus","color":"#0059a9","colorDark":"#00294f","angle":242.1,"snapDist":8,"label":1}},{"type":"Feature","geometry":{"type":"Point","coordinates":[20.497576,44.745648]},"properties":{"name":"Institut Torlak","lines":"25P, 33, 33N, 39, 406L, 409, E9","arr":["25P","33","33N","39","406L","409","E9"],"terminus":0,"mode":"bus","color":"#0059a9","colorDark":"#00294f","angle":240.8,"snapDist":4,"label":1}},{"type":"Feature","geometry":{"type":"Point","coordinates":[20.499753,44.742386]},"properties":{"name":"Kalemarska","lines":"25P, 33, 33N, 39, 406L, 409, E9","arr":["25P","33","33N","39","406L","409","E9"],"terminus":0,"mode":"bus","color":"#0059a9","colorDark":"#00294f","angle":248.4,"snapDist":4,"label":1}},{"type":"Feature","geometry":{"type":"Point","coordinates":[20.502797,44.739781]},"properties":{"name":"Oktobarska","lines":"25P, 33, 33N, 39, 406L, E9","arr":["25P","33","33N","39","406L","E9"],"terminus":0,"mode":"bus","color":"#0059a9","colorDark":"#00294f","angle":209.7,"snapDist":3,"label":1}},{"type":"Feature","geometry":{"type":"Point","coordinates":[20.507574,44.739017]},"properties":{"name":"MZ Kumodraž","lines":"25P, 33, 33N, 406L, E9","arr":["25P","33","33N","406L","E9"],"terminus":0,"mode":"bus","color":"#0059a9","colorDark":"#00294f","angle":165.9,"snapDist":4,"label":1}},{"type":"Feature","geometry":{"type":"Point","coordinates":[20.510367,44.739841]},"properties":{"name":"Zemljoradnička","lines":"25P, 33, 33N, E9","arr":["25P","33","33N","E9"],"terminus":0,"mode":"bus","color":"#0059a9","colorDark":"#00294f","angle":133.9,"snapDist":5,"label":1}},{"type":"Feature","geometry":{"type":"Point","coordinates":[20.51354,44.741352]},"properties":{"name":"Kovačka","lines":"25P, 33, 33N, E9","arr":["25P","33","33N","E9"],"terminus":0,"mode":"bus","color":"#0059a9","colorDark":"#00294f","angle":163.7,"snapDist":4,"label":1}},{"type":"Feature","geometry":{"type":"Point","coordinates":[20.515762,44.742149]},"properties":{"name":"Kumodraž 1","lines":"25P, 33, 33N, E9","arr":["25P","33","33N","E9"],"terminus":1,"mode":"bus","color":"#0059a9","colorDark":"#00294f","angle":152.4,"snapDist":6,"label":1}},{"type":"Feature","geometry":{"type":"Point","coordinates":[20.516004,44.742365]},"properties":{"name":"Kumodraž (Stepina kuća)","lines":"25P","arr":["25P"],"terminus":1,"mode":"bus","color":"#0059a9","colorDark":"#00294f","angle":90,"snapDist":7,"label":1}},{"type":"Feature","geometry":{"type":"Point","coordinates":[20.512385,44.74112]},"properties":{"name":"Kovačka","lines":"25P, 33, 33N, E9","arr":["25P","33","33N","E9"],"terminus":0,"mode":"bus","color":"#0059a9","colorDark":"#00294f","angle":323.7,"snapDist":4,"label":0}},{"type":"Feature","geometry":{"type":"Point","coordinates":[20.510165,44.739692]},"properties":{"name":"Zemljoradnička","lines":"25P, 33, 33N, E9","arr":["25P","33","33N","E9"],"terminus":0,"mode":"bus","color":"#0059a9","colorDark":"#00294f","angle":313.9,"snapDist":4,"label":0}},{"type":"Feature","geometry":{"type":"Point","coordinates":[20.506969,44.738909]},"properties":{"name":"MZ Kumodraž","lines":"25P, 33, 33N, 406L, E9","arr":["25P","33","33N","406L","E9"],"terminus":0,"mode":"bus","color":"#0059a9","colorDark":"#00294f","angle":345.9,"snapDist":6,"label":0}},{"type":"Feature","geometry":{"type":"Point","coordinates":[20.501598,44.740471]},"properties":{"name":"Oktobarska","lines":"25P, 33, 33N, 406L, 409, E9","arr":["25P","33","33N","406L","409","E9"],"terminus":0,"mode":"bus","color":"#0059a9","colorDark":"#00294f","angle":53,"snapDist":5,"label":0}},{"type":"Feature","geometry":{"type":"Point","coordinates":[20.500146,44.741853]},"properties":{"name":"Kalemarska","lines":"25P, 33, 33N, 406L, 409, E9","arr":["25P","33","33N","406L","409","E9"],"terminus":0,"mode":"bus","color":"#0059a9","colorDark":"#00294f","angle":53.5,"snapDist":4,"label":0}},{"type":"Feature","geometry":{"type":"Point","coordinates":[20.497317,44.745982]},"properties":{"name":"Institut Torlak","lines":"25P, 33, 33N, 39, 406L, 409, E9","arr":["25P","33","33N","39","406L","409","E9"],"terminus":0,"mode":"bus","color":"#0059a9","colorDark":"#00294f","angle":61.3,"snapDist":6,"label":0}},{"type":"Feature","geometry":{"type":"Point","coordinates":[20.503026,44.817642]},"properties":{"name":"Vojvode Micka Krstića","lines":"25P, 32, 32E, 35, 74, 202, 202N","arr":["25P","32","32E","35","74","202","202N"],"terminus":0,"mode":"bus","color":"#0059a9","colorDark":"#00294f","angle":180.2,"snapDist":8,"label":0}},{"type":"Feature","geometry":{"type":"Point","coordinates":[20.511039,44.817439]},"properties":{"name":"Diljska","lines":"25P, 32, 32E, 35, 74, 202, 202N","arr":["25P","32","32E","35","74","202","202N"],"terminus":0,"mode":"bus","color":"#0059a9","colorDark":"#00294f","angle":179.5,"snapDist":8,"label":0}},{"type":"Feature","geometry":{"type":"Point","coordinates":[20.514346,44.817461]},"properties":{"name":"Put za Adu Huju","lines":"25P, 32, 32E, 35, 74, 202, 202N","arr":["25P","32","32E","35","74","202","202N"],"terminus":0,"mode":"bus","color":"#0059a9","colorDark":"#00294f","angle":179.7,"snapDist":2,"label":0}},{"type":"Feature","geometry":{"type":"Point","coordinates":[20.519709,44.817499]},"properties":{"name":"Mirijevski bulevar","lines":"25P, 32, 32E, 35, 74, 202, 202N","arr":["25P","32","32E","35","74","202","202N"],"terminus":0,"mode":"bus","color":"#0059a9","colorDark":"#00294f","angle":178.1,"snapDist":8,"label":0}},{"type":"Feature","geometry":{"type":"Point","coordinates":[20.520872,44.813426]},"properties":{"name":"Pogon Karaburma","lines":"25P, 63, 74","arr":["25P","63","74"],"terminus":0,"mode":"bus","color":"#0059a9","colorDark":"#00294f","angle":240.5,"snapDist":6,"label":0}},{"type":"Feature","geometry":{"type":"Point","coordinates":[20.524042,44.809816]},"properties":{"name":"Marijane Gregoran","lines":"25P, 63, 74","arr":["25P","63","74"],"terminus":0,"mode":"bus","color":"#0059a9","colorDark":"#00294f","angle":259.3,"snapDist":6,"label":0}},{"type":"Feature","geometry":{"type":"Point","coordinates":[20.524507,44.807262]},"properties":{"name":"Mirijevsko brdo","lines":"25P, 63, 74","arr":["25P","63","74"],"terminus":0,"mode":"bus","color":"#0059a9","colorDark":"#00294f","angle":262.6,"snapDist":4,"label":0}},{"type":"Feature","geometry":{"type":"Point","coordinates":[20.524959,44.804778]},"properties":{"name":"Pere Ćetkovića","lines":"25P, 63, 74","arr":["25P","63","74"],"terminus":0,"mode":"bus","color":"#0059a9","colorDark":"#00294f","angle":263.8,"snapDist":9,"label":0}},{"type":"Feature","geometry":{"type":"Point","coordinates":[20.52655,44.801775]},"properties":{"name":"Šejkina","lines":"25P, 63, 74","arr":["25P","63","74"],"terminus":0,"mode":"bus","color":"#0059a9","colorDark":"#00294f","angle":225.8,"snapDist":6,"label":0}},{"type":"Feature","geometry":{"type":"Point","coordinates":[20.527889,44.798778]},"properties":{"name":"Ladne vode","lines":"25P, 63, 74","arr":["25P","63","74"],"terminus":0,"mode":"bus","color":"#0059a9","colorDark":"#00294f","angle":258.9,"snapDist":7,"label":0}},{"type":"Feature","geometry":{"type":"Point","coordinates":[20.527424,44.796984]},"properties":{"name":"VII beogradska gimnazija","lines":"25P, 63, 74","arr":["25P","63","74"],"terminus":0,"mode":"bus","color":"#0059a9","colorDark":"#00294f","angle":294.7,"snapDist":7,"label":0}},{"type":"Feature","geometry":{"type":"Point","coordinates":[20.527504,44.79491]},"properties":{"name":"Vitezova Karađorđeve zvezde","lines":"25P, 63, 74","arr":["25P","63","74"],"terminus":0,"mode":"bus","color":"#0059a9","colorDark":"#00294f","angle":236.4,"snapDist":6,"label":0}},{"type":"Feature","geometry":{"type":"Point","coordinates":[20.531202,44.793514]},"properties":{"name":"Mirijevo","lines":"25P, 63, 74","arr":["25P","63","74"],"terminus":0,"mode":"bus","color":"#0059a9","colorDark":"#00294f","angle":255,"snapDist":3,"label":0}},{"type":"Feature","geometry":{"type":"Point","coordinates":[20.532975,44.791301]},"properties":{"name":"Mirijevo 2","lines":"25P, 46, 63, 74","arr":["25P","46","63","74"],"terminus":0,"mode":"bus","color":"#0059a9","colorDark":"#00294f","angle":244.6,"snapDist":6,"label":0}},{"type":"Feature","geometry":{"type":"Point","coordinates":[20.544293,44.788499]},"properties":{"name":"Aleksandra Belića","lines":"25P, 27E, 79, E6","arr":["25P","27E","79","E6"],"terminus":0,"mode":"bus","color":"#0059a9","colorDark":"#00294f","angle":186.2,"snapDist":3,"label":0}},{"type":"Feature","geometry":{"type":"Point","coordinates":[20.546468,44.787657]},"properties":{"name":"Milivoja Perovića","lines":"25P, 27E, 79, E6","arr":["25P","27E","79","E6"],"terminus":0,"mode":"bus","color":"#0059a9","colorDark":"#00294f","angle":260.1,"snapDist":1,"label":0}},{"type":"Feature","geometry":{"type":"Point","coordinates":[20.545944,44.78594]},"properties":{"name":"Mirijevo 4","lines":"25P, 27E, 79, E6","arr":["25P","27E","79","E6"],"terminus":1,"mode":"bus","color":"#0059a9","colorDark":"#00294f","angle":64.8,"snapDist":4,"label":0}},{"type":"Feature","geometry":{"type":"Point","coordinates":[20.461487,44.828165]},"properties":{"name":"Dorćol /Dunavska/","lines":"26, 26N, 401N","arr":["26","26N","401N"],"terminus":1,"mode":"bus","color":"#0059a9","colorDark":"#00294f","angle":193.9,"snapDist":10,"label":1}},{"type":"Feature","geometry":{"type":"Point","coordinates":[20.461815,44.826093]},"properties":{"name":"Despota Đurđa","lines":"26, 26N, 401N","arr":["26","26N","401N"],"terminus":0,"mode":"bus","color":"#0059a9","colorDark":"#00294f","angle":287.9,"snapDist":8,"label":1}},{"type":"Feature","geometry":{"type":"Point","coordinates":[20.46739,44.818026]},"properties":{"name":"Pijaca Skadarlija","lines":"26, 26N, 37, 44, 44a, 79, 401N","arr":["26","26N","37","44","44a","79","401N"],"terminus":0,"mode":"bus","color":"#0059a9","colorDark":"#00294f","angle":230.5,"snapDist":6,"label":1}},{"type":"Feature","geometry":{"type":"Point","coordinates":[20.469484,44.816328]},"properties":{"name":"Bulevar despota Stefana","lines":"26, 26N, 27, 27N, 32N, 37, 44, 44a, 79, 401N","arr":["26","26N","27","27N","32N","37","44","44a","79","401N"],"terminus":0,"mode":"bus","color":"#0059a9","colorDark":"#00294f","angle":262.4,"snapDist":5,"label":1}},{"type":"Feature","geometry":{"type":"Point","coordinates":[20.472009,44.813545]},"properties":{"name":"Takovska","lines":"26, 26N, 27, 27N, 32N, 79, 401N","arr":["26","26N","27","27N","32N","79","401N"],"terminus":0,"mode":"bus","color":"#0059a9","colorDark":"#00294f","angle":242.3,"snapDist":5,"label":1}},{"type":"Feature","geometry":{"type":"Point","coordinates":[20.474633,44.810425]},"properties":{"name":"Palilulska pijaca","lines":"26, 26N, 27, 27N, 32N, 65, 77, 79, 401N","arr":["26","26N","27","27N","32N","65","77","79","401N"],"terminus":0,"mode":"bus","color":"#0059a9","colorDark":"#00294f","angle":237.2,"snapDist":7,"label":1}},{"type":"Feature","geometry":{"type":"Point","coordinates":[20.477057,44.807722]},"properties":{"name":"Mašinski fakultet","lines":"26, 26N, 27, 27N, 32N, 65","arr":["26","26N","27","27N","32N","65"],"terminus":0,"mode":"bus","color":"#0059a9","colorDark":"#00294f","angle":237.4,"snapDist":7,"label":1}},{"type":"Feature","geometry":{"type":"Point","coordinates":[20.481885,44.782726]},"properties":{"name":"Miška Jovanovića","lines":"26, 26N, 30","arr":["26","26N","30"],"terminus":0,"mode":"bus","color":"#0059a9","colorDark":"#00294f","angle":258.7,"snapDist":4,"label":1}},{"type":"Feature","geometry":{"type":"Point","coordinates":[20.486343,44.780946]},"properties":{"name":"Peke Pavlovića","lines":"26, 26N, 30","arr":["26","26N","30"],"terminus":0,"mode":"bus","color":"#0059a9","colorDark":"#00294f","angle":198.9,"snapDist":6,"label":1}},{"type":"Feature","geometry":{"type":"Point","coordinates":[20.488643,44.777115]},"properties":{"name":"Ignjata Joba","lines":"26, 26N","arr":["26","26N"],"terminus":0,"mode":"bus","color":"#0059a9","colorDark":"#00294f","angle":239.1,"snapDist":6,"label":1}},{"type":"Feature","geometry":{"type":"Point","coordinates":[20.491845,44.774369]},"properties":{"name":"Centralno groblje","lines":"26, 26N","arr":["26","26N"],"terminus":0,"mode":"bus","color":"#0059a9","colorDark":"#00294f","angle":232.1,"snapDist":8,"label":1}},{"type":"Feature","geometry":{"type":"Point","coordinates":[20.493846,44.77091]},"properties":{"name":"Jovana Bijelića","lines":"26, 26N","arr":["26","26N"],"terminus":0,"mode":"bus","color":"#0059a9","colorDark":"#00294f","angle":237.7,"snapDist":8,"label":1}},{"type":"Feature","geometry":{"type":"Point","coordinates":[20.49639,44.769887]},"properties":{"name":"Dragice Končar 1","lines":"26, 26N","arr":["26","26N"],"terminus":0,"mode":"bus","color":"#0059a9","colorDark":"#00294f","angle":230.5,"snapDist":6,"label":1}},{"type":"Feature","geometry":{"type":"Point","coordinates":[20.499843,44.768185]},"properties":{"name":"Dragice Končar","lines":"26, 26N","arr":["26","26N"],"terminus":0,"mode":"bus","color":"#0059a9","colorDark":"#00294f","angle":203.8,"snapDist":7,"label":1}},{"type":"Feature","geometry":{"type":"Point","coordinates":[20.499956,44.765258]},"properties":{"name":"Naselje Braće Jerković","lines":"26, 26L, 26N","arr":["26","26L","26N"],"terminus":1,"mode":"bus","color":"#0059a9","colorDark":"#00294f","angle":286.9,"snapDist":5,"label":1}},{"type":"Feature","geometry":{"type":"Point","coordinates":[20.500113,44.765327]},"properties":{"name":"Naselje Braće Jerković","lines":"26, 26L, 26N","arr":["26","26L","26N"],"terminus":1,"mode":"bus","color":"#0059a9","colorDark":"#00294f","angle":56.6,"snapDist":12,"label":0}},{"type":"Feature","geometry":{"type":"Point","coordinates":[20.499359,44.768334]},"properties":{"name":"Dragice Končar","lines":"26, 26N","arr":["26","26N"],"terminus":0,"mode":"bus","color":"#0059a9","colorDark":"#00294f","angle":24.2,"snapDist":9,"label":0}},{"type":"Feature","geometry":{"type":"Point","coordinates":[20.496522,44.769773]},"properties":{"name":"Dragice Končar 1","lines":"26, 26N","arr":["26","26N"],"terminus":0,"mode":"bus","color":"#0059a9","colorDark":"#00294f","angle":50.5,"snapDist":9,"label":0}},{"type":"Feature","geometry":{"type":"Point","coordinates":[20.493182,44.771944]},"properties":{"name":"Jovana Bijelića","lines":"26, 26N","arr":["26","26N"],"terminus":0,"mode":"bus","color":"#0059a9","colorDark":"#00294f","angle":72,"snapDist":10,"label":0}},{"type":"Feature","geometry":{"type":"Point","coordinates":[20.490789,44.775176]},"properties":{"name":"Centralno groblje","lines":"26, 26N","arr":["26","26N"],"terminus":0,"mode":"bus","color":"#0059a9","colorDark":"#00294f","angle":44.8,"snapDist":10,"label":0}},{"type":"Feature","geometry":{"type":"Point","coordinates":[20.488276,44.777573]},"properties":{"name":"Ignjata Joba","lines":"26, 26N","arr":["26","26N"],"terminus":0,"mode":"bus","color":"#0059a9","colorDark":"#00294f","angle":58.6,"snapDist":0,"label":0}},{"type":"Feature","geometry":{"type":"Point","coordinates":[20.485894,44.781071]},"properties":{"name":"Peke Pavlovića","lines":"26, 26N, 30","arr":["26","26N","30"],"terminus":0,"mode":"bus","color":"#0059a9","colorDark":"#00294f","angle":22.6,"snapDist":3,"label":0}},{"type":"Feature","geometry":{"type":"Point","coordinates":[20.482349,44.782445]},"properties":{"name":"Miška Jovanovića","lines":"26, 26N, 30","arr":["26","26N","30"],"terminus":0,"mode":"bus","color":"#0059a9","colorDark":"#00294f","angle":30.3,"snapDist":2,"label":0}},{"type":"Feature","geometry":{"type":"Point","coordinates":[20.477153,44.807615]},"properties":{"name":"Mašinski fakultet","lines":"26, 26N, 27, 27N, 32N, 65","arr":["26","26N","27","27N","32N","65"],"terminus":0,"mode":"bus","color":"#0059a9","colorDark":"#00294f","angle":57.4,"snapDist":9,"label":0}},{"type":"Feature","geometry":{"type":"Point","coordinates":[20.474657,44.810399]},"properties":{"name":"Palilulska pijaca","lines":"26, 26N, 27, 27N, 32N, 65, 77, 79, 401N","arr":["26","26N","27","27N","32N","65","77","79","401N"],"terminus":0,"mode":"bus","color":"#0059a9","colorDark":"#00294f","angle":57.2,"snapDist":9,"label":0}},{"type":"Feature","geometry":{"type":"Point","coordinates":[20.472472,44.812934]},"properties":{"name":"Takovska","lines":"26, 26N, 27, 79, 401N","arr":["26","26N","27","79","401N"],"terminus":0,"mode":"bus","color":"#0059a9","colorDark":"#00294f","angle":61.4,"snapDist":13,"label":0}},{"type":"Feature","geometry":{"type":"Point","coordinates":[20.469304,44.816496]},"properties":{"name":"Bulevar despota Stefana","lines":"26, 26N, 37, 44, 44a, 79, 401N","arr":["26","26N","37","44","44a","79","401N"],"terminus":0,"mode":"bus","color":"#0059a9","colorDark":"#00294f","angle":47.1,"snapDist":13,"label":0}},{"type":"Feature","geometry":{"type":"Point","coordinates":[20.466905,44.818607]},"properties":{"name":"Pijaca Skadarlija","lines":"26, 26N, 37, 44, 44a, 79, 401N","arr":["26","26N","37","44","44a","79","401N"],"terminus":0,"mode":"bus","color":"#0059a9","colorDark":"#00294f","angle":64.5,"snapDist":4,"label":0}},{"type":"Feature","geometry":{"type":"Point","coordinates":[20.502112,44.762168]},"properties":{"name":"Vojvode Vlahovića","lines":"26L","arr":["26L"],"terminus":0,"mode":"bus","color":"#0059a9","colorDark":"#00294f","angle":205.4,"snapDist":1,"label":1}},{"type":"Feature","geometry":{"type":"Point","coordinates":[20.506342,44.761485]},"properties":{"name":"Vojvode Vlahovića 1","lines":"26L","arr":["26L"],"terminus":0,"mode":"bus","color":"#0059a9","colorDark":"#00294f","angle":134.2,"snapDist":3,"label":1}},{"type":"Feature","geometry":{"type":"Point","coordinates":[20.507244,44.761334]},"properties":{"name":"Vojvode Vlahovića 2","lines":"26L","arr":["26L"],"terminus":0,"mode":"bus","color":"#0059a9","colorDark":"#00294f","angle":272.3,"snapDist":1,"label":1}},{"type":"Feature","geometry":{"type":"Point","coordinates":[20.508217,44.760875]},"properties":{"name":"Mate Miloševića","lines":"26L","arr":["26L"],"terminus":0,"mode":"bus","color":"#0059a9","colorDark":"#00294f","angle":95.1,"snapDist":4,"label":1}},{"type":"Feature","geometry":{"type":"Point","coordinates":[20.508219,44.762799]},"properties":{"name":"Miljana Miljanića","lines":"26L","arr":["26L"],"terminus":0,"mode":"bus","color":"#0059a9","colorDark":"#00294f","angle":153.5,"snapDist":7,"label":1}},{"type":"Feature","geometry":{"type":"Point","coordinates":[20.510814,44.76421]},"properties":{"name":"Vojvode Vlahovića (terminus)","lines":"26L","arr":["26L"],"terminus":1,"mode":"bus","color":"#0059a9","colorDark":"#00294f","angle":109.7,"snapDist":4,"label":1}},{"type":"Feature","geometry":{"type":"Point","coordinates":[20.510735,44.764047]},"properties":{"name":"Vojvode Vlahovića (terminus)","lines":"26L","arr":["26L"],"terminus":1,"mode":"bus","color":"#0059a9","colorDark":"#00294f","angle":288.5,"snapDist":2,"label":0}},{"type":"Feature","geometry":{"type":"Point","coordinates":[20.509358,44.763013]},"properties":{"name":"Miljana Miljanića","lines":"26L","arr":["26L"],"terminus":0,"mode":"bus","color":"#0059a9","colorDark":"#00294f","angle":345.7,"snapDist":9,"label":0}},{"type":"Feature","geometry":{"type":"Point","coordinates":[20.507013,44.761964]},"properties":{"name":"Milovana Vidakovića","lines":"26L","arr":["26L"],"terminus":0,"mode":"bus","color":"#0059a9","colorDark":"#00294f","angle":315.5,"snapDist":5,"label":1}},{"type":"Feature","geometry":{"type":"Point","coordinates":[20.505664,44.761625]},"properties":{"name":"Vojvode Vlahovića 1","lines":"26L","arr":["26L"],"terminus":0,"mode":"bus","color":"#0059a9","colorDark":"#00294f","angle":56,"snapDist":4,"label":0}},{"type":"Feature","geometry":{"type":"Point","coordinates":[20.501829,44.762259]},"properties":{"name":"Vojvode Vlahovića","lines":"26L","arr":["26L"],"terminus":0,"mode":"bus","color":"#0059a9","colorDark":"#00294f","angle":23.4,"snapDist":4,"label":0}},{"type":"Feature","geometry":{"type":"Point","coordinates":[20.497284,44.813813]},"properties":{"name":"Generala Aračića","lines":"27, 27E, 27N, E6","arr":["27","27E","27N","E6"],"terminus":0,"mode":"bus","color":"#0059a9","colorDark":"#00294f","angle":190,"snapDist":3,"label":1}},{"type":"Feature","geometry":{"type":"Point","coordinates":[20.500301,44.813377]},"properties":{"name":"Marijane Gregoran","lines":"27, 27E, 27N, E6","arr":["27","27E","27N","E6"],"terminus":0,"mode":"bus","color":"#0059a9","colorDark":"#00294f","angle":199.8,"snapDist":4,"label":1}},{"type":"Feature","geometry":{"type":"Point","coordinates":[20.506983,44.811717]},"properties":{"name":"Triglavska","lines":"27, 27E, 27N, E6","arr":["27","27E","27N","E6"],"terminus":0,"mode":"bus","color":"#0059a9","colorDark":"#00294f","angle":203.2,"snapDist":7,"label":1}},{"type":"Feature","geometry":{"type":"Point","coordinates":[20.509493,44.810821]},"properties":{"name":"Oštreljska","lines":"27, 27E","arr":["27","27E"],"terminus":0,"mode":"bus","color":"#0059a9","colorDark":"#00294f","angle":212.3,"snapDist":4,"label":1}},{"type":"Feature","geometry":{"type":"Point","coordinates":[20.513991,44.808053]},"properties":{"name":"Astronomska","lines":"27, 27E, 27N, E6","arr":["27","27E","27N","E6"],"terminus":0,"mode":"bus","color":"#0059a9","colorDark":"#00294f","angle":226.7,"snapDist":4,"label":1}},{"type":"Feature","geometry":{"type":"Point","coordinates":[20.517275,44.805504]},"properties":{"name":"Ćalije","lines":"27, 27E, 27N, E6","arr":["27","27E","27N","E6"],"terminus":0,"mode":"bus","color":"#0059a9","colorDark":"#00294f","angle":229.8,"snapDist":3,"label":1}},{"type":"Feature","geometry":{"type":"Point","coordinates":[20.519512,44.801898]},"properties":{"name":"Sime Trojanovića","lines":"27, 27E, 27N, E6","arr":["27","27E","27N","E6"],"terminus":0,"mode":"bus","color":"#0059a9","colorDark":"#00294f","angle":256.2,"snapDist":3,"label":1}},{"type":"Feature","geometry":{"type":"Point","coordinates":[20.521046,44.799477]},"properties":{"name":"Nikole Doksata","lines":"27, 27E, 27N, E6","arr":["27","27E","27N","E6"],"terminus":0,"mode":"bus","color":"#0059a9","colorDark":"#00294f","angle":244.4,"snapDist":2,"label":1}},{"type":"Feature","geometry":{"type":"Point","coordinates":[20.522065,44.796602]},"properties":{"name":"Bosutska","lines":"27, 27E, 27N, E6","arr":["27","27E","27N","E6"],"terminus":0,"mode":"bus","color":"#0059a9","colorDark":"#00294f","angle":258.5,"snapDist":3,"label":1}},{"type":"Feature","geometry":{"type":"Point","coordinates":[20.523584,44.794344]},"properties":{"name":"Ladne vode","lines":"27, 27E, 27N, E6","arr":["27","27E","27N","E6"],"terminus":0,"mode":"bus","color":"#0059a9","colorDark":"#00294f","angle":259.6,"snapDist":5,"label":1}},{"type":"Feature","geometry":{"type":"Point","coordinates":[20.524626,44.792627]},"properties":{"name":"Vitezova Karađorđeve zvezde","lines":"27, 27E, 27N, 46, 63, E6","arr":["27","27E","27N","46","63","E6"],"terminus":0,"mode":"bus","color":"#0059a9","colorDark":"#00294f","angle":216.5,"snapDist":7,"label":0}},{"type":"Feature","geometry":{"type":"Point","coordinates":[20.527593,44.790228]},"properties":{"name":"Selište","lines":"27, 27E, 27N, 46, 63, E6","arr":["27","27E","27N","46","63","E6"],"terminus":0,"mode":"bus","color":"#0059a9","colorDark":"#00294f","angle":268.9,"snapDist":7,"label":1}},{"type":"Feature","geometry":{"type":"Point","coordinates":[20.530988,44.789271]},"properties":{"name":"Stojčino brdo","lines":"27, 27E, 27N, 46, 63, E6","arr":["27","27E","27N","46","63","E6"],"terminus":0,"mode":"bus","color":"#0059a9","colorDark":"#00294f","angle":193,"snapDist":5,"label":1}},{"type":"Feature","geometry":{"type":"Point","coordinates":[20.535666,44.786505]},"properties":{"name":"Matice srpske","lines":"27","arr":["27"],"terminus":0,"mode":"bus","color":"#0059a9","colorDark":"#00294f","angle":211.1,"snapDist":2,"label":1}},{"type":"Feature","geometry":{"type":"Point","coordinates":[20.540595,44.787237]},"properties":{"name":"Mihaila Bulgakova","lines":"27","arr":["27"],"terminus":0,"mode":"bus","color":"#0059a9","colorDark":"#00294f","angle":75.9,"snapDist":7,"label":1}},{"type":"Feature","geometry":{"type":"Point","coordinates":[20.54057,44.787308]},"properties":{"name":"Mihaila Bulgakova","lines":"27","arr":["27"],"terminus":0,"mode":"bus","color":"#0059a9","colorDark":"#00294f","angle":255.9,"snapDist":3,"label":0}},{"type":"Feature","geometry":{"type":"Point","coordinates":[20.535115,44.786774]},"properties":{"name":"Matice srpske","lines":"27","arr":["27"],"terminus":0,"mode":"bus","color":"#0059a9","colorDark":"#00294f","angle":37.7,"snapDist":7,"label":0}},{"type":"Feature","geometry":{"type":"Point","coordinates":[20.530103,44.78933]},"properties":{"name":"Stojčino brdo","lines":"27, 27E, 27N, 46, 63, E6","arr":["27","27E","27N","46","63","E6"],"terminus":0,"mode":"bus","color":"#0059a9","colorDark":"#00294f","angle":344.7,"snapDist":6,"label":0}},{"type":"Feature","geometry":{"type":"Point","coordinates":[20.527584,44.790573]},"properties":{"name":"Selište","lines":"27, 27E, 27N, 46, 63, E6","arr":["27","27E","27N","46","63","E6"],"terminus":0,"mode":"bus","color":"#0059a9","colorDark":"#00294f","angle":89.1,"snapDist":9,"label":0}},{"type":"Feature","geometry":{"type":"Point","coordinates":[20.52515,44.792486]},"properties":{"name":"Vitezova Karađorđeve zvezde","lines":"27, 27E, 27N, 46, 63, E6","arr":["27","27E","27N","46","63","E6"],"terminus":0,"mode":"bus","color":"#0059a9","colorDark":"#00294f","angle":10.7,"snapDist":6,"label":0}},{"type":"Feature","geometry":{"type":"Point","coordinates":[20.523135,44.79513]},"properties":{"name":"Ladne vode","lines":"27, 27E, 27N, E6","arr":["27","27E","27N","E6"],"terminus":0,"mode":"bus","color":"#0059a9","colorDark":"#00294f","angle":52.5,"snapDist":6,"label":0}},{"type":"Feature","geometry":{"type":"Point","coordinates":[20.521915,44.797106]},"properties":{"name":"Bosutska","lines":"27, 27E, 27N, E6","arr":["27","27E","27N","E6"],"terminus":0,"mode":"bus","color":"#0059a9","colorDark":"#00294f","angle":77.5,"snapDist":6,"label":0}},{"type":"Feature","geometry":{"type":"Point","coordinates":[20.520412,44.800186]},"properties":{"name":"Nikole Doksata","lines":"27, 27E, 27N, E6","arr":["27","27E","27N","E6"],"terminus":0,"mode":"bus","color":"#0059a9","colorDark":"#00294f","angle":55.8,"snapDist":8,"label":0}},{"type":"Feature","geometry":{"type":"Point","coordinates":[20.519345,44.802283]},"properties":{"name":"Sime Trojanovića","lines":"27, 27E, 27N, E6","arr":["27","27E","27N","E6"],"terminus":0,"mode":"bus","color":"#0059a9","colorDark":"#00294f","angle":72.5,"snapDist":7,"label":0}},{"type":"Feature","geometry":{"type":"Point","coordinates":[20.517872,44.804856]},"properties":{"name":"Ćalije","lines":"27, 27E, 27N, E6","arr":["27","27E","27N","E6"],"terminus":0,"mode":"bus","color":"#0059a9","colorDark":"#00294f","angle":61.8,"snapDist":6,"label":0}},{"type":"Feature","geometry":{"type":"Point","coordinates":[20.514177,44.807912]},"properties":{"name":"Astronomska","lines":"27, 27E, 27N, E6","arr":["27","27E","27N","E6"],"terminus":0,"mode":"bus","color":"#0059a9","colorDark":"#00294f","angle":46.7,"snapDist":9,"label":0}},{"type":"Feature","geometry":{"type":"Point","coordinates":[20.510077,44.810535]},"properties":{"name":"Oštreljska","lines":"27, 27E","arr":["27","27E"],"terminus":0,"mode":"bus","color":"#0059a9","colorDark":"#00294f","angle":35.7,"snapDist":8,"label":0}},{"type":"Feature","geometry":{"type":"Point","coordinates":[20.506865,44.811753]},"properties":{"name":"Triglavska","lines":"27, 27E, 27N, E6","arr":["27","27E","27N","E6"],"terminus":0,"mode":"bus","color":"#0059a9","colorDark":"#00294f","angle":23.2,"snapDist":5,"label":0}},{"type":"Feature","geometry":{"type":"Point","coordinates":[20.50057,44.813301]},"properties":{"name":"Marijane Gregoran","lines":"27, 27E, 27N, E6","arr":["27","27E","27N","E6"],"terminus":0,"mode":"bus","color":"#0059a9","colorDark":"#00294f","angle":24.2,"snapDist":4,"label":0}},{"type":"Feature","geometry":{"type":"Point","coordinates":[20.496481,44.813911]},"properties":{"name":"Generala Aračića","lines":"27, 27E, 27N, E6","arr":["27","27E","27N","E6"],"terminus":0,"mode":"bus","color":"#0059a9","colorDark":"#00294f","angle":3.5,"snapDist":7,"label":0}},{"type":"Feature","geometry":{"type":"Point","coordinates":[20.438421,44.811556]},"properties":{"name":"Novi Beograd (Blok 20)","lines":"27E, 612","arr":["27E","612"],"terminus":1,"mode":"bus","color":"#0059a9","colorDark":"#00294f","angle":92.2,"snapDist":6,"label":1}},{"type":"Feature","geometry":{"type":"Point","coordinates":[20.436693,44.809861]},"properties":{"name":"Vladimira Popovića","lines":"27E, 35, 612","arr":["27E","35","612"],"terminus":0,"mode":"bus","color":"#0059a9","colorDark":"#00294f","angle":291.6,"snapDist":12,"label":1}},{"type":"Feature","geometry":{"type":"Point","coordinates":[20.533445,44.789387]},"properties":{"name":"Mirijevski venac","lines":"27E, 27N, 46, 63, E6","arr":["27E","27N","46","63","E6"],"terminus":0,"mode":"bus","color":"#0059a9","colorDark":"#00294f","angle":138,"snapDist":6,"label":1}},{"type":"Feature","geometry":{"type":"Point","coordinates":[20.533398,44.789358]},"properties":{"name":"Mirijevski venac","lines":"27E, 27N, 46, 63, E6","arr":["27E","27N","46","63","E6"],"terminus":0,"mode":"bus","color":"#0059a9","colorDark":"#00294f","angle":321.3,"snapDist":4,"label":0}},{"type":"Feature","geometry":{"type":"Point","coordinates":[20.49118,44.815299]},"properties":{"name":"Omladinski stadion","lines":"27E, E6","arr":["27E","E6"],"terminus":0,"mode":"bus","color":"#0059a9","colorDark":"#00294f","angle":358.9,"snapDist":6,"label":0}},{"type":"Feature","geometry":{"type":"Point","coordinates":[20.434826,44.810055]},"properties":{"name":"Vladimira Popovića","lines":"27E, 35, 612","arr":["27E","35","612"],"terminus":0,"mode":"bus","color":"#0059a9","colorDark":"#00294f","angle":212.4,"snapDist":4,"label":0}},{"type":"Feature","geometry":{"type":"Point","coordinates":[20.461811,44.816712]},"properties":{"name":"Trg Republike","lines":"27N, 37N, 43, 56N, 95N, 101Nb, E2","arr":["27N","37N","43","56N","95N","101Nb","E2"],"terminus":1,"mode":"bus","color":"#0059a9","colorDark":"#00294f","angle":184.7,"snapDist":5,"label":0}},{"type":"Feature","geometry":{"type":"Point","coordinates":[20.484094,44.808426]},"properties":{"name":"Braće Ribnikar","lines":"27N, 65, 74","arr":["27N","65","74"],"terminus":0,"mode":"bus","color":"#0059a9","colorDark":"#00294f","angle":218.6,"snapDist":1,"label":1}},{"type":"Feature","geometry":{"type":"Point","coordinates":[20.491414,44.80533]},"properties":{"name":"Veljka Dugoševića","lines":"27N, 65, 74","arr":["27N","65","74"],"terminus":0,"mode":"bus","color":"#0059a9","colorDark":"#00294f","angle":208.9,"snapDist":3,"label":1}},{"type":"Feature","geometry":{"type":"Point","coordinates":[20.493985,44.806274]},"properties":{"name":"Pante Srećkovića","lines":"27N, 65, 66, 74","arr":["27N","65","66","74"],"terminus":0,"mode":"bus","color":"#0059a9","colorDark":"#00294f","angle":85.7,"snapDist":6,"label":1}},{"type":"Feature","geometry":{"type":"Point","coordinates":[20.493797,44.808057]},"properties":{"name":"Ljubice Luković","lines":"27N, 65, 66, 74","arr":["27N","65","66","74"],"terminus":0,"mode":"bus","color":"#0059a9","colorDark":"#00294f","angle":85.7,"snapDist":3,"label":1}},{"type":"Feature","geometry":{"type":"Point","coordinates":[20.493048,44.811331]},"properties":{"name":"Servisi","lines":"27N, 66, 74","arr":["27N","66","74"],"terminus":0,"mode":"bus","color":"#0059a9","colorDark":"#00294f","angle":75.7,"snapDist":2,"label":1}},{"type":"Feature","geometry":{"type":"Point","coordinates":[20.492241,44.813567]},"properties":{"name":"VMC Karaburma","lines":"27N, 66, 74","arr":["27N","66","74"],"terminus":0,"mode":"bus","color":"#0059a9","colorDark":"#00294f","angle":75.9,"snapDist":6,"label":1}},{"type":"Feature","geometry":{"type":"Point","coordinates":[20.492419,44.813072]},"properties":{"name":"VMC Karaburma","lines":"27N, 66, 74","arr":["27N","66","74"],"terminus":0,"mode":"bus","color":"#0059a9","colorDark":"#00294f","angle":255.4,"snapDist":3,"label":0}},{"type":"Feature","geometry":{"type":"Point","coordinates":[20.493541,44.809897]},"properties":{"name":"Servisi","lines":"27N, 66, 74","arr":["27N","66","74"],"terminus":0,"mode":"bus","color":"#0059a9","colorDark":"#00294f","angle":257.1,"snapDist":8,"label":0}},{"type":"Feature","geometry":{"type":"Point","coordinates":[20.493782,44.808198]},"properties":{"name":"Ljubice Luković","lines":"27N, 65, 66, 74","arr":["27N","65","66","74"],"terminus":0,"mode":"bus","color":"#0059a9","colorDark":"#00294f","angle":265.7,"snapDist":6,"label":0}},{"type":"Feature","geometry":{"type":"Point","coordinates":[20.493978,44.806342]},"properties":{"name":"Pante Srećkovića","lines":"27N, 65, 66, 74","arr":["27N","65","66","74"],"terminus":0,"mode":"bus","color":"#0059a9","colorDark":"#00294f","angle":265.7,"snapDist":7,"label":0}},{"type":"Feature","geometry":{"type":"Point","coordinates":[20.492492,44.805258]},"properties":{"name":"Veljka Dugoševića","lines":"27N, 65, 74","arr":["27N","65","74"],"terminus":0,"mode":"bus","color":"#0059a9","colorDark":"#00294f","angle":341.2,"snapDist":6,"label":0}},{"type":"Feature","geometry":{"type":"Point","coordinates":[20.490115,44.805823]},"properties":{"name":"Toplička","lines":"27N, 65, 74","arr":["27N","65","74"],"terminus":0,"mode":"bus","color":"#0059a9","colorDark":"#00294f","angle":26.9,"snapDist":5,"label":1}},{"type":"Feature","geometry":{"type":"Point","coordinates":[20.48441,44.808256]},"properties":{"name":"Braće Ribnikar","lines":"27N, 65, 74","arr":["27N","65","74"],"terminus":0,"mode":"bus","color":"#0059a9","colorDark":"#00294f","angle":36.7,"snapDist":6,"label":0}},{"type":"Feature","geometry":{"type":"Point","coordinates":[20.45865,44.818037]},"properties":{"name":"Studentski trg","lines":"28, 41","arr":["28","41"],"terminus":1,"mode":"bus","color":"#149a3f","colorDark":"#0a5121","angle":228.1,"snapDist":6,"label":1}},{"type":"Feature","geometry":{"type":"Point","coordinates":[20.477444,44.814713]},"properties":{"name":"Jaše Prodanovića","lines":"28, 40, 304N, 304Na, 304Nb","arr":["28","40","304N","304Na","304Nb"],"terminus":0,"mode":"bus","color":"#0059a9","colorDark":"#00294f","angle":257.3,"snapDist":5,"label":1}},{"type":"Feature","geometry":{"type":"Point","coordinates":[20.479586,44.810866]},"properties":{"name":"Zdravka Čelara","lines":"28, 40, 77, 79, 304N, 304Na, 304Nb","arr":["28","40","77","79","304N","304Na","304Nb"],"terminus":0,"mode":"bus","color":"#0059a9","colorDark":"#00294f","angle":237.6,"snapDist":5,"label":1}},{"type":"Feature","geometry":{"type":"Point","coordinates":[20.483568,44.806291]},"properties":{"name":"Podvožnjak","lines":"28, 40, 77, 79, 304N, 304Na, 304Nb","arr":["28","40","77","79","304N","304Na","304Nb"],"terminus":0,"mode":"bus","color":"#0059a9","colorDark":"#00294f","angle":239.6,"snapDist":5,"label":1}},{"type":"Feature","geometry":{"type":"Point","coordinates":[20.489094,44.802918]},"properties":{"name":"Marka Oreškovića","lines":"28, 40, 77, 79, 304N, 304Na, 304Nb","arr":["28","40","77","79","304N","304Na","304Nb"],"terminus":0,"mode":"bus","color":"#0059a9","colorDark":"#00294f","angle":212.1,"snapDist":3,"label":1}},{"type":"Feature","geometry":{"type":"Point","coordinates":[20.493985,44.801057]},"properties":{"name":"Šabačka","lines":"28, 40, 77, 79, 304N, 304Na, 304Nb","arr":["28","40","77","79","304N","304Na","304Nb"],"terminus":0,"mode":"bus","color":"#0059a9","colorDark":"#00294f","angle":199.4,"snapDist":2,"label":1}},{"type":"Feature","geometry":{"type":"Point","coordinates":[20.500426,44.7997]},"properties":{"name":"Gradska bolnica","lines":"28, 40, 64, 77","arr":["28","40","64","77"],"terminus":0,"mode":"bus","color":"#0059a9","colorDark":"#00294f","angle":190.7,"snapDist":6,"label":1}},{"type":"Feature","geometry":{"type":"Point","coordinates":[20.503338,44.799336]},"properties":{"name":"Miloša Jankovića","lines":"28, 40, 64, 77","arr":["28","40","64","77"],"terminus":0,"mode":"bus","color":"#0059a9","colorDark":"#00294f","angle":189,"snapDist":6,"label":1}},{"type":"Feature","geometry":{"type":"Point","coordinates":[20.506079,44.798287]},"properties":{"name":"Zvezdara","lines":"28, 40, 64, 77","arr":["28","40","64","77"],"terminus":1,"mode":"bus","color":"#0059a9","colorDark":"#00294f","angle":220.1,"snapDist":4,"label":1}},{"type":"Feature","geometry":{"type":"Point","coordinates":[20.506406,44.798086]},"properties":{"name":"Zvezdara","lines":"28, 40, 64, 77","arr":["28","40","64","77"],"terminus":1,"mode":"bus","color":"#0059a9","colorDark":"#00294f","angle":39.6,"snapDist":9,"label":0}},{"type":"Feature","geometry":{"type":"Point","coordinates":[20.503761,44.799286]},"properties":{"name":"Miloša Jankovića","lines":"28, 40, 64, 77","arr":["28","40","64","77"],"terminus":0,"mode":"bus","color":"#0059a9","colorDark":"#00294f","angle":11.2,"snapDist":5,"label":0}},{"type":"Feature","geometry":{"type":"Point","coordinates":[20.499314,44.799977]},"properties":{"name":"Gradska bolnica","lines":"28, 40, 77, 79, 304N, 304Na, 304Nb","arr":["28","40","77","79","304N","304Na","304Nb"],"terminus":0,"mode":"bus","color":"#0059a9","colorDark":"#00294f","angle":16.4,"snapDist":8,"label":0}},{"type":"Feature","geometry":{"type":"Point","coordinates":[20.495769,44.800729]},"properties":{"name":"Čegarska","lines":"28, 40, 77, 79, 304N, 304Na, 304Nb","arr":["28","40","77","79","304N","304Na","304Nb"],"terminus":0,"mode":"bus","color":"#0059a9","colorDark":"#00294f","angle":17,"snapDist":7,"label":1}},{"type":"Feature","geometry":{"type":"Point","coordinates":[20.492714,44.80152]},"properties":{"name":"Živojina Žujovića","lines":"28, 40, 77, 79, 304N, 304Na, 304Nb","arr":["28","40","77","79","304N","304Na","304Nb"],"terminus":0,"mode":"bus","color":"#0059a9","colorDark":"#00294f","angle":25.6,"snapDist":7,"label":1}},{"type":"Feature","geometry":{"type":"Point","coordinates":[20.486845,44.804077]},"properties":{"name":"Marka Oreškovića","lines":"28, 40, 77, 79, 304N, 304Na, 304Nb","arr":["28","40","77","79","304N","304Na","304Nb"],"terminus":0,"mode":"bus","color":"#0059a9","colorDark":"#00294f","angle":36,"snapDist":7,"label":0}},{"type":"Feature","geometry":{"type":"Point","coordinates":[20.483801,44.806143]},"properties":{"name":"Podvožnjak","lines":"28, 40, 77, 79, 304N, 304Na, 304Nb","arr":["28","40","77","79","304N","304Na","304Nb"],"terminus":0,"mode":"bus","color":"#0059a9","colorDark":"#00294f","angle":59.3,"snapDist":5,"label":0}},{"type":"Feature","geometry":{"type":"Point","coordinates":[20.478976,44.811766]},"properties":{"name":"Zdravka Čelara","lines":"28, 40, 304N, 304Na, 304Nb","arr":["28","40","304N","304Na","304Nb"],"terminus":0,"mode":"bus","color":"#0059a9","colorDark":"#00294f","angle":60,"snapDist":6,"label":0}},{"type":"Feature","geometry":{"type":"Point","coordinates":[20.476494,44.8151]},"properties":{"name":"Jaše Prodanovića","lines":"28, 40, 304N, 304Na, 304Nb","arr":["28","40","304N","304Na","304Nb"],"terminus":0,"mode":"bus","color":"#0059a9","colorDark":"#00294f","angle":359.3,"snapDist":9,"label":0}},{"type":"Feature","geometry":{"type":"Point","coordinates":[20.45987,44.817076]},"properties":{"name":"Trg Republike","lines":"28, 29, 29N, 31, 31N, 41, 101Na, 105N, 302N, 304Na, 307N, 307Na, 511N, 511Na, 511Nb, 603N, 603Na, 706N, 707N, E9, EKO2","arr":["28","29","29N","31","31N","41","101Na","105N","302N","304Na","307N","307Na","511N","511Na","511Nb","603N","603Na","706N","707N","E9","EKO2"],"terminus":0,"mode":"bus","color":"#0059a9","colorDark":"#00294f","angle":48.3,"snapDist":7,"label":0}},{"type":"Feature","geometry":{"type":"Point","coordinates":[20.457697,44.818999]},"properties":{"name":"Studentski trg","lines":"28, 29, 29N, 31, 31N, 33N, 41, 101N, 101Na, 105N, 302N, 304N, 304Na, 307N, 307Na, 511N, 511Na, 511Nb, 603N, 603Na, 706N, 707N, E9","arr":["28","29","29N","31","31N","33N","41","101N","101Na","105N","302N","304N","304Na","307N","307Na","511N","511Na","511Nb","603N","603Na","706N","707N","E9"],"terminus":1,"mode":"bus","color":"#0059a9","colorDark":"#00294f","angle":44,"snapDist":6,"label":0}},{"type":"Feature","geometry":{"type":"Point","coordinates":[20.458221,44.818377]},"properties":{"name":"Studentski trg","lines":"29, 29N, 31, 31N, 33N, 101N, 105N, 302N, 304N, 304Na, 307N, 511N, 511Na, 511Nb, 603N, 603Na, 706N, 707N, E9, EKO2","arr":["29","29N","31","31N","33N","101N","105N","302N","304N","304Na","307N","511N","511Na","511Nb","603N","603Na","706N","707N","E9","EKO2"],"terminus":1,"mode":"bus","color":"#0059a9","colorDark":"#00294f","angle":228.1,"snapDist":6,"label":0}},{"type":"Feature","geometry":{"type":"Point","coordinates":[20.459887,44.817062]},"properties":{"name":"Trg Republike","lines":"29, 29N, 31, 31N, 33N, 72N, E9, EKO2","arr":["29","29N","31","31N","33N","72N","E9","EKO2"],"terminus":1,"mode":"bus","color":"#0059a9","colorDark":"#00294f","angle":228.3,"snapDist":6,"label":0}},{"type":"Feature","geometry":{"type":"Point","coordinates":[20.465461,44.800725]},"properties":{"name":"Birčaninova","lines":"30, 39, 47, 59, 401, 402","arr":["30","39","47","59","401","402"],"terminus":1,"mode":"bus","color":"#0059a9","colorDark":"#00294f","angle":132.1,"snapDist":7,"label":1}},{"type":"Feature","geometry":{"type":"Point","coordinates":[20.489828,44.778357]},"properties":{"name":"Katarine Ivanović","lines":"30","arr":["30"],"terminus":0,"mode":"bus","color":"#0059a9","colorDark":"#00294f","angle":205.3,"snapDist":5,"label":1}},{"type":"Feature","geometry":{"type":"Point","coordinates":[20.493871,44.777029]},"properties":{"name":"Umljenovićeva","lines":"30","arr":["30"],"terminus":0,"mode":"bus","color":"#0059a9","colorDark":"#00294f","angle":205.2,"snapDist":4,"label":1}},{"type":"Feature","geometry":{"type":"Point","coordinates":[20.497421,44.775425]},"properties":{"name":"Medaković 2","lines":"30","arr":["30"],"terminus":1,"mode":"bus","color":"#0059a9","colorDark":"#00294f","angle":223.2,"snapDist":7,"label":1}},{"type":"Feature","geometry":{"type":"Point","coordinates":[20.498015,44.775197]},"properties":{"name":"Medaković 2","lines":"30","arr":["30"],"terminus":1,"mode":"bus","color":"#0059a9","colorDark":"#00294f","angle":185.4,"snapDist":5,"label":0}},{"type":"Feature","geometry":{"type":"Point","coordinates":[20.493847,44.777528]},"properties":{"name":"Umljenovićeva","lines":"30","arr":["30"],"terminus":0,"mode":"bus","color":"#0059a9","colorDark":"#00294f","angle":320.2,"snapDist":5,"label":0}},{"type":"Feature","geometry":{"type":"Point","coordinates":[20.489195,44.778562]},"properties":{"name":"Katarine Ivanović","lines":"30","arr":["30"],"terminus":0,"mode":"bus","color":"#0059a9","colorDark":"#00294f","angle":20.5,"snapDist":5,"label":0}},{"type":"Feature","geometry":{"type":"Point","coordinates":[20.481367,44.785954]},"properties":{"name":"Dušanovac /pošta/","lines":"30, 31, 31N","arr":["30","31","31N"],"terminus":0,"mode":"bus","color":"#0059a9","colorDark":"#00294f","angle":27.7,"snapDist":5,"label":0}},{"type":"Feature","geometry":{"type":"Point","coordinates":[20.478162,44.787164]},"properties":{"name":"GO Voždovac","lines":"30, 31, 31N","arr":["30","31","31N"],"terminus":0,"mode":"bus","color":"#0059a9","colorDark":"#00294f","angle":23.7,"snapDist":8,"label":1}},{"type":"Feature","geometry":{"type":"Point","coordinates":[20.472043,44.789413]},"properties":{"name":"Stratimirovićeva","lines":"30, 31, 31N","arr":["30","31","31N"],"terminus":0,"mode":"bus","color":"#0059a9","colorDark":"#00294f","angle":22.9,"snapDist":6,"label":1}},{"type":"Feature","geometry":{"type":"Point","coordinates":[20.469776,44.790616]},"properties":{"name":"Južni bulevar","lines":"30, 31, 31N","arr":["30","31","31N"],"terminus":0,"mode":"bus","color":"#0059a9","colorDark":"#00294f","angle":66.1,"snapDist":11,"label":0}},{"type":"Feature","geometry":{"type":"Point","coordinates":[20.510439,44.782322]},"properties":{"name":"Konjarnik","lines":"31, 31N","arr":["31","31N"],"terminus":1,"mode":"bus","color":"#0059a9","colorDark":"#00294f","angle":10.3,"snapDist":3,"label":0}},{"type":"Feature","geometry":{"type":"Point","coordinates":[20.479653,44.804814]},"properties":{"name":"Vukov spomenik","lines":"32, 66, EKO1","arr":["32","66","EKO1"],"terminus":1,"mode":"bus","color":"#0059a9","colorDark":"#00294f","angle":238.1,"snapDist":5,"label":1}},{"type":"Feature","geometry":{"type":"Point","coordinates":[20.523659,44.818176]},"properties":{"name":"Rospi ćuprija","lines":"32, 32E, 32N","arr":["32","32E","32N"],"terminus":0,"mode":"bus","color":"#0059a9","colorDark":"#00294f","angle":159.7,"snapDist":10,"label":1}},{"type":"Feature","geometry":{"type":"Point","coordinates":[20.526545,44.818802]},"properties":{"name":"Marina","lines":"32, 32E, 32N","arr":["32","32E","32N"],"terminus":0,"mode":"bus","color":"#0059a9","colorDark":"#00294f","angle":168.7,"snapDist":4,"label":1}},{"type":"Feature","geometry":{"type":"Point","coordinates":[20.53148,44.819968]},"properties":{"name":"FK Banja","lines":"32, 32E, 32N","arr":["32","32E","32N"],"terminus":0,"mode":"bus","color":"#0059a9","colorDark":"#00294f","angle":161.3,"snapDist":4,"label":1}},{"type":"Feature","geometry":{"type":"Point","coordinates":[20.53675,44.821534]},"properties":{"name":"Višnjička banja","lines":"32, 32E, 32N","arr":["32","32E","32N"],"terminus":0,"mode":"bus","color":"#0059a9","colorDark":"#00294f","angle":144.7,"snapDist":3,"label":1}},{"type":"Feature","geometry":{"type":"Point","coordinates":[20.541282,44.82465]},"properties":{"name":"Despotovačka","lines":"32, 32E, 32N","arr":["32","32E","32N"],"terminus":0,"mode":"bus","color":"#0059a9","colorDark":"#00294f","angle":102.4,"snapDist":5,"label":1}},{"type":"Feature","geometry":{"type":"Point","coordinates":[20.543948,44.827231]},"properties":{"name":"Lovačka","lines":"32, 32E, 32N","arr":["32","32E","32N"],"terminus":0,"mode":"bus","color":"#0059a9","colorDark":"#00294f","angle":121.3,"snapDist":4,"label":1}},{"type":"Feature","geometry":{"type":"Point","coordinates":[20.548284,44.830864]},"properties":{"name":"Višnjica","lines":"32, 32E, 32N","arr":["32","32E","32N"],"terminus":1,"mode":"bus","color":"#0059a9","colorDark":"#00294f","angle":320.9,"snapDist":1,"label":1}},{"type":"Feature","geometry":{"type":"Point","coordinates":[20.544214,44.827577]},"properties":{"name":"Lovačka","lines":"32, 32E, 32N","arr":["32","32E","32N"],"terminus":0,"mode":"bus","color":"#0059a9","colorDark":"#00294f","angle":299.5,"snapDist":3,"label":0}},{"type":"Feature","geometry":{"type":"Point","coordinates":[20.541177,44.824244]},"properties":{"name":"Despotovačka","lines":"32, 32E, 32N","arr":["32","32E","32N"],"terminus":0,"mode":"bus","color":"#0059a9","colorDark":"#00294f","angle":280.9,"snapDist":3,"label":0}},{"type":"Feature","geometry":{"type":"Point","coordinates":[20.537264,44.821833]},"properties":{"name":"Višnjička banja","lines":"32, 32E, 32N","arr":["32","32E","32N"],"terminus":0,"mode":"bus","color":"#0059a9","colorDark":"#00294f","angle":311.1,"snapDist":4,"label":0}},{"type":"Feature","geometry":{"type":"Point","coordinates":[20.530638,44.819761]},"properties":{"name":"FK Banja","lines":"32, 32E, 32N","arr":["32","32E","32N"],"terminus":0,"mode":"bus","color":"#0059a9","colorDark":"#00294f","angle":339.2,"snapDist":3,"label":0}},{"type":"Feature","geometry":{"type":"Point","coordinates":[20.526788,44.818835]},"properties":{"name":"Marina","lines":"32, 32E, 32N","arr":["32","32E","32N"],"terminus":0,"mode":"bus","color":"#0059a9","colorDark":"#00294f","angle":347.7,"snapDist":5,"label":0}},{"type":"Feature","geometry":{"type":"Point","coordinates":[20.521806,44.817898]},"properties":{"name":"Rospi ćuprija","lines":"32, 32E, 32N, 35, 63, 202, 202N","arr":["32","32E","32N","35","63","202","202N"],"terminus":0,"mode":"bus","color":"#0059a9","colorDark":"#00294f","angle":350.5,"snapDist":8,"label":0}},{"type":"Feature","geometry":{"type":"Point","coordinates":[20.461256,44.816739]},"properties":{"name":"Trg Republike","lines":"32E, 32N, 202N","arr":["32E","32N","202N"],"terminus":1,"mode":"bus","color":"#0059a9","colorDark":"#00294f","angle":183.4,"snapDist":7,"label":0}},{"type":"Feature","geometry":{"type":"Point","coordinates":[20.547284,44.830305]},"properties":{"name":"Višnjica","lines":"32E, 32N","arr":["32E","32N"],"terminus":1,"mode":"bus","color":"#0059a9","colorDark":"#00294f","angle":324,"snapDist":39,"label":0}},{"type":"Feature","geometry":{"type":"Point","coordinates":[20.488846,44.819323]},"properties":{"name":"ŽS Pančevački most","lines":"33, 48","arr":["33","48"],"terminus":1,"mode":"bus","color":"#0059a9","colorDark":"#00294f","angle":328,"snapDist":5,"label":1}},{"type":"Feature","geometry":{"type":"Point","coordinates":[20.480159,44.818297]},"properties":{"name":"Železnička stanica Dunav","lines":"33, 48, 96","arr":["33","48","96"],"terminus":0,"mode":"bus","color":"#0059a9","colorDark":"#00294f","angle":269.9,"snapDist":7,"label":0}},{"type":"Feature","geometry":{"type":"Point","coordinates":[20.483359,44.816169]},"properties":{"name":"Hala Aleksandar Nikolić","lines":"33, 48","arr":["33","48"],"terminus":0,"mode":"bus","color":"#0059a9","colorDark":"#00294f","angle":323.2,"snapDist":5,"label":1}},{"type":"Feature","geometry":{"type":"Point","coordinates":[20.479863,44.811678]},"properties":{"name":"Cvijićeva","lines":"33, 48","arr":["33","48"],"terminus":0,"mode":"bus","color":"#0059a9","colorDark":"#00294f","angle":322.3,"snapDist":5,"label":1}},{"type":"Feature","geometry":{"type":"Point","coordinates":[20.476496,44.810036]},"properties":{"name":"27. marta","lines":"33, 48","arr":["33","48"],"terminus":0,"mode":"bus","color":"#0059a9","colorDark":"#00294f","angle":335.3,"snapDist":10,"label":1}},{"type":"Feature","geometry":{"type":"Point","coordinates":[20.472167,44.807664]},"properties":{"name":"Pravni fakultet","lines":"33, 48","arr":["33","48"],"terminus":0,"mode":"bus","color":"#0059a9","colorDark":"#00294f","angle":314.7,"snapDist":5,"label":1}},{"type":"Feature","geometry":{"type":"Point","coordinates":[20.467394,44.786176]},"properties":{"name":"Trg oslobođenja","lines":"33, 33N, 401N, E9","arr":["33","33N","401N","E9"],"terminus":0,"mode":"bus","color":"#0059a9","colorDark":"#00294f","angle":231.5,"snapDist":1,"label":0}},{"type":"Feature","geometry":{"type":"Point","coordinates":[20.471413,44.782061]},"properties":{"name":"Kralja Vladimira","lines":"33, 33N, 401N, E9","arr":["33","33N","401N","E9"],"terminus":0,"mode":"bus","color":"#0059a9","colorDark":"#00294f","angle":244.4,"snapDist":2,"label":1}},{"type":"Feature","geometry":{"type":"Point","coordinates":[20.474528,44.777112]},"properties":{"name":"Vitanovačka","lines":"33, 33N, 401N, E9","arr":["33","33N","401N","E9"],"terminus":0,"mode":"bus","color":"#0059a9","colorDark":"#00294f","angle":254.3,"snapDist":1,"label":1}},{"type":"Feature","geometry":{"type":"Point","coordinates":[20.475424,44.775205]},"properties":{"name":"Petrovačka","lines":"33, 33N, 401N, E9","arr":["33","33N","401N","E9"],"terminus":0,"mode":"bus","color":"#0059a9","colorDark":"#00294f","angle":242.9,"snapDist":0,"label":1}},{"type":"Feature","geometry":{"type":"Point","coordinates":[20.477891,44.771472]},"properties":{"name":"Nikšićka","lines":"33, 33N, 401N, E9","arr":["33","33N","401N","E9"],"terminus":0,"mode":"bus","color":"#0059a9","colorDark":"#00294f","angle":251.1,"snapDist":3,"label":1}},{"type":"Feature","geometry":{"type":"Point","coordinates":[20.479569,44.768442]},"properties":{"name":"Visoka škola elektrotehnike","lines":"33, 33N, 401N, E9","arr":["33","33N","401N","E9"],"terminus":0,"mode":"bus","color":"#0059a9","colorDark":"#00294f","angle":236.8,"snapDist":1,"label":1}},{"type":"Feature","geometry":{"type":"Point","coordinates":[20.482484,44.765159]},"properties":{"name":"Saobraćajni fakultet","lines":"33, 33N, 401N, E9","arr":["33","33N","401N","E9"],"terminus":0,"mode":"bus","color":"#0059a9","colorDark":"#00294f","angle":249.9,"snapDist":3,"label":1}},{"type":"Feature","geometry":{"type":"Point","coordinates":[20.484797,44.760842]},"properties":{"name":"Voždovac","lines":"33, 33N, E9","arr":["33","33N","E9"],"terminus":0,"mode":"bus","color":"#0059a9","colorDark":"#00294f","angle":252.6,"snapDist":8,"label":0}},{"type":"Feature","geometry":{"type":"Point","coordinates":[20.486295,44.758156]},"properties":{"name":"Stepa Stepanović","lines":"33, 33N, 406L, 409, E9","arr":["33","33N","406L","409","E9"],"terminus":0,"mode":"bus","color":"#0059a9","colorDark":"#00294f","angle":236.4,"snapDist":3,"label":1}},{"type":"Feature","geometry":{"type":"Point","coordinates":[20.490128,44.75537]},"properties":{"name":"Milića Marinovića","lines":"33, 33N, 406L, 409, E9","arr":["33","33N","406L","409","E9"],"terminus":0,"mode":"bus","color":"#0059a9","colorDark":"#00294f","angle":226.5,"snapDist":6,"label":1}},{"type":"Feature","geometry":{"type":"Point","coordinates":[20.492415,44.752409]},"properties":{"name":"Beranska","lines":"33, 33N, 406L, 409, E9","arr":["33","33N","406L","409","E9"],"terminus":0,"mode":"bus","color":"#0059a9","colorDark":"#00294f","angle":245.3,"snapDist":6,"label":1}},{"type":"Feature","geometry":{"type":"Point","coordinates":[20.518135,44.744787]},"properties":{"name":"Kumodraž","lines":"33, 33N, E9","arr":["33","33N","E9"],"terminus":1,"mode":"bus","color":"#0059a9","colorDark":"#00294f","angle":150.8,"snapDist":4,"label":1}},{"type":"Feature","geometry":{"type":"Point","coordinates":[20.518286,44.744844]},"properties":{"name":"Kumodraž","lines":"33, 33N, 312, E9","arr":["33","33N","312","E9"],"terminus":1,"mode":"bus","color":"#0059a9","colorDark":"#00294f","angle":333.6,"snapDist":6,"label":0}},{"type":"Feature","geometry":{"type":"Point","coordinates":[20.515985,44.742569]},"properties":{"name":"Kumodraž 1","lines":"33, 33N, E9","arr":["33","33N","E9"],"terminus":0,"mode":"bus","color":"#0059a9","colorDark":"#00294f","angle":265.1,"snapDist":1,"label":0}},{"type":"Feature","geometry":{"type":"Point","coordinates":[20.495259,44.748668]},"properties":{"name":"Kumodraž 2","lines":"33, 33N, 406L, 409, E9","arr":["33","33N","406L","409","E9"],"terminus":0,"mode":"bus","color":"#0059a9","colorDark":"#00294f","angle":60.4,"snapDist":9,"label":0}},{"type":"Feature","geometry":{"type":"Point","coordinates":[20.491711,44.753529]},"properties":{"name":"Beranska","lines":"33, 33N, 406L, 409, E9","arr":["33","33N","406L","409","E9"],"terminus":0,"mode":"bus","color":"#0059a9","colorDark":"#00294f","angle":65.3,"snapDist":8,"label":0}},{"type":"Feature","geometry":{"type":"Point","coordinates":[20.48908,44.756006]},"properties":{"name":"Milića Marinovića","lines":"33, 33N, 406L, 409, E9","arr":["33","33N","406L","409","E9"],"terminus":0,"mode":"bus","color":"#0059a9","colorDark":"#00294f","angle":36.9,"snapDist":7,"label":0}},{"type":"Feature","geometry":{"type":"Point","coordinates":[20.486748,44.757699]},"properties":{"name":"Stepa Stepanović","lines":"33, 33N, 406L, 409, E9","arr":["33","33N","406L","409","E9"],"terminus":0,"mode":"bus","color":"#0059a9","colorDark":"#00294f","angle":53.6,"snapDist":5,"label":0}},{"type":"Feature","geometry":{"type":"Point","coordinates":[20.484777,44.760887]},"properties":{"name":"Voždovac","lines":"33, 33N, 406L, 409, E9","arr":["33","33N","406L","409","E9"],"terminus":0,"mode":"bus","color":"#0059a9","colorDark":"#00294f","angle":71.9,"snapDist":10,"label":0}},{"type":"Feature","geometry":{"type":"Point","coordinates":[20.482194,44.765947]},"properties":{"name":"Saobraćajni fakultet","lines":"33, 33N, 401N, E9","arr":["33","33N","401N","E9"],"terminus":0,"mode":"bus","color":"#0059a9","colorDark":"#00294f","angle":68.2,"snapDist":2,"label":0}},{"type":"Feature","geometry":{"type":"Point","coordinates":[20.479073,44.769179]},"properties":{"name":"Visoka škola elektrotehnike","lines":"33, 33N, 401N, E9","arr":["33","33N","401N","E9"],"terminus":0,"mode":"bus","color":"#0059a9","colorDark":"#00294f","angle":67.4,"snapDist":0,"label":0}},{"type":"Feature","geometry":{"type":"Point","coordinates":[20.477099,44.773022]},"properties":{"name":"Nikšićka","lines":"33, 33N, 401N, E9","arr":["33","33N","401N","E9"],"terminus":0,"mode":"bus","color":"#0059a9","colorDark":"#00294f","angle":62.8,"snapDist":4,"label":0}},{"type":"Feature","geometry":{"type":"Point","coordinates":[20.474555,44.777333]},"properties":{"name":"Vitanovačka","lines":"33, 33N, 401N, E9","arr":["33","33N","401N","E9"],"terminus":0,"mode":"bus","color":"#0059a9","colorDark":"#00294f","angle":73.4,"snapDist":1,"label":0}},{"type":"Feature","geometry":{"type":"Point","coordinates":[20.471828,44.781684]},"properties":{"name":"Kralja Vladimira","lines":"33, 33N, 401N, E9","arr":["33","33N","401N","E9"],"terminus":0,"mode":"bus","color":"#0059a9","colorDark":"#00294f","angle":64.1,"snapDist":1,"label":0}},{"type":"Feature","geometry":{"type":"Point","coordinates":[20.470335,44.783606]},"properties":{"name":"Bože Jankovića","lines":"33, 33N, 401N, E9","arr":["33","33N","401N","E9"],"terminus":0,"mode":"bus","color":"#0059a9","colorDark":"#00294f","angle":56.1,"snapDist":1,"label":1}},{"type":"Feature","geometry":{"type":"Point","coordinates":[20.466323,44.787193]},"properties":{"name":"Trg oslobođenja","lines":"33, 33N, 401N, E9","arr":["33","33N","401N","E9"],"terminus":0,"mode":"bus","color":"#0059a9","colorDark":"#00294f","angle":50.8,"snapDist":1,"label":0}},{"type":"Feature","geometry":{"type":"Point","coordinates":[20.47207,44.807489]},"properties":{"name":"Pravni fakultet","lines":"33, 48, 401N","arr":["33","48","401N"],"terminus":0,"mode":"bus","color":"#0059a9","colorDark":"#00294f","angle":130.6,"snapDist":1,"label":0}},{"type":"Feature","geometry":{"type":"Point","coordinates":[20.475945,44.809838]},"properties":{"name":"27. marta","lines":"33, 48","arr":["33","48"],"terminus":0,"mode":"bus","color":"#0059a9","colorDark":"#00294f","angle":150.6,"snapDist":11,"label":0}},{"type":"Feature","geometry":{"type":"Point","coordinates":[20.480057,44.811749]},"properties":{"name":"Cvijićeva","lines":"33, 48","arr":["33","48"],"terminus":0,"mode":"bus","color":"#0059a9","colorDark":"#00294f","angle":121.4,"snapDist":6,"label":0}},{"type":"Feature","geometry":{"type":"Point","coordinates":[20.482269,44.814722]},"properties":{"name":"Hala Aleksandar Nikolić","lines":"33, 48","arr":["33","48"],"terminus":0,"mode":"bus","color":"#0059a9","colorDark":"#00294f","angle":104.5,"snapDist":7,"label":0}},{"type":"Feature","geometry":{"type":"Point","coordinates":[20.481571,44.819076]},"properties":{"name":"Železnička stanica Dunav","lines":"33, 37, 44, 44a, 48, 58, 96","arr":["33","37","44","44a","48","58","96"],"terminus":0,"mode":"bus","color":"#0059a9","colorDark":"#00294f","angle":183.9,"snapDist":6,"label":0}},{"type":"Feature","geometry":{"type":"Point","coordinates":[20.489366,44.81927]},"properties":{"name":"ŽS Pančevački most","lines":"33, 37, 48, 58, 96","arr":["33","37","48","58","96"],"terminus":1,"mode":"bus","color":"#0059a9","colorDark":"#00294f","angle":168.6,"snapDist":9,"label":0}},{"type":"Feature","geometry":{"type":"Point","coordinates":[20.443103,44.795788]},"properties":{"name":"Topčidersko brdo /Senjak/","lines":"34, 44, 44a","arr":["34","44","44a"],"terminus":1,"mode":"bus","color":"#0059a9","colorDark":"#00294f","angle":13.9,"snapDist":6,"label":1}},{"type":"Feature","geometry":{"type":"Point","coordinates":[20.441868,44.79265]},"properties":{"name":"Vojislava Vučkovića","lines":"34, 44, 44a","arr":["34","44","44a"],"terminus":0,"mode":"bus","color":"#0059a9","colorDark":"#00294f","angle":290.3,"snapDist":1,"label":1}},{"type":"Feature","geometry":{"type":"Point","coordinates":[20.440922,44.788738]},"properties":{"name":"Vase Pelagića","lines":"34, 44, 44a","arr":["34","44","44a"],"terminus":0,"mode":"bus","color":"#0059a9","colorDark":"#00294f","angle":259.5,"snapDist":5,"label":1}},{"type":"Feature","geometry":{"type":"Point","coordinates":[20.444216,44.788848]},"properties":{"name":"Topčiderska zvezda","lines":"34, 44, 44a","arr":["34","44","44a"],"terminus":0,"mode":"bus","color":"#0059a9","colorDark":"#00294f","angle":168.3,"snapDist":10,"label":1}},{"type":"Feature","geometry":{"type":"Point","coordinates":[20.449629,44.793236]},"properties":{"name":"Ortopedski zavod","lines":"34, 36, 38L, 600","arr":["34","36","38L","600"],"terminus":0,"mode":"bus","color":"#0059a9","colorDark":"#00294f","angle":234.6,"snapDist":3,"label":1}},{"type":"Feature","geometry":{"type":"Point","coordinates":[20.453856,44.792759]},"properties":{"name":"Železnička stanica BGD centar","lines":"34, 36, 38L, 600","arr":["34","36","38L","600"],"terminus":1,"mode":"bus","color":"#0059a9","colorDark":"#00294f","angle":210.9,"snapDist":7,"label":1}},{"type":"Feature","geometry":{"type":"Point","coordinates":[20.457934,44.79252]},"properties":{"name":"Gučevska","lines":"34, 36, 38L, 600","arr":["34","36","38L","600"],"terminus":1,"mode":"bus","color":"#0059a9","colorDark":"#00294f","angle":110.6,"snapDist":4,"label":1}},{"type":"Feature","geometry":{"type":"Point","coordinates":[20.456056,44.789983]},"properties":{"name":"Bulevar kneza Aleksandra Karađorđevića","lines":"34, 36","arr":["34","36"],"terminus":0,"mode":"bus","color":"#0059a9","colorDark":"#00294f","angle":320.7,"snapDist":4,"label":1}},{"type":"Feature","geometry":{"type":"Point","coordinates":[20.457528,44.786255]},"properties":{"name":"Stadion Partizan","lines":"34, 40, 41","arr":["34","40","41"],"terminus":0,"mode":"bus","color":"#0059a9","colorDark":"#00294f","angle":265,"snapDist":5,"label":1}},{"type":"Feature","geometry":{"type":"Point","coordinates":[20.458037,44.781712]},"properties":{"name":"Pedagoška akademija","lines":"34, 40, 41","arr":["34","40","41"],"terminus":0,"mode":"bus","color":"#0059a9","colorDark":"#00294f","angle":265.2,"snapDist":5,"label":1}},{"type":"Feature","geometry":{"type":"Point","coordinates":[20.458187,44.777537]},"properties":{"name":"Bolnica Dragiša Mišović","lines":"34, 40, 41, 42, 47N, 47Na, 49, 59, 78, 94","arr":["34","40","41","42","47N","47Na","49","59","78","94"],"terminus":0,"mode":"bus","color":"#0059a9","colorDark":"#00294f","angle":269.2,"snapDist":3,"label":1}},{"type":"Feature","geometry":{"type":"Point","coordinates":[20.462717,44.772745]},"properties":{"name":"Paje Adamova","lines":"34, 40, 41, 47N, 47Na, 49, 59, 78, 94","arr":["34","40","41","47N","47Na","49","59","78","94"],"terminus":0,"mode":"bus","color":"#0059a9","colorDark":"#00294f","angle":237.3,"snapDist":5,"label":1}},{"type":"Feature","geometry":{"type":"Point","coordinates":[20.466167,44.769388]},"properties":{"name":"Banjica","lines":"34, 40, 41, 47N, 47Na, 49, 59, 78, 94","arr":["34","40","41","47N","47Na","49","59","78","94"],"terminus":0,"mode":"bus","color":"#0059a9","colorDark":"#00294f","angle":225.1,"snapDist":5,"label":1}},{"type":"Feature","geometry":{"type":"Point","coordinates":[20.463584,44.76617]},"properties":{"name":"Dedinje (Ortopedska bolnica)","lines":"34","arr":["34"],"terminus":0,"mode":"bus","color":"#0059a9","colorDark":"#00294f","angle":326.7,"snapDist":4,"label":1}},{"type":"Feature","geometry":{"type":"Point","coordinates":[20.461676,44.763585]},"properties":{"name":"Flore Sends","lines":"34","arr":["34"],"terminus":0,"mode":"bus","color":"#0059a9","colorDark":"#00294f","angle":281.8,"snapDist":2,"label":1}},{"type":"Feature","geometry":{"type":"Point","coordinates":[20.459228,44.764545]},"properties":{"name":"Miloja Đaka","lines":"34","arr":["34"],"terminus":0,"mode":"bus","color":"#0059a9","colorDark":"#00294f","angle":90.1,"snapDist":6,"label":1}},{"type":"Feature","geometry":{"type":"Point","coordinates":[20.458588,44.767976]},"properties":{"name":"Omladinska","lines":"34","arr":["34"],"terminus":0,"mode":"bus","color":"#0059a9","colorDark":"#00294f","angle":96.8,"snapDist":4,"label":1}},{"type":"Feature","geometry":{"type":"Point","coordinates":[20.455709,44.769456]},"properties":{"name":"Baje Pivljanina","lines":"34, 42","arr":["34","42"],"terminus":0,"mode":"bus","color":"#0059a9","colorDark":"#00294f","angle":35.2,"snapDist":10,"label":1}},{"type":"Feature","geometry":{"type":"Point","coordinates":[20.454491,44.765737]},"properties":{"name":"Pivljanina Baje","lines":"34","arr":["34"],"terminus":0,"mode":"bus","color":"#0059a9","colorDark":"#00294f","angle":268.9,"snapDist":3,"label":1}},{"type":"Feature","geometry":{"type":"Point","coordinates":[20.453329,44.761391]},"properties":{"name":"Pivljanina Baje 1","lines":"34","arr":["34"],"terminus":0,"mode":"bus","color":"#0059a9","colorDark":"#00294f","angle":284,"snapDist":3,"label":1}},{"type":"Feature","geometry":{"type":"Point","coordinates":[20.452567,44.757951]},"properties":{"name":"Milana Blagojevića Španca","lines":"34","arr":["34"],"terminus":0,"mode":"bus","color":"#0059a9","colorDark":"#00294f","angle":176.8,"snapDist":2,"label":1}},{"type":"Feature","geometry":{"type":"Point","coordinates":[20.460103,44.75711]},"properties":{"name":"Pere Velimirovića","lines":"34, 42, 47, 47N, 47Na, 48, 50, 59, 94","arr":["34","42","47","47N","47Na","48","50","59","94"],"terminus":1,"mode":"bus","color":"#0059a9","colorDark":"#00294f","angle":303.4,"snapDist":9,"label":1}},{"type":"Feature","geometry":{"type":"Point","coordinates":[20.459871,44.757804]},"properties":{"name":"Pere Velimirovića","lines":"34","arr":["34"],"terminus":1,"mode":"bus","color":"#0059a9","colorDark":"#00294f","angle":32.7,"snapDist":5,"label":0}},{"type":"Feature","geometry":{"type":"Point","coordinates":[20.451646,44.758033]},"properties":{"name":"Milana Blagojevića Španca","lines":"34","arr":["34"],"terminus":0,"mode":"bus","color":"#0059a9","colorDark":"#00294f","angle":8.1,"snapDist":5,"label":0}},{"type":"Feature","geometry":{"type":"Point","coordinates":[20.452953,44.76056]},"properties":{"name":"Pivljanina Baje 1","lines":"34","arr":["34"],"terminus":0,"mode":"bus","color":"#0059a9","colorDark":"#00294f","angle":114.2,"snapDist":3,"label":0}},{"type":"Feature","geometry":{"type":"Point","coordinates":[20.454485,44.76588]},"properties":{"name":"Pivljanina Baje","lines":"34","arr":["34"],"terminus":0,"mode":"bus","color":"#0059a9","colorDark":"#00294f","angle":87.7,"snapDist":6,"label":0}},{"type":"Feature","geometry":{"type":"Point","coordinates":[20.455377,44.769587]},"properties":{"name":"Baje Pivljanina","lines":"34, 42","arr":["34","42"],"terminus":0,"mode":"bus","color":"#0059a9","colorDark":"#00294f","angle":205,"snapDist":3,"label":0}},{"type":"Feature","geometry":{"type":"Point","coordinates":[20.458562,44.767822]},"properties":{"name":"Omladinska","lines":"34","arr":["34"],"terminus":0,"mode":"bus","color":"#0059a9","colorDark":"#00294f","angle":276.8,"snapDist":5,"label":0}},{"type":"Feature","geometry":{"type":"Point","coordinates":[20.459778,44.764013]},"properties":{"name":"Miloja Đaka","lines":"34","arr":["34"],"terminus":0,"mode":"bus","color":"#0059a9","colorDark":"#00294f","angle":196.2,"snapDist":3,"label":0}},{"type":"Feature","geometry":{"type":"Point","coordinates":[20.461764,44.763886]},"properties":{"name":"Flore Sends","lines":"34","arr":["34"],"terminus":0,"mode":"bus","color":"#0059a9","colorDark":"#00294f","angle":101.8,"snapDist":8,"label":0}},{"type":"Feature","geometry":{"type":"Point","coordinates":[20.463943,44.766337]},"properties":{"name":"Dedinje (Ortopedska bolnica)","lines":"34","arr":["34"],"terminus":0,"mode":"bus","color":"#0059a9","colorDark":"#00294f","angle":146.7,"snapDist":5,"label":0}},{"type":"Feature","geometry":{"type":"Point","coordinates":[20.465653,44.769928]},"properties":{"name":"Banjica","lines":"34, 40, 41, 47N, 47Na, 49, 59, 78, 94","arr":["34","40","41","47N","47Na","49","59","78","94"],"terminus":0,"mode":"bus","color":"#0059a9","colorDark":"#00294f","angle":36.5,"snapDist":2,"label":0}},{"type":"Feature","geometry":{"type":"Point","coordinates":[20.46186,44.773756]},"properties":{"name":"Paje Adamova","lines":"34, 40, 41, 47N, 47Na, 49, 59, 78, 94","arr":["34","40","41","47N","47Na","49","59","78","94"],"terminus":0,"mode":"bus","color":"#0059a9","colorDark":"#00294f","angle":59.6,"snapDist":7,"label":0}},{"type":"Feature","geometry":{"type":"Point","coordinates":[20.458431,44.777682]},"properties":{"name":"Bolnica Dragiša Mišović","lines":"34, 40, 41, 42, 47N, 47Na, 59, 78","arr":["34","40","41","42","47N","47Na","59","78"],"terminus":0,"mode":"bus","color":"#0059a9","colorDark":"#00294f","angle":91.6,"snapDist":6,"label":0}},{"type":"Feature","geometry":{"type":"Point","coordinates":[20.457936,44.782602]},"properties":{"name":"Pedagoška akademija","lines":"34, 40, 41","arr":["34","40","41"],"terminus":0,"mode":"bus","color":"#0059a9","colorDark":"#00294f","angle":86.1,"snapDist":8,"label":0}},{"type":"Feature","geometry":{"type":"Point","coordinates":[20.457551,44.786073]},"properties":{"name":"Stadion Partizan","lines":"34, 40, 41","arr":["34","40","41"],"terminus":0,"mode":"bus","color":"#0059a9","colorDark":"#00294f","angle":85,"snapDist":8,"label":0}},{"type":"Feature","geometry":{"type":"Point","coordinates":[20.455941,44.789916]},"properties":{"name":"Bulevar kneza Aleksandra Karađorđevića","lines":"34, 36","arr":["34","36"],"terminus":0,"mode":"bus","color":"#0059a9","colorDark":"#00294f","angle":140.7,"snapDist":9,"label":0}},{"type":"Feature","geometry":{"type":"Point","coordinates":[20.457596,44.79249]},"properties":{"name":"Gučevska","lines":"34, 36, 38L, 600","arr":["34","36","38L","600"],"terminus":1,"mode":"bus","color":"#0059a9","colorDark":"#00294f","angle":260,"snapDist":2,"label":0}},{"type":"Feature","geometry":{"type":"Point","coordinates":[20.454232,44.792682]},"properties":{"name":"Železnička stanica Beograd centar - Terminus (pola","lines":"34, 36, 38L, 600","arr":["34","36","38L","600"],"terminus":1,"mode":"bus","color":"#0059a9","colorDark":"#00294f","angle":31.8,"snapDist":8,"label":1}},{"type":"Feature","geometry":{"type":"Point","coordinates":[20.447889,44.793705]},"properties":{"name":"Kozjačka","lines":"34, 44, 44a","arr":["34","44","44a"],"terminus":0,"mode":"bus","color":"#0059a9","colorDark":"#00294f","angle":290.2,"snapDist":5,"label":1}},{"type":"Feature","geometry":{"type":"Point","coordinates":[20.443929,44.789287]},"properties":{"name":"Topčiderska zvezda","lines":"34, 44, 44a","arr":["34","44","44a"],"terminus":0,"mode":"bus","color":"#0059a9","colorDark":"#00294f","angle":328.7,"snapDist":8,"label":0}},{"type":"Feature","geometry":{"type":"Point","coordinates":[20.440852,44.78901]},"properties":{"name":"Vase Pelagića","lines":"34, 44, 44a","arr":["34","44","44a"],"terminus":0,"mode":"bus","color":"#0059a9","colorDark":"#00294f","angle":79.5,"snapDist":4,"label":0}},{"type":"Feature","geometry":{"type":"Point","coordinates":[20.44142,44.791785]},"properties":{"name":"Vojislava Vučkovića","lines":"34, 44, 44a","arr":["34","44","44a"],"terminus":0,"mode":"bus","color":"#0059a9","colorDark":"#00294f","angle":113.9,"snapDist":7,"label":0}},{"type":"Feature","geometry":{"type":"Point","coordinates":[20.442548,44.794357]},"properties":{"name":"Senjačka","lines":"34, 44, 44a","arr":["34","44","44a"],"terminus":0,"mode":"bus","color":"#0059a9","colorDark":"#00294f","angle":107.4,"snapDist":4,"label":1}},{"type":"Feature","geometry":{"type":"Point","coordinates":[20.437746,44.811092]},"properties":{"name":"Novi Beograd (Blok 20)","lines":"35","arr":["35"],"terminus":1,"mode":"bus","color":"#0059a9","colorDark":"#00294f","angle":122.1,"snapDist":9,"label":0}},{"type":"Feature","geometry":{"type":"Point","coordinates":[20.523139,44.817629]},"properties":{"name":"Rospi ćuprija","lines":"35, 63, 202, 202N","arr":["35","63","202","202N"],"terminus":0,"mode":"bus","color":"#0059a9","colorDark":"#00294f","angle":213.6,"snapDist":5,"label":0}},{"type":"Feature","geometry":{"type":"Point","coordinates":[20.528473,44.815734]},"properties":{"name":"Trudbenička","lines":"35, 63, 202, 202N","arr":["35","63","202","202N"],"terminus":0,"mode":"bus","color":"#0059a9","colorDark":"#00294f","angle":174.7,"snapDist":5,"label":1}},{"type":"Feature","geometry":{"type":"Point","coordinates":[20.532681,44.815638]},"properties":{"name":"Višnjička banja","lines":"35, 63, 202, 202N","arr":["35","63","202","202N"],"terminus":0,"mode":"bus","color":"#0059a9","colorDark":"#00294f","angle":190.4,"snapDist":3,"label":1}},{"type":"Feature","geometry":{"type":"Point","coordinates":[20.537355,44.814523]},"properties":{"name":"Toplana","lines":"35, 63, 202, 202N","arr":["35","63","202","202N"],"terminus":0,"mode":"bus","color":"#0059a9","colorDark":"#00294f","angle":207.1,"snapDist":3,"label":1}},{"type":"Feature","geometry":{"type":"Point","coordinates":[20.541647,44.813601]},"properties":{"name":"Novo naselje","lines":"35, 63, 202, 202N","arr":["35","63","202","202N"],"terminus":0,"mode":"bus","color":"#0059a9","colorDark":"#00294f","angle":215.1,"snapDist":4,"label":1}},{"type":"Feature","geometry":{"type":"Point","coordinates":[20.543825,44.811664]},"properties":{"name":"Lešće","lines":"35, 63, 202, 202N","arr":["35","63","202","202N"],"terminus":0,"mode":"bus","color":"#0059a9","colorDark":"#00294f","angle":203.2,"snapDist":4,"label":1}},{"type":"Feature","geometry":{"type":"Point","coordinates":[20.54699,44.810139]},"properties":{"name":"Lešće /groblje/","lines":"35, 63","arr":["35","63"],"terminus":1,"mode":"bus","color":"#0059a9","colorDark":"#00294f","angle":203.9,"snapDist":8,"label":1}},{"type":"Feature","geometry":{"type":"Point","coordinates":[20.542714,44.812348]},"properties":{"name":"Lešće","lines":"35, 63, 202, 202N","arr":["35","63","202","202N"],"terminus":0,"mode":"bus","color":"#0059a9","colorDark":"#00294f","angle":54.5,"snapDist":5,"label":0}},{"type":"Feature","geometry":{"type":"Point","coordinates":[20.541068,44.813876]},"properties":{"name":"Novo naselje","lines":"35, 63, 202, 202N","arr":["35","63","202","202N"],"terminus":0,"mode":"bus","color":"#0059a9","colorDark":"#00294f","angle":33.4,"snapDist":5,"label":0}},{"type":"Feature","geometry":{"type":"Point","coordinates":[20.536474,44.814851]},"properties":{"name":"Toplana","lines":"35, 63, 202, 202N","arr":["35","63","202","202N"],"terminus":0,"mode":"bus","color":"#0059a9","colorDark":"#00294f","angle":27.4,"snapDist":5,"label":0}},{"type":"Feature","geometry":{"type":"Point","coordinates":[20.531898,44.815729]},"properties":{"name":"Višnjička banja","lines":"35, 63, 202, 202N","arr":["35","63","202","202N"],"terminus":0,"mode":"bus","color":"#0059a9","colorDark":"#00294f","angle":8.8,"snapDist":6,"label":0}},{"type":"Feature","geometry":{"type":"Point","coordinates":[20.526846,44.81621]},"properties":{"name":"Trudbenička","lines":"35, 63, 202, 202N","arr":["35","63","202","202N"],"terminus":0,"mode":"bus","color":"#0059a9","colorDark":"#00294f","angle":35.1,"snapDist":5,"label":0}},{"type":"Feature","geometry":{"type":"Point","coordinates":[20.438804,44.811458]},"properties":{"name":"Novi Beograd (Blok 20)","lines":"35","arr":["35"],"terminus":1,"mode":"bus","color":"#0059a9","colorDark":"#00294f","angle":-58.9,"snapDist":7,"label":0}},{"type":"Feature","geometry":{"type":"Point","coordinates":[20.46299,44.787734]},"properties":{"name":"Dinarska","lines":"36","arr":["36"],"terminus":0,"mode":"bus","color":"#0059a9","colorDark":"#00294f","angle":178,"snapDist":5,"label":1}},{"type":"Feature","geometry":{"type":"Point","coordinates":[20.455298,44.807214]},"properties":{"name":"Savski trg (Savska)","lines":"36, 51, 511, 601, 860N","arr":["36","51","511","601","860N"],"terminus":0,"mode":"bus","color":"#0059a9","colorDark":"#00294f","angle":299.9,"snapDist":1,"label":1}},{"type":"Feature","geometry":{"type":"Point","coordinates":[20.452965,44.804358]},"properties":{"name":"Palata pravde","lines":"36, 51, 511, 601","arr":["36","51","511","601"],"terminus":0,"mode":"bus","color":"#0059a9","colorDark":"#00294f","angle":300,"snapDist":7,"label":1}},{"type":"Feature","geometry":{"type":"Point","coordinates":[20.448724,44.795183]},"properties":{"name":"Ortopedski zavod","lines":"36, 38L, 40, 41, 44, 44a, 600","arr":["36","38L","40","41","44","44a","600"],"terminus":0,"mode":"bus","color":"#0059a9","colorDark":"#00294f","angle":111.4,"snapDist":6,"label":1}},{"type":"Feature","geometry":{"type":"Point","coordinates":[20.453769,44.805038]},"properties":{"name":"Palata pravde","lines":"36, 51, 511, 601, A1","arr":["36","51","511","601","A1"],"terminus":0,"mode":"bus","color":"#0059a9","colorDark":"#00294f","angle":120.3,"snapDist":9,"label":0}},{"type":"Feature","geometry":{"type":"Point","coordinates":[20.455323,44.806945]},"properties":{"name":"Savski trg (Savska)","lines":"36, 51, 511, 601","arr":["36","51","511","601"],"terminus":0,"mode":"bus","color":"#0059a9","colorDark":"#00294f","angle":120,"snapDist":8,"label":0}},{"type":"Feature","geometry":{"type":"Point","coordinates":[20.457774,44.807145]},"properties":{"name":"Savski trg","lines":"36, 581N, 860N, A1, EKO2","arr":["36","581N","860N","A1","EKO2"],"terminus":0,"mode":"bus","color":"#0059a9","colorDark":"#00294f","angle":219.7,"snapDist":5,"label":1}},{"type":"Feature","geometry":{"type":"Point","coordinates":[20.462385,44.787719]},"properties":{"name":"Dinarska","lines":"36","arr":["36"],"terminus":0,"mode":"bus","color":"#0059a9","colorDark":"#00294f","angle":358,"snapDist":6,"label":0}},{"type":"Feature","geometry":{"type":"Point","coordinates":[20.488911,44.819352]},"properties":{"name":"ŽS Pančevački most","lines":"37, 58, 96","arr":["37","58","96"],"terminus":1,"mode":"bus","color":"#0059a9","colorDark":"#00294f","angle":328,"snapDist":4,"label":0}},{"type":"Feature","geometry":{"type":"Point","coordinates":[20.479561,44.81917]},"properties":{"name":"Železnička stanica Dunav","lines":"37","arr":["37"],"terminus":0,"mode":"bus","color":"#0059a9","colorDark":"#00294f","angle":4.5,"snapDist":8,"label":0}},{"type":"Feature","geometry":{"type":"Point","coordinates":[20.47263,44.819681]},"properties":{"name":"Vojvode Dobrnjca","lines":"37","arr":["37"],"terminus":0,"mode":"bus","color":"#0059a9","colorDark":"#00294f","angle":9,"snapDist":6,"label":1}},{"type":"Feature","geometry":{"type":"Point","coordinates":[20.470479,44.819926]},"properties":{"name":"Gundulićev venac","lines":"37","arr":["37"],"terminus":0,"mode":"bus","color":"#0059a9","colorDark":"#00294f","angle":9.5,"snapDist":5,"label":1}},{"type":"Feature","geometry":{"type":"Point","coordinates":[20.414227,44.771237]},"properties":{"name":"Trebevićka","lines":"37, 49, 51, 51N, 52, 58, 85, 87A, 88, 607","arr":["37","49","51","51N","52","58","85","87A","88","607"],"terminus":0,"mode":"bus","color":"#0059a9","colorDark":"#00294f","angle":269.5,"snapDist":7,"label":1}},{"type":"Feature","geometry":{"type":"Point","coordinates":[20.414151,44.762446]},"properties":{"name":"Julino brdo","lines":"37, 50, 51, 51N, 52, 56, 89, 531, 531a, 532, 532a, 533","arr":["37","50","51","51N","52","56","89","531","531a","532","532a","533"],"terminus":0,"mode":"bus","color":"#0059a9","colorDark":"#00294f","angle":252,"snapDist":6,"label":1}},{"type":"Feature","geometry":{"type":"Point","coordinates":[20.416652,44.758619]},"properties":{"name":"Žarkovo","lines":"37, 50, 51N, 52","arr":["37","50","51N","52"],"terminus":0,"mode":"bus","color":"#0059a9","colorDark":"#00294f","angle":236.1,"snapDist":7,"label":1}},{"type":"Feature","geometry":{"type":"Point","coordinates":[20.420336,44.756584]},"properties":{"name":"Ace Joksimovića","lines":"37, 50, 51N, 52","arr":["37","50","51N","52"],"terminus":0,"mode":"bus","color":"#0059a9","colorDark":"#00294f","angle":217.4,"snapDist":3,"label":1}},{"type":"Feature","geometry":{"type":"Point","coordinates":[20.42524,44.752822]},"properties":{"name":"Ratka Mitrovića","lines":"37, 37N, 50, 51N, 52, 57, 89","arr":["37","37N","50","51N","52","57","89"],"terminus":0,"mode":"bus","color":"#0059a9","colorDark":"#00294f","angle":245.7,"snapDist":4,"label":1}},{"type":"Feature","geometry":{"type":"Point","coordinates":[20.42809,44.749765]},"properties":{"name":"Ane Ahmatove","lines":"37, 37N, 50, 57, 89","arr":["37","37N","50","57","89"],"terminus":0,"mode":"bus","color":"#0059a9","colorDark":"#00294f","angle":234.8,"snapDist":6,"label":1}},{"type":"Feature","geometry":{"type":"Point","coordinates":[20.42999,44.747853]},"properties":{"name":"Kneza Višeslava","lines":"37, 37N, 50, 89","arr":["37","37N","50","89"],"terminus":0,"mode":"bus","color":"#0059a9","colorDark":"#00294f","angle":236.7,"snapDist":4,"label":1}},{"type":"Feature","geometry":{"type":"Point","coordinates":[20.426408,44.743014]},"properties":{"name":"Pilota Mihajla Petrovića","lines":"37, 37N, 50, 59, 504","arr":["37","37N","50","59","504"],"terminus":0,"mode":"bus","color":"#0059a9","colorDark":"#00294f","angle":205,"snapDist":6,"label":0}},{"type":"Feature","geometry":{"type":"Point","coordinates":[20.434472,44.745054]},"properties":{"name":"Janković Stojana","lines":"37, 37N, 50, 59, 504","arr":["37","37N","50","59","504"],"terminus":0,"mode":"bus","color":"#0059a9","colorDark":"#00294f","angle":173.4,"snapDist":7,"label":1}},{"type":"Feature","geometry":{"type":"Point","coordinates":[20.438301,44.745355]},"properties":{"name":"Marička","lines":"37, 37N, 50, 59, 504","arr":["37","37N","50","59","504"],"terminus":0,"mode":"bus","color":"#0059a9","colorDark":"#00294f","angle":173.9,"snapDist":6,"label":1}},{"type":"Feature","geometry":{"type":"Point","coordinates":[20.442072,44.742924]},"properties":{"name":"Miška Kranjca","lines":"37, 37N, 42, 47, 47N, 47Na, 54, 501, 504, 506","arr":["37","37N","42","47","47N","47Na","54","501","504","506"],"terminus":0,"mode":"bus","color":"#0059a9","colorDark":"#00294f","angle":359.9,"snapDist":7,"label":0}},{"type":"Feature","geometry":{"type":"Point","coordinates":[20.442798,44.742929]},"properties":{"name":"Miška Kranjca","lines":"37, 37N, 42, 47, 47N, 47Na, 54, 501, 504, 506","arr":["37","37N","42","47","47N","47Na","54","501","504","506"],"terminus":0,"mode":"bus","color":"#0059a9","colorDark":"#00294f","angle":179.2,"snapDist":6,"label":0}},{"type":"Feature","geometry":{"type":"Point","coordinates":[20.438039,44.745335]},"properties":{"name":"Marička","lines":"37, 37N, 50, 59, 504","arr":["37","37N","50","59","504"],"terminus":0,"mode":"bus","color":"#0059a9","colorDark":"#00294f","angle":353.9,"snapDist":6,"label":0}},{"type":"Feature","geometry":{"type":"Point","coordinates":[20.434298,44.745039]},"properties":{"name":"Janković Stojana","lines":"37, 37N, 50, 59, 504","arr":["37","37N","50","59","504"],"terminus":0,"mode":"bus","color":"#0059a9","colorDark":"#00294f","angle":353.4,"snapDist":6,"label":0}},{"type":"Feature","geometry":{"type":"Point","coordinates":[20.42963,44.748228]},"properties":{"name":"Kneza Višeslava","lines":"37, 37N, 50, 89","arr":["37","37N","50","89"],"terminus":0,"mode":"bus","color":"#0059a9","colorDark":"#00294f","angle":54.8,"snapDist":6,"label":0}},{"type":"Feature","geometry":{"type":"Point","coordinates":[20.427593,44.750253]},"properties":{"name":"Ane Ahmatove","lines":"37, 37N, 50, 89","arr":["37","37N","50","89"],"terminus":0,"mode":"bus","color":"#0059a9","colorDark":"#00294f","angle":55.2,"snapDist":7,"label":0}},{"type":"Feature","geometry":{"type":"Point","coordinates":[20.424006,44.753963]},"properties":{"name":"Ratka Mitrovića","lines":"37, 50, 52","arr":["37","50","52"],"terminus":0,"mode":"bus","color":"#0059a9","colorDark":"#00294f","angle":34.7,"snapDist":6,"label":0}},{"type":"Feature","geometry":{"type":"Point","coordinates":[20.419377,44.757074]},"properties":{"name":"Ace Joksimovića","lines":"37, 50, 52","arr":["37","50","52"],"terminus":0,"mode":"bus","color":"#0059a9","colorDark":"#00294f","angle":36,"snapDist":6,"label":0}},{"type":"Feature","geometry":{"type":"Point","coordinates":[20.41537,44.759544]},"properties":{"name":"Žarkovo","lines":"37, 50, 51, 51N, 52, 56, 89, 531, 531a, 532, 532a, 533, 581N","arr":["37","50","51","51N","52","56","89","531","531a","532","532a","533","581N"],"terminus":0,"mode":"bus","color":"#0059a9","colorDark":"#00294f","angle":82.5,"snapDist":8,"label":0}},{"type":"Feature","geometry":{"type":"Point","coordinates":[20.413803,44.763681]},"properties":{"name":"Julino brdo","lines":"37, 50, 51, 51N, 52, 56, 89, 531, 531a, 532, 532a, 533","arr":["37","50","51","51N","52","56","89","531","531a","532","532a","533"],"terminus":0,"mode":"bus","color":"#0059a9","colorDark":"#00294f","angle":72.5,"snapDist":10,"label":0}},{"type":"Feature","geometry":{"type":"Point","coordinates":[20.414223,44.771522]},"properties":{"name":"Trebevićka","lines":"37, 49, 51, 51N, 52, 57, 58, 85, 87, 88, 607","arr":["37","49","51","51N","52","57","58","85","87","88","607"],"terminus":0,"mode":"bus","color":"#0059a9","colorDark":"#00294f","angle":88.8,"snapDist":8,"label":0}},{"type":"Feature","geometry":{"type":"Point","coordinates":[20.469967,44.819984]},"properties":{"name":"Gundulićev venac","lines":"37","arr":["37"],"terminus":0,"mode":"bus","color":"#0059a9","colorDark":"#00294f","angle":188.6,"snapDist":5,"label":0}},{"type":"Feature","geometry":{"type":"Point","coordinates":[20.474262,44.819509]},"properties":{"name":"Vojvode Dobrnjca","lines":"37","arr":["37"],"terminus":0,"mode":"bus","color":"#0059a9","colorDark":"#00294f","angle":187.4,"snapDist":7,"label":0}},{"type":"Feature","geometry":{"type":"Point","coordinates":[20.419446,44.765296]},"properties":{"name":"Vrtić Bajka","lines":"37N, 57","arr":["37N","57"],"terminus":0,"mode":"bus","color":"#0059a9","colorDark":"#00294f","angle":294.2,"snapDist":7,"label":1}},{"type":"Feature","geometry":{"type":"Point","coordinates":[20.418953,44.762098]},"properties":{"name":"Mile Jevtović","lines":"37N, 57","arr":["37N","57"],"terminus":0,"mode":"bus","color":"#0059a9","colorDark":"#00294f","angle":269.2,"snapDist":4,"label":1}},{"type":"Feature","geometry":{"type":"Point","coordinates":[20.420993,44.758095]},"properties":{"name":"Jovana Mikića","lines":"37N, 57, 89","arr":["37N","57","89"],"terminus":0,"mode":"bus","color":"#0059a9","colorDark":"#00294f","angle":233.4,"snapDist":6,"label":1}},{"type":"Feature","geometry":{"type":"Point","coordinates":[20.424176,44.754958]},"properties":{"name":"Milovana Čelebića","lines":"37N, 57, 89","arr":["37N","57","89"],"terminus":0,"mode":"bus","color":"#0059a9","colorDark":"#00294f","angle":242.5,"snapDist":5,"label":1}},{"type":"Feature","geometry":{"type":"Point","coordinates":[20.424507,44.754427]},"properties":{"name":"Milovana Čelebića","lines":"37N, 89","arr":["37N","89"],"terminus":0,"mode":"bus","color":"#0059a9","colorDark":"#00294f","angle":68.8,"snapDist":5,"label":0}},{"type":"Feature","geometry":{"type":"Point","coordinates":[20.421427,44.757672]},"properties":{"name":"Jovana Mikića","lines":"37N, 57, 89","arr":["37N","57","89"],"terminus":0,"mode":"bus","color":"#0059a9","colorDark":"#00294f","angle":54.3,"snapDist":7,"label":0}},{"type":"Feature","geometry":{"type":"Point","coordinates":[20.419029,44.761554]},"properties":{"name":"Mile Jevtović","lines":"37N, 57","arr":["37N","57"],"terminus":0,"mode":"bus","color":"#0059a9","colorDark":"#00294f","angle":81.7,"snapDist":6,"label":0}},{"type":"Feature","geometry":{"type":"Point","coordinates":[20.419495,44.765369]},"properties":{"name":"Vrtić Bajka","lines":"37N","arr":["37N"],"terminus":0,"mode":"bus","color":"#0059a9","colorDark":"#00294f","angle":115.5,"snapDist":7,"label":0}},{"type":"Feature","geometry":{"type":"Point","coordinates":[20.500601,44.784002]},"properties":{"name":"Šumice","lines":"38, 64, 308, 310","arr":["38","64","308","310"],"terminus":1,"mode":"bus","color":"#0059a9","colorDark":"#00294f","angle":45.5,"snapDist":5,"label":0}},{"type":"Feature","geometry":{"type":"Point","coordinates":[20.499572,44.777061]},"properties":{"name":"Medaković 2","lines":"38, 302N","arr":["38","302N"],"terminus":0,"mode":"bus","color":"#0059a9","colorDark":"#00294f","angle":28.6,"snapDist":6,"label":1}},{"type":"Feature","geometry":{"type":"Point","coordinates":[20.497086,44.779051]},"properties":{"name":"Baza Voždovac","lines":"38, 302N","arr":["38","302N"],"terminus":0,"mode":"bus","color":"#0059a9","colorDark":"#00294f","angle":115.8,"snapDist":8,"label":1}},{"type":"Feature","geometry":{"type":"Point","coordinates":[20.518002,44.771668]},"properties":{"name":"Pogon Kosmaj","lines":"38, 70","arr":["38","70"],"terminus":0,"mode":"bus","color":"#0059a9","colorDark":"#00294f","angle":232.8,"snapDist":2,"label":0}},{"type":"Feature","geometry":{"type":"Point","coordinates":[20.518059,44.76744]},"properties":{"name":"Milošev kladenac","lines":"38","arr":["38"],"terminus":0,"mode":"bus","color":"#0059a9","colorDark":"#00294f","angle":242.9,"snapDist":1,"label":1}},{"type":"Feature","geometry":{"type":"Point","coordinates":[20.520757,44.765651]},"properties":{"name":"Ristin potok","lines":"38, 312","arr":["38","312"],"terminus":0,"mode":"bus","color":"#0059a9","colorDark":"#00294f","angle":204.4,"snapDist":1,"label":1}},{"type":"Feature","geometry":{"type":"Point","coordinates":[20.525893,44.762245]},"properties":{"name":"Vinjage","lines":"38, 312","arr":["38","312"],"terminus":0,"mode":"bus","color":"#0059a9","colorDark":"#00294f","angle":246.9,"snapDist":2,"label":1}},{"type":"Feature","geometry":{"type":"Point","coordinates":[20.525275,44.760259]},"properties":{"name":"M.Z. VML","lines":"38, 304N, 304Na, 308","arr":["38","304N","304Na","308"],"terminus":0,"mode":"bus","color":"#0059a9","colorDark":"#00294f","angle":267.8,"snapDist":4,"label":0}},{"type":"Feature","geometry":{"type":"Point","coordinates":[20.525507,44.757852]},"properties":{"name":"Vizantijska ulica","lines":"38, 304N, 304Na, 308, 312","arr":["38","304N","304Na","308","312"],"terminus":0,"mode":"bus","color":"#0059a9","colorDark":"#00294f","angle":276.7,"snapDist":5,"label":1}},{"type":"Feature","geometry":{"type":"Point","coordinates":[20.529133,44.756177]},"properties":{"name":"VML","lines":"38, 304N, 304Na, 308","arr":["38","304N","304Na","308"],"terminus":1,"mode":"bus","color":"#0059a9","colorDark":"#00294f","angle":32.5,"snapDist":11,"label":1}},{"type":"Feature","geometry":{"type":"Point","coordinates":[20.525525,44.757955]},"properties":{"name":"Vizantijska ulica","lines":"38, 304N, 304Na, 308","arr":["38","304N","304Na","308"],"terminus":0,"mode":"bus","color":"#0059a9","colorDark":"#00294f","angle":98.1,"snapDist":5,"label":0}},{"type":"Feature","geometry":{"type":"Point","coordinates":[20.52531,44.760068]},"properties":{"name":"M.Z. VML","lines":"38, 304N, 304Na, 308","arr":["38","304N","304Na","308"],"terminus":0,"mode":"bus","color":"#0059a9","colorDark":"#00294f","angle":78.4,"snapDist":7,"label":0}},{"type":"Feature","geometry":{"type":"Point","coordinates":[20.525047,44.762973]},"properties":{"name":"Vinjage","lines":"38","arr":["38"],"terminus":0,"mode":"bus","color":"#0059a9","colorDark":"#00294f","angle":42.6,"snapDist":5,"label":0}},{"type":"Feature","geometry":{"type":"Point","coordinates":[20.519829,44.765989]},"properties":{"name":"Ristin potok","lines":"38","arr":["38"],"terminus":0,"mode":"bus","color":"#0059a9","colorDark":"#00294f","angle":29.9,"snapDist":6,"label":0}},{"type":"Feature","geometry":{"type":"Point","coordinates":[20.517723,44.767974]},"properties":{"name":"Milošev kladenac","lines":"38","arr":["38"],"terminus":0,"mode":"bus","color":"#0059a9","colorDark":"#00294f","angle":69.2,"snapDist":5,"label":0}},{"type":"Feature","geometry":{"type":"Point","coordinates":[20.518387,44.77187]},"properties":{"name":"SP Lasta","lines":"38, 38L, 70","arr":["38","38L","70"],"terminus":0,"mode":"bus","color":"#0059a9","colorDark":"#00294f","angle":133.7,"snapDist":5,"label":1}},{"type":"Feature","geometry":{"type":"Point","coordinates":[20.517328,44.772212]},"properties":{"name":"Pogon Kosmaj","lines":"38L","arr":["38L"],"terminus":1,"mode":"bus","color":"#0059a9","colorDark":"#00294f","angle":46,"snapDist":8,"label":1}},{"type":"Feature","geometry":{"type":"Point","coordinates":[20.498305,44.780804]},"properties":{"name":"Toplice Milana","lines":"38L, 70","arr":["38L","70"],"terminus":0,"mode":"bus","color":"#0059a9","colorDark":"#00294f","angle":187.8,"snapDist":7,"label":1}},{"type":"Feature","geometry":{"type":"Point","coordinates":[20.484569,44.769253]},"properties":{"name":"Bulevar Peka Dapčevića","lines":"39","arr":["39"],"terminus":0,"mode":"bus","color":"#0059a9","colorDark":"#00294f","angle":266.2,"snapDist":5,"label":1}},{"type":"Feature","geometry":{"type":"Point","coordinates":[20.487812,44.764864]},"properties":{"name":"Vatrosprem","lines":"39","arr":["39"],"terminus":0,"mode":"bus","color":"#0059a9","colorDark":"#00294f","angle":232.7,"snapDist":4,"label":1}},{"type":"Feature","geometry":{"type":"Point","coordinates":[20.506417,44.73868]},"properties":{"name":"MZ Kumodraž","lines":"39","arr":["39"],"terminus":0,"mode":"bus","color":"#0059a9","colorDark":"#00294f","angle":180.5,"snapDist":2,"label":0}},{"type":"Feature","geometry":{"type":"Point","coordinates":[20.504356,44.739981]},"properties":{"name":"Topola","lines":"39","arr":["39"],"terminus":0,"mode":"bus","color":"#0059a9","colorDark":"#00294f","angle":149.9,"snapDist":4,"label":1}},{"type":"Feature","geometry":{"type":"Point","coordinates":[20.504252,44.74205]},"properties":{"name":"Cvetna","lines":"39","arr":["39"],"terminus":0,"mode":"bus","color":"#0059a9","colorDark":"#00294f","angle":69.1,"snapDist":4,"label":1}},{"type":"Feature","geometry":{"type":"Point","coordinates":[20.501213,44.744089]},"properties":{"name":"Kumodraž 1","lines":"39","arr":["39"],"terminus":1,"mode":"bus","color":"#0059a9","colorDark":"#00294f","angle":26.2,"snapDist":4,"label":1}},{"type":"Feature","geometry":{"type":"Point","coordinates":[20.48809,44.764729]},"properties":{"name":"Vatrosprem","lines":"39","arr":["39"],"terminus":0,"mode":"bus","color":"#0059a9","colorDark":"#00294f","angle":53.3,"snapDist":5,"label":0}},{"type":"Feature","geometry":{"type":"Point","coordinates":[20.484694,44.769098]},"properties":{"name":"Bulevar Peka Dapčevića","lines":"39","arr":["39"],"terminus":0,"mode":"bus","color":"#0059a9","colorDark":"#00294f","angle":85.9,"snapDist":4,"label":0}},{"type":"Feature","geometry":{"type":"Point","coordinates":[20.450076,44.793188]},"properties":{"name":"Železnička stanica BGD centar","lines":"40, 41","arr":["40","41"],"terminus":0,"mode":"bus","color":"#149a3f","colorDark":"#0a5121","angle":219.6,"snapDist":5,"label":1}},{"type":"Feature","geometry":{"type":"Point","coordinates":[20.454429,44.789723]},"properties":{"name":"Muzej Jugoslavije","lines":"40, 41","arr":["40","41"],"terminus":0,"mode":"bus","color":"#149a3f","colorDark":"#0a5121","angle":232.4,"snapDist":8,"label":1}},{"type":"Feature","geometry":{"type":"Point","coordinates":[20.470222,44.765635]},"properties":{"name":"Vojnomedicinska akademija","lines":"40, 41, 42, 47N, 47Na, 49, 59, 78, 94","arr":["40","41","42","47N","47Na","49","59","78","94"],"terminus":0,"mode":"bus","color":"#0059a9","colorDark":"#00294f","angle":237.2,"snapDist":8,"label":1}},{"type":"Feature","geometry":{"type":"Point","coordinates":[20.47254,44.763064]},"properties":{"name":"Plivalište Banjica","lines":"40, 41, 42, 47N, 47Na, 49, 59, 78, 94","arr":["40","41","42","47N","47Na","49","59","78","94"],"terminus":0,"mode":"bus","color":"#0059a9","colorDark":"#00294f","angle":237.5,"snapDist":8,"label":1}},{"type":"Feature","geometry":{"type":"Point","coordinates":[20.476394,44.759907]},"properties":{"name":"Paunova","lines":"40, 41, 47N, 47Na, 78","arr":["40","41","47N","47Na","78"],"terminus":0,"mode":"bus","color":"#0059a9","colorDark":"#00294f","angle":261.6,"snapDist":7,"label":1}},{"type":"Feature","geometry":{"type":"Point","coordinates":[20.47698,44.756267]},"properties":{"name":"Baštovanska","lines":"40, 41, 78, 401, 401N, 402, 403, 405, 406, 407, 408, 409, 503","arr":["40","41","78","401","401N","402","403","405","406","407","408","409","503"],"terminus":0,"mode":"bus","color":"#0059a9","colorDark":"#00294f","angle":281.9,"snapDist":7,"label":1}},{"type":"Feature","geometry":{"type":"Point","coordinates":[20.477587,44.754102]},"properties":{"name":"Kragujevačkih đaka","lines":"40, 41, 78, 401, 401N, 402, 403, 405, 406, 407, 408, 409, 503","arr":["40","41","78","401","401N","402","403","405","406","407","408","409","503"],"terminus":0,"mode":"bus","color":"#0059a9","colorDark":"#00294f","angle":226.2,"snapDist":3,"label":1}},{"type":"Feature","geometry":{"type":"Point","coordinates":[20.479942,44.75208]},"properties":{"name":"Banjica 2","lines":"40, 41, 78","arr":["40","41","78"],"terminus":1,"mode":"bus","color":"#0059a9","colorDark":"#00294f","angle":255.2,"snapDist":7,"label":1}},{"type":"Feature","geometry":{"type":"Point","coordinates":[20.480189,44.751718]},"properties":{"name":"Banjica 2","lines":"40, 41, 78","arr":["40","41","78"],"terminus":1,"mode":"bus","color":"#0059a9","colorDark":"#00294f","angle":228,"snapDist":8,"label":0}},{"type":"Feature","geometry":{"type":"Point","coordinates":[20.476954,44.754844]},"properties":{"name":"Kragujevačkih đaka","lines":"40, 41, 78, 401, 401a, 401N, 402, 403, 405, 406, 407, 408, 409, 503","arr":["40","41","78","401","401a","401N","402","403","405","406","407","408","409","503"],"terminus":0,"mode":"bus","color":"#0059a9","colorDark":"#00294f","angle":70.6,"snapDist":4,"label":0}},{"type":"Feature","geometry":{"type":"Point","coordinates":[20.477118,44.7571]},"properties":{"name":"Baštovanska","lines":"40, 41, 78, 401, 401a, 401N, 402, 403, 405, 406, 407, 408, 409, 503","arr":["40","41","78","401","401a","401N","402","403","405","406","407","408","409","503"],"terminus":0,"mode":"bus","color":"#0059a9","colorDark":"#00294f","angle":89.4,"snapDist":7,"label":0}},{"type":"Feature","geometry":{"type":"Point","coordinates":[20.475072,44.761123]},"properties":{"name":"Paunova","lines":"40, 41, 47, 47N, 47Na, 48, 49, 50, 78","arr":["40","41","47","47N","47Na","48","49","50","78"],"terminus":0,"mode":"bus","color":"#0059a9","colorDark":"#00294f","angle":18.8,"snapDist":7,"label":0}},{"type":"Feature","geometry":{"type":"Point","coordinates":[20.471726,44.763969]},"properties":{"name":"Plivalište Banjica","lines":"40, 41, 42, 47N, 47Na, 49, 59, 78, 94","arr":["40","41","42","47N","47Na","49","59","78","94"],"terminus":0,"mode":"bus","color":"#0059a9","colorDark":"#00294f","angle":57.3,"snapDist":6,"label":0}},{"type":"Feature","geometry":{"type":"Point","coordinates":[20.469381,44.766567]},"properties":{"name":"Vojnomedicinska akademija","lines":"40, 41, 42, 47N, 47Na, 49, 59, 78, 94","arr":["40","41","42","47N","47Na","49","59","78","94"],"terminus":0,"mode":"bus","color":"#0059a9","colorDark":"#00294f","angle":57.1,"snapDist":7,"label":0}},{"type":"Feature","geometry":{"type":"Point","coordinates":[20.453319,44.790973]},"properties":{"name":"Muzej Jugoslavije","lines":"40, 41","arr":["40","41"],"terminus":0,"mode":"bus","color":"#149a3f","colorDark":"#0a5121","angle":53.4,"snapDist":7,"label":0}},{"type":"Feature","geometry":{"type":"Point","coordinates":[20.450032,44.793371]},"properties":{"name":"Železnička stanica BGD centar","lines":"40, 41","arr":["40","41"],"terminus":0,"mode":"bus","color":"#149a3f","colorDark":"#0a5121","angle":39,"snapDist":5,"label":0}},{"type":"Feature","geometry":{"type":"Point","coordinates":[20.428605,44.718462]},"properties":{"name":"Petlovo brdo","lines":"42, 56, 56N, 59, 501, E2","arr":["42","56","56N","59","501","E2"],"terminus":1,"mode":"bus","color":"#0059a9","colorDark":"#00294f","angle":3.7,"snapDist":5,"label":1}},{"type":"Feature","geometry":{"type":"Point","coordinates":[20.42628,44.720232]},"properties":{"name":"Rasinska","lines":"42","arr":["42"],"terminus":0,"mode":"bus","color":"#0059a9","colorDark":"#00294f","angle":130.4,"snapDist":5,"label":1}},{"type":"Feature","geometry":{"type":"Point","coordinates":[20.429469,44.722677]},"properties":{"name":"Jedanaeste krajiške divizije","lines":"42","arr":["42"],"terminus":0,"mode":"bus","color":"#0059a9","colorDark":"#00294f","angle":156.5,"snapDist":6,"label":1}},{"type":"Feature","geometry":{"type":"Point","coordinates":[20.432329,44.722807]},"properties":{"name":"OŠ Vladimir Rolović","lines":"42","arr":["42"],"terminus":0,"mode":"bus","color":"#0059a9","colorDark":"#00294f","angle":174.4,"snapDist":11,"label":1}},{"type":"Feature","geometry":{"type":"Point","coordinates":[20.433391,44.724238]},"properties":{"name":"EPŠ Milutin Milanković","lines":"42","arr":["42"],"terminus":0,"mode":"bus","color":"#0059a9","colorDark":"#00294f","angle":62.9,"snapDist":6,"label":1}},{"type":"Feature","geometry":{"type":"Point","coordinates":[20.431761,44.726842]},"properties":{"name":"Sretena Mladenovića","lines":"42, 501, 502","arr":["42","501","502"],"terminus":0,"mode":"bus","color":"#0059a9","colorDark":"#00294f","angle":90.8,"snapDist":6,"label":1}},{"type":"Feature","geometry":{"type":"Point","coordinates":[20.42784,44.730413]},"properties":{"name":"17. Oktobra","lines":"42, 501, 502","arr":["42","501","502"],"terminus":0,"mode":"bus","color":"#0059a9","colorDark":"#00294f","angle":89.6,"snapDist":5,"label":1}},{"type":"Feature","geometry":{"type":"Point","coordinates":[20.427355,44.733619]},"properties":{"name":"OŠ 14. oktobar","lines":"42, 501, 502","arr":["42","501","502"],"terminus":0,"mode":"bus","color":"#0059a9","colorDark":"#00294f","angle":97.2,"snapDist":5,"label":1}},{"type":"Feature","geometry":{"type":"Point","coordinates":[20.430516,44.736999]},"properties":{"name":"Slavka Rodića","lines":"42, 501, 502","arr":["42","501","502"],"terminus":0,"mode":"bus","color":"#0059a9","colorDark":"#00294f","angle":112.1,"snapDist":5,"label":1}},{"type":"Feature","geometry":{"type":"Point","coordinates":[20.432936,44.741535]},"properties":{"name":"Stojana Jankovića","lines":"42, 501, 502","arr":["42","501","502"],"terminus":0,"mode":"bus","color":"#0059a9","colorDark":"#00294f","angle":136.3,"snapDist":5,"label":1}},{"type":"Feature","geometry":{"type":"Point","coordinates":[20.436822,44.744063]},"properties":{"name":"Stevana Lukovića","lines":"42, 501, 502","arr":["42","501","502"],"terminus":0,"mode":"bus","color":"#0059a9","colorDark":"#00294f","angle":142.5,"snapDist":1,"label":1}},{"type":"Feature","geometry":{"type":"Point","coordinates":[20.43844,44.744911]},"properties":{"name":"Pilota Mihajla Petrovića","lines":"42, 501, 502","arr":["42","501","502"],"terminus":0,"mode":"bus","color":"#0059a9","colorDark":"#00294f","angle":150,"snapDist":5,"label":1}},{"type":"Feature","geometry":{"type":"Point","coordinates":[20.447646,44.756616]},"properties":{"name":"Košutnjak","lines":"42","arr":["42"],"terminus":0,"mode":"bus","color":"#0059a9","colorDark":"#00294f","angle":202.4,"snapDist":4,"label":0}},{"type":"Feature","geometry":{"type":"Point","coordinates":[20.452333,44.756976]},"properties":{"name":"Koste Živkovića","lines":"42","arr":["42"],"terminus":0,"mode":"bus","color":"#0059a9","colorDark":"#00294f","angle":158,"snapDist":2,"label":1}},{"type":"Feature","geometry":{"type":"Point","coordinates":[20.455826,44.757958]},"properties":{"name":"Hasanaginica","lines":"42","arr":["42"],"terminus":0,"mode":"bus","color":"#0059a9","colorDark":"#00294f","angle":162.9,"snapDist":2,"label":1}},{"type":"Feature","geometry":{"type":"Point","coordinates":[20.461256,44.757077]},"properties":{"name":"Pere Velimirovića","lines":"42, 47, 47N, 47Na, 48, 50, 59, 94","arr":["42","47","47N","47Na","48","50","59","94"],"terminus":0,"mode":"bus","color":"#0059a9","colorDark":"#00294f","angle":205.5,"snapDist":1,"label":0}},{"type":"Feature","geometry":{"type":"Point","coordinates":[20.470126,44.754555]},"properties":{"name":"Raška","lines":"42, 47, 47N, 47Na, 48, 50, 59, 94","arr":["42","47","47N","47Na","48","50","59","94"],"terminus":0,"mode":"bus","color":"#0059a9","colorDark":"#00294f","angle":161.6,"snapDist":6,"label":1}},{"type":"Feature","geometry":{"type":"Point","coordinates":[20.4731,44.760181]},"properties":{"name":"Pet solitera","lines":"42, 47, 48, 50, 59, 94","arr":["42","47","48","50","59","94"],"terminus":0,"mode":"bus","color":"#0059a9","colorDark":"#00294f","angle":104.3,"snapDist":8,"label":1}},{"type":"Feature","geometry":{"type":"Point","coordinates":[20.461923,44.767369]},"properties":{"name":"Dedinje /Ortopedska bolnica/","lines":"42","arr":["42"],"terminus":0,"mode":"bus","color":"#0059a9","colorDark":"#00294f","angle":59.1,"snapDist":10,"label":1}},{"type":"Feature","geometry":{"type":"Point","coordinates":[20.454486,44.771763]},"properties":{"name":"Šolina","lines":"42","arr":["42"],"terminus":0,"mode":"bus","color":"#0059a9","colorDark":"#00294f","angle":109.3,"snapDist":4,"label":1}},{"type":"Feature","geometry":{"type":"Point","coordinates":[20.459932,44.781528]},"properties":{"name":"Šekspirova","lines":"42, 47N, 47Na, 59, 78","arr":["42","47N","47Na","59","78"],"terminus":0,"mode":"bus","color":"#0059a9","colorDark":"#00294f","angle":317,"snapDist":6,"label":1}},{"type":"Feature","geometry":{"type":"Point","coordinates":[20.462929,44.783041]},"properties":{"name":"Stadion Rajko Mitić","lines":"42, 47N, 47Na, 59, 78","arr":["42","47N","47Na","59","78"],"terminus":0,"mode":"bus","color":"#0059a9","colorDark":"#00294f","angle":115.9,"snapDist":7,"label":1}},{"type":"Feature","geometry":{"type":"Point","coordinates":[20.464398,44.78736]},"properties":{"name":"Trg oslobođenja","lines":"42, 47N, 47Na, 59, 78","arr":["42","47N","47Na","59","78"],"terminus":0,"mode":"bus","color":"#0059a9","colorDark":"#00294f","angle":302.9,"snapDist":5,"label":0}},{"type":"Feature","geometry":{"type":"Point","coordinates":[20.464116,44.787048]},"properties":{"name":"Trg oslobođenja","lines":"42, 47N, 47Na, 59, 78","arr":["42","47N","47Na","59","78"],"terminus":0,"mode":"bus","color":"#0059a9","colorDark":"#00294f","angle":301.8,"snapDist":6,"label":0}},{"type":"Feature","geometry":{"type":"Point","coordinates":[20.462821,44.784133]},"properties":{"name":"Stadion Rajko Mitić","lines":"42, 47N, 47Na, 59, 78","arr":["42","47N","47Na","59","78"],"terminus":0,"mode":"bus","color":"#0059a9","colorDark":"#00294f","angle":273.6,"snapDist":7,"label":0}},{"type":"Feature","geometry":{"type":"Point","coordinates":[20.45872,44.779611]},"properties":{"name":"Narodnog heroja Milana Tepića","lines":"42, 47N, 47Na, 59, 78","arr":["42","47N","47Na","59","78"],"terminus":0,"mode":"bus","color":"#0059a9","colorDark":"#00294f","angle":-72.7,"snapDist":7,"label":1}},{"type":"Feature","geometry":{"type":"Point","coordinates":[20.454179,44.771417]},"properties":{"name":"Šolina","lines":"42","arr":["42"],"terminus":0,"mode":"bus","color":"#0059a9","colorDark":"#00294f","angle":286.3,"snapDist":5,"label":0}},{"type":"Feature","geometry":{"type":"Point","coordinates":[20.462335,44.766884]},"properties":{"name":"Dedinje /Ortopedska bolnica/","lines":"42","arr":["42"],"terminus":0,"mode":"bus","color":"#0059a9","colorDark":"#00294f","angle":-121.9,"snapDist":2,"label":0}},{"type":"Feature","geometry":{"type":"Point","coordinates":[20.473066,44.759245]},"properties":{"name":"Pet solitera","lines":"42, 47, 48, 50, 59, 94","arr":["42","47","48","50","59","94"],"terminus":0,"mode":"bus","color":"#0059a9","colorDark":"#00294f","angle":-94.3,"snapDist":5,"label":0}},{"type":"Feature","geometry":{"type":"Point","coordinates":[20.468049,44.754579]},"properties":{"name":"Raška","lines":"42, 47, 47N, 47Na, 48, 50, 59, 94","arr":["42","47","47N","47Na","48","50","59","94"],"terminus":0,"mode":"bus","color":"#0059a9","colorDark":"#00294f","angle":20.9,"snapDist":9,"label":0}},{"type":"Feature","geometry":{"type":"Point","coordinates":[20.456549,44.756968]},"properties":{"name":"Peta ekonomska","lines":"42","arr":["42"],"terminus":0,"mode":"bus","color":"#0059a9","colorDark":"#00294f","angle":17.7,"snapDist":4,"label":1}},{"type":"Feature","geometry":{"type":"Point","coordinates":[20.451641,44.756783]},"properties":{"name":"Koste Živkovića","lines":"42","arr":["42"],"terminus":0,"mode":"bus","color":"#0059a9","colorDark":"#00294f","angle":-21.3,"snapDist":5,"label":0}},{"type":"Feature","geometry":{"type":"Point","coordinates":[20.447849,44.756551]},"properties":{"name":"Košutnjak","lines":"42","arr":["42"],"terminus":0,"mode":"bus","color":"#0059a9","colorDark":"#00294f","angle":204.7,"snapDist":5,"label":0}},{"type":"Feature","geometry":{"type":"Point","coordinates":[20.437892,44.744625]},"properties":{"name":"Pilota Mihajla Petrovića","lines":"42, 501, 502","arr":["42","501","502"],"terminus":0,"mode":"bus","color":"#0059a9","colorDark":"#00294f","angle":-37.1,"snapDist":7,"label":0}},{"type":"Feature","geometry":{"type":"Point","coordinates":[20.43514,44.743008]},"properties":{"name":"Stevana Lukovića","lines":"42, 501, 502","arr":["42","501","502"],"terminus":0,"mode":"bus","color":"#0059a9","colorDark":"#00294f","angle":316.4,"snapDist":7,"label":0}},{"type":"Feature","geometry":{"type":"Point","coordinates":[20.431842,44.740757]},"properties":{"name":"Stojana Jankovića","lines":"42, 501, 502","arr":["42","501","502"],"terminus":0,"mode":"bus","color":"#0059a9","colorDark":"#00294f","angle":125.3,"snapDist":2,"label":0}},{"type":"Feature","geometry":{"type":"Point","coordinates":[20.430193,44.736524]},"properties":{"name":"Slavka Rodića","lines":"42, 501, 502","arr":["42","501","502"],"terminus":0,"mode":"bus","color":"#0059a9","colorDark":"#00294f","angle":120.4,"snapDist":4,"label":0}},{"type":"Feature","geometry":{"type":"Point","coordinates":[20.427563,44.732397]},"properties":{"name":"OŠ 14. oktobar","lines":"42, 501, 502","arr":["42","501","502"],"terminus":0,"mode":"bus","color":"#0059a9","colorDark":"#00294f","angle":258.8,"snapDist":5,"label":0}},{"type":"Feature","geometry":{"type":"Point","coordinates":[20.427826,44.730108]},"properties":{"name":"17. Oktobra","lines":"42, 501, 502","arr":["42","501","502"],"terminus":0,"mode":"bus","color":"#0059a9","colorDark":"#00294f","angle":-88.3,"snapDist":6,"label":0}},{"type":"Feature","geometry":{"type":"Point","coordinates":[20.431759,44.726761]},"properties":{"name":"Sretena Mladenovića","lines":"42, 501, 502","arr":["42","501","502"],"terminus":0,"mode":"bus","color":"#0059a9","colorDark":"#00294f","angle":271,"snapDist":4,"label":0}},{"type":"Feature","geometry":{"type":"Point","coordinates":[20.43353,44.723738]},"properties":{"name":"EPŠ Milutin Milanković","lines":"42","arr":["42"],"terminus":0,"mode":"bus","color":"#0059a9","colorDark":"#00294f","angle":-90.1,"snapDist":4,"label":0}},{"type":"Feature","geometry":{"type":"Point","coordinates":[20.430501,44.722787]},"properties":{"name":"OŠ Vladimir Rolović","lines":"42","arr":["42"],"terminus":0,"mode":"bus","color":"#0059a9","colorDark":"#00294f","angle":-0.2,"snapDist":6,"label":0}},{"type":"Feature","geometry":{"type":"Point","coordinates":[20.426396,44.72033]},"properties":{"name":"Rasinska","lines":"42","arr":["42"],"terminus":0,"mode":"bus","color":"#0059a9","colorDark":"#00294f","angle":301.8,"snapDist":6,"label":0}},{"type":"Feature","geometry":{"type":"Point","coordinates":[20.428766,44.718247]},"properties":{"name":"Petlovo brdo","lines":"42, 56, 56N, 59, 501, E2","arr":["42","56","56N","59","501","E2"],"terminus":1,"mode":"bus","color":"#0059a9","colorDark":"#00294f","angle":176.2,"snapDist":8,"label":0}},{"type":"Feature","geometry":{"type":"Point","coordinates":[20.494008,44.837674]},"properties":{"name":"MZ Krnjača","lines":"43, 95, 95N, 96, 101, 101N, 101Nb, 104, 105, 105N, 106, 111","arr":["43","95","95N","96","101","101N","101Nb","104","105","105N","106","111"],"terminus":0,"mode":"bus","color":"#0059a9","colorDark":"#00294f","angle":31.2,"snapDist":7,"label":1}},{"type":"Feature","geometry":{"type":"Point","coordinates":[20.490878,44.841387]},"properties":{"name":"Blok Branko Momirov","lines":"43, 95, 95N, 96, 101, 101N, 101Nb, 104, 105, 105N, 106, 111, 112","arr":["43","95","95N","96","101","101N","101Nb","104","105","105N","106","111","112"],"terminus":0,"mode":"bus","color":"#0059a9","colorDark":"#00294f","angle":68,"snapDist":8,"label":1}},{"type":"Feature","geometry":{"type":"Point","coordinates":[20.488167,44.846395]},"properties":{"name":"Partizanski blok","lines":"43, 95, 95N, 96, 101, 101N, 101Nb, 104, 105, 105N, 106, 111, 112","arr":["43","95","95N","96","101","101N","101Nb","104","105","105N","106","111","112"],"terminus":0,"mode":"bus","color":"#0059a9","colorDark":"#00294f","angle":69.2,"snapDist":8,"label":1}},{"type":"Feature","geometry":{"type":"Point","coordinates":[20.4863,44.849455]},"properties":{"name":"Blok Sutjeska","lines":"43, 95, 95N, 96, 101, 101N, 101Nb, 104, 105, 105N, 106, 111, 112","arr":["43","95","95N","96","101","101N","101Nb","104","105","105N","106","111","112"],"terminus":0,"mode":"bus","color":"#0059a9","colorDark":"#00294f","angle":64.5,"snapDist":5,"label":1}},{"type":"Feature","geometry":{"type":"Point","coordinates":[20.478529,44.851981]},"properties":{"name":"Put za Kotež","lines":"43, 105N","arr":["43","105N"],"terminus":0,"mode":"bus","color":"#0059a9","colorDark":"#00294f","angle":20.6,"snapDist":5,"label":1}},{"type":"Feature","geometry":{"type":"Point","coordinates":[20.471344,44.8531]},"properties":{"name":"Augusta Šenoe","lines":"43, 105N","arr":["43","105N"],"terminus":0,"mode":"bus","color":"#0059a9","colorDark":"#00294f","angle":346.6,"snapDist":6,"label":1}},{"type":"Feature","geometry":{"type":"Point","coordinates":[20.467035,44.851482]},"properties":{"name":"Kotež","lines":"43, 105N","arr":["43","105N"],"terminus":1,"mode":"bus","color":"#0059a9","colorDark":"#00294f","angle":332,"snapDist":4,"label":1}},{"type":"Feature","geometry":{"type":"Point","coordinates":[20.46745,44.849729]},"properties":{"name":"Olge Jovičić","lines":"43, 105N","arr":["43","105N"],"terminus":0,"mode":"bus","color":"#0059a9","colorDark":"#00294f","angle":252.4,"snapDist":4,"label":1}},{"type":"Feature","geometry":{"type":"Point","coordinates":[20.47125,44.848754]},"properties":{"name":"Milana Zečara","lines":"43, 105N","arr":["43","105N"],"terminus":0,"mode":"bus","color":"#0059a9","colorDark":"#00294f","angle":152.3,"snapDist":4,"label":1}},{"type":"Feature","geometry":{"type":"Point","coordinates":[20.473051,44.852736]},"properties":{"name":"Augusta Šenoe","lines":"43, 105N","arr":["43","105N"],"terminus":0,"mode":"bus","color":"#0059a9","colorDark":"#00294f","angle":189.1,"snapDist":2,"label":0}},{"type":"Feature","geometry":{"type":"Point","coordinates":[20.479668,44.851675]},"properties":{"name":"Put za Kotež","lines":"43, 105N","arr":["43","105N"],"terminus":0,"mode":"bus","color":"#0059a9","colorDark":"#00294f","angle":197.8,"snapDist":1,"label":0}},{"type":"Feature","geometry":{"type":"Point","coordinates":[20.486854,44.848447]},"properties":{"name":"Blok Sutjeska","lines":"43, 95, 95N, 96, 101, 101N, 101Na, 101Nb, 104, 105, 105N, 106, 111, 112","arr":["43","95","95N","96","101","101N","101Na","101Nb","104","105","105N","106","111","112"],"terminus":0,"mode":"bus","color":"#0059a9","colorDark":"#00294f","angle":244.9,"snapDist":9,"label":0}},{"type":"Feature","geometry":{"type":"Point","coordinates":[20.488322,44.845927]},"properties":{"name":"Partizanski blok","lines":"43, 95, 95N, 96, 101, 101N, 101Na, 101Nb, 104, 105, 105N, 106, 111, 112","arr":["43","95","95N","96","101","101N","101Na","101Nb","104","105","105N","106","111","112"],"terminus":0,"mode":"bus","color":"#0059a9","colorDark":"#00294f","angle":248.9,"snapDist":8,"label":0}},{"type":"Feature","geometry":{"type":"Point","coordinates":[20.490932,44.841076]},"properties":{"name":"Blok Branko Momirov","lines":"43, 95, 95N, 96, 101, 101N, 101Na, 101Nb, 104, 105, 105N, 106, 111, 112","arr":["43","95","95N","96","101","101N","101Na","101Nb","104","105","105N","106","111","112"],"terminus":0,"mode":"bus","color":"#0059a9","colorDark":"#00294f","angle":248.7,"snapDist":8,"label":0}},{"type":"Feature","geometry":{"type":"Point","coordinates":[20.468337,44.821263]},"properties":{"name":"Dunavska","lines":"44, 44a","arr":["44","44a"],"terminus":0,"mode":"bus","color":"#0059a9","colorDark":"#00294f","angle":138.9,"snapDist":7,"label":1}},{"type":"Feature","geometry":{"type":"Point","coordinates":[20.470708,44.822765]},"properties":{"name":"Železnička rampa","lines":"44, 44a","arr":["44","44a"],"terminus":0,"mode":"bus","color":"#0059a9","colorDark":"#00294f","angle":139.3,"snapDist":4,"label":1}},{"type":"Feature","geometry":{"type":"Point","coordinates":[20.477153,44.82134]},"properties":{"name":"Knežopoljska","lines":"44, 44a","arr":["44","44a"],"terminus":0,"mode":"bus","color":"#0059a9","colorDark":"#00294f","angle":177.8,"snapDist":9,"label":1}},{"type":"Feature","geometry":{"type":"Point","coordinates":[20.484938,44.823463]},"properties":{"name":"Tempo","lines":"44, 44a","arr":["44","44a"],"terminus":0,"mode":"bus","color":"#0059a9","colorDark":"#00294f","angle":107.1,"snapDist":9,"label":1}},{"type":"Feature","geometry":{"type":"Point","coordinates":[20.485417,44.821361]},"properties":{"name":"Viline vode","lines":"44, 44a","arr":["44","44a"],"terminus":0,"mode":"bus","color":"#0059a9","colorDark":"#00294f","angle":179.6,"snapDist":6,"label":1}},{"type":"Feature","geometry":{"type":"Point","coordinates":[20.488431,44.821371]},"properties":{"name":"Klanički kej","lines":"44, 44a","arr":["44","44a"],"terminus":0,"mode":"bus","color":"#0059a9","colorDark":"#00294f","angle":179.6,"snapDist":4,"label":1}},{"type":"Feature","geometry":{"type":"Point","coordinates":[20.479952,44.81888]},"properties":{"name":"Železnička stanica Dunav","lines":"44, 44a","arr":["44","44a"],"terminus":1,"mode":"bus","color":"#0059a9","colorDark":"#00294f","angle":246.1,"snapDist":2,"label":1}},{"type":"Feature","geometry":{"type":"Point","coordinates":[20.489024,44.821374]},"properties":{"name":"Klanički kej","lines":"44, 44a","arr":["44","44a"],"terminus":0,"mode":"bus","color":"#0059a9","colorDark":"#00294f","angle":359.6,"snapDist":6,"label":0}},{"type":"Feature","geometry":{"type":"Point","coordinates":[20.484376,44.821356]},"properties":{"name":"Viline vode","lines":"44, 44a","arr":["44","44a"],"terminus":0,"mode":"bus","color":"#0059a9","colorDark":"#00294f","angle":359.6,"snapDist":8,"label":0}},{"type":"Feature","geometry":{"type":"Point","coordinates":[20.47988,44.821328]},"properties":{"name":"Centroprom","lines":"44, 44a","arr":["44","44a"],"terminus":0,"mode":"bus","color":"#0059a9","colorDark":"#00294f","angle":359.5,"snapDist":11,"label":1}},{"type":"Feature","geometry":{"type":"Point","coordinates":[20.477547,44.821342]},"properties":{"name":"Knežopoljska","lines":"44, 44a","arr":["44","44a"],"terminus":0,"mode":"bus","color":"#0059a9","colorDark":"#00294f","angle":0.7,"snapDist":12,"label":0}},{"type":"Feature","geometry":{"type":"Point","coordinates":[20.47051,44.822645]},"properties":{"name":"Železnička rampa","lines":"44, 44a","arr":["44","44a"],"terminus":0,"mode":"bus","color":"#0059a9","colorDark":"#00294f","angle":319.3,"snapDist":6,"label":0}},{"type":"Feature","geometry":{"type":"Point","coordinates":[20.469109,44.82175]},"properties":{"name":"Dunavska","lines":"44, 44a","arr":["44","44a"],"terminus":0,"mode":"bus","color":"#0059a9","colorDark":"#00294f","angle":319.1,"snapDist":8,"label":0}},{"type":"Feature","geometry":{"type":"Point","coordinates":[20.47236,44.82442]},"properties":{"name":"Luka Beograd","lines":"44a","arr":["44a"],"terminus":0,"mode":"bus","color":"#0059a9","colorDark":"#00294f","angle":184.1,"snapDist":5,"label":1}},{"type":"Feature","geometry":{"type":"Point","coordinates":[20.383869,44.797058]},"properties":{"name":"Blok 44","lines":"45, 82, 602","arr":["45","82","602"],"terminus":1,"mode":"bus","color":"#0059a9","colorDark":"#00294f","angle":65.5,"snapDist":9,"label":1}},{"type":"Feature","geometry":{"type":"Point","coordinates":[20.382548,44.799202]},"properties":{"name":"Dom zdravlja Blok 44","lines":"45, 82, 602","arr":["45","82","602"],"terminus":0,"mode":"bus","color":"#0059a9","colorDark":"#00294f","angle":66.1,"snapDist":9,"label":1}},{"type":"Feature","geometry":{"type":"Point","coordinates":[20.370243,44.799246]},"properties":{"name":"dr Ivana Ribara","lines":"45, 89, 95, 604, 605, 610, 610e, 610ea, E6","arr":["45","89","95","604","605","610","610e","610ea","E6"],"terminus":0,"mode":"bus","color":"#0059a9","colorDark":"#00294f","angle":60.3,"snapDist":8,"label":0}},{"type":"Feature","geometry":{"type":"Point","coordinates":[20.36829,44.801567]},"properties":{"name":"Blok 61","lines":"45, 604, 605, 610, 610e, 610ea","arr":["45","604","605","610","610e","610ea"],"terminus":0,"mode":"bus","color":"#0059a9","colorDark":"#00294f","angle":57.2,"snapDist":7,"label":1}},{"type":"Feature","geometry":{"type":"Point","coordinates":[20.367125,44.80402]},"properties":{"name":"Surčinska","lines":"45, 71, 601, 601N, 601Na, 602, 603Na","arr":["45","71","601","601N","601Na","602","603Na"],"terminus":0,"mode":"bus","color":"#0059a9","colorDark":"#00294f","angle":150.1,"snapDist":9,"label":1}},{"type":"Feature","geometry":{"type":"Point","coordinates":[20.372249,44.806111]},"properties":{"name":"Dušana Vukasovića","lines":"45, 71, 601, 601N, 601Na, 602, 603Na","arr":["45","71","601","601N","601Na","602","603Na"],"terminus":0,"mode":"bus","color":"#0059a9","colorDark":"#00294f","angle":150.4,"snapDist":8,"label":1}},{"type":"Feature","geometry":{"type":"Point","coordinates":[20.377195,44.808125]},"properties":{"name":"Crkva Sv. Georgija","lines":"45, 71, 601, 601N, 601Na, 603Na","arr":["45","71","601","601N","601Na","603Na"],"terminus":0,"mode":"bus","color":"#0059a9","colorDark":"#00294f","angle":150.3,"snapDist":6,"label":1}},{"type":"Feature","geometry":{"type":"Point","coordinates":[20.383533,44.810808]},"properties":{"name":"Gandijeva","lines":"45, 71, 601, 601N, 601Na, 603Na","arr":["45","71","601","601N","601Na","603Na"],"terminus":0,"mode":"bus","color":"#0059a9","colorDark":"#00294f","angle":145.5,"snapDist":10,"label":1}},{"type":"Feature","geometry":{"type":"Point","coordinates":[20.391284,44.812931]},"properties":{"name":"IMT","lines":"45, 71, 601, 601N, 601Na, 603Na","arr":["45","71","601","601N","601Na","603Na"],"terminus":0,"mode":"bus","color":"#0059a9","colorDark":"#00294f","angle":144.2,"snapDist":11,"label":1}},{"type":"Feature","geometry":{"type":"Point","coordinates":[20.395223,44.816891]},"properties":{"name":"Železnička stanica Tošin bunar","lines":"45, 65, 70, 71, 72, 82, 601, 601N, 601Na, 603Na, 612, 613","arr":["45","65","70","71","72","82","601","601N","601Na","603Na","612","613"],"terminus":0,"mode":"bus","color":"#0059a9","colorDark":"#00294f","angle":104.2,"snapDist":8,"label":1}},{"type":"Feature","geometry":{"type":"Point","coordinates":[20.396139,44.820332]},"properties":{"name":"Milutina Milankovića","lines":"45, 70, 72, 82, 601, 601N, 601Na, 603Na","arr":["45","70","72","82","601","601N","601Na","603Na"],"terminus":0,"mode":"bus","color":"#0059a9","colorDark":"#00294f","angle":102.7,"snapDist":7,"label":1}},{"type":"Feature","geometry":{"type":"Point","coordinates":[20.401787,44.849013]},"properties":{"name":"Dušanova","lines":"45, 83","arr":["45","83"],"terminus":0,"mode":"bus","color":"#0059a9","colorDark":"#00294f","angle":300.2,"snapDist":4,"label":1}},{"type":"Feature","geometry":{"type":"Point","coordinates":[20.384441,44.84153]},"properties":{"name":"OŠ Petar Kočić","lines":"45, 612","arr":["45","612"],"terminus":0,"mode":"bus","color":"#0059a9","colorDark":"#00294f","angle":281,"snapDist":2,"label":0}},{"type":"Feature","geometry":{"type":"Point","coordinates":[20.383642,44.83865]},"properties":{"name":"Krajiška","lines":"45, 612","arr":["45","612"],"terminus":0,"mode":"bus","color":"#0059a9","colorDark":"#00294f","angle":281.3,"snapDist":5,"label":1}},{"type":"Feature","geometry":{"type":"Point","coordinates":[20.381988,44.835662]},"properties":{"name":"Atanasija Pulje","lines":"45, 612","arr":["45","612"],"terminus":0,"mode":"bus","color":"#0059a9","colorDark":"#00294f","angle":10.4,"snapDist":3,"label":1}},{"type":"Feature","geometry":{"type":"Point","coordinates":[20.37519,44.836569]},"properties":{"name":"Železnička stanica Zemun","lines":"45, 612","arr":["45","612"],"terminus":0,"mode":"bus","color":"#0059a9","colorDark":"#00294f","angle":13.8,"snapDist":6,"label":1}},{"type":"Feature","geometry":{"type":"Point","coordinates":[20.375068,44.836682]},"properties":{"name":"Železnička stanica Zemun","lines":"45, 612","arr":["45","612"],"terminus":0,"mode":"bus","color":"#0059a9","colorDark":"#00294f","angle":287.4,"snapDist":7,"label":0}},{"type":"Feature","geometry":{"type":"Point","coordinates":[20.382591,44.835583]},"properties":{"name":"Atanasija Pulje","lines":"45, 612","arr":["45","612"],"terminus":0,"mode":"bus","color":"#0059a9","colorDark":"#00294f","angle":190.6,"snapDist":5,"label":0}},{"type":"Feature","geometry":{"type":"Point","coordinates":[20.38358,44.838225]},"properties":{"name":"Krajiška","lines":"45, 612","arr":["45","612"],"terminus":0,"mode":"bus","color":"#0059a9","colorDark":"#00294f","angle":88.6,"snapDist":6,"label":0}},{"type":"Feature","geometry":{"type":"Point","coordinates":[20.401312,44.846049]},"properties":{"name":"Ugrinovačka","lines":"45, 83","arr":["45","83"],"terminus":0,"mode":"bus","color":"#0059a9","colorDark":"#00294f","angle":120.8,"snapDist":6,"label":0}},{"type":"Feature","geometry":{"type":"Point","coordinates":[20.403119,44.848198]},"properties":{"name":"Dušanova","lines":"45, 83","arr":["45","83"],"terminus":0,"mode":"bus","color":"#0059a9","colorDark":"#00294f","angle":120.6,"snapDist":4,"label":0}},{"type":"Feature","geometry":{"type":"Point","coordinates":[20.397936,44.82605]},"properties":{"name":"Studentski grad","lines":"45, 70, 72, 82, 603N, 603Na","arr":["45","70","72","82","603N","603Na"],"terminus":0,"mode":"bus","color":"#0059a9","colorDark":"#00294f","angle":282.7,"snapDist":8,"label":0}},{"type":"Feature","geometry":{"type":"Point","coordinates":[20.396148,44.820835]},"properties":{"name":"SC Vizura","lines":"45, 70, 72, 82, 601, 601N, 601Na, 603N, 603Na","arr":["45","70","72","82","601","601N","601Na","603N","603Na"],"terminus":0,"mode":"bus","color":"#0059a9","colorDark":"#00294f","angle":281.9,"snapDist":8,"label":1}},{"type":"Feature","geometry":{"type":"Point","coordinates":[20.395117,44.817068]},"properties":{"name":"Železnička stanica Tošin bunar","lines":"45, 65, 70, 71, 72, 82, 601, 601N, 601Na, 603N, 603Na, 612, 613","arr":["45","65","70","71","72","82","601","601N","601Na","603N","603Na","612","613"],"terminus":0,"mode":"bus","color":"#0059a9","colorDark":"#00294f","angle":281.9,"snapDist":8,"label":0}},{"type":"Feature","geometry":{"type":"Point","coordinates":[20.392719,44.813921]},"properties":{"name":"Stari aerodrom","lines":"45, 71, 601, 601N, 601Na, 603N, 603Na","arr":["45","71","601","601N","601Na","603N","603Na"],"terminus":0,"mode":"bus","color":"#0059a9","colorDark":"#00294f","angle":315.3,"snapDist":4,"label":1}},{"type":"Feature","geometry":{"type":"Point","coordinates":[20.389631,44.812403]},"properties":{"name":"IMT","lines":"45, 71, 601, 601N, 601Na, 603N, 603Na","arr":["45","71","601","601N","601Na","603N","603Na"],"terminus":0,"mode":"bus","color":"#0059a9","colorDark":"#00294f","angle":337.6,"snapDist":9,"label":0}},{"type":"Feature","geometry":{"type":"Point","coordinates":[20.381367,44.809998]},"properties":{"name":"Gandijeva","lines":"45, 71, 601, 601N, 601Na, 603N, 603Na","arr":["45","71","601","601N","601Na","603N","603Na"],"terminus":0,"mode":"bus","color":"#0059a9","colorDark":"#00294f","angle":329.9,"snapDist":4,"label":0}},{"type":"Feature","geometry":{"type":"Point","coordinates":[20.375485,44.807574]},"properties":{"name":"Crkva Sv. Georgija","lines":"45, 71, 601, 601N, 601Na, 602, 603N, 603Na","arr":["45","71","601","601N","601Na","602","603N","603Na"],"terminus":0,"mode":"bus","color":"#0059a9","colorDark":"#00294f","angle":330.4,"snapDist":7,"label":0}},{"type":"Feature","geometry":{"type":"Point","coordinates":[20.370572,44.805568]},"properties":{"name":"Dušana Vukasovića","lines":"45, 71, 601, 601N, 601Na, 602, 603N, 603Na","arr":["45","71","601","601N","601Na","602","603N","603Na"],"terminus":0,"mode":"bus","color":"#0059a9","colorDark":"#00294f","angle":330.6,"snapDist":8,"label":0}},{"type":"Feature","geometry":{"type":"Point","coordinates":[20.366827,44.804044]},"properties":{"name":"Surčinska","lines":"45, 71, 601, 601N, 601Na, 602, 603N, 603Na","arr":["45","71","601","601N","601Na","602","603N","603Na"],"terminus":0,"mode":"bus","color":"#0059a9","colorDark":"#00294f","angle":329.7,"snapDist":5,"label":0}},{"type":"Feature","geometry":{"type":"Point","coordinates":[20.366603,44.803188]},"properties":{"name":"Blok 61","lines":"45, 604, 605, 610, 610e, 610ea","arr":["45","604","605","610","610e","610ea"],"terminus":0,"mode":"bus","color":"#0059a9","colorDark":"#00294f","angle":237.4,"snapDist":6,"label":1}},{"type":"Feature","geometry":{"type":"Point","coordinates":[20.36963,44.799765]},"properties":{"name":"Naselje Dr Ivan Ribar","lines":"45, 89, 95, 604, 605, 610, 610e, 610ea, E6","arr":["45","89","95","604","605","610","610e","610ea","E6"],"terminus":0,"mode":"bus","color":"#0059a9","colorDark":"#00294f","angle":242.2,"snapDist":5,"label":1}},{"type":"Feature","geometry":{"type":"Point","coordinates":[20.382653,44.799033]},"properties":{"name":"Dom zdravlja Blok 44","lines":"45, 82, 602","arr":["45","82","602"],"terminus":0,"mode":"bus","color":"#0059a9","colorDark":"#00294f","angle":246.1,"snapDist":8,"label":0}},{"type":"Feature","geometry":{"type":"Point","coordinates":[20.384243,44.796456]},"properties":{"name":"Blok 44","lines":"45, 82, 602","arr":["45","82","602"],"terminus":1,"mode":"bus","color":"#0059a9","colorDark":"#00294f","angle":244.5,"snapDist":9,"label":0}},{"type":"Feature","geometry":{"type":"Point","coordinates":[20.444733,44.800845]},"properties":{"name":"Beograd na vodi","lines":"46","arr":["46"],"terminus":1,"mode":"bus","color":"#0059a9","colorDark":"#00294f","angle":216.6,"snapDist":5,"label":0}},{"type":"Feature","geometry":{"type":"Point","coordinates":[20.47151,44.792197]},"properties":{"name":"Mihajla Gavrilovića","lines":"46, 55","arr":["46","55"],"terminus":0,"mode":"bus","color":"#0059a9","colorDark":"#00294f","angle":158.6,"snapDist":6,"label":1}},{"type":"Feature","geometry":{"type":"Point","coordinates":[20.479675,44.79356]},"properties":{"name":"Maksima Gorkog","lines":"46, 55","arr":["46","55"],"terminus":0,"mode":"bus","color":"#0059a9","colorDark":"#00294f","angle":172,"snapDist":6,"label":1}},{"type":"Feature","geometry":{"type":"Point","coordinates":[20.485087,44.793195]},"properties":{"name":"Đerdapska","lines":"46, 55","arr":["46","55"],"terminus":0,"mode":"bus","color":"#0059a9","colorDark":"#00294f","angle":194.9,"snapDist":7,"label":1}},{"type":"Feature","geometry":{"type":"Point","coordinates":[20.49667,44.791282]},"properties":{"name":"Škola Vojislav Ilić","lines":"46, 55","arr":["46","55"],"terminus":0,"mode":"bus","color":"#0059a9","colorDark":"#00294f","angle":171.5,"snapDist":3,"label":0}},{"type":"Feature","geometry":{"type":"Point","coordinates":[20.503601,44.792895]},"properties":{"name":"Zvezdara","lines":"46, 55","arr":["46","55"],"terminus":1,"mode":"bus","color":"#0059a9","colorDark":"#00294f","angle":116.2,"snapDist":8,"label":1}},{"type":"Feature","geometry":{"type":"Point","coordinates":[20.509044,44.792547]},"properties":{"name":"dr Velizara Kosanovića","lines":"46, 79, 302N, 304N, 304Na, 304Nb, 307N","arr":["46","79","302N","304N","304Na","304Nb","307N"],"terminus":0,"mode":"bus","color":"#0059a9","colorDark":"#00294f","angle":184.5,"snapDist":5,"label":1}},{"type":"Feature","geometry":{"type":"Point","coordinates":[20.517592,44.79216]},"properties":{"name":"Milana Rakića","lines":"46, 63","arr":["46","63"],"terminus":0,"mode":"bus","color":"#0059a9","colorDark":"#00294f","angle":196.1,"snapDist":4,"label":0}},{"type":"Feature","geometry":{"type":"Point","coordinates":[20.520819,44.7917]},"properties":{"name":"Dušana Radovića","lines":"46, 63","arr":["46","63"],"terminus":0,"mode":"bus","color":"#0059a9","colorDark":"#00294f","angle":198.8,"snapDist":3,"label":1}},{"type":"Feature","geometry":{"type":"Point","coordinates":[20.531607,44.793776]},"properties":{"name":"Mirijevo","lines":"46","arr":["46"],"terminus":1,"mode":"bus","color":"#0059a9","colorDark":"#00294f","angle":96.1,"snapDist":7,"label":1}},{"type":"Feature","geometry":{"type":"Point","coordinates":[20.520981,44.791657]},"properties":{"name":"Dušana Radovića","lines":"46, 63","arr":["46","63"],"terminus":0,"mode":"bus","color":"#0059a9","colorDark":"#00294f","angle":20.4,"snapDist":6,"label":0}},{"type":"Feature","geometry":{"type":"Point","coordinates":[20.512636,44.791019]},"properties":{"name":"Mite Ružića","lines":"46, 79, 301Na, 302N, 304N, 304Na, 304Nb, 307N, 307Na","arr":["46","79","301Na","302N","304N","304Na","304Nb","307N","307Na"],"terminus":0,"mode":"bus","color":"#0059a9","colorDark":"#00294f","angle":34.7,"snapDist":8,"label":0}},{"type":"Feature","geometry":{"type":"Point","coordinates":[20.510795,44.791906]},"properties":{"name":"dr Velizara Kosanovića","lines":"46, 79, 301Na, 302N, 304N, 304Na, 304Nb, 307N, 307Na","arr":["46","79","301Na","302N","304N","304Na","304Nb","307N","307Na"],"terminus":0,"mode":"bus","color":"#0059a9","colorDark":"#00294f","angle":33.9,"snapDist":7,"label":0}},{"type":"Feature","geometry":{"type":"Point","coordinates":[20.503511,44.79294]},"properties":{"name":"Zvezdara","lines":"46","arr":["46"],"terminus":0,"mode":"bus","color":"#0059a9","colorDark":"#00294f","angle":294.7,"snapDist":4,"label":0}},{"type":"Feature","geometry":{"type":"Point","coordinates":[20.486663,44.792873]},"properties":{"name":"Đerdapska","lines":"46, 55","arr":["46","55"],"terminus":0,"mode":"bus","color":"#0059a9","colorDark":"#00294f","angle":16,"snapDist":6,"label":0}},{"type":"Feature","geometry":{"type":"Point","coordinates":[20.481152,44.793588]},"properties":{"name":"MPI","lines":"46, 55","arr":["46","55"],"terminus":0,"mode":"bus","color":"#0059a9","colorDark":"#00294f","angle":1.1,"snapDist":5,"label":1}},{"type":"Feature","geometry":{"type":"Point","coordinates":[20.476536,44.793242]},"properties":{"name":"Maksima Gorkog","lines":"46, 55","arr":["46","55"],"terminus":0,"mode":"bus","color":"#0059a9","colorDark":"#00294f","angle":348.1,"snapDist":4,"label":1}},{"type":"Feature","geometry":{"type":"Point","coordinates":[20.472084,44.792462]},"properties":{"name":"Mihajla Gavrilovića","lines":"46, 55","arr":["46","55"],"terminus":0,"mode":"bus","color":"#0059a9","colorDark":"#00294f","angle":338.7,"snapDist":3,"label":0}},{"type":"Feature","geometry":{"type":"Point","coordinates":[20.465901,44.785044]},"properties":{"name":"Trg oslobođenja","lines":"47, 48, 401, 402","arr":["47","48","401","402"],"terminus":0,"mode":"bus","color":"#0059a9","colorDark":"#00294f","angle":259.2,"snapDist":7,"label":1}},{"type":"Feature","geometry":{"type":"Point","coordinates":[20.468613,44.779446]},"properties":{"name":"Veljka Lukića Kurjaka","lines":"47, 48, 401, 402","arr":["47","48","401","402"],"terminus":0,"mode":"bus","color":"#0059a9","colorDark":"#00294f","angle":238.3,"snapDist":4,"label":1}},{"type":"Feature","geometry":{"type":"Point","coordinates":[20.472725,44.776307]},"properties":{"name":"Atletska dvorana","lines":"47, 48, 401, 402","arr":["47","48","401","402"],"terminus":0,"mode":"bus","color":"#0059a9","colorDark":"#00294f","angle":249.5,"snapDist":4,"label":1}},{"type":"Feature","geometry":{"type":"Point","coordinates":[20.476011,44.770449]},"properties":{"name":"Fakultet organizacionih nauka","lines":"47, 48, 401, 402","arr":["47","48","401","402"],"terminus":0,"mode":"bus","color":"#0059a9","colorDark":"#00294f","angle":251.5,"snapDist":6,"label":1}},{"type":"Feature","geometry":{"type":"Point","coordinates":[20.478015,44.765214]},"properties":{"name":"Mosorska","lines":"47, 48, 401, 402","arr":["47","48","401","402"],"terminus":0,"mode":"bus","color":"#0059a9","colorDark":"#00294f","angle":255.5,"snapDist":6,"label":1}},{"type":"Feature","geometry":{"type":"Point","coordinates":[20.479277,44.76246]},"properties":{"name":"Crkva Sv. Vasilija Ostroškog","lines":"47, 48, 401, 402","arr":["47","48","401","402"],"terminus":0,"mode":"bus","color":"#0059a9","colorDark":"#00294f","angle":246.3,"snapDist":6,"label":1}},{"type":"Feature","geometry":{"type":"Point","coordinates":[20.456418,44.754263]},"properties":{"name":"Srpskih udarnih brigada","lines":"47, 47N, 47Na, 48, 50, 54, 59, 94, 502","arr":["47","47N","47Na","48","50","54","59","94","502"],"terminus":0,"mode":"bus","color":"#0059a9","colorDark":"#00294f","angle":304.6,"snapDist":3,"label":1}},{"type":"Feature","geometry":{"type":"Point","coordinates":[20.455183,44.752024]},"properties":{"name":"Kanarevo brdo","lines":"47, 47N, 47Na, 48, 50, 54, 59, 94, 502","arr":["47","47N","47Na","48","50","54","59","94","502"],"terminus":0,"mode":"bus","color":"#0059a9","colorDark":"#00294f","angle":259.5,"snapDist":4,"label":1}},{"type":"Feature","geometry":{"type":"Point","coordinates":[20.455828,44.749789]},"properties":{"name":"Vareška","lines":"47, 50, 54, 59, 94, 502","arr":["47","50","54","59","94","502"],"terminus":0,"mode":"bus","color":"#0059a9","colorDark":"#00294f","angle":259.2,"snapDist":4,"label":1}},{"type":"Feature","geometry":{"type":"Point","coordinates":[20.452178,44.748373]},"properties":{"name":"Stanka Paunovića","lines":"47, 47N, 47Na, 50, 54, 59, 502, 505, 506","arr":["47","47N","47Na","50","54","59","502","505","506"],"terminus":0,"mode":"bus","color":"#0059a9","colorDark":"#00294f","angle":353.7,"snapDist":7,"label":1}},{"type":"Feature","geometry":{"type":"Point","coordinates":[20.449734,44.748186]},"properties":{"name":"Miljakovac 1","lines":"47, 47N, 47Na, 50, 54, 59, 502, 505, 506","arr":["47","47N","47Na","50","54","59","502","505","506"],"terminus":1,"mode":"bus","color":"#0059a9","colorDark":"#00294f","angle":353.4,"snapDist":7,"label":1}},{"type":"Feature","geometry":{"type":"Point","coordinates":[20.446088,44.743602]},"properties":{"name":"GO Rakovica","lines":"47, 47N, 47Na, 50, 54, 59, 502, 506","arr":["47","47N","47Na","50","54","59","502","506"],"terminus":0,"mode":"bus","color":"#0059a9","colorDark":"#00294f","angle":327,"snapDist":6,"label":1}},{"type":"Feature","geometry":{"type":"Point","coordinates":[20.438924,44.738035]},"properties":{"name":"Ulica Oslobođenja","lines":"47, 506, 507","arr":["47","506","507"],"terminus":0,"mode":"bus","color":"#0059a9","colorDark":"#00294f","angle":209.2,"snapDist":6,"label":0}},{"type":"Feature","geometry":{"type":"Point","coordinates":[20.445002,44.735967]},"properties":{"name":"Servis DMB","lines":"47, 506, 507","arr":["47","506","507"],"terminus":0,"mode":"bus","color":"#0059a9","colorDark":"#00294f","angle":175.6,"snapDist":7,"label":1}},{"type":"Feature","geometry":{"type":"Point","coordinates":[20.447015,44.73222]},"properties":{"name":"Manastir Rakovica","lines":"47, 506, 507","arr":["47","506","507"],"terminus":0,"mode":"bus","color":"#0059a9","colorDark":"#00294f","angle":268.1,"snapDist":5,"label":1}},{"type":"Feature","geometry":{"type":"Point","coordinates":[20.447501,44.728087]},"properties":{"name":"Josipa Telarevića (izlaz)","lines":"47, 506, 507","arr":["47","506","507"],"terminus":0,"mode":"bus","color":"#0059a9","colorDark":"#00294f","angle":237,"snapDist":5,"label":1}},{"type":"Feature","geometry":{"type":"Point","coordinates":[20.450021,44.724925]},"properties":{"name":"Tunel Straževica","lines":"47, 506","arr":["47","506"],"terminus":0,"mode":"bus","color":"#0059a9","colorDark":"#00294f","angle":213.3,"snapDist":9,"label":1}},{"type":"Feature","geometry":{"type":"Point","coordinates":[20.464371,44.71607]},"properties":{"name":"Resnik /ulaz/","lines":"47, 47N, 47Na, 94, 503, 504, 506","arr":["47","47N","47Na","94","503","504","506"],"terminus":0,"mode":"bus","color":"#0059a9","colorDark":"#00294f","angle":332.2,"snapDist":5,"label":1}},{"type":"Feature","geometry":{"type":"Point","coordinates":[20.459518,44.714265]},"properties":{"name":"Avalska","lines":"47, 94, 506","arr":["47","94","506"],"terminus":0,"mode":"bus","color":"#0059a9","colorDark":"#00294f","angle":315.6,"snapDist":6,"label":1}},{"type":"Feature","geometry":{"type":"Point","coordinates":[20.456262,44.712434]},"properties":{"name":"Kamenac","lines":"47","arr":["47"],"terminus":0,"mode":"bus","color":"#0059a9","colorDark":"#00294f","angle":325.5,"snapDist":6,"label":1}},{"type":"Feature","geometry":{"type":"Point","coordinates":[20.452625,44.710527]},"properties":{"name":"13. oktobra","lines":"47, 47N, 47Na, 503, 504, 507","arr":["47","47N","47Na","503","504","507"],"terminus":0,"mode":"bus","color":"#0059a9","colorDark":"#00294f","angle":317.3,"snapDist":4,"label":1}},{"type":"Feature","geometry":{"type":"Point","coordinates":[20.451303,44.706796]},"properties":{"name":"Aleksandra Vojinovića","lines":"47, 47N, 47Na, 503, 504, 506, 507","arr":["47","47N","47Na","503","504","506","507"],"terminus":0,"mode":"bus","color":"#0059a9","colorDark":"#00294f","angle":315.8,"snapDist":8,"label":1}},{"type":"Feature","geometry":{"type":"Point","coordinates":[20.449457,44.704453]},"properties":{"name":"Železnička stanica Resnik","lines":"47, 47N, 47Na, 503, 504, 506, 507","arr":["47","47N","47Na","503","504","506","507"],"terminus":1,"mode":"bus","color":"#0059a9","colorDark":"#00294f","angle":280.2,"snapDist":7,"label":1}},{"type":"Feature","geometry":{"type":"Point","coordinates":[20.449612,44.704625]},"properties":{"name":"Železnička stanica Resnik","lines":"47, 47N, 47Na, 503, 504, 506, 507","arr":["47","47N","47Na","503","504","506","507"],"terminus":1,"mode":"bus","color":"#0059a9","colorDark":"#00294f","angle":105.1,"snapDist":5,"label":0}},{"type":"Feature","geometry":{"type":"Point","coordinates":[20.451066,44.706624]},"properties":{"name":"Aleksandra Vojinovića","lines":"47, 47N, 47Na, 503, 504, 506, 507","arr":["47","47N","47Na","503","504","506","507"],"terminus":0,"mode":"bus","color":"#0059a9","colorDark":"#00294f","angle":132.8,"snapDist":7,"label":0}},{"type":"Feature","geometry":{"type":"Point","coordinates":[20.452913,44.710672]},"properties":{"name":"13. oktobra","lines":"47, 47N, 47Na, 503, 504, 507","arr":["47","47N","47Na","503","504","507"],"terminus":0,"mode":"bus","color":"#0059a9","colorDark":"#00294f","angle":150,"snapDist":6,"label":0}},{"type":"Feature","geometry":{"type":"Point","coordinates":[20.456797,44.712695]},"properties":{"name":"Kamenac","lines":"47","arr":["47"],"terminus":0,"mode":"bus","color":"#0059a9","colorDark":"#00294f","angle":145.5,"snapDist":5,"label":0}},{"type":"Feature","geometry":{"type":"Point","coordinates":[20.459545,44.714283]},"properties":{"name":"Avalska","lines":"47, 94, 506","arr":["47","94","506"],"terminus":0,"mode":"bus","color":"#0059a9","colorDark":"#00294f","angle":135.6,"snapDist":8,"label":0}},{"type":"Feature","geometry":{"type":"Point","coordinates":[20.465382,44.716545]},"properties":{"name":"Resnik /ulaz/","lines":"47, 47N, 47Na, 94, 503, 504, 506","arr":["47","47N","47Na","94","503","504","506"],"terminus":0,"mode":"bus","color":"#0059a9","colorDark":"#00294f","angle":143.8,"snapDist":4,"label":0}},{"type":"Feature","geometry":{"type":"Point","coordinates":[20.450674,44.724627]},"properties":{"name":"Tunel Straževica","lines":"47, 506","arr":["47","506"],"terminus":0,"mode":"bus","color":"#0059a9","colorDark":"#00294f","angle":32.8,"snapDist":6,"label":0}},{"type":"Feature","geometry":{"type":"Point","coordinates":[20.448434,44.726994]},"properties":{"name":"Josipa Telarevića (izlaz)","lines":"47, 506, 507","arr":["47","506","507"],"terminus":0,"mode":"bus","color":"#0059a9","colorDark":"#00294f","angle":58.7,"snapDist":8,"label":0}},{"type":"Feature","geometry":{"type":"Point","coordinates":[20.447312,44.731358]},"properties":{"name":"Manastir Rakovica","lines":"47, 506, 507","arr":["47","506","507"],"terminus":0,"mode":"bus","color":"#0059a9","colorDark":"#00294f","angle":74.4,"snapDist":6,"label":0}},{"type":"Feature","geometry":{"type":"Point","coordinates":[20.445036,44.735969]},"properties":{"name":"Servis DMB","lines":"47, 506, 507","arr":["47","506","507"],"terminus":0,"mode":"bus","color":"#0059a9","colorDark":"#00294f","angle":354.2,"snapDist":7,"label":0}},{"type":"Feature","geometry":{"type":"Point","coordinates":[20.438794,44.738087]},"properties":{"name":"Ulica Oslobođenja","lines":"47, 506, 507","arr":["47","506","507"],"terminus":0,"mode":"bus","color":"#0059a9","colorDark":"#00294f","angle":29.2,"snapDist":8,"label":0}},{"type":"Feature","geometry":{"type":"Point","coordinates":[20.445174,44.743282]},"properties":{"name":"GO Rakovica","lines":"47, 47N, 47Na, 50, 54, 59, 502, 506","arr":["47","47N","47Na","50","54","59","502","506"],"terminus":0,"mode":"bus","color":"#0059a9","colorDark":"#00294f","angle":159,"snapDist":7,"label":0}},{"type":"Feature","geometry":{"type":"Point","coordinates":[20.450124,44.748216]},"properties":{"name":"Miljakovac 1","lines":"47, 47N, 47Na, 50, 54, 59, 502, 505, 506","arr":["47","47N","47Na","50","54","59","502","505","506"],"terminus":1,"mode":"bus","color":"#0059a9","colorDark":"#00294f","angle":174,"snapDist":10,"label":0}},{"type":"Feature","geometry":{"type":"Point","coordinates":[20.453558,44.748476]},"properties":{"name":"Stanka Paunovića","lines":"47, 47N, 47Na, 50, 59, 505, 506","arr":["47","47N","47Na","50","59","505","506"],"terminus":0,"mode":"bus","color":"#0059a9","colorDark":"#00294f","angle":174.2,"snapDist":5,"label":0}},{"type":"Feature","geometry":{"type":"Point","coordinates":[20.455685,44.748965]},"properties":{"name":"Vareška","lines":"47, 47N, 47Na, 50, 59, 505, 506","arr":["47","47N","47Na","50","59","505","506"],"terminus":0,"mode":"bus","color":"#0059a9","colorDark":"#00294f","angle":116.9,"snapDist":6,"label":0}},{"type":"Feature","geometry":{"type":"Point","coordinates":[20.455161,44.752804]},"properties":{"name":"Kanarevo brdo","lines":"47, 47N, 47Na, 48, 50, 59, 94","arr":["47","47N","47Na","48","50","59","94"],"terminus":0,"mode":"bus","color":"#0059a9","colorDark":"#00294f","angle":110.6,"snapDist":11,"label":0}},{"type":"Feature","geometry":{"type":"Point","coordinates":[20.457095,44.75489]},"properties":{"name":"Srpskih udarnih brigada","lines":"47, 47N, 47Na, 48, 50, 59, 94","arr":["47","47N","47Na","48","50","59","94"],"terminus":0,"mode":"bus","color":"#0059a9","colorDark":"#00294f","angle":129.1,"snapDist":9,"label":0}},{"type":"Feature","geometry":{"type":"Point","coordinates":[20.476938,44.760943]},"properties":{"name":"Paunova","lines":"47, 48, 49, 50, 401, 401a, 402, 403, 405, 406, 407, 408, 409, 503","arr":["47","48","49","50","401","401a","402","403","405","406","407","408","409","503"],"terminus":0,"mode":"bus","color":"#0059a9","colorDark":"#00294f","angle":176.4,"snapDist":7,"label":0}},{"type":"Feature","geometry":{"type":"Point","coordinates":[20.479616,44.76227]},"properties":{"name":"Crkva Sv. Vasilija Ostroškog","lines":"47, 48, 401, 401a, 402","arr":["47","48","401","401a","402"],"terminus":0,"mode":"bus","color":"#0059a9","colorDark":"#00294f","angle":65.7,"snapDist":3,"label":0}},{"type":"Feature","geometry":{"type":"Point","coordinates":[20.478082,44.7656]},"properties":{"name":"Mosorska","lines":"47, 48, 401, 401a, 402","arr":["47","48","401","401a","402"],"terminus":0,"mode":"bus","color":"#0059a9","colorDark":"#00294f","angle":75.5,"snapDist":5,"label":0}},{"type":"Feature","geometry":{"type":"Point","coordinates":[20.475588,44.771353]},"properties":{"name":"Fakultet organizacionih nauka","lines":"47, 48, 401, 401a, 402","arr":["47","48","401","401a","402"],"terminus":0,"mode":"bus","color":"#0059a9","colorDark":"#00294f","angle":61.8,"snapDist":8,"label":0}},{"type":"Feature","geometry":{"type":"Point","coordinates":[20.471605,44.77752]},"properties":{"name":"Atletska dvorana","lines":"47, 48, 401, 401a, 402","arr":["47","48","401","401a","402"],"terminus":0,"mode":"bus","color":"#0059a9","colorDark":"#00294f","angle":37.4,"snapDist":8,"label":0}},{"type":"Feature","geometry":{"type":"Point","coordinates":[20.468309,44.78011]},"properties":{"name":"Veljka Lukića Kurjaka","lines":"47, 48, 401, 401a, 402","arr":["47","48","401","401a","402"],"terminus":0,"mode":"bus","color":"#0059a9","colorDark":"#00294f","angle":65.6,"snapDist":5,"label":0}},{"type":"Feature","geometry":{"type":"Point","coordinates":[20.4659,44.787026]},"properties":{"name":"Trg oslobođenja","lines":"47, 48, 401, 401a, 402","arr":["47","48","401","401a","402"],"terminus":0,"mode":"bus","color":"#0059a9","colorDark":"#00294f","angle":92.8,"snapDist":3,"label":0}},{"type":"Feature","geometry":{"type":"Point","coordinates":[20.460388,44.815164]},"properties":{"name":"Trg Republike","lines":"47N, 51N","arr":["47N","51N"],"terminus":1,"mode":"bus","color":"#0059a9","colorDark":"#00294f","angle":287,"snapDist":3,"label":0}},{"type":"Feature","geometry":{"type":"Point","coordinates":[20.456822,44.748009]},"properties":{"name":"Slavoljuba Vuksanovića","lines":"47N, 47Na, 48, 505","arr":["47N","47Na","48","505"],"terminus":0,"mode":"bus","color":"#0059a9","colorDark":"#00294f","angle":273.4,"snapDist":1,"label":1}},{"type":"Feature","geometry":{"type":"Point","coordinates":[20.458286,44.745772]},"properties":{"name":"Narod. heroja Velizara Stankovića","lines":"47N, 47Na, 48, 505","arr":["47N","47Na","48","505"],"terminus":0,"mode":"bus","color":"#0059a9","colorDark":"#00294f","angle":202.9,"snapDist":1,"label":1}},{"type":"Feature","geometry":{"type":"Point","coordinates":[20.460973,44.747723]},"properties":{"name":"Miljakovac 2","lines":"47N, 47Na, 48, 505","arr":["47N","47Na","48","505"],"terminus":0,"mode":"bus","color":"#0059a9","colorDark":"#00294f","angle":249.2,"snapDist":3,"label":1}},{"type":"Feature","geometry":{"type":"Point","coordinates":[20.461973,44.745754]},"properties":{"name":"Nikole Marakovića","lines":"47N, 47Na, 48, 505","arr":["47N","47Na","48","505"],"terminus":0,"mode":"bus","color":"#0059a9","colorDark":"#00294f","angle":252.2,"snapDist":2,"label":1}},{"type":"Feature","geometry":{"type":"Point","coordinates":[20.463136,44.74052]},"properties":{"name":"Miljakovačka šuma","lines":"47N, 47Na, 48, 505","arr":["47N","47Na","48","505"],"terminus":0,"mode":"bus","color":"#0059a9","colorDark":"#00294f","angle":267.1,"snapDist":2,"label":1}},{"type":"Feature","geometry":{"type":"Point","coordinates":[20.463341,44.738005]},"properties":{"name":"Miljakovac 3","lines":"47N, 47Na, 48","arr":["47N","47Na","48"],"terminus":1,"mode":"bus","color":"#0059a9","colorDark":"#00294f","angle":179.6,"snapDist":6,"label":1}},{"type":"Feature","geometry":{"type":"Point","coordinates":[20.463093,44.741109]},"properties":{"name":"Miljakovačka šuma","lines":"47N, 47Na, 48, 505","arr":["47N","47Na","48","505"],"terminus":0,"mode":"bus","color":"#0059a9","colorDark":"#00294f","angle":87.1,"snapDist":5,"label":0}},{"type":"Feature","geometry":{"type":"Point","coordinates":[20.461787,44.746134]},"properties":{"name":"Nikole Marakovića","lines":"47N, 47Na, 48, 505","arr":["47N","47Na","48","505"],"terminus":0,"mode":"bus","color":"#0059a9","colorDark":"#00294f","angle":69,"snapDist":7,"label":0}},{"type":"Feature","geometry":{"type":"Point","coordinates":[20.459966,44.747706]},"properties":{"name":"Miljakovac 2","lines":"47N, 47Na, 48, 505","arr":["47N","47Na","48","505"],"terminus":0,"mode":"bus","color":"#0059a9","colorDark":"#00294f","angle":121.2,"snapDist":4,"label":0}},{"type":"Feature","geometry":{"type":"Point","coordinates":[20.458119,44.745836]},"properties":{"name":"Narod. heroja Velizara Stankovića","lines":"47N, 47Na, 48, 505","arr":["47N","47Na","48","505"],"terminus":0,"mode":"bus","color":"#0059a9","colorDark":"#00294f","angle":212.3,"snapDist":4,"label":0}},{"type":"Feature","geometry":{"type":"Point","coordinates":[20.45685,44.748366]},"properties":{"name":"Slavoljuba Vuksanovića","lines":"47N, 47Na, 48, 505","arr":["47N","47Na","48","505"],"terminus":0,"mode":"bus","color":"#0059a9","colorDark":"#00294f","angle":93.3,"snapDist":8,"label":0}},{"type":"Feature","geometry":{"type":"Point","coordinates":[20.431542,44.734609]},"properties":{"name":"Kneževac","lines":"47N, 47Na, 54, 94, 501, 504","arr":["47N","47Na","54","94","501","504"],"terminus":0,"mode":"bus","color":"#0059a9","colorDark":"#00294f","angle":279.7,"snapDist":5,"label":0}},{"type":"Feature","geometry":{"type":"Point","coordinates":[20.434909,44.728796]},"properties":{"name":"Deponija","lines":"47N, 47Na, 94, 501, 504","arr":["47N","47Na","94","501","504"],"terminus":0,"mode":"bus","color":"#0059a9","colorDark":"#00294f","angle":256.1,"snapDist":3,"label":1}},{"type":"Feature","geometry":{"type":"Point","coordinates":[20.43811,44.725232]},"properties":{"name":"Kijevo","lines":"47N, 47Na, 94, 501, 504","arr":["47N","47Na","94","501","504"],"terminus":0,"mode":"bus","color":"#0059a9","colorDark":"#00294f","angle":282.8,"snapDist":10,"label":1}},{"type":"Feature","geometry":{"type":"Point","coordinates":[20.451353,44.724024]},"properties":{"name":"Tunel Straževica","lines":"47N, 47Na, 94, 504","arr":["47N","47Na","94","504"],"terminus":0,"mode":"bus","color":"#0059a9","colorDark":"#00294f","angle":205.2,"snapDist":7,"label":0}},{"type":"Feature","geometry":{"type":"Point","coordinates":[20.459621,44.715034]},"properties":{"name":"Podavalska (izlaz)","lines":"47N, 47Na, 503, 504","arr":["47N","47Na","503","504"],"terminus":0,"mode":"bus","color":"#0059a9","colorDark":"#00294f","angle":58,"snapDist":6,"label":1}},{"type":"Feature","geometry":{"type":"Point","coordinates":[20.457157,44.716653]},"properties":{"name":"Brđanska","lines":"47N, 47Na, 503, 504","arr":["47N","47Na","503","504"],"terminus":0,"mode":"bus","color":"#0059a9","colorDark":"#00294f","angle":57.1,"snapDist":3,"label":1}},{"type":"Feature","geometry":{"type":"Point","coordinates":[20.451649,44.718639]},"properties":{"name":"Josipa Telarevića","lines":"47N, 47Na, 503, 504, 507","arr":["47N","47Na","503","504","507"],"terminus":0,"mode":"bus","color":"#0059a9","colorDark":"#00294f","angle":289.2,"snapDist":3,"label":1}},{"type":"Feature","geometry":{"type":"Point","coordinates":[20.448444,44.717383]},"properties":{"name":"Palih boraca","lines":"47N, 47Na, 503, 504","arr":["47N","47Na","503","504"],"terminus":0,"mode":"bus","color":"#0059a9","colorDark":"#00294f","angle":326.3,"snapDist":1,"label":1}},{"type":"Feature","geometry":{"type":"Point","coordinates":[20.452335,44.713815]},"properties":{"name":"MZ Resnik","lines":"47N, 47Na, 503, 504","arr":["47N","47Na","503","504"],"terminus":0,"mode":"bus","color":"#0059a9","colorDark":"#00294f","angle":194.5,"snapDist":3,"label":1}},{"type":"Feature","geometry":{"type":"Point","coordinates":[20.453048,44.713413]},"properties":{"name":"MZ Resnik","lines":"47N, 47Na, 503, 504, 507","arr":["47N","47Na","503","504","507"],"terminus":0,"mode":"bus","color":"#0059a9","colorDark":"#00294f","angle":54.7,"snapDist":4,"label":0}},{"type":"Feature","geometry":{"type":"Point","coordinates":[20.4483,44.717318]},"properties":{"name":"Palih boraca","lines":"47N, 47Na, 503, 504","arr":["47N","47Na","503","504"],"terminus":0,"mode":"bus","color":"#0059a9","colorDark":"#00294f","angle":149.5,"snapDist":4,"label":0}},{"type":"Feature","geometry":{"type":"Point","coordinates":[20.452094,44.719023]},"properties":{"name":"Josipa Telarevića","lines":"47N, 47Na, 503, 504","arr":["47N","47Na","503","504"],"terminus":0,"mode":"bus","color":"#0059a9","colorDark":"#00294f","angle":141.8,"snapDist":4,"label":0}},{"type":"Feature","geometry":{"type":"Point","coordinates":[20.457262,44.716538]},"properties":{"name":"Brđanska","lines":"47N, 47Na, 503, 504","arr":["47N","47Na","503","504"],"terminus":0,"mode":"bus","color":"#0059a9","colorDark":"#00294f","angle":237.1,"snapDist":4,"label":0}},{"type":"Feature","geometry":{"type":"Point","coordinates":[20.459366,44.715245]},"properties":{"name":"Podavalska (izlaz)","lines":"47N, 47Na, 503, 504","arr":["47N","47Na","503","504"],"terminus":0,"mode":"bus","color":"#0059a9","colorDark":"#00294f","angle":222.1,"snapDist":6,"label":0}},{"type":"Feature","geometry":{"type":"Point","coordinates":[20.450571,44.724264]},"properties":{"name":"Tunel Straževica","lines":"47N, 47Na, 94, 504","arr":["47N","47Na","94","504"],"terminus":0,"mode":"bus","color":"#0059a9","colorDark":"#00294f","angle":21.6,"snapDist":7,"label":0}},{"type":"Feature","geometry":{"type":"Point","coordinates":[20.438363,44.725574]},"properties":{"name":"Kijevo","lines":"47N, 47Na, 94, 501, 504","arr":["47N","47Na","94","501","504"],"terminus":0,"mode":"bus","color":"#0059a9","colorDark":"#00294f","angle":121,"snapDist":7,"label":0}},{"type":"Feature","geometry":{"type":"Point","coordinates":[20.434657,44.729377]},"properties":{"name":"Deponija","lines":"47N, 47Na, 94, 501, 504","arr":["47N","47Na","94","501","504"],"terminus":0,"mode":"bus","color":"#0059a9","colorDark":"#00294f","angle":65.9,"snapDist":7,"label":0}},{"type":"Feature","geometry":{"type":"Point","coordinates":[20.431503,44.734434]},"properties":{"name":"Kneževac","lines":"47N, 47Na, 54, 94, 501, 504","arr":["47N","47Na","54","94","501","504"],"terminus":0,"mode":"bus","color":"#0059a9","colorDark":"#00294f","angle":98,"snapDist":6,"label":0}},{"type":"Feature","geometry":{"type":"Point","coordinates":[20.460585,44.815548]},"properties":{"name":"Trg Republike","lines":"47N, 51N","arr":["47N","51N"],"terminus":1,"mode":"bus","color":"#0059a9","colorDark":"#00294f","angle":110.2,"snapDist":10,"label":0}},{"type":"Feature","geometry":{"type":"Point","coordinates":[20.413772,44.768589]},"properties":{"name":"Banovo brdo","lines":"49, 50, 57, 85, 607","arr":["49","50","57","85","607"],"terminus":1,"mode":"bus","color":"#0059a9","colorDark":"#00294f","angle":69.6,"snapDist":9,"label":1}},{"type":"Feature","geometry":{"type":"Point","coordinates":[20.422646,44.783501]},"properties":{"name":"Šumarski fakultet","lines":"49, 607","arr":["49","607"],"terminus":0,"mode":"bus","color":"#0059a9","colorDark":"#00294f","angle":154.6,"snapDist":9,"label":0}},{"type":"Feature","geometry":{"type":"Point","coordinates":[20.447843,44.780621]},"properties":{"name":"Teodora Drajzera","lines":"49, 94","arr":["49","94"],"terminus":0,"mode":"bus","color":"#0059a9","colorDark":"#00294f","angle":183,"snapDist":6,"label":1}},{"type":"Feature","geometry":{"type":"Point","coordinates":[20.45062,44.780349]},"properties":{"name":"Teodora Drajzera 2","lines":"49, 94","arr":["49","94"],"terminus":0,"mode":"bus","color":"#0059a9","colorDark":"#00294f","angle":189.9,"snapDist":2,"label":1}},{"type":"Feature","geometry":{"type":"Point","coordinates":[20.455527,44.779092]},"properties":{"name":"IV beogradska gimnazija","lines":"49, 94","arr":["49","94"],"terminus":0,"mode":"bus","color":"#0059a9","colorDark":"#00294f","angle":208.2,"snapDist":4,"label":1}},{"type":"Feature","geometry":{"type":"Point","coordinates":[20.483144,44.761361]},"properties":{"name":"Trošarina","lines":"49, 50, 403, 405, 406, 407, 408, 409, 503","arr":["49","50","403","405","406","407","408","409","503"],"terminus":0,"mode":"bus","color":"#0059a9","colorDark":"#00294f","angle":162.8,"snapDist":7,"label":1}},{"type":"Feature","geometry":{"type":"Point","coordinates":[20.488098,44.759975]},"properties":{"name":"OŠ Danilo Kiš","lines":"49","arr":["49"],"terminus":0,"mode":"bus","color":"#0059a9","colorDark":"#00294f","angle":194.8,"snapDist":9,"label":1}},{"type":"Feature","geometry":{"type":"Point","coordinates":[20.491163,44.758899]},"properties":{"name":"Timočke divizije","lines":"49","arr":["49"],"terminus":0,"mode":"bus","color":"#0059a9","colorDark":"#00294f","angle":219.1,"snapDist":6,"label":1}},{"type":"Feature","geometry":{"type":"Point","coordinates":[20.493675,44.757075]},"properties":{"name":"Pukovnika Petra Mišića","lines":"49","arr":["49"],"terminus":0,"mode":"bus","color":"#0059a9","colorDark":"#00294f","angle":228.8,"snapDist":5,"label":0}},{"type":"Feature","geometry":{"type":"Point","coordinates":[20.495855,44.75584]},"properties":{"name":"Generala Vladimira Kondića","lines":"49","arr":["49"],"terminus":0,"mode":"bus","color":"#0059a9","colorDark":"#00294f","angle":199.4,"snapDist":4,"label":1}},{"type":"Feature","geometry":{"type":"Point","coordinates":[20.496899,44.754957]},"properties":{"name":"Generala Štefanika","lines":"49","arr":["49"],"terminus":0,"mode":"bus","color":"#0059a9","colorDark":"#00294f","angle":289.1,"snapDist":2,"label":0}},{"type":"Feature","geometry":{"type":"Point","coordinates":[20.496587,44.7536]},"properties":{"name":"Naselje Stepa Stepanović","lines":"49","arr":["49"],"terminus":1,"mode":"bus","color":"#0059a9","colorDark":"#00294f","angle":220.9,"snapDist":2,"label":1}},{"type":"Feature","geometry":{"type":"Point","coordinates":[20.496792,44.754727]},"properties":{"name":"Generala Štefanika","lines":"49","arr":["49"],"terminus":1,"mode":"bus","color":"#0059a9","colorDark":"#00294f","angle":107.2,"snapDist":8,"label":1}},{"type":"Feature","geometry":{"type":"Point","coordinates":[20.495217,44.75602]},"properties":{"name":"Generala Vladimira Kondića","lines":"49","arr":["49"],"terminus":0,"mode":"bus","color":"#0059a9","colorDark":"#00294f","angle":23.3,"snapDist":7,"label":0}},{"type":"Feature","geometry":{"type":"Point","coordinates":[20.493029,44.757598]},"properties":{"name":"Pukovnika Petra Mišića","lines":"49","arr":["49"],"terminus":0,"mode":"bus","color":"#0059a9","colorDark":"#00294f","angle":48.6,"snapDist":9,"label":0}},{"type":"Feature","geometry":{"type":"Point","coordinates":[20.490912,44.759044]},"properties":{"name":"Timočke divizije","lines":"49","arr":["49"],"terminus":0,"mode":"bus","color":"#0059a9","colorDark":"#00294f","angle":39.1,"snapDist":10,"label":0}},{"type":"Feature","geometry":{"type":"Point","coordinates":[20.487805,44.760019]},"properties":{"name":"OŠ Danilo Kiš","lines":"49","arr":["49"],"terminus":0,"mode":"bus","color":"#0059a9","colorDark":"#00294f","angle":5.2,"snapDist":7,"label":0}},{"type":"Feature","geometry":{"type":"Point","coordinates":[20.483348,44.761511]},"properties":{"name":"Trošarina","lines":"49, 50","arr":["49","50"],"terminus":0,"mode":"bus","color":"#0059a9","colorDark":"#00294f","angle":343.6,"snapDist":8,"label":0}},{"type":"Feature","geometry":{"type":"Point","coordinates":[20.459245,44.776712]},"properties":{"name":"Bolnica Dragiša Mišović","lines":"49, 94","arr":["49","94"],"terminus":0,"mode":"bus","color":"#0059a9","colorDark":"#00294f","angle":48.1,"snapDist":7,"label":0}},{"type":"Feature","geometry":{"type":"Point","coordinates":[20.454271,44.779546]},"properties":{"name":"IV beogradska gimnazija","lines":"49, 94","arr":["49","94"],"terminus":0,"mode":"bus","color":"#0059a9","colorDark":"#00294f","angle":25.5,"snapDist":6,"label":0}},{"type":"Feature","geometry":{"type":"Point","coordinates":[20.449854,44.780449]},"properties":{"name":"Teodora Drajzera 2","lines":"49, 94","arr":["49","94"],"terminus":0,"mode":"bus","color":"#0059a9","colorDark":"#00294f","angle":11,"snapDist":7,"label":0}},{"type":"Feature","geometry":{"type":"Point","coordinates":[20.446933,44.780662]},"properties":{"name":"Teodora Drajzera","lines":"49, 94","arr":["49","94"],"terminus":0,"mode":"bus","color":"#0059a9","colorDark":"#00294f","angle":4,"snapDist":4,"label":0}},{"type":"Feature","geometry":{"type":"Point","coordinates":[20.489402,44.762744]},"properties":{"name":"Bulevar Peka Dapčevića","lines":"50","arr":["50"],"terminus":0,"mode":"bus","color":"#0059a9","colorDark":"#00294f","angle":326.9,"snapDist":4,"label":1}},{"type":"Feature","geometry":{"type":"Point","coordinates":[20.490462,44.763286]},"properties":{"name":"Bulevar Peka Dapčevića","lines":"50","arr":["50"],"terminus":0,"mode":"bus","color":"#0059a9","colorDark":"#00294f","angle":140.8,"snapDist":6,"label":0}},{"type":"Feature","geometry":{"type":"Point","coordinates":[20.517168,44.784709]},"properties":{"name":"Ustanička","lines":"50, 63, 302, 303, 304, 305, 305a, 306, 306a, 306v, 307, 311","arr":["50","63","302","303","304","305","305a","306","306a","306v","307","311"],"terminus":1,"mode":"bus","color":"#0059a9","colorDark":"#00294f","angle":31.8,"snapDist":9,"label":1}},{"type":"Feature","geometry":{"type":"Point","coordinates":[20.443868,44.801287]},"properties":{"name":"Beograd na vodi","lines":"51, 511","arr":["51","511"],"terminus":1,"mode":"bus","color":"#0059a9","colorDark":"#00294f","angle":35.3,"snapDist":11,"label":0}},{"type":"Feature","geometry":{"type":"Point","coordinates":[20.415207,44.758501]},"properties":{"name":"Žarkovo","lines":"51, 56, 531, 531a, 532, 532a, 533","arr":["51","56","531","531a","532","532a","533"],"terminus":0,"mode":"bus","color":"#0059a9","colorDark":"#00294f","angle":269.2,"snapDist":6,"label":0}},{"type":"Feature","geometry":{"type":"Point","coordinates":[20.413668,44.753409]},"properties":{"name":"Braće Vučković","lines":"51, 56, 531, 531a, 532, 532a, 533","arr":["51","56","531","531a","532","532a","533"],"terminus":0,"mode":"bus","color":"#0059a9","colorDark":"#00294f","angle":296.3,"snapDist":9,"label":1}},{"type":"Feature","geometry":{"type":"Point","coordinates":[20.411024,44.749085]},"properties":{"name":"Zdravka Jovanovića","lines":"51, 51N","arr":["51","51N"],"terminus":0,"mode":"bus","color":"#0059a9","colorDark":"#00294f","angle":16.5,"snapDist":5,"label":1}},{"type":"Feature","geometry":{"type":"Point","coordinates":[20.407417,44.750398]},"properties":{"name":"Crveno barjače","lines":"51, 51N","arr":["51","51N"],"terminus":0,"mode":"bus","color":"#0059a9","colorDark":"#00294f","angle":31.2,"snapDist":5,"label":1}},{"type":"Feature","geometry":{"type":"Point","coordinates":[20.405205,44.750592]},"properties":{"name":"Belo vrelo","lines":"51, 51N","arr":["51","51N"],"terminus":0,"mode":"bus","color":"#0059a9","colorDark":"#00294f","angle":302.8,"snapDist":3,"label":1}},{"type":"Feature","geometry":{"type":"Point","coordinates":[20.403729,44.748977]},"properties":{"name":"Bele vode","lines":"51, 51N","arr":["51","51N"],"terminus":1,"mode":"bus","color":"#0059a9","colorDark":"#00294f","angle":303.7,"snapDist":5,"label":1}},{"type":"Feature","geometry":{"type":"Point","coordinates":[20.403474,44.748713]},"properties":{"name":"Bele vode","lines":"51, 51N","arr":["51","51N"],"terminus":1,"mode":"bus","color":"#0059a9","colorDark":"#00294f","angle":123,"snapDist":1,"label":0}},{"type":"Feature","geometry":{"type":"Point","coordinates":[20.405378,44.750783]},"properties":{"name":"Belo vrelo","lines":"51, 51N","arr":["51","51N"],"terminus":0,"mode":"bus","color":"#0059a9","colorDark":"#00294f","angle":123.6,"snapDist":5,"label":0}},{"type":"Feature","geometry":{"type":"Point","coordinates":[20.408221,44.750055]},"properties":{"name":"Crveno barjače","lines":"51, 51N","arr":["51","51N"],"terminus":0,"mode":"bus","color":"#0059a9","colorDark":"#00294f","angle":210.7,"snapDist":7,"label":0}},{"type":"Feature","geometry":{"type":"Point","coordinates":[20.41078,44.749137]},"properties":{"name":"Zdravka Jovanovića","lines":"51, 51N","arr":["51","51N"],"terminus":0,"mode":"bus","color":"#0059a9","colorDark":"#00294f","angle":197.9,"snapDist":9,"label":0}},{"type":"Feature","geometry":{"type":"Point","coordinates":[20.412114,44.749786]},"properties":{"name":"Jablanička","lines":"51, 51N, 56, 531, 531a, 532, 532a, 533","arr":["51","51N","56","531","531a","532","532a","533"],"terminus":0,"mode":"bus","color":"#0059a9","colorDark":"#00294f","angle":99.9,"snapDist":15,"label":1}},{"type":"Feature","geometry":{"type":"Point","coordinates":[20.414626,44.754696]},"properties":{"name":"Braće Vučković","lines":"51, 51N, 56, 531, 531a, 532, 532a, 533","arr":["51","51N","56","531","531a","532","532a","533"],"terminus":0,"mode":"bus","color":"#0059a9","colorDark":"#00294f","angle":114.4,"snapDist":8,"label":0}},{"type":"Feature","geometry":{"type":"Point","coordinates":[20.423053,44.749856]},"properties":{"name":"Šavnička","lines":"51N, 52","arr":["51N","52"],"terminus":0,"mode":"bus","color":"#0059a9","colorDark":"#00294f","angle":324.4,"snapDist":4,"label":1}},{"type":"Feature","geometry":{"type":"Point","coordinates":[20.420474,44.74894]},"properties":{"name":"Ljubice Ivošević","lines":"51N, 52","arr":["51N","52"],"terminus":0,"mode":"bus","color":"#0059a9","colorDark":"#00294f","angle":343.5,"snapDist":4,"label":1}},{"type":"Feature","geometry":{"type":"Point","coordinates":[20.416633,44.748522]},"properties":{"name":"Kosmajska","lines":"51N, 52","arr":["51N","52"],"terminus":0,"mode":"bus","color":"#0059a9","colorDark":"#00294f","angle":357.9,"snapDist":5,"label":1}},{"type":"Feature","geometry":{"type":"Point","coordinates":[20.414338,44.74861]},"properties":{"name":"Bitoljska","lines":"51N, 52","arr":["51N","52"],"terminus":0,"mode":"bus","color":"#0059a9","colorDark":"#00294f","angle":8.3,"snapDist":5,"label":1}},{"type":"Feature","geometry":{"type":"Point","coordinates":[20.451805,44.800933]},"properties":{"name":"Drinska","lines":"51N, 52, 53, 56, 56L","arr":["51N","52","53","56","56L"],"terminus":0,"mode":"bus","color":"#0059a9","colorDark":"#00294f","angle":129.9,"snapDist":6,"label":1}},{"type":"Feature","geometry":{"type":"Point","coordinates":[20.454935,44.803569]},"properties":{"name":"Miloša Pocerca","lines":"51N, 52, 53, 56, 56L","arr":["51N","52","53","56","56L"],"terminus":0,"mode":"bus","color":"#0059a9","colorDark":"#00294f","angle":130.5,"snapDist":8,"label":0}},{"type":"Feature","geometry":{"type":"Point","coordinates":[20.457571,44.813833]},"properties":{"name":"Zeleni venac","lines":"52","arr":["52"],"terminus":1,"mode":"bus","color":"#0059a9","colorDark":"#00294f","angle":188.5,"snapDist":5,"label":1}},{"type":"Feature","geometry":{"type":"Point","coordinates":[20.46219,44.807902]},"properties":{"name":"Vaznesenjska crkva","lines":"52, 53, 56, 56L","arr":["52","53","56","56L"],"terminus":0,"mode":"bus","color":"#0059a9","colorDark":"#00294f","angle":236.9,"snapDist":3,"label":1}},{"type":"Feature","geometry":{"type":"Point","coordinates":[20.412758,44.745073]},"properties":{"name":"Vrtić Plava ptica","lines":"52","arr":["52"],"terminus":0,"mode":"bus","color":"#0059a9","colorDark":"#00294f","angle":271.4,"snapDist":5,"label":1}},{"type":"Feature","geometry":{"type":"Point","coordinates":[20.412345,44.742801]},"properties":{"name":"Vinogradski venac","lines":"52","arr":["52"],"terminus":0,"mode":"bus","color":"#0059a9","colorDark":"#00294f","angle":252.1,"snapDist":2,"label":1}},{"type":"Feature","geometry":{"type":"Point","coordinates":[20.414411,44.741907]},"properties":{"name":"Cerski venac","lines":"52","arr":["52"],"terminus":0,"mode":"bus","color":"#0059a9","colorDark":"#00294f","angle":174.9,"snapDist":2,"label":1}},{"type":"Feature","geometry":{"type":"Point","coordinates":[20.419144,44.743706]},"properties":{"name":"Cerak Vinogradi","lines":"52, 534","arr":["52","534"],"terminus":1,"mode":"bus","color":"#0059a9","colorDark":"#00294f","angle":131.9,"snapDist":8,"label":1}},{"type":"Feature","geometry":{"type":"Point","coordinates":[20.418759,44.743569]},"properties":{"name":"Cerak Vinogradi","lines":"52, 534","arr":["52","534"],"terminus":1,"mode":"bus","color":"#0059a9","colorDark":"#00294f","angle":269.4,"snapDist":3,"label":0}},{"type":"Feature","geometry":{"type":"Point","coordinates":[20.413451,44.742004]},"properties":{"name":"Cerski venac","lines":"52","arr":["52"],"terminus":0,"mode":"bus","color":"#0059a9","colorDark":"#00294f","angle":18.4,"snapDist":6,"label":0}},{"type":"Feature","geometry":{"type":"Point","coordinates":[20.412157,44.743321]},"properties":{"name":"Vinogradski venac","lines":"52","arr":["52"],"terminus":0,"mode":"bus","color":"#0059a9","colorDark":"#00294f","angle":79.8,"snapDist":4,"label":0}},{"type":"Feature","geometry":{"type":"Point","coordinates":[20.413271,44.745933]},"properties":{"name":"Vrtić Plava ptica","lines":"52","arr":["52"],"terminus":0,"mode":"bus","color":"#0059a9","colorDark":"#00294f","angle":132.6,"snapDist":5,"label":0}},{"type":"Feature","geometry":{"type":"Point","coordinates":[20.413613,44.748697]},"properties":{"name":"Bitoljska","lines":"52","arr":["52"],"terminus":0,"mode":"bus","color":"#0059a9","colorDark":"#00294f","angle":189.5,"snapDist":7,"label":0}},{"type":"Feature","geometry":{"type":"Point","coordinates":[20.417609,44.748572]},"properties":{"name":"Kosmajska","lines":"52","arr":["52"],"terminus":0,"mode":"bus","color":"#0059a9","colorDark":"#00294f","angle":175.6,"snapDist":6,"label":0}},{"type":"Feature","geometry":{"type":"Point","coordinates":[20.420329,44.748909]},"properties":{"name":"Ljubice Ivošević","lines":"52","arr":["52"],"terminus":0,"mode":"bus","color":"#0059a9","colorDark":"#00294f","angle":163.5,"snapDist":7,"label":0}},{"type":"Feature","geometry":{"type":"Point","coordinates":[20.423928,44.750365]},"properties":{"name":"Šavnička","lines":"52","arr":["52"],"terminus":0,"mode":"bus","color":"#0059a9","colorDark":"#00294f","angle":136.4,"snapDist":8,"label":0}},{"type":"Feature","geometry":{"type":"Point","coordinates":[20.45638,44.813979]},"properties":{"name":"Zeleni venac","lines":"52, 53, 56, 56L","arr":["52","53","56","56L"],"terminus":1,"mode":"bus","color":"#0059a9","colorDark":"#00294f","angle":189.8,"snapDist":8,"label":0}},{"type":"Feature","geometry":{"type":"Point","coordinates":[20.45733,44.813859]},"properties":{"name":"Zeleni venac","lines":"53","arr":["53"],"terminus":1,"mode":"bus","color":"#0059a9","colorDark":"#00294f","angle":189.1,"snapDist":5,"label":0}},{"type":"Feature","geometry":{"type":"Point","coordinates":[20.448282,44.74819]},"properties":{"name":"Miljakovac 1","lines":"54, 502, 506","arr":["54","502","506"],"terminus":1,"mode":"bus","color":"#0059a9","colorDark":"#00294f","angle":6.5,"snapDist":4,"label":0}},{"type":"Feature","geometry":{"type":"Point","coordinates":[20.434073,44.725615]},"properties":{"name":"Vijadukt","lines":"54","arr":["54"],"terminus":0,"mode":"bus","color":"#0059a9","colorDark":"#00294f","angle":265.3,"snapDist":3,"label":1}},{"type":"Feature","geometry":{"type":"Point","coordinates":[20.432039,44.720033]},"properties":{"name":"Usek","lines":"54","arr":["54"],"terminus":0,"mode":"bus","color":"#0059a9","colorDark":"#00294f","angle":302.5,"snapDist":7,"label":1}},{"type":"Feature","geometry":{"type":"Point","coordinates":[20.423241,44.717757]},"properties":{"name":"Petlovo brdo","lines":"54","arr":["54"],"terminus":0,"mode":"bus","color":"#0059a9","colorDark":"#00294f","angle":24.8,"snapDist":7,"label":1}},{"type":"Feature","geometry":{"type":"Point","coordinates":[20.413774,44.719125]},"properties":{"name":"Kružni put","lines":"54, 521, 521a","arr":["54","521","521a"],"terminus":0,"mode":"bus","color":"#0059a9","colorDark":"#00294f","angle":13.6,"snapDist":11,"label":1}},{"type":"Feature","geometry":{"type":"Point","coordinates":[20.399764,44.722582]},"properties":{"name":"Naselje vinogradi","lines":"54, 521, 521a","arr":["54","521","521a"],"terminus":0,"mode":"bus","color":"#0059a9","colorDark":"#00294f","angle":28.2,"snapDist":6,"label":1}},{"type":"Feature","geometry":{"type":"Point","coordinates":[20.391223,44.725935]},"properties":{"name":"Novo naselje","lines":"54, 521, 521a","arr":["54","521","521a"],"terminus":0,"mode":"bus","color":"#0059a9","colorDark":"#00294f","angle":32.7,"snapDist":4,"label":1}},{"type":"Feature","geometry":{"type":"Point","coordinates":[20.382527,44.728686]},"properties":{"name":"Avalska","lines":"54, 521, 521a","arr":["54","521","521a"],"terminus":0,"mode":"bus","color":"#0059a9","colorDark":"#00294f","angle":358.5,"snapDist":6,"label":1}},{"type":"Feature","geometry":{"type":"Point","coordinates":[20.375508,44.728603]},"properties":{"name":"Železnik /centar/","lines":"54, 58, 88, 511N, 511Na, 511Nb, 521, 521a","arr":["54","58","88","511N","511Na","511Nb","521","521a"],"terminus":0,"mode":"bus","color":"#0059a9","colorDark":"#00294f","angle":7,"snapDist":6,"label":1}},{"type":"Feature","geometry":{"type":"Point","coordinates":[20.37319,44.726997]},"properties":{"name":"Pijaca","lines":"54, 55, 58, 88, 511N, 511Na, 512, 521, 521a","arr":["54","55","58","88","511N","511Na","512","521","521a"],"terminus":0,"mode":"bus","color":"#0059a9","colorDark":"#00294f","angle":345.8,"snapDist":8,"label":1}},{"type":"Feature","geometry":{"type":"Point","coordinates":[20.368029,44.72755]},"properties":{"name":"Ivo Lola Ribar","lines":"54, 58, 88, 511","arr":["54","58","88","511"],"terminus":0,"mode":"bus","color":"#0059a9","colorDark":"#00294f","angle":28.1,"snapDist":5,"label":1}},{"type":"Feature","geometry":{"type":"Point","coordinates":[20.366123,44.730837]},"properties":{"name":"Železnik /Savska/","lines":"54, 511","arr":["54","511"],"terminus":0,"mode":"bus","color":"#0059a9","colorDark":"#00294f","angle":42,"snapDist":9,"label":1}},{"type":"Feature","geometry":{"type":"Point","coordinates":[20.36208,44.733258]},"properties":{"name":"Kongrap","lines":"54, 511","arr":["54","511"],"terminus":0,"mode":"bus","color":"#0059a9","colorDark":"#00294f","angle":81.8,"snapDist":12,"label":1}},{"type":"Feature","geometry":{"type":"Point","coordinates":[20.360279,44.741914]},"properties":{"name":"Put za Železnik","lines":"54, 511","arr":["54","511"],"terminus":0,"mode":"bus","color":"#0059a9","colorDark":"#00294f","angle":68.7,"snapDist":15,"label":1}},{"type":"Feature","geometry":{"type":"Point","coordinates":[20.357916,44.746182]},"properties":{"name":"Seme","lines":"54","arr":["54"],"terminus":0,"mode":"bus","color":"#0059a9","colorDark":"#00294f","angle":68.3,"snapDist":5,"label":1}},{"type":"Feature","geometry":{"type":"Point","coordinates":[20.356428,44.74886]},"properties":{"name":"Bore Stankovića","lines":"54","arr":["54"],"terminus":0,"mode":"bus","color":"#0059a9","colorDark":"#00294f","angle":68.4,"snapDist":6,"label":1}},{"type":"Feature","geometry":{"type":"Point","coordinates":[20.354518,44.752365]},"properties":{"name":"Beogradelektro","lines":"54","arr":["54"],"terminus":0,"mode":"bus","color":"#0059a9","colorDark":"#00294f","angle":69.3,"snapDist":4,"label":1}},{"type":"Feature","geometry":{"type":"Point","coordinates":[20.352346,44.756243]},"properties":{"name":"Jugolek","lines":"54","arr":["54"],"terminus":0,"mode":"bus","color":"#0059a9","colorDark":"#00294f","angle":66.9,"snapDist":4,"label":1}},{"type":"Feature","geometry":{"type":"Point","coordinates":[20.350324,44.761801]},"properties":{"name":"Brodotehnika","lines":"54, 92","arr":["54","92"],"terminus":0,"mode":"bus","color":"#0059a9","colorDark":"#00294f","angle":125.2,"snapDist":4,"label":1}},{"type":"Feature","geometry":{"type":"Point","coordinates":[20.353552,44.764976]},"properties":{"name":"BBP Makiš","lines":"54, 92","arr":["54","92"],"terminus":0,"mode":"bus","color":"#0059a9","colorDark":"#00294f","angle":125.2,"snapDist":4,"label":1}},{"type":"Feature","geometry":{"type":"Point","coordinates":[20.358057,44.768658]},"properties":{"name":"Neoplanta","lines":"54, 92","arr":["54","92"],"terminus":0,"mode":"bus","color":"#0059a9","colorDark":"#00294f","angle":131.6,"snapDist":4,"label":1}},{"type":"Feature","geometry":{"type":"Point","coordinates":[20.362039,44.770464]},"properties":{"name":"MZ Makiš","lines":"54","arr":["54"],"terminus":1,"mode":"bus","color":"#0059a9","colorDark":"#00294f","angle":90.3,"snapDist":10,"label":1}},{"type":"Feature","geometry":{"type":"Point","coordinates":[20.35727,44.768035]},"properties":{"name":"Neoplanta","lines":"54, 92","arr":["54","92"],"terminus":0,"mode":"bus","color":"#0059a9","colorDark":"#00294f","angle":312,"snapDist":6,"label":0}},{"type":"Feature","geometry":{"type":"Point","coordinates":[20.35331,44.764732]},"properties":{"name":"BBP Makiš","lines":"54, 92","arr":["54","92"],"terminus":0,"mode":"bus","color":"#0059a9","colorDark":"#00294f","angle":305.2,"snapDist":5,"label":0}},{"type":"Feature","geometry":{"type":"Point","coordinates":[20.350951,44.762416]},"properties":{"name":"Brodotehnika","lines":"54, 92","arr":["54","92"],"terminus":0,"mode":"bus","color":"#0059a9","colorDark":"#00294f","angle":306.6,"snapDist":5,"label":0}},{"type":"Feature","geometry":{"type":"Point","coordinates":[20.352303,44.756316]},"properties":{"name":"Jugolek","lines":"54","arr":["54"],"terminus":0,"mode":"bus","color":"#0059a9","colorDark":"#00294f","angle":246.9,"snapDist":3,"label":0}},{"type":"Feature","geometry":{"type":"Point","coordinates":[20.35436,44.752646]},"properties":{"name":"Beogradelektro","lines":"54","arr":["54"],"terminus":0,"mode":"bus","color":"#0059a9","colorDark":"#00294f","angle":247.4,"snapDist":5,"label":0}},{"type":"Feature","geometry":{"type":"Point","coordinates":[20.356303,44.749087]},"properties":{"name":"Bore Stankovića","lines":"54","arr":["54"],"terminus":0,"mode":"bus","color":"#0059a9","colorDark":"#00294f","angle":248.5,"snapDist":4,"label":0}},{"type":"Feature","geometry":{"type":"Point","coordinates":[20.357828,44.746338]},"properties":{"name":"Seme","lines":"54","arr":["54"],"terminus":0,"mode":"bus","color":"#0059a9","colorDark":"#00294f","angle":248,"snapDist":3,"label":0}},{"type":"Feature","geometry":{"type":"Point","coordinates":[20.360333,44.741816]},"properties":{"name":"Put za Železnik","lines":"54, 511","arr":["54","511"],"terminus":0,"mode":"bus","color":"#0059a9","colorDark":"#00294f","angle":248.7,"snapDist":9,"label":0}},{"type":"Feature","geometry":{"type":"Point","coordinates":[20.362091,44.733207]},"properties":{"name":"Kongrap","lines":"54, 511","arr":["54","511"],"terminus":0,"mode":"bus","color":"#0059a9","colorDark":"#00294f","angle":261.8,"snapDist":6,"label":0}},{"type":"Feature","geometry":{"type":"Point","coordinates":[20.366499,44.730546]},"properties":{"name":"Železnik /Savska/","lines":"54, 511","arr":["54","511"],"terminus":0,"mode":"bus","color":"#0059a9","colorDark":"#00294f","angle":257.5,"snapDist":7,"label":0}},{"type":"Feature","geometry":{"type":"Point","coordinates":[20.368106,44.727424]},"properties":{"name":"Ivo Lola Ribar","lines":"54, 58, 88","arr":["54","58","88"],"terminus":0,"mode":"bus","color":"#0059a9","colorDark":"#00294f","angle":208.3,"snapDist":6,"label":0}},{"type":"Feature","geometry":{"type":"Point","coordinates":[20.373988,44.727264]},"properties":{"name":"Pijaca","lines":"54, 55, 58, 88, 511N, 511Na, 512, 521, 521a, 522","arr":["54","55","58","88","511N","511Na","512","521","521a","522"],"terminus":0,"mode":"bus","color":"#0059a9","colorDark":"#00294f","angle":143.6,"snapDist":8,"label":0}},{"type":"Feature","geometry":{"type":"Point","coordinates":[20.376396,44.728588]},"properties":{"name":"Železnik /centar/","lines":"54, 58, 88, 511N, 511Na, 511Nb, 521, 521a, 522","arr":["54","58","88","511N","511Na","511Nb","521","521a","522"],"terminus":0,"mode":"bus","color":"#0059a9","colorDark":"#00294f","angle":359.2,"snapDist":4,"label":0}},{"type":"Feature","geometry":{"type":"Point","coordinates":[20.383374,44.728698]},"properties":{"name":"Avalska","lines":"54, 521, 521a, 522","arr":["54","521","521a","522"],"terminus":0,"mode":"bus","color":"#0059a9","colorDark":"#00294f","angle":178.7,"snapDist":3,"label":0}},{"type":"Feature","geometry":{"type":"Point","coordinates":[20.392126,44.725551]},"properties":{"name":"Novo naselje","lines":"54, 521, 521a, 522","arr":["54","521","521a","522"],"terminus":0,"mode":"bus","color":"#0059a9","colorDark":"#00294f","angle":209,"snapDist":7,"label":0}},{"type":"Feature","geometry":{"type":"Point","coordinates":[20.399588,44.722649]},"properties":{"name":"Naselje vinogradi","lines":"54, 521, 521a, 522","arr":["54","521","521a","522"],"terminus":0,"mode":"bus","color":"#0059a9","colorDark":"#00294f","angle":208.2,"snapDist":4,"label":0}},{"type":"Feature","geometry":{"type":"Point","coordinates":[20.415547,44.71892]},"properties":{"name":"Kružni put","lines":"54","arr":["54"],"terminus":0,"mode":"bus","color":"#0059a9","colorDark":"#00294f","angle":186.7,"snapDist":11,"label":0}},{"type":"Feature","geometry":{"type":"Point","coordinates":[20.424544,44.717334]},"properties":{"name":"Petlovo brdo","lines":"54","arr":["54"],"terminus":0,"mode":"bus","color":"#0059a9","colorDark":"#00294f","angle":204.9,"snapDist":6,"label":0}},{"type":"Feature","geometry":{"type":"Point","coordinates":[20.432294,44.720323]},"properties":{"name":"Usek","lines":"54","arr":["54"],"terminus":0,"mode":"bus","color":"#0059a9","colorDark":"#00294f","angle":121.5,"snapDist":5,"label":0}},{"type":"Feature","geometry":{"type":"Point","coordinates":[20.434143,44.725396]},"properties":{"name":"Vijadukt","lines":"54","arr":["54"],"terminus":0,"mode":"bus","color":"#0059a9","colorDark":"#00294f","angle":74.5,"snapDist":5,"label":0}},{"type":"Feature","geometry":{"type":"Point","coordinates":[20.452715,44.750169]},"properties":{"name":"Božidara Stojanovića","lines":"54, 502, 506","arr":["54","502","506"],"terminus":0,"mode":"bus","color":"#0059a9","colorDark":"#00294f","angle":112.7,"snapDist":2,"label":1}},{"type":"Feature","geometry":{"type":"Point","coordinates":[20.450852,44.753249]},"properties":{"name":"OŠ Đura Jakšić","lines":"54, 502","arr":["54","502"],"terminus":0,"mode":"bus","color":"#0059a9","colorDark":"#00294f","angle":110.1,"snapDist":6,"label":1}},{"type":"Feature","geometry":{"type":"Point","coordinates":[20.453923,44.754732]},"properties":{"name":"Kanarevo brdo /Dom zdravlja/","lines":"54, 502","arr":["54","502"],"terminus":0,"mode":"bus","color":"#0059a9","colorDark":"#00294f","angle":168,"snapDist":5,"label":1}},{"type":"Feature","geometry":{"type":"Point","coordinates":[20.503752,44.79272]},"properties":{"name":"Zvezdara","lines":"55","arr":["55"],"terminus":1,"mode":"bus","color":"#0059a9","colorDark":"#00294f","angle":309,"snapDist":4,"label":0}},{"type":"Feature","geometry":{"type":"Point","coordinates":[20.414439,44.786286]},"properties":{"name":"Čukarica","lines":"55, 56, 56L, 87, 89, 91, 92, 511, 511N, 511Na, 511Nb, 551, 553, 860N","arr":["55","56","56L","87","89","91","92","511","511N","511Na","511Nb","551","553","860N"],"terminus":0,"mode":"bus","color":"#0059a9","colorDark":"#00294f","angle":321.6,"snapDist":6,"label":1}},{"type":"Feature","geometry":{"type":"Point","coordinates":[20.412412,44.78364]},"properties":{"name":"Svetolika Lazarevića Laze","lines":"55, 56, 56L, 87, 89, 511N, 511Na, 511Nb","arr":["55","56","56L","87","89","511N","511Na","511Nb"],"terminus":0,"mode":"bus","color":"#0059a9","colorDark":"#00294f","angle":323.9,"snapDist":10,"label":1}},{"type":"Feature","geometry":{"type":"Point","coordinates":[20.409398,44.780521]},"properties":{"name":"Obalskih radnika","lines":"55, 56, 56L, 87, 89, 511N, 511Na, 511Nb","arr":["55","56","56L","87","89","511N","511Na","511Nb"],"terminus":0,"mode":"bus","color":"#0059a9","colorDark":"#00294f","angle":288.5,"snapDist":8,"label":1}},{"type":"Feature","geometry":{"type":"Point","coordinates":[20.407915,44.776581]},"properties":{"name":"MZ Čukarička padina","lines":"55, 56, 87, 89, 511N, 511Na, 511Nb","arr":["55","56","87","89","511N","511Na","511Nb"],"terminus":0,"mode":"bus","color":"#0059a9","colorDark":"#00294f","angle":284.1,"snapDist":6,"label":1}},{"type":"Feature","geometry":{"type":"Point","coordinates":[20.40752,44.769112]},"properties":{"name":"Inos","lines":"55","arr":["55"],"terminus":0,"mode":"bus","color":"#0059a9","colorDark":"#00294f","angle":285.7,"snapDist":6,"label":1}},{"type":"Feature","geometry":{"type":"Point","coordinates":[20.406596,44.766908]},"properties":{"name":"Kontaktor","lines":"55","arr":["55"],"terminus":0,"mode":"bus","color":"#0059a9","colorDark":"#00294f","angle":286.9,"snapDist":3,"label":1}},{"type":"Feature","geometry":{"type":"Point","coordinates":[20.404685,44.762422]},"properties":{"name":"Ateks","lines":"55","arr":["55"],"terminus":0,"mode":"bus","color":"#0059a9","colorDark":"#00294f","angle":285.4,"snapDist":10,"label":1}},{"type":"Feature","geometry":{"type":"Point","coordinates":[20.40375,44.754977]},"properties":{"name":"Bele vode","lines":"55","arr":["55"],"terminus":0,"mode":"bus","color":"#0059a9","colorDark":"#00294f","angle":266.7,"snapDist":4,"label":1}},{"type":"Feature","geometry":{"type":"Point","coordinates":[20.400028,44.749111]},"properties":{"name":"Železnički tunel","lines":"55, 58, 88, 511N, 511Na, 511Nb, 512","arr":["55","58","88","511N","511Na","511Nb","512"],"terminus":0,"mode":"bus","color":"#0059a9","colorDark":"#00294f","angle":308.4,"snapDist":6,"label":1}},{"type":"Feature","geometry":{"type":"Point","coordinates":[20.396044,44.746138]},"properties":{"name":"Rupčine","lines":"55, 58, 88, 511N, 511Na, 511Nb, 512","arr":["55","58","88","511N","511Na","511Nb","512"],"terminus":0,"mode":"bus","color":"#0059a9","colorDark":"#00294f","angle":321.5,"snapDist":5,"label":1}},{"type":"Feature","geometry":{"type":"Point","coordinates":[20.392097,44.743356]},"properties":{"name":"Savska terasa","lines":"55, 58, 88, 511N, 511Na, 511Nb, 512","arr":["55","58","88","511N","511Na","511Nb","512"],"terminus":0,"mode":"bus","color":"#0059a9","colorDark":"#00294f","angle":312.4,"snapDist":6,"label":1}},{"type":"Feature","geometry":{"type":"Point","coordinates":[20.389392,44.740814]},"properties":{"name":"Put za ŽTP","lines":"55, 58, 88, 511N, 511Na, 511Nb, 512","arr":["55","58","88","511N","511Na","511Nb","512"],"terminus":0,"mode":"bus","color":"#0059a9","colorDark":"#00294f","angle":314.9,"snapDist":11,"label":1}},{"type":"Feature","geometry":{"type":"Point","coordinates":[20.385669,44.73788]},"properties":{"name":"Ranžirna stanica","lines":"55, 58, 88, 511N, 511Na, 511Nb, 512","arr":["55","58","88","511N","511Na","511Nb","512"],"terminus":0,"mode":"bus","color":"#0059a9","colorDark":"#00294f","angle":314.5,"snapDist":4,"label":1}},{"type":"Feature","geometry":{"type":"Point","coordinates":[20.380275,44.735335]},"properties":{"name":"Železnik /ulaz/","lines":"55, 58, 88, 511N, 511Na, 511Nb, 512","arr":["55","58","88","511N","511Na","511Nb","512"],"terminus":0,"mode":"bus","color":"#0059a9","colorDark":"#00294f","angle":335,"snapDist":1,"label":1}},{"type":"Feature","geometry":{"type":"Point","coordinates":[20.376681,44.733951]},"properties":{"name":"Zlatanovići","lines":"55, 511N, 511Na, 511Nb, 512","arr":["55","511N","511Na","511Nb","512"],"terminus":0,"mode":"bus","color":"#0059a9","colorDark":"#00294f","angle":318.5,"snapDist":6,"label":1}},{"type":"Feature","geometry":{"type":"Point","coordinates":[20.374767,44.729437]},"properties":{"name":"Radnih akcija","lines":"55, 511N, 511Na, 511Nb, 512","arr":["55","511N","511Na","511Nb","512"],"terminus":0,"mode":"bus","color":"#0059a9","colorDark":"#00294f","angle":269.5,"snapDist":8,"label":1}},{"type":"Feature","geometry":{"type":"Point","coordinates":[20.370687,44.725915]},"properties":{"name":"Milorada Ćirića","lines":"55","arr":["55"],"terminus":0,"mode":"bus","color":"#0059a9","colorDark":"#00294f","angle":219.8,"snapDist":6,"label":1}},{"type":"Feature","geometry":{"type":"Point","coordinates":[20.372962,44.724226]},"properties":{"name":"MZ Železnik","lines":"55","arr":["55"],"terminus":0,"mode":"bus","color":"#0059a9","colorDark":"#00294f","angle":204.9,"snapDist":6,"label":1}},{"type":"Feature","geometry":{"type":"Point","coordinates":[20.376611,44.722226]},"properties":{"name":"Crkva","lines":"55","arr":["55"],"terminus":0,"mode":"bus","color":"#0059a9","colorDark":"#00294f","angle":223.6,"snapDist":6,"label":1}},{"type":"Feature","geometry":{"type":"Point","coordinates":[20.379425,44.719741]},"properties":{"name":"Gradine","lines":"55","arr":["55"],"terminus":0,"mode":"bus","color":"#0059a9","colorDark":"#00294f","angle":234.4,"snapDist":4,"label":1}},{"type":"Feature","geometry":{"type":"Point","coordinates":[20.381232,44.718652]},"properties":{"name":"Trafostanica","lines":"55","arr":["55"],"terminus":0,"mode":"bus","color":"#0059a9","colorDark":"#00294f","angle":138.6,"snapDist":4,"label":1}},{"type":"Feature","geometry":{"type":"Point","coordinates":[20.382804,44.72068]},"properties":{"name":"Stari Železnik","lines":"55","arr":["55"],"terminus":1,"mode":"bus","color":"#0059a9","colorDark":"#00294f","angle":22.2,"snapDist":7,"label":1}},{"type":"Feature","geometry":{"type":"Point","coordinates":[20.380658,44.718651]},"properties":{"name":"Trafostanica","lines":"55","arr":["55"],"terminus":0,"mode":"bus","color":"#0059a9","colorDark":"#00294f","angle":51.3,"snapDist":6,"label":0}},{"type":"Feature","geometry":{"type":"Point","coordinates":[20.379093,44.720059]},"properties":{"name":"Gradine","lines":"55","arr":["55"],"terminus":0,"mode":"bus","color":"#0059a9","colorDark":"#00294f","angle":45.8,"snapDist":8,"label":0}},{"type":"Feature","geometry":{"type":"Point","coordinates":[20.375566,44.722852]},"properties":{"name":"Crkva","lines":"55","arr":["55"],"terminus":0,"mode":"bus","color":"#0059a9","colorDark":"#00294f","angle":33.2,"snapDist":7,"label":0}},{"type":"Feature","geometry":{"type":"Point","coordinates":[20.372952,44.724229]},"properties":{"name":"MZ Železnik","lines":"55","arr":["55"],"terminus":0,"mode":"bus","color":"#0059a9","colorDark":"#00294f","angle":24.9,"snapDist":4,"label":0}},{"type":"Feature","geometry":{"type":"Point","coordinates":[20.369398,44.726851]},"properties":{"name":"Svete Milutinovića","lines":"55, 511N, 511Na, 512, 521, 521a, 522","arr":["55","511N","511Na","512","521","521a","522"],"terminus":0,"mode":"bus","color":"#0059a9","colorDark":"#00294f","angle":59.7,"snapDist":6,"label":1}},{"type":"Feature","geometry":{"type":"Point","coordinates":[20.37473,44.730938]},"properties":{"name":"Radnih akcija","lines":"55, 511N, 511Na, 511Nb, 512","arr":["55","511N","511Na","511Nb","512"],"terminus":0,"mode":"bus","color":"#0059a9","colorDark":"#00294f","angle":89,"snapDist":7,"label":0}},{"type":"Feature","geometry":{"type":"Point","coordinates":[20.376677,44.733949]},"properties":{"name":"Zlatanovići","lines":"55, 511N, 511Na, 511Nb, 512","arr":["55","511N","511Na","511Nb","512"],"terminus":0,"mode":"bus","color":"#0059a9","colorDark":"#00294f","angle":138.5,"snapDist":7,"label":0}},{"type":"Feature","geometry":{"type":"Point","coordinates":[20.381072,44.735596]},"properties":{"name":"Železnik /ulaz/","lines":"55, 58, 88, 511N, 511Na, 511Nb, 512","arr":["55","58","88","511N","511Na","511Nb","512"],"terminus":0,"mode":"bus","color":"#0059a9","colorDark":"#00294f","angle":155.4,"snapDist":7,"label":0}},{"type":"Feature","geometry":{"type":"Point","coordinates":[20.385253,44.73758]},"properties":{"name":"Ranžirna stanica","lines":"55, 58, 88, 511N, 511Na, 511Nb, 512","arr":["55","58","88","511N","511Na","511Nb","512"],"terminus":0,"mode":"bus","color":"#0059a9","colorDark":"#00294f","angle":134.5,"snapDist":5,"label":0}},{"type":"Feature","geometry":{"type":"Point","coordinates":[20.390772,44.741899]},"properties":{"name":"Put za ŽTP","lines":"55, 58, 88, 511N, 511Na, 511Nb, 512","arr":["55","58","88","511N","511Na","511Nb","512"],"terminus":0,"mode":"bus","color":"#0059a9","colorDark":"#00294f","angle":120.8,"snapDist":10,"label":0}},{"type":"Feature","geometry":{"type":"Point","coordinates":[20.393308,44.74428]},"properties":{"name":"Savska terasa","lines":"55, 58, 88, 511N, 511Na, 511Nb, 512","arr":["55","58","88","511N","511Na","511Nb","512"],"terminus":0,"mode":"bus","color":"#0059a9","colorDark":"#00294f","angle":131.6,"snapDist":8,"label":0}},{"type":"Feature","geometry":{"type":"Point","coordinates":[20.397029,44.746722]},"properties":{"name":"Rupčine","lines":"55, 58, 88, 511N, 511Na, 511Nb, 512","arr":["55","58","88","511N","511Na","511Nb","512"],"terminus":0,"mode":"bus","color":"#0059a9","colorDark":"#00294f","angle":138.4,"snapDist":8,"label":0}},{"type":"Feature","geometry":{"type":"Point","coordinates":[20.400473,44.749535]},"properties":{"name":"Železnički tunel","lines":"55, 58, 88, 511N, 511Na, 511Nb, 512","arr":["55","58","88","511N","511Na","511Nb","512"],"terminus":0,"mode":"bus","color":"#0059a9","colorDark":"#00294f","angle":126.9,"snapDist":3,"label":0}},{"type":"Feature","geometry":{"type":"Point","coordinates":[20.403718,44.75536]},"properties":{"name":"Bele vode","lines":"55","arr":["55"],"terminus":0,"mode":"bus","color":"#0059a9","colorDark":"#00294f","angle":86.7,"snapDist":6,"label":0}},{"type":"Feature","geometry":{"type":"Point","coordinates":[20.405276,44.763802]},"properties":{"name":"Ateks","lines":"55","arr":["55"],"terminus":0,"mode":"bus","color":"#0059a9","colorDark":"#00294f","angle":106,"snapDist":4,"label":0}},{"type":"Feature","geometry":{"type":"Point","coordinates":[20.406446,44.76655]},"properties":{"name":"Kontaktor","lines":"55","arr":["55"],"terminus":0,"mode":"bus","color":"#0059a9","colorDark":"#00294f","angle":106.2,"snapDist":8,"label":0}},{"type":"Feature","geometry":{"type":"Point","coordinates":[20.40783,44.769896]},"properties":{"name":"Inos","lines":"55","arr":["55"],"terminus":0,"mode":"bus","color":"#0059a9","colorDark":"#00294f","angle":105.7,"snapDist":5,"label":0}},{"type":"Feature","geometry":{"type":"Point","coordinates":[20.408191,44.777376]},"properties":{"name":"MZ Čukarička padina","lines":"55, 56, 56L, 87A, 89, 511N, 511Na, 511Nb","arr":["55","56","56L","87A","89","511N","511Na","511Nb"],"terminus":0,"mode":"bus","color":"#0059a9","colorDark":"#00294f","angle":102.8,"snapDist":8,"label":0}},{"type":"Feature","geometry":{"type":"Point","coordinates":[20.409747,44.781284]},"properties":{"name":"Obalskih radnika","lines":"55, 56, 56L, 87A, 89, 511N, 511Na, 511Nb","arr":["55","56","56L","87A","89","511N","511Na","511Nb"],"terminus":0,"mode":"bus","color":"#0059a9","colorDark":"#00294f","angle":107.2,"snapDist":6,"label":0}},{"type":"Feature","geometry":{"type":"Point","coordinates":[20.412581,44.78429]},"properties":{"name":"Svetolika Lazarevića Laze","lines":"55, 56, 56L, 87A, 89, 511N, 511Na, 511Nb","arr":["55","56","56L","87A","89","511N","511Na","511Nb"],"terminus":0,"mode":"bus","color":"#0059a9","colorDark":"#00294f","angle":37.7,"snapDist":6,"label":0}},{"type":"Feature","geometry":{"type":"Point","coordinates":[20.415024,44.78647]},"properties":{"name":"Čukarica","lines":"55, 56, 56L, 87A, 89, 91, 91a, 92, 511, 551, 553, 860N","arr":["55","56","56L","87A","89","91","91a","92","511","551","553","860N"],"terminus":0,"mode":"bus","color":"#0059a9","colorDark":"#00294f","angle":139.7,"snapDist":6,"label":0}},{"type":"Feature","geometry":{"type":"Point","coordinates":[20.456643,44.813946]},"properties":{"name":"Zeleni venac","lines":"56, 56L","arr":["56","56L"],"terminus":1,"mode":"bus","color":"#0059a9","colorDark":"#00294f","angle":190.3,"snapDist":8,"label":0}},{"type":"Feature","geometry":{"type":"Point","coordinates":[20.426646,44.792316]},"properties":{"name":"Petlja Radnička","lines":"56, 511N, 511Na, 511Nb, E2","arr":["56","511N","511Na","511Nb","E2"],"terminus":0,"mode":"bus","color":"#0059a9","colorDark":"#00294f","angle":332.5,"snapDist":15,"label":0}},{"type":"Feature","geometry":{"type":"Point","coordinates":[20.410756,44.77028]},"properties":{"name":"Valjevska","lines":"56, 87, 89, 511N, 511Na, 511Nb","arr":["56","87","89","511N","511Na","511Nb"],"terminus":0,"mode":"bus","color":"#0059a9","colorDark":"#00294f","angle":243,"snapDist":3,"label":1}},{"type":"Feature","geometry":{"type":"Point","coordinates":[20.412847,44.765434]},"properties":{"name":"Vodovodska","lines":"56, 87, 89, 511N, 511Na, 511Nb","arr":["56","87","89","511N","511Na","511Nb"],"terminus":0,"mode":"bus","color":"#0059a9","colorDark":"#00294f","angle":252.9,"snapDist":5,"label":1}},{"type":"Feature","geometry":{"type":"Point","coordinates":[20.411935,44.747981]},"properties":{"name":"Jablanička","lines":"56, 531, 531a, 532, 532a, 533","arr":["56","531","531a","532","532a","533"],"terminus":0,"mode":"bus","color":"#0059a9","colorDark":"#00294f","angle":271.6,"snapDist":10,"label":0}},{"type":"Feature","geometry":{"type":"Point","coordinates":[20.419691,44.733588]},"properties":{"name":"Kneževac","lines":"56, 531, 531a, 532, 532a, 533","arr":["56","531","531a","532","532a","533"],"terminus":0,"mode":"bus","color":"#0059a9","colorDark":"#00294f","angle":264.2,"snapDist":13,"label":1}},{"type":"Feature","geometry":{"type":"Point","coordinates":[20.422205,44.730492]},"properties":{"name":"Labudovo brdo","lines":"56, 56N, 59, 502, E2","arr":["56","56N","59","502","E2"],"terminus":0,"mode":"bus","color":"#0059a9","colorDark":"#00294f","angle":170.8,"snapDist":2,"label":1}},{"type":"Feature","geometry":{"type":"Point","coordinates":[20.426082,44.727204]},"properties":{"name":"Serdar Janka Vukotića","lines":"56, 56N, 59, 502, E2","arr":["56","56N","59","502","E2"],"terminus":0,"mode":"bus","color":"#0059a9","colorDark":"#00294f","angle":243.9,"snapDist":5,"label":1}},{"type":"Feature","geometry":{"type":"Point","coordinates":[20.425905,44.726158]},"properties":{"name":"Jedanaeste krajiške divizije","lines":"56, 56N, 59, 501, E2","arr":["56","56N","59","501","E2"],"terminus":0,"mode":"bus","color":"#0059a9","colorDark":"#00294f","angle":354.5,"snapDist":5,"label":1}},{"type":"Feature","geometry":{"type":"Point","coordinates":[20.422366,44.724658]},"properties":{"name":"Generala Zgonjanina","lines":"56, 56N, 59, 501, E2","arr":["56","56N","59","501","E2"],"terminus":0,"mode":"bus","color":"#0059a9","colorDark":"#00294f","angle":322.4,"snapDist":3,"label":1}},{"type":"Feature","geometry":{"type":"Point","coordinates":[20.421241,44.721521]},"properties":{"name":"Milorada Draškovića","lines":"56, 56N, 59, 501, E2","arr":["56","56N","59","501","E2"],"terminus":0,"mode":"bus","color":"#0059a9","colorDark":"#00294f","angle":-92.4,"snapDist":4,"label":1}},{"type":"Feature","geometry":{"type":"Point","coordinates":[20.425493,44.720132]},"properties":{"name":"Rasinska","lines":"56, 56N, 59, 501, E2","arr":["56","56N","59","501","E2"],"terminus":0,"mode":"bus","color":"#0059a9","colorDark":"#00294f","angle":17.9,"snapDist":4,"label":0}},{"type":"Feature","geometry":{"type":"Point","coordinates":[20.42503,44.720246]},"properties":{"name":"Rasinska","lines":"56, 56N, 59, 501, E2","arr":["56","56N","59","501","E2"],"terminus":0,"mode":"bus","color":"#0059a9","colorDark":"#00294f","angle":19.3,"snapDist":7,"label":0}},{"type":"Feature","geometry":{"type":"Point","coordinates":[20.421207,44.722012]},"properties":{"name":"Milorada Draškovića","lines":"56, 56N, 59, 501, E2","arr":["56","56N","59","501","E2"],"terminus":0,"mode":"bus","color":"#0059a9","colorDark":"#00294f","angle":84.9,"snapDist":5,"label":0}},{"type":"Feature","geometry":{"type":"Point","coordinates":[20.423253,44.725157]},"properties":{"name":"Generala Zgonjanina","lines":"56, 56N, 59, 501, E2","arr":["56","56N","59","501","E2"],"terminus":0,"mode":"bus","color":"#0059a9","colorDark":"#00294f","angle":141.3,"snapDist":6,"label":0}},{"type":"Feature","geometry":{"type":"Point","coordinates":[20.426351,44.726172]},"properties":{"name":"Jedanaeste krajiške divizije","lines":"56, 56N, 59, 501, E2","arr":["56","56N","59","501","E2"],"terminus":0,"mode":"bus","color":"#0059a9","colorDark":"#00294f","angle":179.1,"snapDist":7,"label":0}},{"type":"Feature","geometry":{"type":"Point","coordinates":[20.425762,44.727944]},"properties":{"name":"Serdar Janka Vukotića","lines":"56, 56N, 59, 502, E2","arr":["56","56N","59","502","E2"],"terminus":0,"mode":"bus","color":"#0059a9","colorDark":"#00294f","angle":68.1,"snapDist":5,"label":0}},{"type":"Feature","geometry":{"type":"Point","coordinates":[20.421621,44.730554]},"properties":{"name":"Labudovo brdo","lines":"56, 56N, 59, 502, E2","arr":["56","56N","59","502","E2"],"terminus":0,"mode":"bus","color":"#0059a9","colorDark":"#00294f","angle":358.7,"snapDist":6,"label":0}},{"type":"Feature","geometry":{"type":"Point","coordinates":[20.419251,44.735208]},"properties":{"name":"Kneževac","lines":"56, 531, 531a, 532, 532a, 533","arr":["56","531","531a","532","532a","533"],"terminus":0,"mode":"bus","color":"#0059a9","colorDark":"#00294f","angle":74.9,"snapDist":9,"label":0}},{"type":"Feature","geometry":{"type":"Point","coordinates":[20.41294,44.76558]},"properties":{"name":"Vodovodska","lines":"56, 87A, 89, 511N, 511Na, 511Nb","arr":["56","87A","89","511N","511Na","511Nb"],"terminus":0,"mode":"bus","color":"#0059a9","colorDark":"#00294f","angle":71.6,"snapDist":5,"label":0}},{"type":"Feature","geometry":{"type":"Point","coordinates":[20.410077,44.771185]},"properties":{"name":"Valjevska","lines":"56, 87A, 89, 511N, 511Na, 511Nb","arr":["56","87A","89","511N","511Na","511Nb"],"terminus":0,"mode":"bus","color":"#0059a9","colorDark":"#00294f","angle":54.8,"snapDist":6,"label":0}},{"type":"Feature","geometry":{"type":"Point","coordinates":[20.407211,44.777107]},"properties":{"name":"Strugarska","lines":"56L, 87, 87A","arr":["56L","87","87A"],"terminus":0,"mode":"bus","color":"#0059a9","colorDark":"#00294f","angle":10.1,"snapDist":5,"label":1}},{"type":"Feature","geometry":{"type":"Point","coordinates":[20.404775,44.777971]},"properties":{"name":"Čukarička padina","lines":"56L, 87, 87A","arr":["56L","87","87A"],"terminus":1,"mode":"bus","color":"#0059a9","colorDark":"#00294f","angle":316.4,"snapDist":6,"label":1}},{"type":"Feature","geometry":{"type":"Point","coordinates":[20.405397,44.776352]},"properties":{"name":"Stevana Đurđevića","lines":"56L, 87, 87A","arr":["56L","87","87A"],"terminus":0,"mode":"bus","color":"#0059a9","colorDark":"#00294f","angle":226.5,"snapDist":5,"label":1}},{"type":"Feature","geometry":{"type":"Point","coordinates":[20.417528,44.72352]},"properties":{"name":"Naselje Petlovo brdo","lines":"56N, 502, 521, 521a, 531, 531a, 532, 532a, 533, 534","arr":["56N","502","521","521a","531","531a","532","532a","533","534"],"terminus":0,"mode":"bus","color":"#0059a9","colorDark":"#00294f","angle":288.2,"snapDist":1,"label":1}},{"type":"Feature","geometry":{"type":"Point","coordinates":[20.428655,44.682225]},"properties":{"name":"Novo naselje /Rušanj/","lines":"56N, 531, 531a, 532, 532a","arr":["56N","531","531a","532","532a"],"terminus":0,"mode":"bus","color":"#0059a9","colorDark":"#00294f","angle":248.5,"snapDist":4,"label":1}},{"type":"Feature","geometry":{"type":"Point","coordinates":[20.431686,44.679508]},"properties":{"name":"Ilije Milićevića","lines":"56N, 507, 531, 531a, 532, 532a","arr":["56N","507","531","531a","532","532a"],"terminus":0,"mode":"bus","color":"#0059a9","colorDark":"#00294f","angle":146.7,"snapDist":7,"label":1}},{"type":"Feature","geometry":{"type":"Point","coordinates":[20.436287,44.682844]},"properties":{"name":"Oslobođenja","lines":"56N, 507, 531, 531a, 532, 532a","arr":["56N","507","531","531a","532","532a"],"terminus":0,"mode":"bus","color":"#0059a9","colorDark":"#00294f","angle":173.6,"snapDist":7,"label":1}},{"type":"Feature","geometry":{"type":"Point","coordinates":[20.439404,44.682336]},"properties":{"name":"MZ Rušanj","lines":"56N, 531, 531a","arr":["56N","531","531a"],"terminus":0,"mode":"bus","color":"#0059a9","colorDark":"#00294f","angle":195.9,"snapDist":6,"label":1}},{"type":"Feature","geometry":{"type":"Point","coordinates":[20.4458,44.681278]},"properties":{"name":"Like Ružića","lines":"56N, 531, 531a","arr":["56N","531","531a"],"terminus":0,"mode":"bus","color":"#0059a9","colorDark":"#00294f","angle":161.9,"snapDist":5,"label":1}},{"type":"Feature","geometry":{"type":"Point","coordinates":[20.45151,44.682821]},"properties":{"name":"13. Septembar","lines":"56N, 531, 531a","arr":["56N","531","531a"],"terminus":1,"mode":"bus","color":"#0059a9","colorDark":"#00294f","angle":192.1,"snapDist":1,"label":1}},{"type":"Feature","geometry":{"type":"Point","coordinates":[20.445378,44.681179]},"properties":{"name":"Like Ružića","lines":"56N, 531, 531a","arr":["56N","531","531a"],"terminus":0,"mode":"bus","color":"#0059a9","colorDark":"#00294f","angle":341.8,"snapDist":2,"label":0}},{"type":"Feature","geometry":{"type":"Point","coordinates":[20.439322,44.682353]},"properties":{"name":"MZ Rušanj","lines":"56N, 531, 531a","arr":["56N","531","531a"],"terminus":0,"mode":"bus","color":"#0059a9","colorDark":"#00294f","angle":15.9,"snapDist":3,"label":0}},{"type":"Feature","geometry":{"type":"Point","coordinates":[20.435642,44.682668]},"properties":{"name":"Oslobođenja","lines":"56N, 507, 531, 531a, 532, 532a","arr":["56N","507","531","531a","532","532a"],"terminus":0,"mode":"bus","color":"#0059a9","colorDark":"#00294f","angle":329.3,"snapDist":2,"label":0}},{"type":"Feature","geometry":{"type":"Point","coordinates":[20.431695,44.679513]},"properties":{"name":"Ilije Milićevića","lines":"56N, 507, 531, 531a, 532, 532a","arr":["56N","507","531","531a","532","532a"],"terminus":0,"mode":"bus","color":"#0059a9","colorDark":"#00294f","angle":326.7,"snapDist":4,"label":0}},{"type":"Feature","geometry":{"type":"Point","coordinates":[20.428691,44.68216]},"properties":{"name":"Novo naselje /Rušanj/","lines":"56N, 531, 531a, 532, 532a, 534","arr":["56N","531","531a","532","532a","534"],"terminus":0,"mode":"bus","color":"#0059a9","colorDark":"#00294f","angle":68.5,"snapDist":5,"label":0}},{"type":"Feature","geometry":{"type":"Point","coordinates":[20.418181,44.724252]},"properties":{"name":"Naselje Petlovo brdo","lines":"56N, 502, 521, 521a, 531, 531a, 532, 532a, 533, 534","arr":["56N","502","521","521a","531","531a","532","532a","533","534"],"terminus":0,"mode":"bus","color":"#0059a9","colorDark":"#00294f","angle":110.5,"snapDist":8,"label":0}},{"type":"Feature","geometry":{"type":"Point","coordinates":[20.421567,44.783138]},"properties":{"name":"Šumarski fakultet","lines":"57","arr":["57"],"terminus":0,"mode":"bus","color":"#0059a9","colorDark":"#00294f","angle":154.8,"snapDist":6,"label":0}},{"type":"Feature","geometry":{"type":"Point","coordinates":[20.422162,44.776382]},"properties":{"name":"Naselje Golf","lines":"57","arr":["57"],"terminus":0,"mode":"bus","color":"#0059a9","colorDark":"#00294f","angle":2.4,"snapDist":3,"label":1}},{"type":"Feature","geometry":{"type":"Point","coordinates":[20.419055,44.773994]},"properties":{"name":"Petra Martinovića","lines":"57","arr":["57"],"terminus":0,"mode":"bus","color":"#0059a9","colorDark":"#00294f","angle":252.3,"snapDist":2,"label":1}},{"type":"Feature","geometry":{"type":"Point","coordinates":[20.421049,44.770897]},"properties":{"name":"Žarkovačka","lines":"57","arr":["57"],"terminus":0,"mode":"bus","color":"#0059a9","colorDark":"#00294f","angle":246,"snapDist":5,"label":1}},{"type":"Feature","geometry":{"type":"Point","coordinates":[20.42045,44.769165]},"properties":{"name":"Kraljice Katarine","lines":"57","arr":["57"],"terminus":0,"mode":"bus","color":"#0059a9","colorDark":"#00294f","angle":275.9,"snapDist":4,"label":1}},{"type":"Feature","geometry":{"type":"Point","coordinates":[20.432266,44.750218]},"properties":{"name":"Ilije Stojadinovića","lines":"57","arr":["57"],"terminus":0,"mode":"bus","color":"#0059a9","colorDark":"#00294f","angle":54,"snapDist":7,"label":1}},{"type":"Feature","geometry":{"type":"Point","coordinates":[20.429817,44.755016]},"properties":{"name":"Miloja Zakića","lines":"57","arr":["57"],"terminus":0,"mode":"bus","color":"#0059a9","colorDark":"#00294f","angle":81.7,"snapDist":5,"label":1}},{"type":"Feature","geometry":{"type":"Point","coordinates":[20.426945,44.75867]},"properties":{"name":"Dimitrija Avramovića","lines":"57","arr":["57"],"terminus":0,"mode":"bus","color":"#0059a9","colorDark":"#00294f","angle":59.9,"snapDist":6,"label":1}},{"type":"Feature","geometry":{"type":"Point","coordinates":[20.42339,44.757489]},"properties":{"name":"Vrtić Košuta","lines":"57","arr":["57"],"terminus":0,"mode":"bus","color":"#0059a9","colorDark":"#00294f","angle":320.7,"snapDist":3,"label":1}},{"type":"Feature","geometry":{"type":"Point","coordinates":[20.416484,44.764391]},"properties":{"name":"Krajiške brigade","lines":"57","arr":["57"],"terminus":0,"mode":"bus","color":"#0059a9","colorDark":"#00294f","angle":26.9,"snapDist":6,"label":1}},{"type":"Feature","geometry":{"type":"Point","coordinates":[20.410854,44.763071]},"properties":{"name":"Julino brdo","lines":"58, 88, 511N, 511Na, 511Nb, 512","arr":["58","88","511N","511Na","511Nb","512"],"terminus":0,"mode":"bus","color":"#0059a9","colorDark":"#00294f","angle":313,"snapDist":6,"label":1}},{"type":"Feature","geometry":{"type":"Point","coordinates":[20.406964,44.759929]},"properties":{"name":"Ilije Đuričića","lines":"58, 88, 511N, 511Na, 511Nb, 512","arr":["58","88","511N","511Na","511Nb","512"],"terminus":0,"mode":"bus","color":"#0059a9","colorDark":"#00294f","angle":305.2,"snapDist":4,"label":1}},{"type":"Feature","geometry":{"type":"Point","coordinates":[20.404434,44.755589]},"properties":{"name":"Bele vode","lines":"58, 88, 511N, 511Na, 511Nb, 512","arr":["58","88","511N","511Na","511Nb","512"],"terminus":0,"mode":"bus","color":"#0059a9","colorDark":"#00294f","angle":290.2,"snapDist":5,"label":0}},{"type":"Feature","geometry":{"type":"Point","coordinates":[20.376456,44.734268]},"properties":{"name":"Železnik (Zlatanovići)","lines":"58, 88","arr":["58","88"],"terminus":0,"mode":"bus","color":"#0059a9","colorDark":"#00294f","angle":349.7,"snapDist":5,"label":1}},{"type":"Feature","geometry":{"type":"Point","coordinates":[20.369921,44.732043]},"properties":{"name":"Braće Mitrović","lines":"58, 88","arr":["58","88"],"terminus":0,"mode":"bus","color":"#0059a9","colorDark":"#00294f","angle":325.4,"snapDist":2,"label":1}},{"type":"Feature","geometry":{"type":"Point","coordinates":[20.382877,44.729808]},"properties":{"name":"MZ Novi Železnik","lines":"58, 88, 511N, 511Na, 511Nb, 522","arr":["58","88","511N","511Na","511Nb","522"],"terminus":0,"mode":"bus","color":"#0059a9","colorDark":"#00294f","angle":83.4,"snapDist":6,"label":1}},{"type":"Feature","geometry":{"type":"Point","coordinates":[20.380272,44.731874]},"properties":{"name":"Novi Železnik","lines":"58, 88, 511N, 511Na, 511Nb, 522","arr":["58","88","511N","511Na","511Nb","522"],"terminus":1,"mode":"bus","color":"#0059a9","colorDark":"#00294f","angle":21.5,"snapDist":9,"label":1}},{"type":"Feature","geometry":{"type":"Point","coordinates":[20.379719,44.732021]},"properties":{"name":"Novi Železnik","lines":"58, 88, 511N, 511Na, 511Nb, 522","arr":["58","88","511N","511Na","511Nb","522"],"terminus":1,"mode":"bus","color":"#0059a9","colorDark":"#00294f","angle":18.9,"snapDist":9,"label":0}},{"type":"Feature","geometry":{"type":"Point","coordinates":[20.382916,44.729229]},"properties":{"name":"MZ Novi Železnik","lines":"58, 88, 511N, 511Na, 511Nb, 522","arr":["58","88","511N","511Na","511Nb","522"],"terminus":0,"mode":"bus","color":"#0059a9","colorDark":"#00294f","angle":268.6,"snapDist":2,"label":0}},{"type":"Feature","geometry":{"type":"Point","coordinates":[20.370758,44.732409]},"properties":{"name":"Braće Mitrović","lines":"58, 88","arr":["58","88"],"terminus":0,"mode":"bus","color":"#0059a9","colorDark":"#00294f","angle":149.9,"snapDist":5,"label":0}},{"type":"Feature","geometry":{"type":"Point","coordinates":[20.37623,44.734239]},"properties":{"name":"Železnik (Zlatanovići)","lines":"58, 88","arr":["58","88"],"terminus":0,"mode":"bus","color":"#0059a9","colorDark":"#00294f","angle":169.7,"snapDist":1,"label":0}},{"type":"Feature","geometry":{"type":"Point","coordinates":[20.4043,44.755336]},"properties":{"name":"Bele vode","lines":"58, 88, 511N, 511Na, 511Nb, 512","arr":["58","88","511N","511Na","511Nb","512"],"terminus":0,"mode":"bus","color":"#0059a9","colorDark":"#00294f","angle":110.6,"snapDist":4,"label":0}},{"type":"Feature","geometry":{"type":"Point","coordinates":[20.406751,44.759715]},"properties":{"name":"Ilije Đuričića","lines":"58, 88, 511N, 511Na, 511Nb, 512","arr":["58","88","511N","511Na","511Nb","512"],"terminus":0,"mode":"bus","color":"#0059a9","colorDark":"#00294f","angle":125.6,"snapDist":4,"label":0}},{"type":"Feature","geometry":{"type":"Point","coordinates":[20.411432,44.763524]},"properties":{"name":"Julino brdo","lines":"58, 88, 511N, 511Na, 511Nb, 512","arr":["58","88","511N","511Na","511Nb","512"],"terminus":0,"mode":"bus","color":"#0059a9","colorDark":"#00294f","angle":132.1,"snapDist":5,"label":0}},{"type":"Feature","geometry":{"type":"Point","coordinates":[20.476801,44.817592]},"properties":{"name":"Cvijićeva","lines":"58","arr":["58"],"terminus":0,"mode":"bus","color":"#0059a9","colorDark":"#00294f","angle":87.2,"snapDist":4,"label":0}},{"type":"Feature","geometry":{"type":"Point","coordinates":[20.455619,44.814081]},"properties":{"name":"Zeleni venac","lines":"60, 60L, 71, 72, 75","arr":["60","60L","71","72","75"],"terminus":1,"mode":"bus","color":"#0059a9","colorDark":"#00294f","angle":9.9,"snapDist":6,"label":0}},{"type":"Feature","geometry":{"type":"Point","coordinates":[20.44159,44.81211]},"properties":{"name":"Staro sajmište","lines":"60, 60L","arr":["60","60L"],"terminus":0,"mode":"bus","color":"#0059a9","colorDark":"#00294f","angle":272.7,"snapDist":3,"label":0}},{"type":"Feature","geometry":{"type":"Point","coordinates":[20.443433,44.809314]},"properties":{"name":"Slavka Šlandera","lines":"60, 60L","arr":["60","60L"],"terminus":0,"mode":"bus","color":"#0059a9","colorDark":"#00294f","angle":294.6,"snapDist":6,"label":1}},{"type":"Feature","geometry":{"type":"Point","coordinates":[20.439577,44.805318]},"properties":{"name":"Most Gazela","lines":"60, 60L","arr":["60","60L"],"terminus":0,"mode":"bus","color":"#0059a9","colorDark":"#00294f","angle":312.4,"snapDist":5,"label":1}},{"type":"Feature","geometry":{"type":"Point","coordinates":[20.436352,44.803317]},"properties":{"name":"Železnički most Sava","lines":"60, 60L","arr":["60","60L"],"terminus":0,"mode":"bus","color":"#0059a9","colorDark":"#00294f","angle":43.6,"snapDist":5,"label":1}},{"type":"Feature","geometry":{"type":"Point","coordinates":[20.430754,44.803675]},"properties":{"name":"Novi železnički most","lines":"60, 60L","arr":["60","60L"],"terminus":0,"mode":"bus","color":"#0059a9","colorDark":"#00294f","angle":338.7,"snapDist":3,"label":1}},{"type":"Feature","geometry":{"type":"Point","coordinates":[20.425756,44.802305]},"properties":{"name":"JRB","lines":"60, 60L","arr":["60","60L"],"terminus":0,"mode":"bus","color":"#0059a9","colorDark":"#00294f","angle":1,"snapDist":4,"label":1}},{"type":"Feature","geometry":{"type":"Point","coordinates":[20.415503,44.801121]},"properties":{"name":"GP Rad","lines":"60, 60L","arr":["60","60L"],"terminus":0,"mode":"bus","color":"#0059a9","colorDark":"#00294f","angle":15.1,"snapDist":3,"label":1}},{"type":"Feature","geometry":{"type":"Point","coordinates":[20.413835,44.801438]},"properties":{"name":"Toplana","lines":"60, 60L","arr":["60","60L"],"terminus":1,"mode":"bus","color":"#0059a9","colorDark":"#00294f","angle":14.7,"snapDist":4,"label":1}},{"type":"Feature","geometry":{"type":"Point","coordinates":[20.416178,44.801009]},"properties":{"name":"GP Rad","lines":"60, 60L","arr":["60","60L"],"terminus":0,"mode":"bus","color":"#0059a9","colorDark":"#00294f","angle":192,"snapDist":3,"label":0}},{"type":"Feature","geometry":{"type":"Point","coordinates":[20.41899,44.803667]},"properties":{"name":"Beogradska autobuska stanica","lines":"60, 60L, 85, 89, 94, 600","arr":["60","60L","85","89","94","600"],"terminus":0,"mode":"bus","color":"#0059a9","colorDark":"#00294f","angle":183.7,"snapDist":12,"label":0}},{"type":"Feature","geometry":{"type":"Point","coordinates":[20.425936,44.802303]},"properties":{"name":"JRB","lines":"60, 60L","arr":["60","60L"],"terminus":0,"mode":"bus","color":"#0059a9","colorDark":"#00294f","angle":176.9,"snapDist":4,"label":0}},{"type":"Feature","geometry":{"type":"Point","coordinates":[20.431225,44.803804]},"properties":{"name":"Novi železnički most","lines":"60, 60L","arr":["60","60L"],"terminus":0,"mode":"bus","color":"#0059a9","colorDark":"#00294f","angle":160.9,"snapDist":7,"label":0}},{"type":"Feature","geometry":{"type":"Point","coordinates":[20.436253,44.803383]},"properties":{"name":"Železnički most Sava","lines":"60, 60L","arr":["60","60L"],"terminus":0,"mode":"bus","color":"#0059a9","colorDark":"#00294f","angle":223.6,"snapDist":4,"label":0}},{"type":"Feature","geometry":{"type":"Point","coordinates":[20.439759,44.80546]},"properties":{"name":"Most Gazela","lines":"60, 60L","arr":["60","60L"],"terminus":0,"mode":"bus","color":"#0059a9","colorDark":"#00294f","angle":132.4,"snapDist":5,"label":0}},{"type":"Feature","geometry":{"type":"Point","coordinates":[20.44355,44.809495]},"properties":{"name":"Slavka Šlandera","lines":"60, 60L","arr":["60","60L"],"terminus":0,"mode":"bus","color":"#0059a9","colorDark":"#00294f","angle":114.6,"snapDist":2,"label":0}},{"type":"Feature","geometry":{"type":"Point","coordinates":[20.44159,44.812104]},"properties":{"name":"Staro sajmište","lines":"60, 60L","arr":["60","60L"],"terminus":0,"mode":"bus","color":"#0059a9","colorDark":"#00294f","angle":92.7,"snapDist":7,"label":0}},{"type":"Feature","geometry":{"type":"Point","coordinates":[20.456963,44.813905]},"properties":{"name":"Zeleni venac","lines":"60, 60L, 71, 72, 75, 84, 706","arr":["60","60L","71","72","75","84","706"],"terminus":1,"mode":"bus","color":"#0059a9","colorDark":"#00294f","angle":10.4,"snapDist":12,"label":0}},{"type":"Feature","geometry":{"type":"Point","coordinates":[20.443456,44.819302]},"properties":{"name":"Muzej savremene umetnosti","lines":"60L","arr":["60L"],"terminus":0,"mode":"bus","color":"#0059a9","colorDark":"#00294f","angle":242.3,"snapDist":4,"label":1}},{"type":"Feature","geometry":{"type":"Point","coordinates":[20.443288,44.81953]},"properties":{"name":"Muzej savremene umetnosti","lines":"60L","arr":["60L"],"terminus":0,"mode":"bus","color":"#0059a9","colorDark":"#00294f","angle":62.3,"snapDist":10,"label":0}},{"type":"Feature","geometry":{"type":"Point","coordinates":[20.517359,44.784938]},"properties":{"name":"Ustanička","lines":"63, 306, 306a, 306b, 307, 311","arr":["63","306","306a","306b","307","311"],"terminus":1,"mode":"bus","color":"#0059a9","colorDark":"#00294f","angle":238.3,"snapDist":6,"label":0}},{"type":"Feature","geometry":{"type":"Point","coordinates":[20.503283,44.796884]},"properties":{"name":"OŠ Veljko Dugošević","lines":"64","arr":["64"],"terminus":0,"mode":"bus","color":"#0059a9","colorDark":"#00294f","angle":193.9,"snapDist":2,"label":1}},{"type":"Feature","geometry":{"type":"Point","coordinates":[20.507556,44.79584]},"properties":{"name":"Studentski dom Rifat Burdžević","lines":"64","arr":["64"],"terminus":0,"mode":"bus","color":"#0059a9","colorDark":"#00294f","angle":201.5,"snapDist":4,"label":1}},{"type":"Feature","geometry":{"type":"Point","coordinates":[20.512775,44.794328]},"properties":{"name":"Deskaševa","lines":"64","arr":["64"],"terminus":0,"mode":"bus","color":"#0059a9","colorDark":"#00294f","angle":211.2,"snapDist":0,"label":1}},{"type":"Feature","geometry":{"type":"Point","coordinates":[20.515736,44.791211]},"properties":{"name":"Budmanijeva","lines":"64","arr":["64"],"terminus":0,"mode":"bus","color":"#0059a9","colorDark":"#00294f","angle":228.6,"snapDist":1,"label":1}},{"type":"Feature","geometry":{"type":"Point","coordinates":[20.518242,44.788842]},"properties":{"name":"Koste Trifkovića","lines":"64","arr":["64"],"terminus":0,"mode":"bus","color":"#0059a9","colorDark":"#00294f","angle":237.4,"snapDist":1,"label":0}},{"type":"Feature","geometry":{"type":"Point","coordinates":[20.518979,44.787295]},"properties":{"name":"Ilindenska","lines":"64","arr":["64"],"terminus":0,"mode":"bus","color":"#0059a9","colorDark":"#00294f","angle":226.5,"snapDist":3,"label":1}},{"type":"Feature","geometry":{"type":"Point","coordinates":[20.524787,44.784282]},"properties":{"name":"Lošinjska donja","lines":"64","arr":["64"],"terminus":0,"mode":"bus","color":"#0059a9","colorDark":"#00294f","angle":221.2,"snapDist":3,"label":1}},{"type":"Feature","geometry":{"type":"Point","coordinates":[20.525849,44.781481]},"properties":{"name":"Zabrđanska","lines":"64","arr":["64"],"terminus":0,"mode":"bus","color":"#0059a9","colorDark":"#00294f","angle":317.7,"snapDist":3,"label":1}},{"type":"Feature","geometry":{"type":"Point","coordinates":[20.523391,44.781108]},"properties":{"name":"Bajdina","lines":"64, 301Na, 302, 303, 304, 304N, 304Na, 304Nb, 305, 305a, 306, 306a, 306v, 307, 307N, 307Na, 308, 309, 311","arr":["64","301Na","302","303","304","304N","304Na","304Nb","305","305a","306","306a","306v","307","307N","307Na","308","309","311"],"terminus":0,"mode":"bus","color":"#0059a9","colorDark":"#00294f","angle":51.9,"snapDist":8,"label":1}},{"type":"Feature","geometry":{"type":"Point","coordinates":[20.514502,44.782914]},"properties":{"name":"Mirka Sandića","lines":"64","arr":["64"],"terminus":0,"mode":"bus","color":"#0059a9","colorDark":"#00294f","angle":334.6,"snapDist":6,"label":1}},{"type":"Feature","geometry":{"type":"Point","coordinates":[20.512513,44.780883]},"properties":{"name":"Mihajla Todorovića","lines":"64","arr":["64"],"terminus":0,"mode":"bus","color":"#0059a9","colorDark":"#00294f","angle":331.1,"snapDist":3,"label":1}},{"type":"Feature","geometry":{"type":"Point","coordinates":[20.506477,44.780182]},"properties":{"name":"OŠ Stevan Sinđelić","lines":"64","arr":["64"],"terminus":0,"mode":"bus","color":"#0059a9","colorDark":"#00294f","angle":22.5,"snapDist":6,"label":1}},{"type":"Feature","geometry":{"type":"Point","coordinates":[20.507199,44.779966]},"properties":{"name":"OŠ Stevan Sinđelić","lines":"64","arr":["64"],"terminus":0,"mode":"bus","color":"#0059a9","colorDark":"#00294f","angle":203.8,"snapDist":4,"label":0}},{"type":"Feature","geometry":{"type":"Point","coordinates":[20.512826,44.781005]},"properties":{"name":"Mihajla Todorovića","lines":"64","arr":["64"],"terminus":0,"mode":"bus","color":"#0059a9","colorDark":"#00294f","angle":151.1,"snapDist":6,"label":0}},{"type":"Feature","geometry":{"type":"Point","coordinates":[20.515653,44.783285]},"properties":{"name":"Mirka Sandića","lines":"64","arr":["64"],"terminus":0,"mode":"bus","color":"#0059a9","colorDark":"#00294f","angle":155.3,"snapDist":12,"label":0}},{"type":"Feature","geometry":{"type":"Point","coordinates":[20.521251,44.783723]},"properties":{"name":"Prvomajska","lines":"64, 304N, 304Na, 304Nb, 307N, 308, 309","arr":["64","304N","304Na","304Nb","307N","308","309"],"terminus":0,"mode":"bus","color":"#0059a9","colorDark":"#00294f","angle":207.2,"snapDist":5,"label":1}},{"type":"Feature","geometry":{"type":"Point","coordinates":[20.526076,44.781629]},"properties":{"name":"Zabrđanska","lines":"64","arr":["64"],"terminus":0,"mode":"bus","color":"#0059a9","colorDark":"#00294f","angle":137.7,"snapDist":3,"label":0}},{"type":"Feature","geometry":{"type":"Point","coordinates":[20.526288,44.782678]},"properties":{"name":"Zeleno brdo","lines":"64","arr":["64"],"terminus":0,"mode":"bus","color":"#0059a9","colorDark":"#00294f","angle":47.1,"snapDist":3,"label":1}},{"type":"Feature","geometry":{"type":"Point","coordinates":[20.524628,44.784373]},"properties":{"name":"Lošinjska donja","lines":"64","arr":["64"],"terminus":0,"mode":"bus","color":"#0059a9","colorDark":"#00294f","angle":38.5,"snapDist":4,"label":0}},{"type":"Feature","geometry":{"type":"Point","coordinates":[20.518863,44.787382]},"properties":{"name":"Ilindenska","lines":"64","arr":["64"],"terminus":0,"mode":"bus","color":"#0059a9","colorDark":"#00294f","angle":46.5,"snapDist":3,"label":0}},{"type":"Feature","geometry":{"type":"Point","coordinates":[20.517997,44.789114]},"properties":{"name":"Koste Trifkovića","lines":"64","arr":["64"],"terminus":0,"mode":"bus","color":"#0059a9","colorDark":"#00294f","angle":57.4,"snapDist":2,"label":0}},{"type":"Feature","geometry":{"type":"Point","coordinates":[20.517029,44.791057]},"properties":{"name":"Mlavska","lines":"64","arr":["64"],"terminus":0,"mode":"bus","color":"#0059a9","colorDark":"#00294f","angle":53.4,"snapDist":6,"label":1}},{"type":"Feature","geometry":{"type":"Point","coordinates":[20.512534,44.794425]},"properties":{"name":"Deskaševa","lines":"64","arr":["64"],"terminus":0,"mode":"bus","color":"#0059a9","colorDark":"#00294f","angle":28.2,"snapDist":4,"label":0}},{"type":"Feature","geometry":{"type":"Point","coordinates":[20.506702,44.796087]},"properties":{"name":"Studentski dom Rifat Burdžević","lines":"64","arr":["64"],"terminus":0,"mode":"bus","color":"#0059a9","colorDark":"#00294f","angle":23.8,"snapDist":6,"label":0}},{"type":"Feature","geometry":{"type":"Point","coordinates":[20.503158,44.796906]},"properties":{"name":"OŠ Veljko Dugošević","lines":"64","arr":["64"],"terminus":0,"mode":"bus","color":"#0059a9","colorDark":"#00294f","angle":13.9,"snapDist":6,"label":0}},{"type":"Feature","geometry":{"type":"Point","coordinates":[20.509411,44.80687]},"properties":{"name":"Zvezdara 2","lines":"65","arr":["65"],"terminus":1,"mode":"bus","color":"#0059a9","colorDark":"#00294f","angle":16,"snapDist":5,"label":1}},{"type":"Feature","geometry":{"type":"Point","coordinates":[20.505926,44.8081]},"properties":{"name":"Institut Mihajlo Pupin","lines":"65","arr":["65"],"terminus":0,"mode":"bus","color":"#0059a9","colorDark":"#00294f","angle":47.8,"snapDist":6,"label":1}},{"type":"Feature","geometry":{"type":"Point","coordinates":[20.503103,44.808703]},"properties":{"name":"Volgina","lines":"65","arr":["65"],"terminus":0,"mode":"bus","color":"#0059a9","colorDark":"#00294f","angle":24.3,"snapDist":6,"label":1}},{"type":"Feature","geometry":{"type":"Point","coordinates":[20.49867,44.809132]},"properties":{"name":"Dragiše Lapčevića","lines":"65","arr":["65"],"terminus":0,"mode":"bus","color":"#0059a9","colorDark":"#00294f","angle":349.3,"snapDist":6,"label":1}},{"type":"Feature","geometry":{"type":"Point","coordinates":[20.4954,44.808718]},"properties":{"name":"Zvezdarskih jelki","lines":"65","arr":["65"],"terminus":0,"mode":"bus","color":"#0059a9","colorDark":"#00294f","angle":349.9,"snapDist":8,"label":1}},{"type":"Feature","geometry":{"type":"Point","coordinates":[20.408302,44.82552]},"properties":{"name":"Fontana","lines":"65, 613","arr":["65","613"],"terminus":0,"mode":"bus","color":"#0059a9","colorDark":"#00294f","angle":301.1,"snapDist":6,"label":0}},{"type":"Feature","geometry":{"type":"Point","coordinates":[20.405426,44.822334]},"properties":{"name":"Uprava carine","lines":"65, 613","arr":["65","613"],"terminus":0,"mode":"bus","color":"#0059a9","colorDark":"#00294f","angle":302.7,"snapDist":5,"label":1}},{"type":"Feature","geometry":{"type":"Point","coordinates":[20.402348,44.818919]},"properties":{"name":"Autoput","lines":"65, 613","arr":["65","613"],"terminus":0,"mode":"bus","color":"#0059a9","colorDark":"#00294f","angle":302.7,"snapDist":6,"label":1}},{"type":"Feature","geometry":{"type":"Point","coordinates":[20.399645,44.817508]},"properties":{"name":"Narodnih heroja","lines":"65, 71, 612, 613","arr":["65","71","612","613"],"terminus":0,"mode":"bus","color":"#0059a9","colorDark":"#00294f","angle":32.6,"snapDist":7,"label":1}},{"type":"Feature","geometry":{"type":"Point","coordinates":[20.388933,44.816971]},"properties":{"name":"Generala Nedeljkovića","lines":"65, 70, 72, 82, 607, 612, 613","arr":["65","70","72","82","607","612","613"],"terminus":0,"mode":"bus","color":"#0059a9","colorDark":"#00294f","angle":37.1,"snapDist":8,"label":1}},{"type":"Feature","geometry":{"type":"Point","coordinates":[20.384575,44.818835]},"properties":{"name":"Nikole Dobrovića","lines":"65, 70, 72, 72N, 74, 75, 76, 82, 612, 613, 708","arr":["65","70","72","72N","74","75","76","82","612","613","708"],"terminus":0,"mode":"bus","color":"#0059a9","colorDark":"#00294f","angle":26.4,"snapDist":6,"label":1}},{"type":"Feature","geometry":{"type":"Point","coordinates":[20.381101,44.819853]},"properties":{"name":"Dr Huga Klajna","lines":"65, 70, 72, 72N, 74, 75, 76, 82, 612, 613, 708","arr":["65","70","72","72N","74","75","76","82","612","613","708"],"terminus":0,"mode":"bus","color":"#0059a9","colorDark":"#00294f","angle":19,"snapDist":8,"label":1}},{"type":"Feature","geometry":{"type":"Point","coordinates":[20.377766,44.820522]},"properties":{"name":"Bežanijska kosa (izlaz)","lines":"65, 82, 612, 708","arr":["65","82","612","708"],"terminus":0,"mode":"bus","color":"#0059a9","colorDark":"#00294f","angle":12,"snapDist":9,"label":1}},{"type":"Feature","geometry":{"type":"Point","coordinates":[20.363947,44.82222]},"properties":{"name":"Novo bežanijsko groblje","lines":"65","arr":["65"],"terminus":1,"mode":"bus","color":"#0059a9","colorDark":"#00294f","angle":11.4,"snapDist":11,"label":1}},{"type":"Feature","geometry":{"type":"Point","coordinates":[20.364245,44.821982]},"properties":{"name":"Novo bežanijsko groblje","lines":"65","arr":["65"],"terminus":1,"mode":"bus","color":"#0059a9","colorDark":"#00294f","angle":191.6,"snapDist":5,"label":0}},{"type":"Feature","geometry":{"type":"Point","coordinates":[20.376102,44.820667]},"properties":{"name":"Bežanijska kosa (ulaz)","lines":"65, 82, 612, 708","arr":["65","82","612","708"],"terminus":0,"mode":"bus","color":"#0059a9","colorDark":"#00294f","angle":192.1,"snapDist":4,"label":1}},{"type":"Feature","geometry":{"type":"Point","coordinates":[20.379732,44.820062]},"properties":{"name":"Dr Huga Klajna","lines":"65, 70, 72, 72N, 74, 75, 76, 82, 612, 613, 708","arr":["65","70","72","72N","74","75","76","82","612","613","708"],"terminus":0,"mode":"bus","color":"#0059a9","colorDark":"#00294f","angle":197.8,"snapDist":7,"label":0}},{"type":"Feature","geometry":{"type":"Point","coordinates":[20.383002,44.819221]},"properties":{"name":"Marka Čelebonovića","lines":"65, 70, 72, 72N, 74, 75, 76, 82, 612, 613, 708","arr":["65","70","72","72N","74","75","76","82","612","613","708"],"terminus":0,"mode":"bus","color":"#0059a9","colorDark":"#00294f","angle":204.3,"snapDist":7,"label":1}},{"type":"Feature","geometry":{"type":"Point","coordinates":[20.38631,44.818054]},"properties":{"name":"Nikole Dobrovića","lines":"65, 70, 72, 82, 607, 612, 613","arr":["65","70","72","82","607","612","613"],"terminus":0,"mode":"bus","color":"#0059a9","colorDark":"#00294f","angle":210.7,"snapDist":6,"label":0}},{"type":"Feature","geometry":{"type":"Point","coordinates":[20.389106,44.816759]},"properties":{"name":"Generala Nedeljkovića","lines":"65, 70, 72, 82, 607, 612, 613","arr":["65","70","72","82","607","612","613"],"terminus":0,"mode":"bus","color":"#0059a9","colorDark":"#00294f","angle":217.6,"snapDist":4,"label":0}},{"type":"Feature","geometry":{"type":"Point","coordinates":[20.401342,44.817805]},"properties":{"name":"Blok 37","lines":"65, 613","arr":["65","613"],"terminus":0,"mode":"bus","color":"#0059a9","colorDark":"#00294f","angle":122.7,"snapDist":7,"label":1}},{"type":"Feature","geometry":{"type":"Point","coordinates":[20.403038,44.819687]},"properties":{"name":"Autoput","lines":"65, 613","arr":["65","613"],"terminus":0,"mode":"bus","color":"#0059a9","colorDark":"#00294f","angle":122.5,"snapDist":7,"label":0}},{"type":"Feature","geometry":{"type":"Point","coordinates":[20.405049,44.821916]},"properties":{"name":"Uprava carine","lines":"65, 613","arr":["65","613"],"terminus":0,"mode":"bus","color":"#0059a9","colorDark":"#00294f","angle":122.7,"snapDist":10,"label":0}},{"type":"Feature","geometry":{"type":"Point","coordinates":[20.406513,44.823535]},"properties":{"name":"Bulevar Zorana Đinđića","lines":"65, 613","arr":["65","613"],"terminus":0,"mode":"bus","color":"#0059a9","colorDark":"#00294f","angle":122.7,"snapDist":8,"label":1}},{"type":"Feature","geometry":{"type":"Point","coordinates":[20.433376,44.815127]},"properties":{"name":"Šest Kaplara","lines":"65, 67, 77","arr":["65","67","77"],"terminus":0,"mode":"bus","color":"#0059a9","colorDark":"#00294f","angle":204.3,"snapDist":6,"label":1}},{"type":"Feature","geometry":{"type":"Point","coordinates":[20.496355,44.808843]},"properties":{"name":"Zvezdarskih jelki","lines":"65","arr":["65"],"terminus":0,"mode":"bus","color":"#0059a9","colorDark":"#00294f","angle":168.9,"snapDist":5,"label":0}},{"type":"Feature","geometry":{"type":"Point","coordinates":[20.499773,44.809272]},"properties":{"name":"Dragiše Lapčevića","lines":"65","arr":["65"],"terminus":0,"mode":"bus","color":"#0059a9","colorDark":"#00294f","angle":169.6,"snapDist":4,"label":0}},{"type":"Feature","geometry":{"type":"Point","coordinates":[20.502782,44.808794]},"properties":{"name":"Volgina","lines":"65","arr":["65"],"terminus":0,"mode":"bus","color":"#0059a9","colorDark":"#00294f","angle":201.5,"snapDist":3,"label":0}},{"type":"Feature","geometry":{"type":"Point","coordinates":[20.506755,44.807506]},"properties":{"name":"Institut Mihajlo Pupin","lines":"65","arr":["65"],"terminus":0,"mode":"bus","color":"#0059a9","colorDark":"#00294f","angle":218.3,"snapDist":2,"label":0}},{"type":"Feature","geometry":{"type":"Point","coordinates":[20.50958,44.806626]},"properties":{"name":"Zvezdara 2","lines":"65","arr":["65"],"terminus":1,"mode":"bus","color":"#0059a9","colorDark":"#00294f","angle":225.4,"snapDist":2,"label":0}},{"type":"Feature","geometry":{"type":"Point","coordinates":[20.497538,44.805653]},"properties":{"name":"OŠ 1300 kaplara","lines":"66","arr":["66"],"terminus":0,"mode":"bus","color":"#0059a9","colorDark":"#00294f","angle":185.9,"snapDist":6,"label":1}},{"type":"Feature","geometry":{"type":"Point","coordinates":[20.500902,44.805379]},"properties":{"name":"N.T.P. (ulaz)","lines":"66","arr":["66"],"terminus":0,"mode":"bus","color":"#0059a9","colorDark":"#00294f","angle":194.7,"snapDist":2,"label":1}},{"type":"Feature","geometry":{"type":"Point","coordinates":[20.501982,44.80383]},"properties":{"name":"Naučno-tehnološki park","lines":"66","arr":["66"],"terminus":1,"mode":"bus","color":"#0059a9","colorDark":"#00294f","angle":133.1,"snapDist":13,"label":1}},{"type":"Feature","geometry":{"type":"Point","coordinates":[20.501351,44.803979]},"properties":{"name":"Naučno-tehnološki park","lines":"66","arr":["66"],"terminus":1,"mode":"bus","color":"#0059a9","colorDark":"#00294f","angle":45.1,"snapDist":1,"label":0}},{"type":"Feature","geometry":{"type":"Point","coordinates":[20.500826,44.805392]},"properties":{"name":"N.T.P. (ulaz)","lines":"66","arr":["66"],"terminus":0,"mode":"bus","color":"#0059a9","colorDark":"#00294f","angle":12,"snapDist":8,"label":0}},{"type":"Feature","geometry":{"type":"Point","coordinates":[20.496895,44.805712]},"properties":{"name":"OŠ 1300 kaplara","lines":"66","arr":["66"],"terminus":0,"mode":"bus","color":"#0059a9","colorDark":"#00294f","angle":8.3,"snapDist":6,"label":0}},{"type":"Feature","geometry":{"type":"Point","coordinates":[20.400151,44.798263]},"properties":{"name":"Blok 70A","lines":"67, 76, 610e, 610ea, 708","arr":["67","76","610e","610ea","708"],"terminus":1,"mode":"bus","color":"#0059a9","colorDark":"#00294f","angle":84.8,"snapDist":3,"label":1}},{"type":"Feature","geometry":{"type":"Point","coordinates":[20.399706,44.801817]},"properties":{"name":"Jurija Gagarina","lines":"67, 76, 610e, 610ea, 708","arr":["67","76","610e","610ea","708"],"terminus":0,"mode":"bus","color":"#0059a9","colorDark":"#00294f","angle":85.2,"snapDist":2,"label":1}},{"type":"Feature","geometry":{"type":"Point","coordinates":[20.399331,44.805494]},"properties":{"name":"Omladinskih brigada","lines":"67, 68, 73, 76, 94, 95N, 610, 708","arr":["67","68","73","76","94","95N","610","708"],"terminus":0,"mode":"bus","color":"#0059a9","colorDark":"#00294f","angle":84.7,"snapDist":6,"label":0}},{"type":"Feature","geometry":{"type":"Point","coordinates":[20.399674,44.808942]},"properties":{"name":"Tehnička škola Novi Beograd","lines":"67, 68, 73, 76, 94, 95N, 610, 708","arr":["67","68","73","76","94","95N","610","708"],"terminus":0,"mode":"bus","color":"#0059a9","colorDark":"#00294f","angle":112.7,"snapDist":7,"label":1}},{"type":"Feature","geometry":{"type":"Point","coordinates":[20.405793,44.814412]},"properties":{"name":"Omladinskih brigada 1","lines":"67, 71, 94, 612, EKO1","arr":["67","71","94","612","EKO1"],"terminus":0,"mode":"bus","color":"#0059a9","colorDark":"#00294f","angle":212.8,"snapDist":5,"label":1}},{"type":"Feature","geometry":{"type":"Point","coordinates":[20.409872,44.812546]},"properties":{"name":"Bulevar umetnosti","lines":"67, 94, 612, EKO1","arr":["67","94","612","EKO1"],"terminus":0,"mode":"bus","color":"#0059a9","colorDark":"#00294f","angle":212.9,"snapDist":7,"label":1}},{"type":"Feature","geometry":{"type":"Point","coordinates":[20.414434,44.810454]},"properties":{"name":"Španskih boraca","lines":"67, 94, 612, EKO1","arr":["67","94","612","EKO1"],"terminus":0,"mode":"bus","color":"#0059a9","colorDark":"#00294f","angle":212.8,"snapDist":8,"label":0}},{"type":"Feature","geometry":{"type":"Point","coordinates":[20.420395,44.808861]},"properties":{"name":"Milutina Milankovića","lines":"67, EKO1","arr":["67","EKO1"],"terminus":0,"mode":"bus","color":"#0059a9","colorDark":"#00294f","angle":124.2,"snapDist":4,"label":0}},{"type":"Feature","geometry":{"type":"Point","coordinates":[20.421455,44.810034]},"properties":{"name":"Blok 24","lines":"67, EKO1","arr":["67","EKO1"],"terminus":0,"mode":"bus","color":"#0059a9","colorDark":"#00294f","angle":122.3,"snapDist":4,"label":1}},{"type":"Feature","geometry":{"type":"Point","coordinates":[20.426652,44.815839]},"properties":{"name":"Blok 26","lines":"67","arr":["67"],"terminus":0,"mode":"bus","color":"#0059a9","colorDark":"#00294f","angle":122.9,"snapDist":5,"label":1}},{"type":"Feature","geometry":{"type":"Point","coordinates":[20.426574,44.815936]},"properties":{"name":"Blok 26","lines":"67","arr":["67"],"terminus":0,"mode":"bus","color":"#0059a9","colorDark":"#00294f","angle":302.8,"snapDist":4,"label":0}},{"type":"Feature","geometry":{"type":"Point","coordinates":[20.420944,44.809786]},"properties":{"name":"Blok 24","lines":"67, EKO1","arr":["67","EKO1"],"terminus":0,"mode":"bus","color":"#0059a9","colorDark":"#00294f","angle":303.1,"snapDist":5,"label":0}},{"type":"Feature","geometry":{"type":"Point","coordinates":[20.414606,44.810652]},"properties":{"name":"Španskih boraca","lines":"67, 94, 612","arr":["67","94","612"],"terminus":0,"mode":"bus","color":"#0059a9","colorDark":"#00294f","angle":32.8,"snapDist":7,"label":0}},{"type":"Feature","geometry":{"type":"Point","coordinates":[20.408187,44.81359]},"properties":{"name":"Bulevar umetnosti","lines":"67, 71, 94, 612","arr":["67","71","94","612"],"terminus":0,"mode":"bus","color":"#0059a9","colorDark":"#00294f","angle":32.3,"snapDist":7,"label":0}},{"type":"Feature","geometry":{"type":"Point","coordinates":[20.404118,44.814285]},"properties":{"name":"Omladinskih brigada 1","lines":"67, 94","arr":["67","94"],"terminus":0,"mode":"bus","color":"#0059a9","colorDark":"#00294f","angle":302.8,"snapDist":7,"label":0}},{"type":"Feature","geometry":{"type":"Point","coordinates":[20.399163,44.808115]},"properties":{"name":"Tehnička škola Novi Beograd","lines":"67, 68, 73, 76, 94, 95N, 610, 708","arr":["67","68","73","76","94","95N","610","708"],"terminus":0,"mode":"bus","color":"#0059a9","colorDark":"#00294f","angle":282.5,"snapDist":6,"label":0}},{"type":"Feature","geometry":{"type":"Point","coordinates":[20.399731,44.801603]},"properties":{"name":"Jurija Gagarina","lines":"67, 76, 610e, 610ea, 708","arr":["67","76","610e","610ea","708"],"terminus":0,"mode":"bus","color":"#0059a9","colorDark":"#00294f","angle":85.2,"snapDist":1,"label":0}},{"type":"Feature","geometry":{"type":"Point","coordinates":[20.400156,44.797957]},"properties":{"name":"Blok 70A","lines":"67, 76, 610e, 610ea, 708","arr":["67","76","610e","610ea","708"],"terminus":1,"mode":"bus","color":"#0059a9","colorDark":"#00294f","angle":268.1,"snapDist":1,"label":0}},{"type":"Feature","geometry":{"type":"Point","coordinates":[20.389827,44.797521]},"properties":{"name":"Blok 70","lines":"68","arr":["68"],"terminus":1,"mode":"bus","color":"#0059a9","colorDark":"#00294f","angle":79.6,"snapDist":8,"label":1}},{"type":"Feature","geometry":{"type":"Point","coordinates":[20.388926,44.800991]},"properties":{"name":"Jurija Gagarina","lines":"68","arr":["68"],"terminus":0,"mode":"bus","color":"#0059a9","colorDark":"#00294f","angle":79.7,"snapDist":9,"label":1}},{"type":"Feature","geometry":{"type":"Point","coordinates":[20.425924,44.813855]},"properties":{"name":"Antifašističke borbe","lines":"68, 72N, 603N, 603Na","arr":["68","72N","603N","603Na"],"terminus":0,"mode":"bus","color":"#0059a9","colorDark":"#00294f","angle":212.8,"snapDist":5,"label":0}},{"type":"Feature","geometry":{"type":"Point","coordinates":[20.430652,44.811691]},"properties":{"name":"Milentija Popovića","lines":"68, 72N, 603N, 603Na, EKO1","arr":["68","72N","603N","603Na","EKO1"],"terminus":0,"mode":"bus","color":"#0059a9","colorDark":"#00294f","angle":212.8,"snapDist":7,"label":1}},{"type":"Feature","geometry":{"type":"Point","coordinates":[20.42898,44.812811]},"properties":{"name":"Milentija Popovića","lines":"68, 72N, 603N, 603Na, EKO1","arr":["68","72N","603N","603Na","EKO1"],"terminus":0,"mode":"bus","color":"#0059a9","colorDark":"#00294f","angle":33.3,"snapDist":7,"label":0}},{"type":"Feature","geometry":{"type":"Point","coordinates":[20.388772,44.801537]},"properties":{"name":"Jurija Gagarina","lines":"68","arr":["68"],"terminus":0,"mode":"bus","color":"#0059a9","colorDark":"#00294f","angle":-102.1,"snapDist":10,"label":0}},{"type":"Feature","geometry":{"type":"Point","coordinates":[20.38963,44.798271]},"properties":{"name":"Blok 70","lines":"68","arr":["68"],"terminus":1,"mode":"bus","color":"#0059a9","colorDark":"#00294f","angle":-100.5,"snapDist":6,"label":0}},{"type":"Feature","geometry":{"type":"Point","coordinates":[20.363078,44.807864]},"properties":{"name":"Bežanijska kosa","lines":"70, 74, 75","arr":["70","74","75"],"terminus":1,"mode":"bus","color":"#0059a9","colorDark":"#00294f","angle":236.4,"snapDist":2,"label":1}},{"type":"Feature","geometry":{"type":"Point","coordinates":[20.365547,44.808841]},"properties":{"name":"Magelanova","lines":"70, 72, 72N, 74, 75","arr":["70","72","72N","74","75"],"terminus":0,"mode":"bus","color":"#0059a9","colorDark":"#00294f","angle":142.3,"snapDist":10,"label":1}},{"type":"Feature","geometry":{"type":"Point","coordinates":[20.368434,44.810612]},"properties":{"name":"Milana Vujaklije","lines":"70, 72, 72N, 74, 75","arr":["70","72","72N","74","75"],"terminus":0,"mode":"bus","color":"#0059a9","colorDark":"#00294f","angle":136,"snapDist":10,"label":1}},{"type":"Feature","geometry":{"type":"Point","coordinates":[20.371336,44.812616]},"properties":{"name":"Marka Ristića","lines":"70, 72, 72N, 74, 75","arr":["70","72","72N","74","75"],"terminus":0,"mode":"bus","color":"#0059a9","colorDark":"#00294f","angle":134.2,"snapDist":7,"label":1}},{"type":"Feature","geometry":{"type":"Point","coordinates":[20.37466,44.815389]},"properties":{"name":"Ljubinke Bobić","lines":"70, 72, 72N, 74, 75, 613","arr":["70","72","72N","74","75","613"],"terminus":0,"mode":"bus","color":"#0059a9","colorDark":"#00294f","angle":126,"snapDist":5,"label":1}},{"type":"Feature","geometry":{"type":"Point","coordinates":[20.376965,44.817883]},"properties":{"name":"Peđe Milosavljevića","lines":"70, 72, 72N, 74, 75, 613","arr":["70","72","72N","74","75","613"],"terminus":0,"mode":"bus","color":"#0059a9","colorDark":"#00294f","angle":120.1,"snapDist":6,"label":1}},{"type":"Feature","geometry":{"type":"Point","coordinates":[20.419304,44.814445]},"properties":{"name":"Beogradska arena","lines":"70, 74","arr":["70","74"],"terminus":0,"mode":"bus","color":"#0059a9","colorDark":"#00294f","angle":301.9,"snapDist":7,"label":1}},{"type":"Feature","geometry":{"type":"Point","coordinates":[20.576124,44.703901]},"properties":{"name":"Tranšped","lines":"70, 302N","arr":["70","302N"],"terminus":0,"mode":"bus","color":"#0059a9","colorDark":"#00294f","angle":109.6,"snapDist":9,"label":1}},{"type":"Feature","geometry":{"type":"Point","coordinates":[20.572458,44.703566]},"properties":{"name":"Astrid Lindgren","lines":"70","arr":["70"],"terminus":0,"mode":"bus","color":"#0059a9","colorDark":"#00294f","angle":50.7,"snapDist":5,"label":1}},{"type":"Feature","geometry":{"type":"Point","coordinates":[20.561103,44.709875]},"properties":{"name":"IKEA","lines":"70","arr":["70"],"terminus":1,"mode":"bus","color":"#0059a9","colorDark":"#00294f","angle":48.9,"snapDist":8,"label":1}},{"type":"Feature","geometry":{"type":"Point","coordinates":[20.559254,44.713379]},"properties":{"name":"Tržni centar","lines":"70","arr":["70"],"terminus":0,"mode":"bus","color":"#0059a9","colorDark":"#00294f","angle":45,"snapDist":4,"label":1}},{"type":"Feature","geometry":{"type":"Point","coordinates":[20.500259,44.78142]},"properties":{"name":"Vladimira Tomanovića","lines":"70","arr":["70"],"terminus":0,"mode":"bus","color":"#0059a9","colorDark":"#00294f","angle":11,"snapDist":8,"label":0}},{"type":"Feature","geometry":{"type":"Point","coordinates":[20.420239,44.815284]},"properties":{"name":"Beogradska arena","lines":"70, 74","arr":["70","74"],"terminus":0,"mode":"bus","color":"#0059a9","colorDark":"#00294f","angle":122.4,"snapDist":6,"label":0}},{"type":"Feature","geometry":{"type":"Point","coordinates":[20.377249,44.818238]},"properties":{"name":"Peđe Milosavljevića","lines":"70, 72, 72N, 74, 75, 613","arr":["70","72","72N","74","75","613"],"terminus":0,"mode":"bus","color":"#0059a9","colorDark":"#00294f","angle":298.2,"snapDist":2,"label":0}},{"type":"Feature","geometry":{"type":"Point","coordinates":[20.373519,44.814349]},"properties":{"name":"Ljubinke Bobić","lines":"70, 72, 72N, 74, 75","arr":["70","72","72N","74","75"],"terminus":0,"mode":"bus","color":"#0059a9","colorDark":"#00294f","angle":309.1,"snapDist":7,"label":0}},{"type":"Feature","geometry":{"type":"Point","coordinates":[20.370366,44.811936]},"properties":{"name":"Marka Ristića","lines":"70, 72, 72N, 74, 75","arr":["70","72","72N","74","75"],"terminus":0,"mode":"bus","color":"#0059a9","colorDark":"#00294f","angle":315.1,"snapDist":7,"label":0}},{"type":"Feature","geometry":{"type":"Point","coordinates":[20.367584,44.810047]},"properties":{"name":"Milana Vujaklije","lines":"70, 72, 72N, 74, 75","arr":["70","72","72N","74","75"],"terminus":0,"mode":"bus","color":"#0059a9","colorDark":"#00294f","angle":316.9,"snapDist":6,"label":0}},{"type":"Feature","geometry":{"type":"Point","coordinates":[20.364612,44.808366]},"properties":{"name":"Magelanova","lines":"70, 72, 72N, 74, 75","arr":["70","72","72N","74","75"],"terminus":0,"mode":"bus","color":"#0059a9","colorDark":"#00294f","angle":325.1,"snapDist":7,"label":0}},{"type":"Feature","geometry":{"type":"Point","coordinates":[20.415661,44.820509]},"properties":{"name":"Bulevar Zorana Đinđića","lines":"71","arr":["71"],"terminus":0,"mode":"bus","color":"#0059a9","colorDark":"#00294f","angle":302.4,"snapDist":12,"label":1}},{"type":"Feature","geometry":{"type":"Point","coordinates":[20.413108,44.817695]},"properties":{"name":"Blok 29","lines":"71","arr":["71"],"terminus":0,"mode":"bus","color":"#0059a9","colorDark":"#00294f","angle":303.3,"snapDist":6,"label":1}},{"type":"Feature","geometry":{"type":"Point","coordinates":[20.41052,44.814848]},"properties":{"name":"Fakultet dramskih umetnosti","lines":"71","arr":["71"],"terminus":0,"mode":"bus","color":"#0059a9","colorDark":"#00294f","angle":302.5,"snapDist":7,"label":1}},{"type":"Feature","geometry":{"type":"Point","coordinates":[20.403922,44.815542]},"properties":{"name":"Omladinskih brigada 1","lines":"71, 612","arr":["71","612"],"terminus":0,"mode":"bus","color":"#0059a9","colorDark":"#00294f","angle":33.2,"snapDist":9,"label":0}},{"type":"Feature","geometry":{"type":"Point","coordinates":[20.35967,44.807675]},"properties":{"name":"Nedeljka Gvozdenovića","lines":"71, 72, 72N, 601, 601N, 601Na, 603N, 603Na, 604, 605, 610","arr":["71","72","72N","601","601N","601Na","603N","603Na","604","605","610"],"terminus":0,"mode":"bus","color":"#0059a9","colorDark":"#00294f","angle":7.3,"snapDist":6,"label":1}},{"type":"Feature","geometry":{"type":"Point","coordinates":[20.352097,44.806279]},"properties":{"name":"Biodekor","lines":"71, 72, 72N, 601, 601N, 601Na, 603N, 603Na, 604, 605, 610","arr":["71","72","72N","601","601N","601Na","603N","603Na","604","605","610"],"terminus":0,"mode":"bus","color":"#0059a9","colorDark":"#00294f","angle":336.3,"snapDist":7,"label":1}},{"type":"Feature","geometry":{"type":"Point","coordinates":[20.349054,44.805015]},"properties":{"name":"Ledine","lines":"71, 603","arr":["71","603"],"terminus":1,"mode":"bus","color":"#0059a9","colorDark":"#00294f","angle":270.9,"snapDist":5,"label":1}},{"type":"Feature","geometry":{"type":"Point","coordinates":[20.353589,44.806746]},"properties":{"name":"Biodekor","lines":"71, 72, 72N, 601, 601N, 601Na, 603Na, 604, 605, 610","arr":["71","72","72N","601","601N","601Na","603Na","604","605","610"],"terminus":0,"mode":"bus","color":"#0059a9","colorDark":"#00294f","angle":155.8,"snapDist":8,"label":0}},{"type":"Feature","geometry":{"type":"Point","coordinates":[20.360342,44.807611]},"properties":{"name":"Nedeljka Gvozdenovića","lines":"71, 601, 601N, 601Na, 603Na, 604, 605, 610","arr":["71","601","601N","601Na","603Na","604","605","610"],"terminus":0,"mode":"bus","color":"#0059a9","colorDark":"#00294f","angle":188.1,"snapDist":9,"label":0}},{"type":"Feature","geometry":{"type":"Point","coordinates":[20.401402,44.816439]},"properties":{"name":"Narodnih heroja","lines":"71, 612","arr":["71","612"],"terminus":0,"mode":"bus","color":"#0059a9","colorDark":"#00294f","angle":213.1,"snapDist":8,"label":0}},{"type":"Feature","geometry":{"type":"Point","coordinates":[20.409689,44.813685]},"properties":{"name":"Blok 28","lines":"71","arr":["71"],"terminus":0,"mode":"bus","color":"#0059a9","colorDark":"#00294f","angle":122.9,"snapDist":6,"label":1}},{"type":"Feature","geometry":{"type":"Point","coordinates":[20.411503,44.815679]},"properties":{"name":"Fakultet dramskih umetnosti","lines":"71","arr":["71"],"terminus":0,"mode":"bus","color":"#0059a9","colorDark":"#00294f","angle":122.9,"snapDist":8,"label":0}},{"type":"Feature","geometry":{"type":"Point","coordinates":[20.413412,44.817781]},"properties":{"name":"Blok 29","lines":"71","arr":["71"],"terminus":0,"mode":"bus","color":"#0059a9","colorDark":"#00294f","angle":122.4,"snapDist":8,"label":0}},{"type":"Feature","geometry":{"type":"Point","coordinates":[20.415826,44.820481]},"properties":{"name":"Bulevar Zorana Đinđića","lines":"71","arr":["71"],"terminus":0,"mode":"bus","color":"#0059a9","colorDark":"#00294f","angle":122.3,"snapDist":10,"label":0}},{"type":"Feature","geometry":{"type":"Point","coordinates":[20.34844,44.805142]},"properties":{"name":"Ledine","lines":"72, 72N, 601, 601N, 601Na, 603, 603N, 603Na, 604, 605, 610","arr":["72","72N","601","601N","601Na","603","603N","603Na","604","605","610"],"terminus":1,"mode":"bus","color":"#0059a9","colorDark":"#00294f","angle":336.7,"snapDist":7,"label":0}},{"type":"Feature","geometry":{"type":"Point","coordinates":[20.340346,44.802697]},"properties":{"name":"SC Mladost","lines":"72, 72N, 601, 601N, 601Na, 603, 603N, 603Na, 604, 605, 610","arr":["72","72N","601","601N","601Na","603","603N","603Na","604","605","610"],"terminus":0,"mode":"bus","color":"#0059a9","colorDark":"#00294f","angle":338.7,"snapDist":8,"label":1}},{"type":"Feature","geometry":{"type":"Point","coordinates":[20.335425,44.801189]},"properties":{"name":"Vila Mara","lines":"72, 72N, 601, 601N, 601Na, 603, 603N, 603Na, 604, 605, 610","arr":["72","72N","601","601N","601Na","603","603N","603Na","604","605","610"],"terminus":0,"mode":"bus","color":"#0059a9","colorDark":"#00294f","angle":335.5,"snapDist":8,"label":1}},{"type":"Feature","geometry":{"type":"Point","coordinates":[20.329652,44.799923]},"properties":{"name":"Novo naselje","lines":"72, 72N, 601, 601N, 601Na, 603, 603N, 603Na, 604, 605, 610","arr":["72","72N","601","601N","601Na","603","603N","603Na","604","605","610"],"terminus":0,"mode":"bus","color":"#0059a9","colorDark":"#00294f","angle":348.5,"snapDist":7,"label":1}},{"type":"Feature","geometry":{"type":"Point","coordinates":[20.324733,44.799213]},"properties":{"name":"Vikend naselje","lines":"72, 72N, 601, 601N, 601Na, 603, 603N, 603Na, 604, 605, 610","arr":["72","72N","601","601N","601Na","603","603N","603Na","604","605","610"],"terminus":0,"mode":"bus","color":"#0059a9","colorDark":"#00294f","angle":348.8,"snapDist":4,"label":1}},{"type":"Feature","geometry":{"type":"Point","coordinates":[20.291371,44.813703]},"properties":{"name":"JAT Tehnika","lines":"72, 72N","arr":["72","72N"],"terminus":0,"mode":"bus","color":"#0059a9","colorDark":"#00294f","angle":27,"snapDist":5,"label":1}},{"type":"Feature","geometry":{"type":"Point","coordinates":[20.288475,44.816987]},"properties":{"name":"Robni terminal","lines":"72, 72N","arr":["72","72N"],"terminus":0,"mode":"bus","color":"#0059a9","colorDark":"#00294f","angle":120.7,"snapDist":9,"label":1}},{"type":"Feature","geometry":{"type":"Point","coordinates":[20.290998,44.819922]},"properties":{"name":"Aerodrom Nikola Tesla /polasci/","lines":"72, 72N, 600, 607, A1","arr":["72","72N","600","607","A1"],"terminus":0,"mode":"bus","color":"#0059a9","colorDark":"#00294f","angle":57.6,"snapDist":5,"label":1}},{"type":"Feature","geometry":{"type":"Point","coordinates":[20.290255,44.82038]},"properties":{"name":"Aerodrom Nikola Tesla /dolasci/","lines":"72, 72N, 600, 607, A1","arr":["72","72N","600","607","A1"],"terminus":1,"mode":"bus","color":"#0059a9","colorDark":"#00294f","angle":57.7,"snapDist":5,"label":1}},{"type":"Feature","geometry":{"type":"Point","coordinates":[20.288124,44.816578]},"properties":{"name":"Robni terminal","lines":"72, 72N","arr":["72","72N"],"terminus":0,"mode":"bus","color":"#0059a9","colorDark":"#00294f","angle":302.6,"snapDist":6,"label":0}},{"type":"Feature","geometry":{"type":"Point","coordinates":[20.293978,44.811821]},"properties":{"name":"JAT Tehnika","lines":"72, 72N","arr":["72","72N"],"terminus":0,"mode":"bus","color":"#0059a9","colorDark":"#00294f","angle":211.4,"snapDist":12,"label":1}},{"type":"Feature","geometry":{"type":"Point","coordinates":[20.32534,44.799303]},"properties":{"name":"Vikend naselje","lines":"72, 72N, 601, 601N, 601Na, 603, 603Na, 604, 605, 610","arr":["72","72N","601","601N","601Na","603","603Na","604","605","610"],"terminus":0,"mode":"bus","color":"#0059a9","colorDark":"#00294f","angle":168,"snapDist":5,"label":0}},{"type":"Feature","geometry":{"type":"Point","coordinates":[20.330575,44.800056]},"properties":{"name":"Novo naselje","lines":"72, 72N, 601, 601N, 601Na, 603, 603Na, 604, 605, 610","arr":["72","72N","601","601N","601Na","603","603Na","604","605","610"],"terminus":0,"mode":"bus","color":"#0059a9","colorDark":"#00294f","angle":168.5,"snapDist":7,"label":0}},{"type":"Feature","geometry":{"type":"Point","coordinates":[20.334208,44.800795]},"properties":{"name":"Vila Mara","lines":"72, 72N, 601, 601N, 601Na, 603, 603Na, 604, 605, 610","arr":["72","72N","601","601N","601Na","603","603Na","604","605","610"],"terminus":0,"mode":"bus","color":"#0059a9","colorDark":"#00294f","angle":157.2,"snapDist":6,"label":0}},{"type":"Feature","geometry":{"type":"Point","coordinates":[20.342032,44.803187]},"properties":{"name":"SC Mladost","lines":"72, 72N, 601, 601N, 601Na, 603, 603Na, 604, 605, 610","arr":["72","72N","601","601N","601Na","603","603Na","604","605","610"],"terminus":0,"mode":"bus","color":"#0059a9","colorDark":"#00294f","angle":157.2,"snapDist":7,"label":0}},{"type":"Feature","geometry":{"type":"Point","coordinates":[20.348734,44.805232]},"properties":{"name":"Ledine","lines":"72, 72N, 601, 601N, 601Na, 603Na, 604, 605, 610","arr":["72","72N","601","601N","601Na","603Na","604","605","610"],"terminus":0,"mode":"bus","color":"#0059a9","colorDark":"#00294f","angle":156.5,"snapDist":8,"label":0}},{"type":"Feature","geometry":{"type":"Point","coordinates":[20.362217,44.807508]},"properties":{"name":"Nedeljka Gvozdenovića","lines":"72, 72N","arr":["72","72N"],"terminus":0,"mode":"bus","color":"#0059a9","colorDark":"#00294f","angle":179.4,"snapDist":4,"label":0}},{"type":"Feature","geometry":{"type":"Point","coordinates":[20.396639,44.826784]},"properties":{"name":"Studentski grad","lines":"72N, 74, 75, 76, 77, 708","arr":["72N","74","75","76","77","708"],"terminus":0,"mode":"bus","color":"#0059a9","colorDark":"#00294f","angle":14.1,"snapDist":8,"label":0}},{"type":"Feature","geometry":{"type":"Point","coordinates":[20.392983,44.826383]},"properties":{"name":"SC 11. april","lines":"72N, 74, 75, 76, 708","arr":["72N","74","75","76","708"],"terminus":0,"mode":"bus","color":"#0059a9","colorDark":"#00294f","angle":110.1,"snapDist":3,"label":1}},{"type":"Feature","geometry":{"type":"Point","coordinates":[20.38856,44.822719]},"properties":{"name":"Stojana Aralice","lines":"72N, 74, 75, 76, 607, 708","arr":["72N","74","75","76","607","708"],"terminus":0,"mode":"bus","color":"#0059a9","colorDark":"#00294f","angle":302.8,"snapDist":5,"label":1}},{"type":"Feature","geometry":{"type":"Point","coordinates":[20.385944,44.819146]},"properties":{"name":"Nikole Dobrovića","lines":"72N, 74, 75, 76, 607, 708","arr":["72N","74","75","76","607","708"],"terminus":0,"mode":"bus","color":"#0059a9","colorDark":"#00294f","angle":115.3,"snapDist":5,"label":0}},{"type":"Feature","geometry":{"type":"Point","coordinates":[20.388193,44.822116]},"properties":{"name":"Stojana Aralice","lines":"72N, 74, 75, 76, 607, 708","arr":["72N","74","75","76","607","708"],"terminus":0,"mode":"bus","color":"#0059a9","colorDark":"#00294f","angle":121.7,"snapDist":4,"label":0}},{"type":"Feature","geometry":{"type":"Point","coordinates":[20.394064,44.82707]},"properties":{"name":"SC 11. april","lines":"72N, 74, 75, 76, 77, 708","arr":["72N","74","75","76","77","708"],"terminus":0,"mode":"bus","color":"#0059a9","colorDark":"#00294f","angle":186.9,"snapDist":5,"label":0}},{"type":"Feature","geometry":{"type":"Point","coordinates":[20.383936,44.802364]},"properties":{"name":"Pijaca Blok 44","lines":"73, 82","arr":["73","82"],"terminus":0,"mode":"bus","color":"#0059a9","colorDark":"#00294f","angle":159.4,"snapDist":8,"label":1}},{"type":"Feature","geometry":{"type":"Point","coordinates":[20.378056,44.859025]},"properties":{"name":"Zemun /Gornji grad/","lines":"73, 84, 703, 704, 705, 706, 706E, 706N, 707","arr":["73","84","703","704","705","706","706E","706N","707"],"terminus":0,"mode":"bus","color":"#0059a9","colorDark":"#00294f","angle":32.5,"snapDist":10,"label":0}},{"type":"Feature","geometry":{"type":"Point","coordinates":[20.363906,44.865243]},"properties":{"name":"Geomašina","lines":"73, 704, 705, 706, 706N","arr":["73","704","705","706","706N"],"terminus":0,"mode":"bus","color":"#0059a9","colorDark":"#00294f","angle":25,"snapDist":5,"label":1}},{"type":"Feature","geometry":{"type":"Point","coordinates":[20.358645,44.867486]},"properties":{"name":"Preduzeće Galenika Magmasil","lines":"73, 704, 705, 706, 706N","arr":["73","704","705","706","706N"],"terminus":0,"mode":"bus","color":"#0059a9","colorDark":"#00294f","angle":31.4,"snapDist":6,"label":1}},{"type":"Feature","geometry":{"type":"Point","coordinates":[20.353722,44.869646]},"properties":{"name":"Coca-Cola","lines":"73, 704, 705, 706, 706E, 706N","arr":["73","704","705","706","706E","706N"],"terminus":0,"mode":"bus","color":"#0059a9","colorDark":"#00294f","angle":32.7,"snapDist":4,"label":1}},{"type":"Feature","geometry":{"type":"Point","coordinates":[20.343749,44.873959]},"properties":{"name":"Elektronska industrija","lines":"73, 704, 705, 706, 706N","arr":["73","704","705","706","706N"],"terminus":0,"mode":"bus","color":"#0059a9","colorDark":"#00294f","angle":30,"snapDist":6,"label":1}},{"type":"Feature","geometry":{"type":"Point","coordinates":[20.333937,44.878208]},"properties":{"name":"Put za 13. maj","lines":"73, 703, 705, 706, 706N","arr":["73","703","705","706","706N"],"terminus":0,"mode":"bus","color":"#0059a9","colorDark":"#00294f","angle":30.7,"snapDist":10,"label":1}},{"type":"Feature","geometry":{"type":"Point","coordinates":[20.329392,44.880158]},"properties":{"name":"Bolnica","lines":"73, 703, 706, 706E, 706N","arr":["73","703","706","706E","706N"],"terminus":0,"mode":"bus","color":"#0059a9","colorDark":"#00294f","angle":31.5,"snapDist":5,"label":1}},{"type":"Feature","geometry":{"type":"Point","coordinates":[20.316822,44.885635]},"properties":{"name":"Ciglana","lines":"73, 703, 706, 706N","arr":["73","703","706","706N"],"terminus":0,"mode":"bus","color":"#0059a9","colorDark":"#00294f","angle":32.7,"snapDist":9,"label":1}},{"type":"Feature","geometry":{"type":"Point","coordinates":[20.308534,44.889435]},"properties":{"name":"Naselje ekonomija","lines":"73, 703, 706, 706E, 706N","arr":["73","703","706","706E","706N"],"terminus":0,"mode":"bus","color":"#0059a9","colorDark":"#00294f","angle":33.1,"snapDist":6,"label":1}},{"type":"Feature","geometry":{"type":"Point","coordinates":[20.301947,44.892436]},"properties":{"name":"Belarička","lines":"73, 703, 706, 706E, 706N","arr":["73","703","706","706E","706N"],"terminus":0,"mode":"bus","color":"#0059a9","colorDark":"#00294f","angle":33.1,"snapDist":9,"label":1}},{"type":"Feature","geometry":{"type":"Point","coordinates":[20.295325,44.895462]},"properties":{"name":"Batajnica (ulaz)","lines":"73, 703, 706, 706E, 706N","arr":["73","703","706","706E","706N"],"terminus":0,"mode":"bus","color":"#0059a9","colorDark":"#00294f","angle":33.1,"snapDist":6,"label":1}},{"type":"Feature","geometry":{"type":"Point","coordinates":[20.291593,44.897181]},"properties":{"name":"Maksima Brankovića","lines":"73, 706, 706E, 706N","arr":["73","706","706E","706N"],"terminus":0,"mode":"bus","color":"#0059a9","colorDark":"#00294f","angle":33.6,"snapDist":12,"label":1}},{"type":"Feature","geometry":{"type":"Point","coordinates":[20.285568,44.900028]},"properties":{"name":"Braće Smiljanić","lines":"73, 706, 706E, 706N","arr":["73","706","706E","706N"],"terminus":0,"mode":"bus","color":"#0059a9","colorDark":"#00294f","angle":34,"snapDist":10,"label":1}},{"type":"Feature","geometry":{"type":"Point","coordinates":[20.280892,44.902591]},"properties":{"name":"Majke Jugovića","lines":"73, 706, 706E, 706N","arr":["73","706","706E","706N"],"terminus":0,"mode":"bus","color":"#0059a9","colorDark":"#00294f","angle":39.3,"snapDist":9,"label":1}},{"type":"Feature","geometry":{"type":"Point","coordinates":[20.274324,44.905668]},"properties":{"name":"Batajnica (centar)","lines":"73, 702, 703","arr":["73","702","703"],"terminus":0,"mode":"bus","color":"#0059a9","colorDark":"#00294f","angle":311.3,"snapDist":6,"label":1}},{"type":"Feature","geometry":{"type":"Point","coordinates":[20.269725,44.901883]},"properties":{"name":"Batajnica /železnička rampa/","lines":"73, 702, 703","arr":["73","702","703"],"terminus":0,"mode":"bus","color":"#0059a9","colorDark":"#00294f","angle":313.7,"snapDist":3,"label":1}},{"type":"Feature","geometry":{"type":"Point","coordinates":[20.270974,44.899948]},"properties":{"name":"Batajnica /železnička stanica/","lines":"73, 702, 703","arr":["73","702","703"],"terminus":1,"mode":"bus","color":"#0059a9","colorDark":"#00294f","angle":235.9,"snapDist":3,"label":1}},{"type":"Feature","geometry":{"type":"Point","coordinates":[20.270394,44.902433]},"properties":{"name":"Batajnica /železnička rampa/","lines":"73, 700, 702, 703","arr":["73","700","702","703"],"terminus":0,"mode":"bus","color":"#0059a9","colorDark":"#00294f","angle":130.6,"snapDist":3,"label":0}},{"type":"Feature","geometry":{"type":"Point","coordinates":[20.275309,44.905821]},"properties":{"name":"Batajnica (centar)","lines":"73, 703, 706, 706E, 706N","arr":["73","703","706","706E","706N"],"terminus":0,"mode":"bus","color":"#0059a9","colorDark":"#00294f","angle":219.3,"snapDist":9,"label":0}},{"type":"Feature","geometry":{"type":"Point","coordinates":[20.282587,44.901594]},"properties":{"name":"Majke Jugovića","lines":"73, 703, 706, 706E, 706N","arr":["73","703","706","706E","706N"],"terminus":0,"mode":"bus","color":"#0059a9","colorDark":"#00294f","angle":219.3,"snapDist":8,"label":0}},{"type":"Feature","geometry":{"type":"Point","coordinates":[20.287157,44.899273]},"properties":{"name":"Braće Smiljanić","lines":"73, 703, 706, 706E, 706N","arr":["73","703","706","706E","706N"],"terminus":0,"mode":"bus","color":"#0059a9","colorDark":"#00294f","angle":213.8,"snapDist":7,"label":0}},{"type":"Feature","geometry":{"type":"Point","coordinates":[20.289822,44.898017]},"properties":{"name":"Maksima Brankovića","lines":"73, 703, 706, 706E, 706N","arr":["73","703","706","706E","706N"],"terminus":0,"mode":"bus","color":"#0059a9","colorDark":"#00294f","angle":213.5,"snapDist":5,"label":0}},{"type":"Feature","geometry":{"type":"Point","coordinates":[20.296528,44.894914]},"properties":{"name":"Batajnica (ulaz)","lines":"73, 703, 706, 706E, 706N","arr":["73","703","706","706E","706N"],"terminus":0,"mode":"bus","color":"#0059a9","colorDark":"#00294f","angle":212.1,"snapDist":8,"label":0}},{"type":"Feature","geometry":{"type":"Point","coordinates":[20.300949,44.892898]},"properties":{"name":"Belarička","lines":"73, 703, 706, 706E, 706N","arr":["73","703","706","706E","706N"],"terminus":0,"mode":"bus","color":"#0059a9","colorDark":"#00294f","angle":213.1,"snapDist":7,"label":0}},{"type":"Feature","geometry":{"type":"Point","coordinates":[20.31015,44.888684]},"properties":{"name":"Naselje ekonomija","lines":"73, 703, 706, 706E, 706N","arr":["73","703","706","706E","706N"],"terminus":0,"mode":"bus","color":"#0059a9","colorDark":"#00294f","angle":213.3,"snapDist":6,"label":0}},{"type":"Feature","geometry":{"type":"Point","coordinates":[20.318318,44.884969]},"properties":{"name":"Ciglana","lines":"73, 703, 706, 706N","arr":["73","703","706","706N"],"terminus":0,"mode":"bus","color":"#0059a9","colorDark":"#00294f","angle":211.9,"snapDist":10,"label":0}},{"type":"Feature","geometry":{"type":"Point","coordinates":[20.331989,44.879043]},"properties":{"name":"Bolnica","lines":"73, 703, 706, 706E, 706N","arr":["73","703","706","706E","706N"],"terminus":0,"mode":"bus","color":"#0059a9","colorDark":"#00294f","angle":211.3,"snapDist":11,"label":1}},{"type":"Feature","geometry":{"type":"Point","coordinates":[20.334513,44.877954]},"properties":{"name":"Put za 13. maj","lines":"73, 703, 705, 706, 706N","arr":["73","703","705","706","706N"],"terminus":0,"mode":"bus","color":"#0059a9","colorDark":"#00294f","angle":211.4,"snapDist":9,"label":0}},{"type":"Feature","geometry":{"type":"Point","coordinates":[20.344159,44.873789]},"properties":{"name":"Elektronska industrija","lines":"73, 704, 705, 706, 706N","arr":["73","704","705","706","706N"],"terminus":0,"mode":"bus","color":"#0059a9","colorDark":"#00294f","angle":210.6,"snapDist":10,"label":0}},{"type":"Feature","geometry":{"type":"Point","coordinates":[20.356324,44.868469]},"properties":{"name":"Coca-Cola","lines":"73, 704, 705, 706, 706E, 706N","arr":["73","704","705","706","706E","706N"],"terminus":0,"mode":"bus","color":"#0059a9","colorDark":"#00294f","angle":211.2,"snapDist":5,"label":1}},{"type":"Feature","geometry":{"type":"Point","coordinates":[20.360381,44.866712]},"properties":{"name":"Preduzeće Galenika Magmasil","lines":"73, 704, 705, 706, 706N","arr":["73","704","705","706","706N"],"terminus":0,"mode":"bus","color":"#0059a9","colorDark":"#00294f","angle":211.4,"snapDist":8,"label":0}},{"type":"Feature","geometry":{"type":"Point","coordinates":[20.365007,44.864694]},"properties":{"name":"Geomašina","lines":"73, 704, 705, 706, 706N","arr":["73","704","705","706","706N"],"terminus":0,"mode":"bus","color":"#0059a9","colorDark":"#00294f","angle":211.8,"snapDist":2,"label":0}},{"type":"Feature","geometry":{"type":"Point","coordinates":[20.378423,44.858858]},"properties":{"name":"Zemun /Gornji grad/","lines":"73, 84, 703, 704, 705, 706, 706E, 706N, 707","arr":["73","84","703","704","705","706","706E","706N","707"],"terminus":0,"mode":"bus","color":"#0059a9","colorDark":"#00294f","angle":212.5,"snapDist":6,"label":0}},{"type":"Feature","geometry":{"type":"Point","coordinates":[20.384466,44.802724]},"properties":{"name":"Pijaca Blok 44","lines":"73, 82","arr":["73","82"],"terminus":0,"mode":"bus","color":"#0059a9","colorDark":"#00294f","angle":341.2,"snapDist":8,"label":0}},{"type":"Feature","geometry":{"type":"Point","coordinates":[20.464178,44.806502]},"properties":{"name":"RK Beograđanka","lines":"74","arr":["74"],"terminus":0,"mode":"bus","color":"#0059a9","colorDark":"#00294f","angle":129.1,"snapDist":5,"label":0}},{"type":"Feature","geometry":{"type":"Point","coordinates":[20.472138,44.806765]},"properties":{"name":"Pravni fakultet","lines":"74, 202N, 302N, 307N, EKO1","arr":["74","202N","302N","307N","EKO1"],"terminus":0,"mode":"bus","color":"#0059a9","colorDark":"#00294f","angle":210.9,"snapDist":5,"label":0}},{"type":"Feature","geometry":{"type":"Point","coordinates":[20.475632,44.805287]},"properties":{"name":"Tehnički fakulteti","lines":"74, 202N, 302N, 307N, EKO1","arr":["74","202N","302N","307N","EKO1"],"terminus":0,"mode":"bus","color":"#0059a9","colorDark":"#00294f","angle":211,"snapDist":5,"label":1}},{"type":"Feature","geometry":{"type":"Point","coordinates":[20.478323,44.80563]},"properties":{"name":"Vukov spomenik","lines":"74, 202N","arr":["74","202N"],"terminus":0,"mode":"bus","color":"#0059a9","colorDark":"#00294f","angle":137.5,"snapDist":9,"label":0}},{"type":"Feature","geometry":{"type":"Point","coordinates":[20.476247,44.805162]},"properties":{"name":"Tehnički fakulteti","lines":"74, 202N, 301Na, 302N, 307N, 307Na, EKO1","arr":["74","202N","301Na","302N","307N","307Na","EKO1"],"terminus":0,"mode":"bus","color":"#0059a9","colorDark":"#00294f","angle":30.8,"snapDist":6,"label":0}},{"type":"Feature","geometry":{"type":"Point","coordinates":[20.472192,44.806901]},"properties":{"name":"Pravni fakultet","lines":"74, 202N, 301Na, 302N, 307N, 307Na, EKO1","arr":["74","202N","301Na","302N","307N","307Na","EKO1"],"terminus":0,"mode":"bus","color":"#0059a9","colorDark":"#00294f","angle":31.9,"snapDist":8,"label":0}},{"type":"Feature","geometry":{"type":"Point","coordinates":[20.468838,44.808843]},"properties":{"name":"Park Tašmajdan","lines":"74, EKO1","arr":["74","EKO1"],"terminus":0,"mode":"bus","color":"#0059a9","colorDark":"#00294f","angle":41.1,"snapDist":11,"label":1}},{"type":"Feature","geometry":{"type":"Point","coordinates":[20.3816,44.825755]},"properties":{"name":"JKP Zelenilo Beograd","lines":"76","arr":["76"],"terminus":0,"mode":"bus","color":"#0059a9","colorDark":"#00294f","angle":108.6,"snapDist":5,"label":1}},{"type":"Feature","geometry":{"type":"Point","coordinates":[20.38555,44.827031]},"properties":{"name":"Hotel Nacional","lines":"76","arr":["76"],"terminus":0,"mode":"bus","color":"#0059a9","colorDark":"#00294f","angle":233.4,"snapDist":2,"label":1}},{"type":"Feature","geometry":{"type":"Point","coordinates":[20.389004,44.827576]},"properties":{"name":"Zelengorska","lines":"76, 77","arr":["76","77"],"terminus":0,"mode":"bus","color":"#0059a9","colorDark":"#00294f","angle":10.5,"snapDist":6,"label":1}},{"type":"Feature","geometry":{"type":"Point","coordinates":[20.382747,44.829203]},"properties":{"name":"KBC Bežanijska kosa","lines":"76, 77","arr":["76","77"],"terminus":0,"mode":"bus","color":"#0059a9","colorDark":"#00294f","angle":21.1,"snapDist":6,"label":1}},{"type":"Feature","geometry":{"type":"Point","coordinates":[20.380146,44.829896]},"properties":{"name":"Bežanijska kosa","lines":"76, 77","arr":["76","77"],"terminus":1,"mode":"bus","color":"#0059a9","colorDark":"#00294f","angle":16.3,"snapDist":5,"label":1}},{"type":"Feature","geometry":{"type":"Point","coordinates":[20.38363,44.828948]},"properties":{"name":"KBC Bežanijska kosa","lines":"76, 77","arr":["76","77"],"terminus":0,"mode":"bus","color":"#0059a9","colorDark":"#00294f","angle":202.9,"snapDist":4,"label":0}},{"type":"Feature","geometry":{"type":"Point","coordinates":[20.389254,44.827545]},"properties":{"name":"Zelengorska","lines":"76, 77","arr":["76","77"],"terminus":0,"mode":"bus","color":"#0059a9","colorDark":"#00294f","angle":189.9,"snapDist":6,"label":0}},{"type":"Feature","geometry":{"type":"Point","coordinates":[20.386045,44.826568]},"properties":{"name":"Hotel Nacional","lines":"76","arr":["76"],"terminus":0,"mode":"bus","color":"#0059a9","colorDark":"#00294f","angle":19.4,"snapDist":2,"label":0}},{"type":"Feature","geometry":{"type":"Point","coordinates":[20.38139,44.825315]},"properties":{"name":"JKP Zelenilo Beograd","lines":"76","arr":["76"],"terminus":0,"mode":"bus","color":"#0059a9","colorDark":"#00294f","angle":288.5,"snapDist":4,"label":0}},{"type":"Feature","geometry":{"type":"Point","coordinates":[20.480229,44.810296]},"properties":{"name":"Bistrička","lines":"77, 79, 304N, 304Na, 304Nb","arr":["77","79","304N","304Na","304Nb"],"terminus":0,"mode":"bus","color":"#0059a9","colorDark":"#00294f","angle":58.5,"snapDist":5,"label":1}},{"type":"Feature","geometry":{"type":"Point","coordinates":[20.389318,44.83069]},"properties":{"name":"Rasadnik","lines":"77","arr":["77"],"terminus":0,"mode":"bus","color":"#0059a9","colorDark":"#00294f","angle":106.9,"snapDist":5,"label":1}},{"type":"Feature","geometry":{"type":"Point","coordinates":[20.390544,44.833406]},"properties":{"name":"Dom penzionera","lines":"77","arr":["77"],"terminus":0,"mode":"bus","color":"#0059a9","colorDark":"#00294f","angle":353.7,"snapDist":4,"label":1}},{"type":"Feature","geometry":{"type":"Point","coordinates":[20.499047,44.799957]},"properties":{"name":"Gradska bolnica","lines":"79, 304N, 304Na, 304Nb","arr":["79","304N","304Na","304Nb"],"terminus":0,"mode":"bus","color":"#0059a9","colorDark":"#00294f","angle":196.1,"snapDist":3,"label":0}},{"type":"Feature","geometry":{"type":"Point","coordinates":[20.499545,44.795201]},"properties":{"name":"Batutova","lines":"79, 304N, 304Na, 304Nb","arr":["79","304N","304Na","304Nb"],"terminus":0,"mode":"bus","color":"#0059a9","colorDark":"#00294f","angle":210.9,"snapDist":10,"label":1}},{"type":"Feature","geometry":{"type":"Point","coordinates":[20.504965,44.793076]},"properties":{"name":"Pijaca Zvezdara","lines":"79, 302N, 304N, 304Na, 304Nb, 307N","arr":["79","302N","304N","304Na","304Nb","307N"],"terminus":0,"mode":"bus","color":"#0059a9","colorDark":"#00294f","angle":210.4,"snapDist":6,"label":1}},{"type":"Feature","geometry":{"type":"Point","coordinates":[20.537104,44.790608]},"properties":{"name":"Matice srpske /pijaca/","lines":"79","arr":["79"],"terminus":0,"mode":"bus","color":"#0059a9","colorDark":"#00294f","angle":41.2,"snapDist":4,"label":1}},{"type":"Feature","geometry":{"type":"Point","coordinates":[20.533705,44.794722]},"properties":{"name":"Lazara Trifunovića","lines":"79","arr":["79"],"terminus":0,"mode":"bus","color":"#0059a9","colorDark":"#00294f","angle":62.7,"snapDist":5,"label":1}},{"type":"Feature","geometry":{"type":"Point","coordinates":[20.536657,44.793669]},"properties":{"name":"Mirijevo 3","lines":"79","arr":["79"],"terminus":0,"mode":"bus","color":"#0059a9","colorDark":"#00294f","angle":39.6,"snapDist":5,"label":0}},{"type":"Feature","geometry":{"type":"Point","coordinates":[20.534102,44.794143]},"properties":{"name":"Lazara Trifunovića","lines":"79","arr":["79"],"terminus":0,"mode":"bus","color":"#0059a9","colorDark":"#00294f","angle":245.5,"snapDist":4,"label":0}},{"type":"Feature","geometry":{"type":"Point","coordinates":[20.537424,44.790362]},"properties":{"name":"Matice srpske /pijaca/","lines":"79","arr":["79"],"terminus":0,"mode":"bus","color":"#0059a9","colorDark":"#00294f","angle":233.7,"snapDist":4,"label":0}},{"type":"Feature","geometry":{"type":"Point","coordinates":[20.504695,44.793187]},"properties":{"name":"Pijaca Zvezdara","lines":"79, 301Na, 302N, 304N, 304Na, 304Nb, 307N, 307Na","arr":["79","301Na","302N","304N","304Na","304Nb","307N","307Na"],"terminus":0,"mode":"bus","color":"#0059a9","colorDark":"#00294f","angle":29.8,"snapDist":13,"label":0}},{"type":"Feature","geometry":{"type":"Point","coordinates":[20.499656,44.79531]},"properties":{"name":"Batutova","lines":"79, 304N, 304Na, 304Nb","arr":["79","304N","304Na","304Nb"],"terminus":0,"mode":"bus","color":"#0059a9","colorDark":"#00294f","angle":32.4,"snapDist":8,"label":0}},{"type":"Feature","geometry":{"type":"Point","coordinates":[20.455939,44.829621]},"properties":{"name":"Dorćol /SRC Milan Gale Muškatirović/","lines":"79","arr":["79"],"terminus":1,"mode":"bus","color":"#0059a9","colorDark":"#00294f","angle":275.1,"snapDist":5,"label":0}},{"type":"Feature","geometry":{"type":"Point","coordinates":[20.374456,44.848351]},"properties":{"name":"Glavni poštanski centar","lines":"81, 81L, 707N","arr":["81","81L","707N"],"terminus":0,"mode":"bus","color":"#0059a9","colorDark":"#00294f","angle":341.8,"snapDist":9,"label":1}},{"type":"Feature","geometry":{"type":"Point","coordinates":[20.370106,44.848174]},"properties":{"name":"Ratarski put","lines":"81, 707","arr":["81","707"],"terminus":0,"mode":"bus","color":"#0059a9","colorDark":"#00294f","angle":43.2,"snapDist":6,"label":1}},{"type":"Feature","geometry":{"type":"Point","coordinates":[20.367408,44.850018]},"properties":{"name":"Ugrinovački put","lines":"81, 707","arr":["81","707"],"terminus":0,"mode":"bus","color":"#0059a9","colorDark":"#00294f","angle":43.5,"snapDist":5,"label":1}},{"type":"Feature","geometry":{"type":"Point","coordinates":[20.365043,44.851628]},"properties":{"name":"Juga Grizelja","lines":"81, 707","arr":["81","707"],"terminus":0,"mode":"bus","color":"#0059a9","colorDark":"#00294f","angle":43.7,"snapDist":6,"label":1}},{"type":"Feature","geometry":{"type":"Point","coordinates":[20.360753,44.853652]},"properties":{"name":"Ljiljane Krstić","lines":"81, 707N","arr":["81","707N"],"terminus":0,"mode":"bus","color":"#0059a9","colorDark":"#00294f","angle":351.7,"snapDist":5,"label":1}},{"type":"Feature","geometry":{"type":"Point","coordinates":[20.3549,44.85307]},"properties":{"name":"Altina","lines":"81, 707N","arr":["81","707N"],"terminus":0,"mode":"bus","color":"#0059a9","colorDark":"#00294f","angle":352.3,"snapDist":5,"label":1}},{"type":"Feature","geometry":{"type":"Point","coordinates":[20.34858,44.85228]},"properties":{"name":"Kortesarova","lines":"81, 81L","arr":["81","81L"],"terminus":0,"mode":"bus","color":"#0059a9","colorDark":"#00294f","angle":42.7,"snapDist":5,"label":1}},{"type":"Feature","geometry":{"type":"Point","coordinates":[20.346619,44.853527]},"properties":{"name":"Konstantina Kavafija","lines":"81, 81L","arr":["81","81L"],"terminus":0,"mode":"bus","color":"#0059a9","colorDark":"#00294f","angle":42.3,"snapDist":4,"label":1}},{"type":"Feature","geometry":{"type":"Point","coordinates":[20.343916,44.855242]},"properties":{"name":"Emila Zatopeka","lines":"81, 81L","arr":["81","81L"],"terminus":0,"mode":"bus","color":"#0059a9","colorDark":"#00294f","angle":41.7,"snapDist":5,"label":1}},{"type":"Feature","geometry":{"type":"Point","coordinates":[20.340918,44.857143]},"properties":{"name":"Dijega Rivere","lines":"81, 81L","arr":["81","81L"],"terminus":0,"mode":"bus","color":"#0059a9","colorDark":"#00294f","angle":42.3,"snapDist":4,"label":1}},{"type":"Feature","geometry":{"type":"Point","coordinates":[20.339496,44.859253]},"properties":{"name":"Altina 1","lines":"81, 81L","arr":["81","81L"],"terminus":1,"mode":"bus","color":"#0059a9","colorDark":"#00294f","angle":352.5,"snapDist":5,"label":1}},{"type":"Feature","geometry":{"type":"Point","coordinates":[20.341513,44.856763]},"properties":{"name":"Dijega Rivere","lines":"81, 81L","arr":["81","81L"],"terminus":0,"mode":"bus","color":"#0059a9","colorDark":"#00294f","angle":221.8,"snapDist":3,"label":0}},{"type":"Feature","geometry":{"type":"Point","coordinates":[20.344533,44.85485]},"properties":{"name":"Emila Zatopeka","lines":"81, 81L","arr":["81","81L"],"terminus":0,"mode":"bus","color":"#0059a9","colorDark":"#00294f","angle":221.9,"snapDist":3,"label":0}},{"type":"Feature","geometry":{"type":"Point","coordinates":[20.347176,44.85317]},"properties":{"name":"Konstantina Kavafija","lines":"81, 81L","arr":["81","81L"],"terminus":0,"mode":"bus","color":"#0059a9","colorDark":"#00294f","angle":221.7,"snapDist":4,"label":0}},{"type":"Feature","geometry":{"type":"Point","coordinates":[20.350089,44.851321]},"properties":{"name":"Episkopa Nikolaja","lines":"81, 81L","arr":["81","81L"],"terminus":0,"mode":"bus","color":"#0059a9","colorDark":"#00294f","angle":222.1,"snapDist":5,"label":1}},{"type":"Feature","geometry":{"type":"Point","coordinates":[20.355534,44.85313]},"properties":{"name":"Altina","lines":"81, 707N","arr":["81","707N"],"terminus":0,"mode":"bus","color":"#0059a9","colorDark":"#00294f","angle":172.3,"snapDist":6,"label":0}},{"type":"Feature","geometry":{"type":"Point","coordinates":[20.362299,44.853478]},"properties":{"name":"Ljiljane Krstić","lines":"81, 707","arr":["81","707"],"terminus":0,"mode":"bus","color":"#0059a9","colorDark":"#00294f","angle":225.1,"snapDist":6,"label":0}},{"type":"Feature","geometry":{"type":"Point","coordinates":[20.364613,44.851919]},"properties":{"name":"Juga Grizelja","lines":"81, 707","arr":["81","707"],"terminus":0,"mode":"bus","color":"#0059a9","colorDark":"#00294f","angle":223.5,"snapDist":4,"label":0}},{"type":"Feature","geometry":{"type":"Point","coordinates":[20.367852,44.849718]},"properties":{"name":"Ugrinovački put","lines":"81, 707","arr":["81","707"],"terminus":0,"mode":"bus","color":"#0059a9","colorDark":"#00294f","angle":223.8,"snapDist":3,"label":0}},{"type":"Feature","geometry":{"type":"Point","coordinates":[20.36964,44.848489]},"properties":{"name":"Ratarski put","lines":"81, 707","arr":["81","707"],"terminus":0,"mode":"bus","color":"#0059a9","colorDark":"#00294f","angle":224.1,"snapDist":4,"label":0}},{"type":"Feature","geometry":{"type":"Point","coordinates":[20.373624,44.848144]},"properties":{"name":"Glavni poštanski centar","lines":"81, 81L, 707N","arr":["81","81L","707N"],"terminus":0,"mode":"bus","color":"#0059a9","colorDark":"#00294f","angle":158.8,"snapDist":5,"label":0}},{"type":"Feature","geometry":{"type":"Point","coordinates":[20.36912,44.847393]},"properties":{"name":"Dobanovački put","lines":"81L, 707N","arr":["81L","707N"],"terminus":0,"mode":"bus","color":"#0059a9","colorDark":"#00294f","angle":351.9,"snapDist":5,"label":1}},{"type":"Feature","geometry":{"type":"Point","coordinates":[20.365487,44.847025]},"properties":{"name":"Abebe Bikila","lines":"81L, 707N","arr":["81L","707N"],"terminus":0,"mode":"bus","color":"#0059a9","colorDark":"#00294f","angle":352.4,"snapDist":4,"label":1}},{"type":"Feature","geometry":{"type":"Point","coordinates":[20.361557,44.846611]},"properties":{"name":"Zire Adamović","lines":"81L, 707N","arr":["81L","707N"],"terminus":0,"mode":"bus","color":"#0059a9","colorDark":"#00294f","angle":350.5,"snapDist":5,"label":1}},{"type":"Feature","geometry":{"type":"Point","coordinates":[20.35885,44.846322]},"properties":{"name":"Vrtić Milica","lines":"81L, 707N","arr":["81L","707N"],"terminus":0,"mode":"bus","color":"#0059a9","colorDark":"#00294f","angle":351.9,"snapDist":5,"label":1}},{"type":"Feature","geometry":{"type":"Point","coordinates":[20.356103,44.847204]},"properties":{"name":"Pavla Vujisića","lines":"81L, 707N","arr":["81L","707N"],"terminus":0,"mode":"bus","color":"#0059a9","colorDark":"#00294f","angle":49.6,"snapDist":6,"label":1}},{"type":"Feature","geometry":{"type":"Point","coordinates":[20.351649,44.85031]},"properties":{"name":"Viktora Starčića","lines":"81L, 707N","arr":["81L","707N"],"terminus":0,"mode":"bus","color":"#0059a9","colorDark":"#00294f","angle":41.5,"snapDist":6,"label":1}},{"type":"Feature","geometry":{"type":"Point","coordinates":[20.352166,44.849986]},"properties":{"name":"Viktora Starčića","lines":"81L, 707N","arr":["81L","707N"],"terminus":0,"mode":"bus","color":"#0059a9","colorDark":"#00294f","angle":221.5,"snapDist":3,"label":0}},{"type":"Feature","geometry":{"type":"Point","coordinates":[20.356671,44.846758]},"properties":{"name":"Pavla Vujisića","lines":"81L, 707N","arr":["81L","707N"],"terminus":0,"mode":"bus","color":"#0059a9","colorDark":"#00294f","angle":227.1,"snapDist":3,"label":0}},{"type":"Feature","geometry":{"type":"Point","coordinates":[20.359862,44.846425]},"properties":{"name":"Vrtić Milica","lines":"81L, 707N","arr":["81L","707N"],"terminus":0,"mode":"bus","color":"#0059a9","colorDark":"#00294f","angle":171.3,"snapDist":3,"label":0}},{"type":"Feature","geometry":{"type":"Point","coordinates":[20.361951,44.846657]},"properties":{"name":"Zire Adamović","lines":"81L, 707N","arr":["81L","707N"],"terminus":0,"mode":"bus","color":"#0059a9","colorDark":"#00294f","angle":171.3,"snapDist":6,"label":0}},{"type":"Feature","geometry":{"type":"Point","coordinates":[20.366156,44.847091]},"properties":{"name":"Abebe Bikila","lines":"81L, 707N","arr":["81L","707N"],"terminus":0,"mode":"bus","color":"#0059a9","colorDark":"#00294f","angle":173.6,"snapDist":5,"label":0}},{"type":"Feature","geometry":{"type":"Point","coordinates":[20.370795,44.847557]},"properties":{"name":"Dobanovački put","lines":"81L, 707N","arr":["81L","707N"],"terminus":0,"mode":"bus","color":"#0059a9","colorDark":"#00294f","angle":172.8,"snapDist":9,"label":0}},{"type":"Feature","geometry":{"type":"Point","coordinates":[20.415165,44.843011]},"properties":{"name":"Kej oslobođenja","lines":"82, 88, 610, 611, 703, 705, 706E","arr":["82","88","610","611","703","705","706E"],"terminus":1,"mode":"bus","color":"#0059a9","colorDark":"#00294f","angle":316.6,"snapDist":3,"label":1}},{"type":"Feature","geometry":{"type":"Point","coordinates":[20.371179,44.817341]},"properties":{"name":"Bežanijska kosa /groblje/","lines":"82, 613","arr":["82","613"],"terminus":0,"mode":"bus","color":"#0059a9","colorDark":"#00294f","angle":297,"snapDist":7,"label":1}},{"type":"Feature","geometry":{"type":"Point","coordinates":[20.371281,44.815597]},"properties":{"name":"Bežanijska kosa /Grčka/","lines":"82, 613","arr":["82","613"],"terminus":0,"mode":"bus","color":"#0059a9","colorDark":"#00294f","angle":216.9,"snapDist":5,"label":1}},{"type":"Feature","geometry":{"type":"Point","coordinates":[20.374967,44.814528]},"properties":{"name":"Nedeljka Gvozdenovića","lines":"82","arr":["82"],"terminus":0,"mode":"bus","color":"#0059a9","colorDark":"#00294f","angle":200.9,"snapDist":6,"label":1}},{"type":"Feature","geometry":{"type":"Point","coordinates":[20.378237,44.813613]},"properties":{"name":"Raška Dimitrijevića","lines":"82","arr":["82"],"terminus":0,"mode":"bus","color":"#0059a9","colorDark":"#00294f","angle":201.8,"snapDist":4,"label":1}},{"type":"Feature","geometry":{"type":"Point","coordinates":[20.382934,44.809845]},"properties":{"name":"Vojvođanska","lines":"82","arr":["82"],"terminus":0,"mode":"bus","color":"#0059a9","colorDark":"#00294f","angle":239.9,"snapDist":5,"label":1}},{"type":"Feature","geometry":{"type":"Point","coordinates":[20.384011,44.808533]},"properties":{"name":"Blok 63","lines":"82","arr":["82"],"terminus":0,"mode":"bus","color":"#0059a9","colorDark":"#00294f","angle":239.6,"snapDist":5,"label":1}},{"type":"Feature","geometry":{"type":"Point","coordinates":[20.385718,44.80645]},"properties":{"name":"MZ Mladost","lines":"82, 89, 95, E6","arr":["82","89","95","E6"],"terminus":0,"mode":"bus","color":"#0059a9","colorDark":"#00294f","angle":240.3,"snapDist":4,"label":1}},{"type":"Feature","geometry":{"type":"Point","coordinates":[20.387559,44.80434]},"properties":{"name":"Gandijeva","lines":"82, 89, 95, E6","arr":["82","89","95","E6"],"terminus":0,"mode":"bus","color":"#0059a9","colorDark":"#00294f","angle":65.5,"snapDist":7,"label":0}},{"type":"Feature","geometry":{"type":"Point","coordinates":[20.386138,44.806159]},"properties":{"name":"MZ Mladost","lines":"82, 89, 95, E6","arr":["82","89","95","E6"],"terminus":0,"mode":"bus","color":"#0059a9","colorDark":"#00294f","angle":60.1,"snapDist":8,"label":0}},{"type":"Feature","geometry":{"type":"Point","coordinates":[20.384176,44.808565]},"properties":{"name":"Blok 63","lines":"82","arr":["82"],"terminus":0,"mode":"bus","color":"#0059a9","colorDark":"#00294f","angle":59.8,"snapDist":10,"label":0}},{"type":"Feature","geometry":{"type":"Point","coordinates":[20.382278,44.810887]},"properties":{"name":"Vojvođanska","lines":"82","arr":["82"],"terminus":0,"mode":"bus","color":"#0059a9","colorDark":"#00294f","angle":61.4,"snapDist":7,"label":0}},{"type":"Feature","geometry":{"type":"Point","coordinates":[20.376968,44.813975]},"properties":{"name":"Raška Dimitrijevića","lines":"82","arr":["82"],"terminus":0,"mode":"bus","color":"#0059a9","colorDark":"#00294f","angle":21.8,"snapDist":7,"label":0}},{"type":"Feature","geometry":{"type":"Point","coordinates":[20.373065,44.815044]},"properties":{"name":"Nedeljka Gvozdenovića","lines":"82, 613","arr":["82","613"],"terminus":0,"mode":"bus","color":"#0059a9","colorDark":"#00294f","angle":19.9,"snapDist":9,"label":0}},{"type":"Feature","geometry":{"type":"Point","coordinates":[20.371365,44.8176]},"properties":{"name":"Bežanijska kosa /groblje/","lines":"82, 613","arr":["82","613"],"terminus":0,"mode":"bus","color":"#0059a9","colorDark":"#00294f","angle":117,"snapDist":8,"label":0}},{"type":"Feature","geometry":{"type":"Point","coordinates":[20.416049,44.843607]},"properties":{"name":"Kej oslobođenja","lines":"82, 88, 610, 611, 703, 705, 706E","arr":["82","88","610","611","703","705","706E"],"terminus":1,"mode":"bus","color":"#0059a9","colorDark":"#00294f","angle":316.2,"snapDist":1,"label":0}},{"type":"Feature","geometry":{"type":"Point","coordinates":[20.486425,44.797995]},"properties":{"name":"Crveni krst","lines":"83","arr":["83"],"terminus":1,"mode":"bus","color":"#0059a9","colorDark":"#00294f","angle":118.1,"snapDist":8,"label":0}},{"type":"Feature","geometry":{"type":"Point","coordinates":[20.370013,44.857078]},"properties":{"name":"Nova Galenika","lines":"84, 612, 706N","arr":["84","612","706N"],"terminus":1,"mode":"bus","color":"#0059a9","colorDark":"#00294f","angle":301.1,"snapDist":3,"label":1}},{"type":"Feature","geometry":{"type":"Point","coordinates":[20.367648,44.858442]},"properties":{"name":"Mihajla Vukše","lines":"84, 612, 706N","arr":["84","612","706N"],"terminus":0,"mode":"bus","color":"#0059a9","colorDark":"#00294f","angle":30.9,"snapDist":7,"label":1}},{"type":"Feature","geometry":{"type":"Point","coordinates":[20.367621,44.861757]},"properties":{"name":"Galenika","lines":"84, 706N","arr":["84","706N"],"terminus":0,"mode":"bus","color":"#0059a9","colorDark":"#00294f","angle":120.2,"snapDist":7,"label":1}},{"type":"Feature","geometry":{"type":"Point","coordinates":[20.368019,44.86224]},"properties":{"name":"Galenika","lines":"84, 706N","arr":["84","706N"],"terminus":0,"mode":"bus","color":"#0059a9","colorDark":"#00294f","angle":120.1,"snapDist":5,"label":0}},{"type":"Feature","geometry":{"type":"Point","coordinates":[20.365727,44.85951]},"properties":{"name":"Galenika (kapija)","lines":"84, 706N","arr":["84","706N"],"terminus":0,"mode":"bus","color":"#0059a9","colorDark":"#00294f","angle":118.3,"snapDist":5,"label":1}},{"type":"Feature","geometry":{"type":"Point","coordinates":[20.368503,44.858072]},"properties":{"name":"Mihajla Vukše","lines":"84, 612, 706N","arr":["84","612","706N"],"terminus":0,"mode":"bus","color":"#0059a9","colorDark":"#00294f","angle":31.4,"snapDist":1,"label":0}},{"type":"Feature","geometry":{"type":"Point","coordinates":[20.413191,44.804894]},"properties":{"name":"Beogradska autobuska stanica/ulaz/","lines":"85, 600, A1","arr":["85","600","A1"],"terminus":0,"mode":"bus","color":"#0059a9","colorDark":"#00294f","angle":85.2,"snapDist":8,"label":1}},{"type":"Feature","geometry":{"type":"Point","coordinates":[20.379276,44.850582]},"properties":{"name":"Bačka","lines":"85, 103, 105L, 112, 612","arr":["85","103","105L","112","612"],"terminus":0,"mode":"bus","color":"#0059a9","colorDark":"#00294f","angle":83,"snapDist":8,"label":1}},{"type":"Feature","geometry":{"type":"Point","coordinates":[20.377818,44.858333]},"properties":{"name":"Banatska","lines":"85, 103, 105L, 112, 612","arr":["85","103","105L","112","612"],"terminus":0,"mode":"bus","color":"#0059a9","colorDark":"#00294f","angle":82.3,"snapDist":7,"label":1}},{"type":"Feature","geometry":{"type":"Point","coordinates":[20.452737,44.899445]},"properties":{"name":"Groblje Zbeg","lines":"85, 101, 101N, 101Na, 105L, 106, 111, 112","arr":["85","101","101N","101Na","105L","106","111","112"],"terminus":0,"mode":"bus","color":"#0059a9","colorDark":"#00294f","angle":243.3,"snapDist":6,"label":1}},{"type":"Feature","geometry":{"type":"Point","coordinates":[20.456569,44.893777]},"properties":{"name":"Mali zbeg","lines":"85, 101, 101N, 101Na, 105L, 106, 111, 112","arr":["85","101","101N","101Na","105L","106","111","112"],"terminus":0,"mode":"bus","color":"#0059a9","colorDark":"#00294f","angle":244.5,"snapDist":9,"label":1}},{"type":"Feature","geometry":{"type":"Point","coordinates":[20.458294,44.891187]},"properties":{"name":"Pretok","lines":"85, 101, 101N, 101Na, 105L, 106, 111, 112","arr":["85","101","101N","101Na","105L","106","111","112"],"terminus":0,"mode":"bus","color":"#0059a9","colorDark":"#00294f","angle":244.4,"snapDist":8,"label":1}},{"type":"Feature","geometry":{"type":"Point","coordinates":[20.459177,44.886539]},"properties":{"name":"Zrenjaninski put","lines":"85, 96, 101N, 105L","arr":["85","96","101N","105L"],"terminus":0,"mode":"bus","color":"#0059a9","colorDark":"#00294f","angle":308.4,"snapDist":6,"label":1}},{"type":"Feature","geometry":{"type":"Point","coordinates":[20.458014,44.885481]},"properties":{"name":"Drinske divizije","lines":"85, 96, 101N, 105L","arr":["85","96","101N","105L"],"terminus":0,"mode":"bus","color":"#0059a9","colorDark":"#00294f","angle":308.3,"snapDist":3,"label":1}},{"type":"Feature","geometry":{"type":"Point","coordinates":[20.45491,44.882644]},"properties":{"name":"Save Mrkalja","lines":"85, 96, 101N, 105L","arr":["85","96","101N","105L"],"terminus":0,"mode":"bus","color":"#0059a9","colorDark":"#00294f","angle":307.9,"snapDist":5,"label":1}},{"type":"Feature","geometry":{"type":"Point","coordinates":[20.452148,44.880052]},"properties":{"name":"Kombinatova","lines":"85, 95, 95N, 96, 101N, 101Nb, 105L","arr":["85","95","95N","96","101N","101Nb","105L"],"terminus":0,"mode":"bus","color":"#0059a9","colorDark":"#00294f","angle":-52,"snapDist":5,"label":1}},{"type":"Feature","geometry":{"type":"Point","coordinates":[20.451489,44.877124]},"properties":{"name":"Bele Bartoka","lines":"85, 95, 95N, 96, 101N, 101Nb, 105L","arr":["85","95","95N","96","101N","101Nb","105L"],"terminus":0,"mode":"bus","color":"#0059a9","colorDark":"#00294f","angle":340.4,"snapDist":4,"label":1}},{"type":"Feature","geometry":{"type":"Point","coordinates":[20.448334,44.8744]},"properties":{"name":"Borča 3","lines":"85","arr":["85"],"terminus":1,"mode":"bus","color":"#0059a9","colorDark":"#00294f","angle":14.2,"snapDist":18,"label":1}},{"type":"Feature","geometry":{"type":"Point","coordinates":[20.451734,44.877711]},"properties":{"name":"Bele Bartoka","lines":"85, 95, 95N, 96, 101N, 101Nb, 105L","arr":["85","95","95N","96","101N","101Nb","105L"],"terminus":0,"mode":"bus","color":"#0059a9","colorDark":"#00294f","angle":72,"snapDist":4,"label":0}},{"type":"Feature","geometry":{"type":"Point","coordinates":[20.452829,44.880687]},"properties":{"name":"Kombinatova","lines":"85, 95, 95N, 96, 101N, 101Nb, 105L","arr":["85","95","95N","96","101N","101Nb","105L"],"terminus":0,"mode":"bus","color":"#0059a9","colorDark":"#00294f","angle":127.5,"snapDist":5,"label":0}},{"type":"Feature","geometry":{"type":"Point","coordinates":[20.454805,44.882547]},"properties":{"name":"Save Mrkalja","lines":"85, 96, 101N, 105L","arr":["85","96","101N","105L"],"terminus":0,"mode":"bus","color":"#0059a9","colorDark":"#00294f","angle":127.9,"snapDist":4,"label":0}},{"type":"Feature","geometry":{"type":"Point","coordinates":[20.457576,44.88508]},"properties":{"name":"Drinske divizije","lines":"85, 96, 101N, 105L","arr":["85","96","101N","105L"],"terminus":0,"mode":"bus","color":"#0059a9","colorDark":"#00294f","angle":127.4,"snapDist":5,"label":0}},{"type":"Feature","geometry":{"type":"Point","coordinates":[20.460095,44.888509]},"properties":{"name":"Bratstva i jedinstva","lines":"85, 101, 101N, 105L, 106, 111, 112","arr":["85","101","101N","105L","106","111","112"],"terminus":0,"mode":"bus","color":"#0059a9","colorDark":"#00294f","angle":64.4,"snapDist":8,"label":1}},{"type":"Feature","geometry":{"type":"Point","coordinates":[20.457583,44.892252]},"properties":{"name":"Pretok","lines":"85, 101, 101N, 105L, 106, 111, 112","arr":["85","101","101N","105L","106","111","112"],"terminus":0,"mode":"bus","color":"#0059a9","colorDark":"#00294f","angle":65,"snapDist":10,"label":0}},{"type":"Feature","geometry":{"type":"Point","coordinates":[20.455659,44.895141]},"properties":{"name":"Mali zbeg","lines":"85, 101, 101N, 105L, 106, 111, 112","arr":["85","101","101N","105L","106","111","112"],"terminus":0,"mode":"bus","color":"#0059a9","colorDark":"#00294f","angle":64.2,"snapDist":8,"label":0}},{"type":"Feature","geometry":{"type":"Point","coordinates":[20.453687,44.89807]},"properties":{"name":"Groblje Zbeg","lines":"85, 101, 101N, 105L, 106, 111, 112","arr":["85","101","101N","105L","106","111","112"],"terminus":0,"mode":"bus","color":"#0059a9","colorDark":"#00294f","angle":65.2,"snapDist":6,"label":0}},{"type":"Feature","geometry":{"type":"Point","coordinates":[20.377974,44.857516]},"properties":{"name":"Banatska","lines":"85, 103, 105L, 112, 612","arr":["85","103","105L","112","612"],"terminus":0,"mode":"bus","color":"#0059a9","colorDark":"#00294f","angle":261.4,"snapDist":3,"label":0}},{"type":"Feature","geometry":{"type":"Point","coordinates":[20.380309,44.849724]},"properties":{"name":"Bačka","lines":"85, 612","arr":["85","612"],"terminus":0,"mode":"bus","color":"#0059a9","colorDark":"#00294f","angle":161.5,"snapDist":7,"label":0}},{"type":"Feature","geometry":{"type":"Point","coordinates":[20.412946,44.805052]},"properties":{"name":"Beogradska autobuska stanica/ulaz/","lines":"85, 600","arr":["85","600"],"terminus":0,"mode":"bus","color":"#0059a9","colorDark":"#00294f","angle":263.4,"snapDist":6,"label":0}},{"type":"Feature","geometry":{"type":"Point","coordinates":[20.427116,44.791012]},"properties":{"name":"Petlja Radnička","lines":"85, 94, 607","arr":["85","94","607"],"terminus":0,"mode":"bus","color":"#0059a9","colorDark":"#00294f","angle":250.2,"snapDist":1,"label":0}},{"type":"Feature","geometry":{"type":"Point","coordinates":[20.419354,44.788579]},"properties":{"name":"Ada Ciganlija","lines":"87A, E2","arr":["87A","E2"],"terminus":0,"mode":"bus","color":"#0059a9","colorDark":"#00294f","angle":341.8,"snapDist":6,"label":0}},{"type":"Feature","geometry":{"type":"Point","coordinates":[20.417939,44.783581]},"properties":{"name":"Kirovljeva","lines":"87A, E2","arr":["87A","E2"],"terminus":0,"mode":"bus","color":"#0059a9","colorDark":"#00294f","angle":266.6,"snapDist":8,"label":0}},{"type":"Feature","geometry":{"type":"Point","coordinates":[20.420521,44.731944]},"properties":{"name":"Vidikovac","lines":"89, 504","arr":["89","504"],"terminus":1,"mode":"bus","color":"#0059a9","colorDark":"#00294f","angle":87.3,"snapDist":10,"label":0}},{"type":"Feature","geometry":{"type":"Point","coordinates":[20.41899,44.75984]},"properties":{"name":"Dom zdravlja","lines":"89","arr":["89"],"terminus":0,"mode":"bus","color":"#0059a9","colorDark":"#00294f","angle":338,"snapDist":3,"label":1}},{"type":"Feature","geometry":{"type":"Point","coordinates":[20.381613,44.806507]},"properties":{"name":"Blok 63","lines":"89, 95, E6","arr":["89","95","E6"],"terminus":0,"mode":"bus","color":"#0059a9","colorDark":"#00294f","angle":330.3,"snapDist":8,"label":1}},{"type":"Feature","geometry":{"type":"Point","coordinates":[20.375792,44.804131]},"properties":{"name":"Blok 62","lines":"89, 95, E6","arr":["89","95","E6"],"terminus":0,"mode":"bus","color":"#0059a9","colorDark":"#00294f","angle":330.1,"snapDist":6,"label":1}},{"type":"Feature","geometry":{"type":"Point","coordinates":[20.371809,44.802505]},"properties":{"name":"MZ Blok 61","lines":"89, 95, E6","arr":["89","95","E6"],"terminus":0,"mode":"bus","color":"#0059a9","colorDark":"#00294f","angle":330.1,"snapDist":6,"label":1}},{"type":"Feature","geometry":{"type":"Point","coordinates":[20.370384,44.801199]},"properties":{"name":"Blok 61","lines":"89, 95, E6","arr":["89","95","E6"],"terminus":0,"mode":"bus","color":"#0059a9","colorDark":"#00294f","angle":238.5,"snapDist":7,"label":0}},{"type":"Feature","geometry":{"type":"Point","coordinates":[20.369664,44.797065]},"properties":{"name":"Novi Beograd /Blok 71/","lines":"89","arr":["89"],"terminus":0,"mode":"bus","color":"#0059a9","colorDark":"#00294f","angle":325.7,"snapDist":3,"label":1}},{"type":"Feature","geometry":{"type":"Point","coordinates":[20.367459,44.798637]},"properties":{"name":"Naselje Mileva Marić Ajnštajn","lines":"89","arr":["89"],"terminus":0,"mode":"bus","color":"#0059a9","colorDark":"#00294f","angle":61,"snapDist":4,"label":1}},{"type":"Feature","geometry":{"type":"Point","coordinates":[20.366153,44.800292]},"properties":{"name":"Blok 72","lines":"89","arr":["89"],"terminus":0,"mode":"bus","color":"#0059a9","colorDark":"#00294f","angle":61,"snapDist":5,"label":1}},{"type":"Feature","geometry":{"type":"Point","coordinates":[20.364451,44.802109]},"properties":{"name":"Novi Beograd /Blok 72/","lines":"89","arr":["89"],"terminus":1,"mode":"bus","color":"#0059a9","colorDark":"#00294f","angle":241,"snapDist":4,"label":1}},{"type":"Feature","geometry":{"type":"Point","coordinates":[20.365526,44.800736]},"properties":{"name":"Blok 72","lines":"89","arr":["89"],"terminus":0,"mode":"bus","color":"#0059a9","colorDark":"#00294f","angle":240.6,"snapDist":2,"label":0}},{"type":"Feature","geometry":{"type":"Point","coordinates":[20.367229,44.798577]},"properties":{"name":"Naselje Mileva Marić Ajnštajn","lines":"89","arr":["89"],"terminus":0,"mode":"bus","color":"#0059a9","colorDark":"#00294f","angle":240.9,"snapDist":4,"label":0}},{"type":"Feature","geometry":{"type":"Point","coordinates":[20.369706,44.796987]},"properties":{"name":"Novi Beograd /Blok 71/","lines":"89","arr":["89"],"terminus":0,"mode":"bus","color":"#0059a9","colorDark":"#00294f","angle":145.6,"snapDist":4,"label":0}},{"type":"Feature","geometry":{"type":"Point","coordinates":[20.372697,44.801724]},"properties":{"name":"MZ Blok 61","lines":"89, 95, E6","arr":["89","95","E6"],"terminus":0,"mode":"bus","color":"#0059a9","colorDark":"#00294f","angle":150.1,"snapDist":8,"label":0}},{"type":"Feature","geometry":{"type":"Point","coordinates":[20.376966,44.80347]},"properties":{"name":"Blok 62","lines":"89, 95, E6","arr":["89","95","E6"],"terminus":0,"mode":"bus","color":"#0059a9","colorDark":"#00294f","angle":150.1,"snapDist":7,"label":0}},{"type":"Feature","geometry":{"type":"Point","coordinates":[20.382016,44.805535]},"properties":{"name":"Blok 63","lines":"89, 95, E6","arr":["89","95","E6"],"terminus":0,"mode":"bus","color":"#0059a9","colorDark":"#00294f","angle":149.9,"snapDist":6,"label":0}},{"type":"Feature","geometry":{"type":"Point","coordinates":[20.418518,44.759694]},"properties":{"name":"Dom zdravlja","lines":"89","arr":["89"],"terminus":0,"mode":"bus","color":"#0059a9","colorDark":"#00294f","angle":155.7,"snapDist":8,"label":0}},{"type":"Feature","geometry":{"type":"Point","coordinates":[20.358948,44.742078]},"properties":{"name":"Železnik R","lines":"91, 551, 553","arr":["91","551","553"],"terminus":0,"mode":"bus","color":"#0059a9","colorDark":"#00294f","angle":335.5,"snapDist":14,"label":1}},{"type":"Feature","geometry":{"type":"Point","coordinates":[20.321443,44.735438]},"properties":{"name":"Železnički nadvožnjak","lines":"91, 92","arr":["91","92"],"terminus":0,"mode":"bus","color":"#0059a9","colorDark":"#00294f","angle":319.4,"snapDist":6,"label":1}},{"type":"Feature","geometry":{"type":"Point","coordinates":[20.31492,44.731467]},"properties":{"name":"MZ Ostružnica","lines":"91, 92","arr":["91","92"],"terminus":0,"mode":"bus","color":"#0059a9","colorDark":"#00294f","angle":319.1,"snapDist":11,"label":1}},{"type":"Feature","geometry":{"type":"Point","coordinates":[20.318382,44.728943]},"properties":{"name":"Ostružnica /centar/","lines":"91","arr":["91"],"terminus":0,"mode":"bus","color":"#0059a9","colorDark":"#00294f","angle":231.6,"snapDist":6,"label":1}},{"type":"Feature","geometry":{"type":"Point","coordinates":[20.32151,44.728159]},"properties":{"name":"Crkva","lines":"91","arr":["91"],"terminus":0,"mode":"bus","color":"#0059a9","colorDark":"#00294f","angle":209.3,"snapDist":3,"label":1}},{"type":"Feature","geometry":{"type":"Point","coordinates":[20.324207,44.72518]},"properties":{"name":"Ljube Rankovića","lines":"91","arr":["91"],"terminus":0,"mode":"bus","color":"#0059a9","colorDark":"#00294f","angle":-108.7,"snapDist":8,"label":1}},{"type":"Feature","geometry":{"type":"Point","coordinates":[20.32627,44.722064]},"properties":{"name":"Petrovića brdo","lines":"91","arr":["91"],"terminus":0,"mode":"bus","color":"#0059a9","colorDark":"#00294f","angle":-122.9,"snapDist":4,"label":1}},{"type":"Feature","geometry":{"type":"Point","coordinates":[20.332433,44.717854]},"properties":{"name":"Okretnica /česma/","lines":"91, 91a","arr":["91","91a"],"terminus":1,"mode":"bus","color":"#0059a9","colorDark":"#00294f","angle":9.9,"snapDist":5,"label":1}},{"type":"Feature","geometry":{"type":"Point","coordinates":[20.326251,44.722085]},"properties":{"name":"Petrovića brdo","lines":"91, 91a","arr":["91","91a"],"terminus":0,"mode":"bus","color":"#0059a9","colorDark":"#00294f","angle":57.1,"snapDist":5,"label":0}},{"type":"Feature","geometry":{"type":"Point","coordinates":[20.324117,44.725368]},"properties":{"name":"Ljube Rankovića","lines":"91, 91a","arr":["91","91a"],"terminus":0,"mode":"bus","color":"#0059a9","colorDark":"#00294f","angle":71.3,"snapDist":8,"label":0}},{"type":"Feature","geometry":{"type":"Point","coordinates":[20.321242,44.728252]},"properties":{"name":"Crkva","lines":"91, 91a","arr":["91","91a"],"terminus":0,"mode":"bus","color":"#0059a9","colorDark":"#00294f","angle":198.4,"snapDist":4,"label":0}},{"type":"Feature","geometry":{"type":"Point","coordinates":[20.320256,44.726313]},"properties":{"name":"OŠ Karađorđe","lines":"91, 91a","arr":["91","91a"],"terminus":0,"mode":"bus","color":"#0059a9","colorDark":"#00294f","angle":236.6,"snapDist":6,"label":1}},{"type":"Feature","geometry":{"type":"Point","coordinates":[20.321164,44.722277]},"properties":{"name":"Stare barake","lines":"91, 91a","arr":["91","91a"],"terminus":0,"mode":"bus","color":"#0059a9","colorDark":"#00294f","angle":265.4,"snapDist":5,"label":1}},{"type":"Feature","geometry":{"type":"Point","coordinates":[20.320542,44.718253]},"properties":{"name":"Novo naselje /ulaz/","lines":"91, 91a","arr":["91","91a"],"terminus":0,"mode":"bus","color":"#0059a9","colorDark":"#00294f","angle":256.5,"snapDist":4,"label":1}},{"type":"Feature","geometry":{"type":"Point","coordinates":[20.322768,44.715014]},"properties":{"name":"Kosmajska","lines":"91, 91a","arr":["91","91a"],"terminus":0,"mode":"bus","color":"#0059a9","colorDark":"#00294f","angle":242.5,"snapDist":4,"label":1}},{"type":"Feature","geometry":{"type":"Point","coordinates":[20.319883,44.713621]},"properties":{"name":"Ostružnica /Novo naselje/","lines":"91, 91a","arr":["91","91a"],"terminus":1,"mode":"bus","color":"#0059a9","colorDark":"#00294f","angle":306.2,"snapDist":2,"label":1}},{"type":"Feature","geometry":{"type":"Point","coordinates":[20.322404,44.715517]},"properties":{"name":"Kosmajska","lines":"91, 91a","arr":["91","91a"],"terminus":0,"mode":"bus","color":"#0059a9","colorDark":"#00294f","angle":66,"snapDist":7,"label":0}},{"type":"Feature","geometry":{"type":"Point","coordinates":[20.320543,44.718251]},"properties":{"name":"Novo naselje /ulaz/","lines":"91, 91a","arr":["91","91a"],"terminus":0,"mode":"bus","color":"#0059a9","colorDark":"#00294f","angle":76.5,"snapDist":7,"label":0}},{"type":"Feature","geometry":{"type":"Point","coordinates":[20.321149,44.722374]},"properties":{"name":"Stare barake","lines":"91, 91a","arr":["91","91a"],"terminus":0,"mode":"bus","color":"#0059a9","colorDark":"#00294f","angle":81.2,"snapDist":1,"label":0}},{"type":"Feature","geometry":{"type":"Point","coordinates":[20.319964,44.726627]},"properties":{"name":"OŠ Karađorđe","lines":"91, 91a","arr":["91","91a"],"terminus":0,"mode":"bus","color":"#0059a9","colorDark":"#00294f","angle":56.7,"snapDist":4,"label":0}},{"type":"Feature","geometry":{"type":"Point","coordinates":[20.317793,44.729467]},"properties":{"name":"Ostružnica /centar/","lines":"91, 91a","arr":["91","91a"],"terminus":0,"mode":"bus","color":"#0059a9","colorDark":"#00294f","angle":53.6,"snapDist":7,"label":0}},{"type":"Feature","geometry":{"type":"Point","coordinates":[20.31494,44.731479]},"properties":{"name":"MZ Ostružnica","lines":"91, 91a, 92","arr":["91","91a","92"],"terminus":0,"mode":"bus","color":"#0059a9","colorDark":"#00294f","angle":139.1,"snapDist":4,"label":0}},{"type":"Feature","geometry":{"type":"Point","coordinates":[20.321723,44.735609]},"properties":{"name":"Železnički nadvožnjak","lines":"91, 91a, 92","arr":["91","91a","92"],"terminus":0,"mode":"bus","color":"#0059a9","colorDark":"#00294f","angle":139.3,"snapDist":2,"label":0}},{"type":"Feature","geometry":{"type":"Point","coordinates":[20.361262,44.742882]},"properties":{"name":"Železnik R","lines":"91, 91a, 551, 553","arr":["91","91a","551","553"],"terminus":0,"mode":"bus","color":"#0059a9","colorDark":"#00294f","angle":153.3,"snapDist":11,"label":0}},{"type":"Feature","geometry":{"type":"Point","coordinates":[20.405698,44.784951]},"properties":{"name":"SRC Makiš","lines":"92","arr":["92"],"terminus":0,"mode":"bus","color":"#0059a9","colorDark":"#00294f","angle":357.3,"snapDist":7,"label":1}},{"type":"Feature","geometry":{"type":"Point","coordinates":[20.39424,44.783078]},"properties":{"name":"Makiška","lines":"92","arr":["92"],"terminus":0,"mode":"bus","color":"#0059a9","colorDark":"#00294f","angle":340.3,"snapDist":7,"label":1}},{"type":"Feature","geometry":{"type":"Point","coordinates":[20.381646,44.778518]},"properties":{"name":"Reni bunar","lines":"92","arr":["92"],"terminus":0,"mode":"bus","color":"#0059a9","colorDark":"#00294f","angle":326,"snapDist":6,"label":1}},{"type":"Feature","geometry":{"type":"Point","coordinates":[20.374442,44.775192]},"properties":{"name":"Taložnik","lines":"92","arr":["92"],"terminus":0,"mode":"bus","color":"#0059a9","colorDark":"#00294f","angle":329.2,"snapDist":10,"label":1}},{"type":"Feature","geometry":{"type":"Point","coordinates":[20.369487,44.773311]},"properties":{"name":"Vodovod","lines":"92","arr":["92"],"terminus":0,"mode":"bus","color":"#0059a9","colorDark":"#00294f","angle":334.4,"snapDist":11,"label":1}},{"type":"Feature","geometry":{"type":"Point","coordinates":[20.36199,44.770789]},"properties":{"name":"MZ Makiš","lines":"92","arr":["92"],"terminus":0,"mode":"bus","color":"#0059a9","colorDark":"#00294f","angle":330.9,"snapDist":7,"label":0}},{"type":"Feature","geometry":{"type":"Point","coordinates":[20.346442,44.757809]},"properties":{"name":"Privredna zona Makiš","lines":"92","arr":["92"],"terminus":0,"mode":"bus","color":"#0059a9","colorDark":"#00294f","angle":304.3,"snapDist":5,"label":1}},{"type":"Feature","geometry":{"type":"Point","coordinates":[20.342683,44.75324]},"properties":{"name":"Mike Alasa","lines":"92","arr":["92"],"terminus":0,"mode":"bus","color":"#0059a9","colorDark":"#00294f","angle":289.1,"snapDist":6,"label":1}},{"type":"Feature","geometry":{"type":"Point","coordinates":[20.338733,44.747012]},"properties":{"name":"Mostogradnja","lines":"92","arr":["92"],"terminus":0,"mode":"bus","color":"#0059a9","colorDark":"#00294f","angle":307.4,"snapDist":5,"label":1}},{"type":"Feature","geometry":{"type":"Point","coordinates":[20.326215,44.738367]},"properties":{"name":"Nadvožnjak","lines":"92","arr":["92"],"terminus":0,"mode":"bus","color":"#0059a9","colorDark":"#00294f","angle":319.1,"snapDist":12,"label":1}},{"type":"Feature","geometry":{"type":"Point","coordinates":[20.311693,44.726749]},"properties":{"name":"Savska","lines":"92","arr":["92"],"terminus":0,"mode":"bus","color":"#0059a9","colorDark":"#00294f","angle":262.7,"snapDist":8,"label":1}},{"type":"Feature","geometry":{"type":"Point","coordinates":[20.311363,44.722908]},"properties":{"name":"Lole Ribara","lines":"92","arr":["92"],"terminus":0,"mode":"bus","color":"#0059a9","colorDark":"#00294f","angle":285.2,"snapDist":11,"label":1}},{"type":"Feature","geometry":{"type":"Point","coordinates":[20.309686,44.718189]},"properties":{"name":"Ostružnica /Karaula/","lines":"92","arr":["92"],"terminus":1,"mode":"bus","color":"#0059a9","colorDark":"#00294f","angle":103.4,"snapDist":7,"label":1}},{"type":"Feature","geometry":{"type":"Point","coordinates":[20.311503,44.723288]},"properties":{"name":"Lole Ribara","lines":"92","arr":["92"],"terminus":0,"mode":"bus","color":"#0059a9","colorDark":"#00294f","angle":104.5,"snapDist":5,"label":0}},{"type":"Feature","geometry":{"type":"Point","coordinates":[20.311622,44.727151]},"properties":{"name":"Savska","lines":"92","arr":["92"],"terminus":0,"mode":"bus","color":"#0059a9","colorDark":"#00294f","angle":82.8,"snapDist":1,"label":0}},{"type":"Feature","geometry":{"type":"Point","coordinates":[20.326644,44.73863]},"properties":{"name":"Nadvožnjak","lines":"92","arr":["92"],"terminus":0,"mode":"bus","color":"#0059a9","colorDark":"#00294f","angle":139,"snapDist":2,"label":0}},{"type":"Feature","geometry":{"type":"Point","coordinates":[20.338288,44.746611]},"properties":{"name":"Mostogradnja","lines":"92","arr":["92"],"terminus":0,"mode":"bus","color":"#0059a9","colorDark":"#00294f","angle":128.7,"snapDist":6,"label":0}},{"type":"Feature","geometry":{"type":"Point","coordinates":[20.342828,44.753523]},"properties":{"name":"Mike Alasa","lines":"92","arr":["92"],"terminus":0,"mode":"bus","color":"#0059a9","colorDark":"#00294f","angle":110.7,"snapDist":4,"label":0}},{"type":"Feature","geometry":{"type":"Point","coordinates":[20.347181,44.758566]},"properties":{"name":"Privrdna zona Makiš","lines":"92","arr":["92"],"terminus":0,"mode":"bus","color":"#0059a9","colorDark":"#00294f","angle":124.6,"snapDist":7,"label":1}},{"type":"Feature","geometry":{"type":"Point","coordinates":[20.36233,44.770923]},"properties":{"name":"MZ Makiš","lines":"92","arr":["92"],"terminus":0,"mode":"bus","color":"#0059a9","colorDark":"#00294f","angle":150.9,"snapDist":3,"label":0}},{"type":"Feature","geometry":{"type":"Point","coordinates":[20.369969,44.773473]},"properties":{"name":"Vodovod","lines":"92","arr":["92"],"terminus":0,"mode":"bus","color":"#0059a9","colorDark":"#00294f","angle":155.3,"snapDist":5,"label":0}},{"type":"Feature","geometry":{"type":"Point","coordinates":[20.374638,44.775274]},"properties":{"name":"Taložnik","lines":"92","arr":["92"],"terminus":0,"mode":"bus","color":"#0059a9","colorDark":"#00294f","angle":148.8,"snapDist":7,"label":0}},{"type":"Feature","geometry":{"type":"Point","coordinates":[20.38235,44.778856]},"properties":{"name":"Reni bunar","lines":"92","arr":["92"],"terminus":0,"mode":"bus","color":"#0059a9","colorDark":"#00294f","angle":146,"snapDist":2,"label":0}},{"type":"Feature","geometry":{"type":"Point","coordinates":[20.394882,44.783245]},"properties":{"name":"Makiška","lines":"92","arr":["92"],"terminus":0,"mode":"bus","color":"#0059a9","colorDark":"#00294f","angle":159.7,"snapDist":2,"label":0}},{"type":"Feature","geometry":{"type":"Point","coordinates":[20.406257,44.784968]},"properties":{"name":"SRC Makiš","lines":"92","arr":["92"],"terminus":0,"mode":"bus","color":"#0059a9","colorDark":"#00294f","angle":177.5,"snapDist":5,"label":0}},{"type":"Feature","geometry":{"type":"Point","coordinates":[20.448814,44.750879]},"properties":{"name":"Miljakovac (pijaca)","lines":"94","arr":["94"],"terminus":0,"mode":"bus","color":"#0059a9","colorDark":"#00294f","angle":3,"snapDist":8,"label":1}},{"type":"Feature","geometry":{"type":"Point","coordinates":[20.459199,44.712999]},"properties":{"name":"Edvarada Griga (ulaz)","lines":"94, 506","arr":["94","506"],"terminus":0,"mode":"bus","color":"#0059a9","colorDark":"#00294f","angle":219.3,"snapDist":4,"label":1}},{"type":"Feature","geometry":{"type":"Point","coordinates":[20.461909,44.711756]},"properties":{"name":"Zdravstvena stanica Resnik","lines":"94, 506","arr":["94","506"],"terminus":0,"mode":"bus","color":"#0059a9","colorDark":"#00294f","angle":198.3,"snapDist":3,"label":1}},{"type":"Feature","geometry":{"type":"Point","coordinates":[20.464355,44.71148]},"properties":{"name":"Resnik (Edvarda Griga)","lines":"94, 506","arr":["94","506"],"terminus":1,"mode":"bus","color":"#0059a9","colorDark":"#00294f","angle":204.6,"snapDist":4,"label":1}},{"type":"Feature","geometry":{"type":"Point","coordinates":[20.463811,44.71167]},"properties":{"name":"Resnik (Edvarda Griga)","lines":"94, 506","arr":["94","506"],"terminus":1,"mode":"bus","color":"#0059a9","colorDark":"#00294f","angle":25.2,"snapDist":4,"label":0}},{"type":"Feature","geometry":{"type":"Point","coordinates":[20.460992,44.71209]},"properties":{"name":"Zdravstvena stanica Resnik","lines":"94, 506","arr":["94","506"],"terminus":0,"mode":"bus","color":"#0059a9","colorDark":"#00294f","angle":28.8,"snapDist":5,"label":0}},{"type":"Feature","geometry":{"type":"Point","coordinates":[20.458798,44.713232]},"properties":{"name":"Edvarada Griga (ulaz)","lines":"94, 506","arr":["94","506"],"terminus":0,"mode":"bus","color":"#0059a9","colorDark":"#00294f","angle":39.3,"snapDist":4,"label":0}},{"type":"Feature","geometry":{"type":"Point","coordinates":[20.449518,44.750851]},"properties":{"name":"Miljakovac (pijaca)","lines":"94","arr":["94"],"terminus":0,"mode":"bus","color":"#0059a9","colorDark":"#00294f","angle":183.4,"snapDist":2,"label":0}},{"type":"Feature","geometry":{"type":"Point","coordinates":[20.455114,44.749661]},"properties":{"name":"Toplana","lines":"94, 506","arr":["94","506"],"terminus":0,"mode":"bus","color":"#0059a9","colorDark":"#00294f","angle":202.9,"snapDist":4,"label":1}},{"type":"Feature","geometry":{"type":"Point","coordinates":[20.427245,44.791361]},"properties":{"name":"Petlja Radnička","lines":"94, 607","arr":["94","607"],"terminus":0,"mode":"bus","color":"#0059a9","colorDark":"#00294f","angle":74.4,"snapDist":13,"label":0}},{"type":"Feature","geometry":{"type":"Point","coordinates":[20.483527,44.853615]},"properties":{"name":"Pirotsko naselje","lines":"95, 95N, 96, 101, 101N, 101Nb, 104, 105, 105N, 106, 111, 112","arr":["95","95N","96","101","101N","101Nb","104","105","105N","106","111","112"],"terminus":0,"mode":"bus","color":"#0059a9","colorDark":"#00294f","angle":64.5,"snapDist":7,"label":1}},{"type":"Feature","geometry":{"type":"Point","coordinates":[20.480272,44.858475]},"properties":{"name":"Pakračka","lines":"95, 95N, 96, 101, 101N, 101Nb, 104, 105, 105N, 106, 111, 112","arr":["95","95N","96","101","101N","101Nb","104","105","105N","106","111","112"],"terminus":0,"mode":"bus","color":"#0059a9","colorDark":"#00294f","angle":64.3,"snapDist":7,"label":1}},{"type":"Feature","geometry":{"type":"Point","coordinates":[20.478047,44.861825]},"properties":{"name":"Sebeš suvi","lines":"95, 95N, 96, 101, 101N, 101Nb, 104, 105, 105N, 106, 111, 112","arr":["95","95N","96","101","101N","101Nb","104","105","105N","106","111","112"],"terminus":0,"mode":"bus","color":"#0059a9","colorDark":"#00294f","angle":64.7,"snapDist":6,"label":1}},{"type":"Feature","geometry":{"type":"Point","coordinates":[20.473666,44.868357]},"properties":{"name":"Sebeška reka","lines":"95, 95N, 96, 101, 101N, 101Nb, 104, 105, 105N, 106, 111, 112","arr":["95","95N","96","101","101N","101Nb","104","105","105N","106","111","112"],"terminus":0,"mode":"bus","color":"#0059a9","colorDark":"#00294f","angle":64.5,"snapDist":7,"label":1}},{"type":"Feature","geometry":{"type":"Point","coordinates":[20.471252,44.871987]},"properties":{"name":"Sebeš mokri","lines":"95, 95N, 96, 101, 101N, 101Nb, 104, 105, 105N, 106, 111, 112","arr":["95","95N","96","101","101N","101Nb","104","105","105N","106","111","112"],"terminus":0,"mode":"bus","color":"#0059a9","colorDark":"#00294f","angle":63.9,"snapDist":8,"label":1}},{"type":"Feature","geometry":{"type":"Point","coordinates":[20.465892,44.878021]},"properties":{"name":"Borča raskršće","lines":"95, 95N, 101N, 101Nb, 104, 105L","arr":["95","95N","101N","101Nb","104","105L"],"terminus":0,"mode":"bus","color":"#0059a9","colorDark":"#00294f","angle":310.1,"snapDist":5,"label":1}},{"type":"Feature","geometry":{"type":"Point","coordinates":[20.461966,44.875549]},"properties":{"name":"Valjevskog odreda","lines":"95, 95N, 101N, 101Nb, 105L","arr":["95","95N","101N","101Nb","105L"],"terminus":0,"mode":"bus","color":"#0059a9","colorDark":"#00294f","angle":41.6,"snapDist":7,"label":1}},{"type":"Feature","geometry":{"type":"Point","coordinates":[20.459519,44.87715]},"properties":{"name":"Milana Ajvaza","lines":"95, 95N, 101N, 101Nb, 105L","arr":["95","95N","101N","101Nb","105L"],"terminus":0,"mode":"bus","color":"#0059a9","colorDark":"#00294f","angle":42.6,"snapDist":6,"label":1}},{"type":"Feature","geometry":{"type":"Point","coordinates":[20.456921,44.878786]},"properties":{"name":"Mihajla Šolohova","lines":"95, 95N, 101N, 101Nb","arr":["95","95N","101N","101Nb"],"terminus":0,"mode":"bus","color":"#0059a9","colorDark":"#00294f","angle":41.3,"snapDist":6,"label":1}},{"type":"Feature","geometry":{"type":"Point","coordinates":[20.448415,44.874654]},"properties":{"name":"Borča 3","lines":"95, 95N, 96, 101N, 101Nb","arr":["95","95N","96","101N","101Nb"],"terminus":1,"mode":"bus","color":"#0059a9","colorDark":"#00294f","angle":304,"snapDist":6,"label":0}},{"type":"Feature","geometry":{"type":"Point","coordinates":[20.448311,44.874536]},"properties":{"name":"Borča 3","lines":"95, 95N, 96, 101N, 101Nb","arr":["95","95N","96","101N","101Nb"],"terminus":1,"mode":"bus","color":"#0059a9","colorDark":"#00294f","angle":278.6,"snapDist":9,"label":0}},{"type":"Feature","geometry":{"type":"Point","coordinates":[20.456495,44.879053]},"properties":{"name":"Mihajla Šolohova","lines":"95, 95N, 101N, 101Nb","arr":["95","95N","101N","101Nb"],"terminus":0,"mode":"bus","color":"#0059a9","colorDark":"#00294f","angle":221,"snapDist":2,"label":0}},{"type":"Feature","geometry":{"type":"Point","coordinates":[20.459162,44.877387]},"properties":{"name":"Milana Ajvaza","lines":"95, 95N, 101N, 101Nb, 105L","arr":["95","95N","101N","101Nb","105L"],"terminus":0,"mode":"bus","color":"#0059a9","colorDark":"#00294f","angle":223.3,"snapDist":4,"label":0}},{"type":"Feature","geometry":{"type":"Point","coordinates":[20.462909,44.875538]},"properties":{"name":"Valjevskog odreda","lines":"95, 95N, 101N, 101Nb, 104, 105L","arr":["95","95N","101N","101Nb","104","105L"],"terminus":0,"mode":"bus","color":"#0059a9","colorDark":"#00294f","angle":139.5,"snapDist":6,"label":0}},{"type":"Feature","geometry":{"type":"Point","coordinates":[20.467641,44.877179]},"properties":{"name":"Borča raskršće","lines":"95, 95N, 96, 101, 101N, 101Na, 101Nb, 104, 105, 105N, 106, 111, 112","arr":["95","95N","96","101","101N","101Na","101Nb","104","105","105N","106","111","112"],"terminus":0,"mode":"bus","color":"#0059a9","colorDark":"#00294f","angle":243.5,"snapDist":6,"label":0}},{"type":"Feature","geometry":{"type":"Point","coordinates":[20.470666,44.872678]},"properties":{"name":"Sebeš mokri","lines":"95, 95N, 96, 101, 101N, 101Na, 101Nb, 104, 105, 105N, 106, 111, 112","arr":["95","95N","96","101","101N","101Na","101Nb","104","105","105N","106","111","112"],"terminus":0,"mode":"bus","color":"#0059a9","colorDark":"#00294f","angle":245.3,"snapDist":8,"label":0}},{"type":"Feature","geometry":{"type":"Point","coordinates":[20.473744,44.868083]},"properties":{"name":"Sebeška reka","lines":"95, 95N, 96, 101, 101N, 101Na, 101Nb, 104, 105, 105N, 106, 111, 112","arr":["95","95N","96","101","101N","101Na","101Nb","104","105","105N","106","111","112"],"terminus":0,"mode":"bus","color":"#0059a9","colorDark":"#00294f","angle":243.7,"snapDist":8,"label":0}},{"type":"Feature","geometry":{"type":"Point","coordinates":[20.47873,44.860615]},"properties":{"name":"Sebeš suvi","lines":"95, 95N, 96, 101, 101N, 101Na, 101Nb, 104, 105, 105N, 106, 111, 112","arr":["95","95N","96","101","101N","101Na","101Nb","104","105","105N","106","111","112"],"terminus":0,"mode":"bus","color":"#0059a9","colorDark":"#00294f","angle":244.6,"snapDist":7,"label":0}},{"type":"Feature","geometry":{"type":"Point","coordinates":[20.480882,44.857401]},"properties":{"name":"Pakračka","lines":"95, 95N, 96, 101, 101N, 101Na, 101Nb, 104, 105, 105N, 106, 111, 112","arr":["95","95N","96","101","101N","101Na","101Nb","104","105","105N","106","111","112"],"terminus":0,"mode":"bus","color":"#0059a9","colorDark":"#00294f","angle":244.5,"snapDist":5,"label":0}},{"type":"Feature","geometry":{"type":"Point","coordinates":[20.484209,44.852427]},"properties":{"name":"Pirotsko naselje","lines":"95, 95N, 96, 101, 101N, 101Na, 101Nb, 104, 105, 105N, 106, 111, 112","arr":["95","95N","96","101","101N","101Na","101Nb","104","105","105N","106","111","112"],"terminus":0,"mode":"bus","color":"#0059a9","colorDark":"#00294f","angle":244.5,"snapDist":8,"label":0}},{"type":"Feature","geometry":{"type":"Point","coordinates":[20.467481,44.877605]},"properties":{"name":"Borča raskršće","lines":"96, 101, 105, 105N, 106, 111, 112","arr":["96","101","105","105N","106","111","112"],"terminus":0,"mode":"bus","color":"#0059a9","colorDark":"#00294f","angle":64.9,"snapDist":4,"label":0}},{"type":"Feature","geometry":{"type":"Point","coordinates":[20.462499,44.884914]},"properties":{"name":"Kosovopoljska","lines":"96, 101, 106, 111, 112","arr":["96","101","106","111","112"],"terminus":0,"mode":"bus","color":"#0059a9","colorDark":"#00294f","angle":64.8,"snapDist":8,"label":1}},{"type":"Feature","geometry":{"type":"Point","coordinates":[20.461138,44.886937]},"properties":{"name":"Bratstva i jedinstva","lines":"96, 101, 101Na, 106, 111, 112","arr":["96","101","101Na","106","111","112"],"terminus":0,"mode":"bus","color":"#0059a9","colorDark":"#00294f","angle":244.4,"snapDist":10,"label":0}},{"type":"Feature","geometry":{"type":"Point","coordinates":[20.464216,44.882347]},"properties":{"name":"Kosovopoljska","lines":"96, 101, 101Na, 106, 111, 112","arr":["96","101","101Na","106","111","112"],"terminus":0,"mode":"bus","color":"#0059a9","colorDark":"#00294f","angle":244.3,"snapDist":8,"label":1}},{"type":"Feature","geometry":{"type":"Point","coordinates":[20.490084,44.815458]},"properties":{"name":"Omladinski stadion","lines":"101, 104, 105, 106, 111","arr":["101","104","105","106","111"],"terminus":1,"mode":"bus","color":"#0059a9","colorDark":"#00294f","angle":122.5,"snapDist":5,"label":1}},{"type":"Feature","geometry":{"type":"Point","coordinates":[20.443351,44.913542]},"properties":{"name":"Put za Kovilovo","lines":"101, 101N, 103","arr":["101","101N","103"],"terminus":0,"mode":"bus","color":"#0059a9","colorDark":"#00294f","angle":64.5,"snapDist":10,"label":1}},{"type":"Feature","geometry":{"type":"Point","coordinates":[20.440552,44.917746]},"properties":{"name":"Put za Jabučki rit","lines":"101, 101N, 103","arr":["101","101N","103"],"terminus":0,"mode":"bus","color":"#0059a9","colorDark":"#00294f","angle":62.7,"snapDist":7,"label":1}},{"type":"Feature","geometry":{"type":"Point","coordinates":[20.437745,44.921943]},"properties":{"name":"Frikom","lines":"101, 101N, 103","arr":["101","101N","103"],"terminus":0,"mode":"bus","color":"#0059a9","colorDark":"#00294f","angle":63.5,"snapDist":6,"label":1}},{"type":"Feature","geometry":{"type":"Point","coordinates":[20.437522,44.930054]},"properties":{"name":"PK Beograd","lines":"101, 101N, 103","arr":["101","101N","103"],"terminus":0,"mode":"bus","color":"#0059a9","colorDark":"#00294f","angle":100,"snapDist":7,"label":1}},{"type":"Feature","geometry":{"type":"Point","coordinates":[20.436029,44.935189]},"properties":{"name":"Naselje Tovilište","lines":"101, 101N, 102, 102a, 102P, 103, 107, 109, 110","arr":["101","101N","102","102a","102P","103","107","109","110"],"terminus":0,"mode":"bus","color":"#0059a9","colorDark":"#00294f","angle":27.7,"snapDist":5,"label":1}},{"type":"Feature","geometry":{"type":"Point","coordinates":[20.43201,44.937729]},"properties":{"name":"Marije Ilić Agapove","lines":"101, 101N, 102, 102a, 102P, 103, 107, 109, 110","arr":["101","101N","102","102a","102P","103","107","109","110"],"terminus":0,"mode":"bus","color":"#0059a9","colorDark":"#00294f","angle":63.5,"snapDist":5,"label":1}},{"type":"Feature","geometry":{"type":"Point","coordinates":[20.42865,44.9417]},"properties":{"name":"Ratomira Stojadinovića","lines":"101, 101N, 102, 102a, 102P, 103, 107, 109, 110","arr":["101","101N","102","102a","102P","103","107","109","110"],"terminus":0,"mode":"bus","color":"#0059a9","colorDark":"#00294f","angle":43,"snapDist":5,"label":1}},{"type":"Feature","geometry":{"type":"Point","coordinates":[20.424896,44.944881]},"properties":{"name":"Padinska skela","lines":"101, 101N, 102, 102a, 102b, 102P, 103, 107, 109, 110","arr":["101","101N","102","102a","102b","102P","103","107","109","110"],"terminus":1,"mode":"bus","color":"#0059a9","colorDark":"#00294f","angle":178.3,"snapDist":6,"label":1}},{"type":"Feature","geometry":{"type":"Point","coordinates":[20.424692,44.944964]},"properties":{"name":"Padinska skela","lines":"101, 101N, 101Na, 102, 102b, 102P, 103, 107, 107a, 109, 110","arr":["101","101N","101Na","102","102b","102P","103","107","107a","109","110"],"terminus":1,"mode":"bus","color":"#0059a9","colorDark":"#00294f","angle":310.6,"snapDist":12,"label":0}},{"type":"Feature","geometry":{"type":"Point","coordinates":[20.428472,44.941819]},"properties":{"name":"Ratomira Stojadinovića","lines":"101, 101N, 101Na, 102, 102P, 103, 107, 107a, 109, 110","arr":["101","101N","101Na","102","102P","103","107","107a","109","110"],"terminus":0,"mode":"bus","color":"#0059a9","colorDark":"#00294f","angle":222.9,"snapDist":6,"label":0}},{"type":"Feature","geometry":{"type":"Point","coordinates":[20.432378,44.937195]},"properties":{"name":"Marije Ilić Agapove","lines":"101, 101N, 101Na, 102, 102P, 103, 107, 107a, 109, 110","arr":["101","101N","101Na","102","102P","103","107","107a","109","110"],"terminus":0,"mode":"bus","color":"#0059a9","colorDark":"#00294f","angle":244,"snapDist":3,"label":0}},{"type":"Feature","geometry":{"type":"Point","coordinates":[20.435602,44.93535]},"properties":{"name":"Naselje Tovilište","lines":"101, 101N, 101Na, 102, 102P, 103, 107, 107a, 109, 110","arr":["101","101N","101Na","102","102P","103","107","107a","109","110"],"terminus":0,"mode":"bus","color":"#0059a9","colorDark":"#00294f","angle":208.5,"snapDist":1,"label":0}},{"type":"Feature","geometry":{"type":"Point","coordinates":[20.437216,44.933793]},"properties":{"name":"Naselje Tovilište 1","lines":"101, 101N, 101Na, 103","arr":["101","101N","101Na","103"],"terminus":0,"mode":"bus","color":"#0059a9","colorDark":"#00294f","angle":257.2,"snapDist":8,"label":1}},{"type":"Feature","geometry":{"type":"Point","coordinates":[20.437096,44.928473]},"properties":{"name":"PK Beograd","lines":"101, 101N, 101Na, 103","arr":["101","101N","101Na","103"],"terminus":0,"mode":"bus","color":"#0059a9","colorDark":"#00294f","angle":280.8,"snapDist":8,"label":0}},{"type":"Feature","geometry":{"type":"Point","coordinates":[20.438765,44.920403]},"properties":{"name":"Frikom","lines":"101, 101N, 101Na, 103","arr":["101","101N","101Na","103"],"terminus":0,"mode":"bus","color":"#0059a9","colorDark":"#00294f","angle":245,"snapDist":11,"label":0}},{"type":"Feature","geometry":{"type":"Point","coordinates":[20.441936,44.915657]},"properties":{"name":"Put za Jabučki rit","lines":"101, 101N, 101Na, 103","arr":["101","101N","101Na","103"],"terminus":0,"mode":"bus","color":"#0059a9","colorDark":"#00294f","angle":244.9,"snapDist":12,"label":1}},{"type":"Feature","geometry":{"type":"Point","coordinates":[20.444161,44.912332]},"properties":{"name":"Put za Kovilovo","lines":"101, 101N, 101Na, 103, 106","arr":["101","101N","101Na","103","106"],"terminus":0,"mode":"bus","color":"#0059a9","colorDark":"#00294f","angle":244.6,"snapDist":9,"label":0}},{"type":"Feature","geometry":{"type":"Point","coordinates":[20.489496,44.81507]},"properties":{"name":"Omladinski stadion/izlaz/","lines":"101, 104, 105, 106, 108, 111, 202","arr":["101","104","105","106","108","111","202"],"terminus":1,"mode":"bus","color":"#0059a9","colorDark":"#00294f","angle":301.6,"snapDist":6,"label":1}},{"type":"Feature","geometry":{"type":"Point","coordinates":[20.428186,44.954075]},"properties":{"name":"KP dom","lines":"102, 102P, 107, 107a, 109, 110","arr":["102","102P","107","107a","109","110"],"terminus":0,"mode":"bus","color":"#0059a9","colorDark":"#00294f","angle":41.5,"snapDist":7,"label":1}},{"type":"Feature","geometry":{"type":"Point","coordinates":[20.418304,44.972191]},"properties":{"name":"Sefkereški kanal","lines":"102, 102P, 107, 107a, 109, 110","arr":["102","102P","107","107a","109","110"],"terminus":0,"mode":"bus","color":"#0059a9","colorDark":"#00294f","angle":71.5,"snapDist":7,"label":1}},{"type":"Feature","geometry":{"type":"Point","coordinates":[20.412186,44.992641]},"properties":{"name":"Put za Vrbovski","lines":"102, 102P, 107, 107a, 109, 110","arr":["102","102P","107","107a","109","110"],"terminus":0,"mode":"bus","color":"#0059a9","colorDark":"#00294f","angle":83.4,"snapDist":13,"label":1}},{"type":"Feature","geometry":{"type":"Point","coordinates":[20.407296,44.994562]},"properties":{"name":"Besni fok","lines":"102","arr":["102"],"terminus":0,"mode":"bus","color":"#0059a9","colorDark":"#00294f","angle":357,"snapDist":8,"label":1}},{"type":"Feature","geometry":{"type":"Point","coordinates":[20.396987,44.993831]},"properties":{"name":"Ambulanta","lines":"102","arr":["102"],"terminus":0,"mode":"bus","color":"#0059a9","colorDark":"#00294f","angle":354.4,"snapDist":0,"label":1}},{"type":"Feature","geometry":{"type":"Point","coordinates":[20.364321,44.982034]},"properties":{"name":"Vodovodna stanica","lines":"102","arr":["102"],"terminus":0,"mode":"bus","color":"#0059a9","colorDark":"#00294f","angle":346.4,"snapDist":7,"label":1}},{"type":"Feature","geometry":{"type":"Point","coordinates":[20.359034,44.979852]},"properties":{"name":"Vrbovski (ulaz)","lines":"102","arr":["102"],"terminus":0,"mode":"bus","color":"#0059a9","colorDark":"#00294f","angle":315.3,"snapDist":6,"label":1}},{"type":"Feature","geometry":{"type":"Point","coordinates":[20.35635,44.977997]},"properties":{"name":"Vrbovski","lines":"102, 102a","arr":["102","102a"],"terminus":1,"mode":"bus","color":"#0059a9","colorDark":"#00294f","angle":-44.7,"snapDist":10,"label":1}},{"type":"Feature","geometry":{"type":"Point","coordinates":[20.359027,44.979847]},"properties":{"name":"Vrbovski (ulaz)","lines":"102, 102a","arr":["102","102a"],"terminus":0,"mode":"bus","color":"#0059a9","colorDark":"#00294f","angle":135.3,"snapDist":3,"label":0}},{"type":"Feature","geometry":{"type":"Point","coordinates":[20.364645,44.982092]},"properties":{"name":"Vodovodna stanica","lines":"102, 102a","arr":["102","102a"],"terminus":0,"mode":"bus","color":"#0059a9","colorDark":"#00294f","angle":165.4,"snapDist":3,"label":0}},{"type":"Feature","geometry":{"type":"Point","coordinates":[20.397288,44.993852]},"properties":{"name":"Ambulanta","lines":"102, 102a","arr":["102","102a"],"terminus":0,"mode":"bus","color":"#0059a9","colorDark":"#00294f","angle":174.4,"snapDist":4,"label":0}},{"type":"Feature","geometry":{"type":"Point","coordinates":[20.407366,44.99456]},"properties":{"name":"Besni fok","lines":"102, 102a","arr":["102","102a"],"terminus":0,"mode":"bus","color":"#0059a9","colorDark":"#00294f","angle":183.2,"snapDist":4,"label":0}},{"type":"Feature","geometry":{"type":"Point","coordinates":[20.412314,44.991856]},"properties":{"name":"Put za Vrbovski","lines":"102, 102a, 102P, 107, 109, 110","arr":["102","102a","102P","107","109","110"],"terminus":0,"mode":"bus","color":"#0059a9","colorDark":"#00294f","angle":263.3,"snapDist":7,"label":0}},{"type":"Feature","geometry":{"type":"Point","coordinates":[20.417992,44.972907]},"properties":{"name":"Sefkereški kanal","lines":"102, 102a, 102P, 107, 109, 110","arr":["102","102a","102P","107","109","110"],"terminus":0,"mode":"bus","color":"#0059a9","colorDark":"#00294f","angle":255.9,"snapDist":4,"label":0}},{"type":"Feature","geometry":{"type":"Point","coordinates":[20.427406,44.95465]},"properties":{"name":"KP dom","lines":"102, 102a, 102P, 107, 109, 110","arr":["102","102a","102P","107","109","110"],"terminus":0,"mode":"bus","color":"#0059a9","colorDark":"#00294f","angle":231.6,"snapDist":9,"label":0}},{"type":"Feature","geometry":{"type":"Point","coordinates":[20.424516,44.945508]},"properties":{"name":"Padinska skela 1","lines":"102, 102b","arr":["102","102b"],"terminus":0,"mode":"bus","color":"#0059a9","colorDark":"#00294f","angle":134.6,"snapDist":3,"label":1}},{"type":"Feature","geometry":{"type":"Point","coordinates":[20.388111,44.957085]},"properties":{"name":"Široka greda","lines":"102, 102b","arr":["102","102b"],"terminus":0,"mode":"bus","color":"#0059a9","colorDark":"#00294f","angle":357.1,"snapDist":23,"label":1}},{"type":"Feature","geometry":{"type":"Point","coordinates":[20.424148,44.945251]},"properties":{"name":"Padinska skela","lines":"102b","arr":["102b"],"terminus":0,"mode":"bus","color":"#0059a9","colorDark":"#00294f","angle":-50.2,"snapDist":13,"label":0}},{"type":"Feature","geometry":{"type":"Point","coordinates":[20.408963,45.001862]},"properties":{"name":"Besni fok","lines":"102P, 107, 107a, 109","arr":["102P","107","107a","109"],"terminus":0,"mode":"bus","color":"#0059a9","colorDark":"#00294f","angle":74,"snapDist":12,"label":1}},{"type":"Feature","geometry":{"type":"Point","coordinates":[20.406195,45.001446]},"properties":{"name":"Besni fok (naselje)","lines":"102P","arr":["102P"],"terminus":0,"mode":"bus","color":"#0059a9","colorDark":"#00294f","angle":39.9,"snapDist":0,"label":1}},{"type":"Feature","geometry":{"type":"Point","coordinates":[20.399049,45.007164]},"properties":{"name":"Njive","lines":"102P","arr":["102P"],"terminus":0,"mode":"bus","color":"#0059a9","colorDark":"#00294f","angle":96.6,"snapDist":1,"label":1}},{"type":"Feature","geometry":{"type":"Point","coordinates":[20.390538,45.01]},"properties":{"name":"Kanal","lines":"102P","arr":["102P"],"terminus":0,"mode":"bus","color":"#0059a9","colorDark":"#00294f","angle":71.8,"snapDist":6,"label":1}},{"type":"Feature","geometry":{"type":"Point","coordinates":[20.388899,45.01304]},"properties":{"name":"Preliv 1","lines":"102P","arr":["102P"],"terminus":0,"mode":"bus","color":"#0059a9","colorDark":"#00294f","angle":64.2,"snapDist":0,"label":1}},{"type":"Feature","geometry":{"type":"Point","coordinates":[20.38687,45.017152]},"properties":{"name":"Preliv","lines":"102P","arr":["102P"],"terminus":1,"mode":"bus","color":"#0059a9","colorDark":"#00294f","angle":74.7,"snapDist":2,"label":1}},{"type":"Feature","geometry":{"type":"Point","coordinates":[20.388853,45.013108]},"properties":{"name":"Preliv 1","lines":"102P","arr":["102P"],"terminus":0,"mode":"bus","color":"#0059a9","colorDark":"#00294f","angle":244.2,"snapDist":2,"label":0}},{"type":"Feature","geometry":{"type":"Point","coordinates":[20.390384,45.010332]},"properties":{"name":"Kanal","lines":"102P","arr":["102P"],"terminus":0,"mode":"bus","color":"#0059a9","colorDark":"#00294f","angle":251.8,"snapDist":2,"label":0}},{"type":"Feature","geometry":{"type":"Point","coordinates":[20.399047,45.007153]},"properties":{"name":"Njive","lines":"102P","arr":["102P"],"terminus":0,"mode":"bus","color":"#0059a9","colorDark":"#00294f","angle":276.6,"snapDist":9,"label":0}},{"type":"Feature","geometry":{"type":"Point","coordinates":[20.406548,45.001356]},"properties":{"name":"Besni fok (naselje)","lines":"102P","arr":["102P"],"terminus":0,"mode":"bus","color":"#0059a9","colorDark":"#00294f","angle":132.4,"snapDist":5,"label":0}},{"type":"Feature","geometry":{"type":"Point","coordinates":[20.408912,45.001989]},"properties":{"name":"Besni fok","lines":"102P, 107, 109","arr":["102P","107","109"],"terminus":0,"mode":"bus","color":"#0059a9","colorDark":"#00294f","angle":254,"snapDist":10,"label":0}},{"type":"Feature","geometry":{"type":"Point","coordinates":[20.461976,44.874994]},"properties":{"name":"Valjevskog odreda","lines":"104","arr":["104"],"terminus":0,"mode":"bus","color":"#0059a9","colorDark":"#00294f","angle":320.1,"snapDist":3,"label":0}},{"type":"Feature","geometry":{"type":"Point","coordinates":[20.459231,44.873348]},"properties":{"name":"Sonje Marinković","lines":"104","arr":["104"],"terminus":0,"mode":"bus","color":"#0059a9","colorDark":"#00294f","angle":319.6,"snapDist":4,"label":1}},{"type":"Feature","geometry":{"type":"Point","coordinates":[20.456747,44.871885]},"properties":{"name":"Trg oslobođenja","lines":"104","arr":["104"],"terminus":0,"mode":"bus","color":"#0059a9","colorDark":"#00294f","angle":318.7,"snapDist":0,"label":1}},{"type":"Feature","geometry":{"type":"Point","coordinates":[20.453584,44.869137]},"properties":{"name":"Branka Radičevića","lines":"104","arr":["104"],"terminus":0,"mode":"bus","color":"#0059a9","colorDark":"#00294f","angle":2.1,"snapDist":3,"label":1}},{"type":"Feature","geometry":{"type":"Point","coordinates":[20.449316,44.869225]},"properties":{"name":"Vuka Karadžića","lines":"104","arr":["104"],"terminus":0,"mode":"bus","color":"#0059a9","colorDark":"#00294f","angle":358.8,"snapDist":4,"label":1}},{"type":"Feature","geometry":{"type":"Point","coordinates":[20.443044,44.864742]},"properties":{"name":"Šesti prilaz","lines":"104","arr":["104"],"terminus":0,"mode":"bus","color":"#0059a9","colorDark":"#00294f","angle":315.6,"snapDist":2,"label":1}},{"type":"Feature","geometry":{"type":"Point","coordinates":[20.439647,44.862468]},"properties":{"name":"Veliki kanal","lines":"104","arr":["104"],"terminus":0,"mode":"bus","color":"#0059a9","colorDark":"#00294f","angle":316.2,"snapDist":4,"label":1}},{"type":"Feature","geometry":{"type":"Point","coordinates":[20.436403,44.860239]},"properties":{"name":"Cvećara","lines":"104","arr":["104"],"terminus":0,"mode":"bus","color":"#0059a9","colorDark":"#00294f","angle":316,"snapDist":5,"label":1}},{"type":"Feature","geometry":{"type":"Point","coordinates":[20.434376,44.858864]},"properties":{"name":"Pumpa","lines":"104","arr":["104"],"terminus":0,"mode":"bus","color":"#0059a9","colorDark":"#00294f","angle":318,"snapDist":4,"label":1}},{"type":"Feature","geometry":{"type":"Point","coordinates":[20.428207,44.859343]},"properties":{"name":"Put za Crvenku","lines":"104","arr":["104"],"terminus":0,"mode":"bus","color":"#0059a9","colorDark":"#00294f","angle":12.8,"snapDist":3,"label":1}},{"type":"Feature","geometry":{"type":"Point","coordinates":[20.417758,44.860831]},"properties":{"name":"Crvenka","lines":"104","arr":["104"],"terminus":1,"mode":"bus","color":"#0059a9","colorDark":"#00294f","angle":158,"snapDist":8,"label":1}},{"type":"Feature","geometry":{"type":"Point","coordinates":[20.428651,44.859271]},"properties":{"name":"Put za Crvenku","lines":"104","arr":["104"],"terminus":0,"mode":"bus","color":"#0059a9","colorDark":"#00294f","angle":192.7,"snapDist":5,"label":0}},{"type":"Feature","geometry":{"type":"Point","coordinates":[20.433168,44.858437]},"properties":{"name":"Pumpa","lines":"104","arr":["104"],"terminus":0,"mode":"bus","color":"#0059a9","colorDark":"#00294f","angle":187.8,"snapDist":4,"label":0}},{"type":"Feature","geometry":{"type":"Point","coordinates":[20.437854,44.86124]},"properties":{"name":"Cvećara","lines":"104","arr":["104"],"terminus":0,"mode":"bus","color":"#0059a9","colorDark":"#00294f","angle":136.1,"snapDist":4,"label":0}},{"type":"Feature","geometry":{"type":"Point","coordinates":[20.440827,44.863208]},"properties":{"name":"Veliki kanal","lines":"104","arr":["104"],"terminus":0,"mode":"bus","color":"#0059a9","colorDark":"#00294f","angle":136,"snapDist":2,"label":0}},{"type":"Feature","geometry":{"type":"Point","coordinates":[20.443702,44.865201]},"properties":{"name":"Šesti prilaz","lines":"104","arr":["104"],"terminus":0,"mode":"bus","color":"#0059a9","colorDark":"#00294f","angle":135.8,"snapDist":4,"label":0}},{"type":"Feature","geometry":{"type":"Point","coordinates":[20.450343,44.86921]},"properties":{"name":"Vuka Karadžića","lines":"104","arr":["104"],"terminus":0,"mode":"bus","color":"#0059a9","colorDark":"#00294f","angle":181.8,"snapDist":2,"label":0}},{"type":"Feature","geometry":{"type":"Point","coordinates":[20.454633,44.869108]},"properties":{"name":"Branka Radičevića","lines":"104","arr":["104"],"terminus":0,"mode":"bus","color":"#0059a9","colorDark":"#00294f","angle":182.4,"snapDist":2,"label":0}},{"type":"Feature","geometry":{"type":"Point","coordinates":[20.456438,44.8711]},"properties":{"name":"Petra Drapšina","lines":"104","arr":["104"],"terminus":0,"mode":"bus","color":"#0059a9","colorDark":"#00294f","angle":92.7,"snapDist":4,"label":1}},{"type":"Feature","geometry":{"type":"Point","coordinates":[20.459217,44.873339]},"properties":{"name":"Sonje Marinković","lines":"104","arr":["104"],"terminus":0,"mode":"bus","color":"#0059a9","colorDark":"#00294f","angle":139.6,"snapDist":4,"label":0}},{"type":"Feature","geometry":{"type":"Point","coordinates":[20.467792,44.879664]},"properties":{"name":"Popova bara","lines":"105, 105L, 105N","arr":["105","105L","105N"],"terminus":0,"mode":"bus","color":"#0059a9","colorDark":"#00294f","angle":129.5,"snapDist":6,"label":1}},{"type":"Feature","geometry":{"type":"Point","coordinates":[20.47294,44.881574]},"properties":{"name":"Mihaila Petrovića","lines":"105, 105L, 105N","arr":["105","105L","105N"],"terminus":0,"mode":"bus","color":"#0059a9","colorDark":"#00294f","angle":186.9,"snapDist":5,"label":1}},{"type":"Feature","geometry":{"type":"Point","coordinates":[20.47689,44.881304]},"properties":{"name":"Put za Ovču","lines":"105, 105L, 105N","arr":["105","105L","105N"],"terminus":0,"mode":"bus","color":"#0059a9","colorDark":"#00294f","angle":185.9,"snapDist":4,"label":1}},{"type":"Feature","geometry":{"type":"Point","coordinates":[20.482839,44.881399]},"properties":{"name":"Mirgorodska","lines":"105, 105L, 105N","arr":["105","105L","105N"],"terminus":0,"mode":"bus","color":"#0059a9","colorDark":"#00294f","angle":167.2,"snapDist":3,"label":1}},{"type":"Feature","geometry":{"type":"Point","coordinates":[20.491875,44.882138]},"properties":{"name":"Branislava Cige Jerinića","lines":"105, 105L, 105N","arr":["105","105L","105N"],"terminus":0,"mode":"bus","color":"#0059a9","colorDark":"#00294f","angle":178.6,"snapDist":3,"label":1}},{"type":"Feature","geometry":{"type":"Point","coordinates":[20.496784,44.882678]},"properties":{"name":"Efeska","lines":"105, 105L, 105N","arr":["105","105L","105N"],"terminus":0,"mode":"bus","color":"#0059a9","colorDark":"#00294f","angle":169.7,"snapDist":5,"label":1}},{"type":"Feature","geometry":{"type":"Point","coordinates":[20.504407,44.883669]},"properties":{"name":"Vojvođanski salaši","lines":"105, 105L, 105N","arr":["105","105L","105N"],"terminus":0,"mode":"bus","color":"#0059a9","colorDark":"#00294f","angle":169.4,"snapDist":8,"label":1}},{"type":"Feature","geometry":{"type":"Point","coordinates":[20.510742,44.884481]},"properties":{"name":"Atovi","lines":"105, 105L, 105N","arr":["105","105L","105N"],"terminus":0,"mode":"bus","color":"#0059a9","colorDark":"#00294f","angle":168.8,"snapDist":5,"label":1}},{"type":"Feature","geometry":{"type":"Point","coordinates":[20.515527,44.885132]},"properties":{"name":"Agro-koka","lines":"105, 105L, 105N","arr":["105","105L","105N"],"terminus":0,"mode":"bus","color":"#0059a9","colorDark":"#00294f","angle":165.7,"snapDist":12,"label":1}},{"type":"Feature","geometry":{"type":"Point","coordinates":[20.523393,44.886452]},"properties":{"name":"Ovča /izlaz/","lines":"105, 105L, 105N","arr":["105","105L","105N"],"terminus":0,"mode":"bus","color":"#0059a9","colorDark":"#00294f","angle":174.7,"snapDist":7,"label":1}},{"type":"Feature","geometry":{"type":"Point","coordinates":[20.530179,44.887092]},"properties":{"name":"Ovča /ulaz/","lines":"105, 105L, 105N","arr":["105","105L","105N"],"terminus":0,"mode":"bus","color":"#0059a9","colorDark":"#00294f","angle":160.7,"snapDist":5,"label":1}},{"type":"Feature","geometry":{"type":"Point","coordinates":[20.53529,44.887972]},"properties":{"name":"Ovča /centar/","lines":"105, 105L, 105N","arr":["105","105L","105N"],"terminus":1,"mode":"bus","color":"#0059a9","colorDark":"#00294f","angle":253.2,"snapDist":1,"label":1}},{"type":"Feature","geometry":{"type":"Point","coordinates":[20.536224,44.885567]},"properties":{"name":"Njegoševa","lines":"105, 105L","arr":["105","105L"],"terminus":0,"mode":"bus","color":"#0059a9","colorDark":"#00294f","angle":260.2,"snapDist":2,"label":1}},{"type":"Feature","geometry":{"type":"Point","coordinates":[20.539421,44.8753]},"properties":{"name":"Železnička rampa","lines":"105, 105L","arr":["105","105L"],"terminus":0,"mode":"bus","color":"#0059a9","colorDark":"#00294f","angle":246.8,"snapDist":3,"label":1}},{"type":"Feature","geometry":{"type":"Point","coordinates":[20.543306,44.875509]},"properties":{"name":"Ovča /Železnička stanica/","lines":"105, 105L","arr":["105","105L"],"terminus":1,"mode":"bus","color":"#0059a9","colorDark":"#00294f","angle":160.4,"snapDist":19,"label":1}},{"type":"Feature","geometry":{"type":"Point","coordinates":[20.53877,44.876382]},"properties":{"name":"Železnička rampa","lines":"105, 105L","arr":["105","105L"],"terminus":0,"mode":"bus","color":"#0059a9","colorDark":"#00294f","angle":67.1,"snapDist":4,"label":0}},{"type":"Feature","geometry":{"type":"Point","coordinates":[20.536013,44.88626]},"properties":{"name":"Njegoševa","lines":"105, 105L","arr":["105","105L"],"terminus":0,"mode":"bus","color":"#0059a9","colorDark":"#00294f","angle":73.6,"snapDist":8,"label":0}},{"type":"Feature","geometry":{"type":"Point","coordinates":[20.538865,44.88755]},"properties":{"name":"Bolja","lines":"105, 105L, 105N","arr":["105","105L","105N"],"terminus":0,"mode":"bus","color":"#0059a9","colorDark":"#00294f","angle":160.5,"snapDist":2,"label":1}},{"type":"Feature","geometry":{"type":"Point","coordinates":[20.542141,44.88838]},"properties":{"name":"Nicu Rada","lines":"105, 105L, 105N","arr":["105","105L","105N"],"terminus":0,"mode":"bus","color":"#0059a9","colorDark":"#00294f","angle":160.3,"snapDist":3,"label":1}},{"type":"Feature","geometry":{"type":"Point","coordinates":[20.542707,44.890205]},"properties":{"name":"Ovča /Beogradska/","lines":"105, 105L, 105N","arr":["105","105L","105N"],"terminus":0,"mode":"bus","color":"#0059a9","colorDark":"#00294f","angle":340.6,"snapDist":2,"label":1}},{"type":"Feature","geometry":{"type":"Point","coordinates":[20.538332,44.889113]},"properties":{"name":"Žarka Zrenjanina","lines":"105, 105L, 105N","arr":["105","105L","105N"],"terminus":0,"mode":"bus","color":"#0059a9","colorDark":"#00294f","angle":340.8,"snapDist":3,"label":1}},{"type":"Feature","geometry":{"type":"Point","coordinates":[20.534663,44.888207]},"properties":{"name":"Ovča /centar/","lines":"105, 105L, 105N","arr":["105","105L","105N"],"terminus":0,"mode":"bus","color":"#0059a9","colorDark":"#00294f","angle":340.7,"snapDist":2,"label":0}},{"type":"Feature","geometry":{"type":"Point","coordinates":[20.529489,44.88692]},"properties":{"name":"Ovča /ulaz/","lines":"105, 105L, 105N","arr":["105","105L","105N"],"terminus":0,"mode":"bus","color":"#0059a9","colorDark":"#00294f","angle":340.7,"snapDist":0,"label":0}},{"type":"Feature","geometry":{"type":"Point","coordinates":[20.522757,44.886405]},"properties":{"name":"Ovča /izlaz/","lines":"105, 105L, 105N","arr":["105","105L","105N"],"terminus":0,"mode":"bus","color":"#0059a9","colorDark":"#00294f","angle":353.6,"snapDist":2,"label":0}},{"type":"Feature","geometry":{"type":"Point","coordinates":[20.515899,44.885214]},"properties":{"name":"Preduzeće Agro-koka","lines":"105, 105L, 105N","arr":["105","105L","105N"],"terminus":0,"mode":"bus","color":"#0059a9","colorDark":"#00294f","angle":341.2,"snapDist":0,"label":1}},{"type":"Feature","geometry":{"type":"Point","coordinates":[20.509522,44.884313]},"properties":{"name":"Atovi","lines":"105, 105L, 105N","arr":["105","105L","105N"],"terminus":0,"mode":"bus","color":"#0059a9","colorDark":"#00294f","angle":349.1,"snapDist":3,"label":0}},{"type":"Feature","geometry":{"type":"Point","coordinates":[20.503625,44.883562]},"properties":{"name":"Vojvođanski salaši","lines":"105, 105L, 105N","arr":["105","105L","105N"],"terminus":0,"mode":"bus","color":"#0059a9","colorDark":"#00294f","angle":348.4,"snapDist":2,"label":0}},{"type":"Feature","geometry":{"type":"Point","coordinates":[20.497239,44.882737]},"properties":{"name":"Efeska","lines":"105, 105L, 105N","arr":["105","105L","105N"],"terminus":0,"mode":"bus","color":"#0059a9","colorDark":"#00294f","angle":349.7,"snapDist":6,"label":0}},{"type":"Feature","geometry":{"type":"Point","coordinates":[20.491079,44.882126]},"properties":{"name":"Branislava Cige Jerinića","lines":"105, 105L, 105N","arr":["105","105L","105N"],"terminus":0,"mode":"bus","color":"#0059a9","colorDark":"#00294f","angle":358.9,"snapDist":3,"label":0}},{"type":"Feature","geometry":{"type":"Point","coordinates":[20.482136,44.881285]},"properties":{"name":"Mirgorodska","lines":"105, 105L, 105N","arr":["105","105L","105N"],"terminus":0,"mode":"bus","color":"#0059a9","colorDark":"#00294f","angle":347,"snapDist":5,"label":0}},{"type":"Feature","geometry":{"type":"Point","coordinates":[20.476404,44.881336]},"properties":{"name":"Put za Ovču","lines":"105, 105L, 105N","arr":["105","105L","105N"],"terminus":0,"mode":"bus","color":"#0059a9","colorDark":"#00294f","angle":4,"snapDist":6,"label":0}},{"type":"Feature","geometry":{"type":"Point","coordinates":[20.47156,44.881728]},"properties":{"name":"Mihaila Petrovića","lines":"105, 105L, 105N","arr":["105","105L","105N"],"terminus":0,"mode":"bus","color":"#0059a9","colorDark":"#00294f","angle":8.8,"snapDist":6,"label":0}},{"type":"Feature","geometry":{"type":"Point","coordinates":[20.46888,44.880601]},"properties":{"name":"Popova bara","lines":"105, 105L, 105N","arr":["105","105L","105N"],"terminus":0,"mode":"bus","color":"#0059a9","colorDark":"#00294f","angle":309.6,"snapDist":6,"label":0}},{"type":"Feature","geometry":{"type":"Point","coordinates":[20.449895,44.874165]},"properties":{"name":"Borča 3","lines":"105L","arr":["105L"],"terminus":0,"mode":"bus","color":"#0059a9","colorDark":"#00294f","angle":189.9,"snapDist":2,"label":0}},{"type":"Feature","geometry":{"type":"Point","coordinates":[20.454734,44.875992]},"properties":{"name":"Staro groblje /Borča/","lines":"105L","arr":["105L"],"terminus":0,"mode":"bus","color":"#0059a9","colorDark":"#00294f","angle":133.2,"snapDist":3,"label":1}},{"type":"Feature","geometry":{"type":"Point","coordinates":[20.454317,44.875676]},"properties":{"name":"Staro groblje /Borča/","lines":"105L","arr":["105L"],"terminus":0,"mode":"bus","color":"#0059a9","colorDark":"#00294f","angle":313.4,"snapDist":2,"label":0}},{"type":"Feature","geometry":{"type":"Point","coordinates":[20.44866,44.874766]},"properties":{"name":"Borča 3","lines":"105L","arr":["105L"],"terminus":0,"mode":"bus","color":"#0059a9","colorDark":"#00294f","angle":54.4,"snapDist":6,"label":0}},{"type":"Feature","geometry":{"type":"Point","coordinates":[20.44281,44.912734]},"properties":{"name":"Zrenjaninski put","lines":"106","arr":["106"],"terminus":0,"mode":"bus","color":"#0059a9","colorDark":"#00294f","angle":332.8,"snapDist":2,"label":1}},{"type":"Feature","geometry":{"type":"Point","coordinates":[20.433437,44.909267]},"properties":{"name":"Kovilovo 1","lines":"106","arr":["106"],"terminus":0,"mode":"bus","color":"#0059a9","colorDark":"#00294f","angle":332.4,"snapDist":9,"label":1}},{"type":"Feature","geometry":{"type":"Point","coordinates":[20.430217,44.909656]},"properties":{"name":"Kovilovo 2","lines":"106","arr":["106"],"terminus":0,"mode":"bus","color":"#0059a9","colorDark":"#00294f","angle":62.4,"snapDist":4,"label":1}},{"type":"Feature","geometry":{"type":"Point","coordinates":[20.421366,44.90802]},"properties":{"name":"PKB Kovilovo","lines":"106","arr":["106"],"terminus":0,"mode":"bus","color":"#0059a9","colorDark":"#00294f","angle":337.6,"snapDist":4,"label":1}},{"type":"Feature","geometry":{"type":"Point","coordinates":[20.441784,44.916645]},"properties":{"name":"Put za Jabučki rit","lines":"106","arr":["106"],"terminus":0,"mode":"bus","color":"#0059a9","colorDark":"#00294f","angle":155.2,"snapDist":15,"label":0}},{"type":"Feature","geometry":{"type":"Point","coordinates":[20.452742,44.921213]},"properties":{"name":"Štale PKB","lines":"106","arr":["106"],"terminus":0,"mode":"bus","color":"#0059a9","colorDark":"#00294f","angle":149.8,"snapDist":5,"label":1}},{"type":"Feature","geometry":{"type":"Point","coordinates":[20.47462,44.930262]},"properties":{"name":"Glogonjski rit","lines":"106","arr":["106"],"terminus":0,"mode":"bus","color":"#0059a9","colorDark":"#00294f","angle":160.1,"snapDist":3,"label":1}},{"type":"Feature","geometry":{"type":"Point","coordinates":[20.506382,44.928838]},"properties":{"name":"Stari aerodrom","lines":"106","arr":["106"],"terminus":0,"mode":"bus","color":"#0059a9","colorDark":"#00294f","angle":212.9,"snapDist":8,"label":1}},{"type":"Feature","geometry":{"type":"Point","coordinates":[20.544474,44.928735]},"properties":{"name":"Radenska bara","lines":"106","arr":["106"],"terminus":0,"mode":"bus","color":"#0059a9","colorDark":"#00294f","angle":228.5,"snapDist":1,"label":1}},{"type":"Feature","geometry":{"type":"Point","coordinates":[20.554222,44.92089]},"properties":{"name":"Mašinski park","lines":"106","arr":["106"],"terminus":0,"mode":"bus","color":"#0059a9","colorDark":"#00294f","angle":230.1,"snapDist":4,"label":1}},{"type":"Feature","geometry":{"type":"Point","coordinates":[20.557663,44.918112]},"properties":{"name":"Jabučki rit","lines":"106","arr":["106"],"terminus":1,"mode":"bus","color":"#0059a9","colorDark":"#00294f","angle":48.9,"snapDist":10,"label":1}},{"type":"Feature","geometry":{"type":"Point","coordinates":[20.554126,44.920972]},"properties":{"name":"Mašinski park","lines":"106","arr":["106"],"terminus":0,"mode":"bus","color":"#0059a9","colorDark":"#00294f","angle":50.1,"snapDist":5,"label":0}},{"type":"Feature","geometry":{"type":"Point","coordinates":[20.544155,44.928992]},"properties":{"name":"Radenska bara","lines":"106","arr":["106"],"terminus":0,"mode":"bus","color":"#0059a9","colorDark":"#00294f","angle":48.5,"snapDist":4,"label":0}},{"type":"Feature","geometry":{"type":"Point","coordinates":[20.506258,44.928895]},"properties":{"name":"Stari aerodrom","lines":"106","arr":["106"],"terminus":0,"mode":"bus","color":"#0059a9","colorDark":"#00294f","angle":32.9,"snapDist":1,"label":0}},{"type":"Feature","geometry":{"type":"Point","coordinates":[20.474272,44.930143]},"properties":{"name":"Glogonjski rit","lines":"106","arr":["106"],"terminus":0,"mode":"bus","color":"#0059a9","colorDark":"#00294f","angle":329.9,"snapDist":4,"label":0}},{"type":"Feature","geometry":{"type":"Point","coordinates":[20.452423,44.921081]},"properties":{"name":"Štale PKB","lines":"106","arr":["106"],"terminus":0,"mode":"bus","color":"#0059a9","colorDark":"#00294f","angle":329.6,"snapDist":4,"label":0}},{"type":"Feature","geometry":{"type":"Point","coordinates":[20.441626,44.916593]},"properties":{"name":"Put za Jabučki rit","lines":"106","arr":["106"],"terminus":0,"mode":"bus","color":"#0059a9","colorDark":"#00294f","angle":335.2,"snapDist":2,"label":0}},{"type":"Feature","geometry":{"type":"Point","coordinates":[20.430533,44.909227]},"properties":{"name":"Kovilovo 2","lines":"106","arr":["106"],"terminus":0,"mode":"bus","color":"#0059a9","colorDark":"#00294f","angle":242.2,"snapDist":10,"label":0}},{"type":"Feature","geometry":{"type":"Point","coordinates":[20.43433,44.909601]},"properties":{"name":"Kovilovo 1","lines":"106","arr":["106"],"terminus":0,"mode":"bus","color":"#0059a9","colorDark":"#00294f","angle":152.1,"snapDist":2,"label":0}},{"type":"Feature","geometry":{"type":"Point","coordinates":[20.398738,45.021325]},"properties":{"name":"Preliv","lines":"107, 107a, 109","arr":["107","107a","109"],"terminus":0,"mode":"bus","color":"#0059a9","colorDark":"#00294f","angle":54.2,"snapDist":10,"label":1}},{"type":"Feature","geometry":{"type":"Point","coordinates":[20.393671,45.032795]},"properties":{"name":"Nasipska čuvarnica","lines":"107, 107a, 109","arr":["107","107a","109"],"terminus":0,"mode":"bus","color":"#0059a9","colorDark":"#00294f","angle":86.8,"snapDist":5,"label":1}},{"type":"Feature","geometry":{"type":"Point","coordinates":[20.391331,45.051969]},"properties":{"name":"Japanski cvet","lines":"107, 107a, 109","arr":["107","107a","109"],"terminus":0,"mode":"bus","color":"#0059a9","colorDark":"#00294f","angle":69.2,"snapDist":6,"label":1}},{"type":"Feature","geometry":{"type":"Point","coordinates":[20.383278,45.067019]},"properties":{"name":"Dunavac","lines":"107, 107a","arr":["107","107a"],"terminus":1,"mode":"bus","color":"#0059a9","colorDark":"#00294f","angle":45.7,"snapDist":12,"label":1}},{"type":"Feature","geometry":{"type":"Point","coordinates":[20.39221,45.050255]},"properties":{"name":"Japanski cvet","lines":"107, 109","arr":["107","109"],"terminus":0,"mode":"bus","color":"#0059a9","colorDark":"#00294f","angle":250.7,"snapDist":9,"label":0}},{"type":"Feature","geometry":{"type":"Point","coordinates":[20.393617,45.033492]},"properties":{"name":"Nasipska čuvarnica","lines":"107, 109","arr":["107","109"],"terminus":0,"mode":"bus","color":"#0059a9","colorDark":"#00294f","angle":266.8,"snapDist":8,"label":0}},{"type":"Feature","geometry":{"type":"Point","coordinates":[20.398267,45.021789]},"properties":{"name":"Preliv","lines":"107, 109","arr":["107","109"],"terminus":0,"mode":"bus","color":"#0059a9","colorDark":"#00294f","angle":234.2,"snapDist":8,"label":0}},{"type":"Feature","geometry":{"type":"Point","coordinates":[20.404332,45.000123]},"properties":{"name":"O.Š. Olga Petrov","lines":"107a","arr":["107a"],"terminus":0,"mode":"bus","color":"#0059a9","colorDark":"#00294f","angle":41,"snapDist":1,"label":1}},{"type":"Feature","geometry":{"type":"Point","coordinates":[20.490014,44.815379]},"properties":{"name":"Omladinski stadion /ulaz/","lines":"108, 202","arr":["108","202"],"terminus":1,"mode":"bus","color":"#0059a9","colorDark":"#00294f","angle":122.5,"snapDist":15,"label":1}},{"type":"Feature","geometry":{"type":"Point","coordinates":[20.500882,44.840269]},"properties":{"name":"Blok Braća Marić","lines":"108, 112","arr":["108","112"],"terminus":0,"mode":"bus","color":"#0059a9","colorDark":"#00294f","angle":148.6,"snapDist":7,"label":1}},{"type":"Feature","geometry":{"type":"Point","coordinates":[20.509551,44.844063]},"properties":{"name":"Janko Lisjak","lines":"108, 112","arr":["108","112"],"terminus":0,"mode":"bus","color":"#0059a9","colorDark":"#00294f","angle":148.4,"snapDist":8,"label":1}},{"type":"Feature","geometry":{"type":"Point","coordinates":[20.514518,44.846167]},"properties":{"name":"Progres","lines":"108, 112","arr":["108","112"],"terminus":0,"mode":"bus","color":"#0059a9","colorDark":"#00294f","angle":151.8,"snapDist":9,"label":1}},{"type":"Feature","geometry":{"type":"Point","coordinates":[20.519216,44.84764]},"properties":{"name":"Politika","lines":"108, 112","arr":["108","112"],"terminus":0,"mode":"bus","color":"#0059a9","colorDark":"#00294f","angle":158.4,"snapDist":8,"label":1}},{"type":"Feature","geometry":{"type":"Point","coordinates":[20.527828,44.849958]},"properties":{"name":"Hidrotehnika","lines":"108, 112","arr":["108","112"],"terminus":0,"mode":"bus","color":"#0059a9","colorDark":"#00294f","angle":159.3,"snapDist":9,"label":1}},{"type":"Feature","geometry":{"type":"Point","coordinates":[20.532197,44.851112]},"properties":{"name":"Rafinerija","lines":"108, 112","arr":["108","112"],"terminus":0,"mode":"bus","color":"#0059a9","colorDark":"#00294f","angle":159.3,"snapDist":7,"label":1}},{"type":"Feature","geometry":{"type":"Point","coordinates":[20.537447,44.85252]},"properties":{"name":"Balkan","lines":"108, 112","arr":["108","112"],"terminus":0,"mode":"bus","color":"#0059a9","colorDark":"#00294f","angle":159.4,"snapDist":9,"label":1}},{"type":"Feature","geometry":{"type":"Point","coordinates":[20.544514,44.854404]},"properties":{"name":"Radiostanica","lines":"108, 112","arr":["108","112"],"terminus":0,"mode":"bus","color":"#0059a9","colorDark":"#00294f","angle":159.5,"snapDist":9,"label":1}},{"type":"Feature","geometry":{"type":"Point","coordinates":[20.554745,44.857124]},"properties":{"name":"Naselje Ilić","lines":"108, 112","arr":["108","112"],"terminus":0,"mode":"bus","color":"#0059a9","colorDark":"#00294f","angle":159.7,"snapDist":7,"label":1}},{"type":"Feature","geometry":{"type":"Point","coordinates":[20.562084,44.859053]},"properties":{"name":"Deseti kilometar","lines":"108, 112","arr":["108","112"],"terminus":0,"mode":"bus","color":"#0059a9","colorDark":"#00294f","angle":159.7,"snapDist":7,"label":1}},{"type":"Feature","geometry":{"type":"Point","coordinates":[20.590405,44.866541]},"properties":{"name":"Sibnica","lines":"108, 112","arr":["108","112"],"terminus":0,"mode":"bus","color":"#0059a9","colorDark":"#00294f","angle":159.6,"snapDist":7,"label":1}},{"type":"Feature","geometry":{"type":"Point","coordinates":[20.595421,44.867876]},"properties":{"name":"MZ Reva /Mali raj/","lines":"108, 112","arr":["108","112"],"terminus":0,"mode":"bus","color":"#0059a9","colorDark":"#00294f","angle":159.8,"snapDist":4,"label":1}},{"type":"Feature","geometry":{"type":"Point","coordinates":[20.606947,44.869755]},"properties":{"name":"Sibnička nova 4. deo","lines":"108, 112","arr":["108","112"],"terminus":0,"mode":"bus","color":"#0059a9","colorDark":"#00294f","angle":176.3,"snapDist":12,"label":1}},{"type":"Feature","geometry":{"type":"Point","coordinates":[20.614793,44.870185]},"properties":{"name":"Reva /Duboka bara/","lines":"108, 112","arr":["108","112"],"terminus":1,"mode":"bus","color":"#0059a9","colorDark":"#00294f","angle":6.7,"snapDist":5,"label":1}},{"type":"Feature","geometry":{"type":"Point","coordinates":[20.605517,44.869699]},"properties":{"name":"Sibnička nova 4. deo","lines":"108, 112","arr":["108","112"],"terminus":0,"mode":"bus","color":"#0059a9","colorDark":"#00294f","angle":357.2,"snapDist":9,"label":0}},{"type":"Feature","geometry":{"type":"Point","coordinates":[20.594735,44.867697]},"properties":{"name":"MZ Reva /Mali raj/","lines":"108, 112","arr":["108","112"],"terminus":0,"mode":"bus","color":"#0059a9","colorDark":"#00294f","angle":339.9,"snapDist":7,"label":0}},{"type":"Feature","geometry":{"type":"Point","coordinates":[20.588484,44.866031]},"properties":{"name":"Sibnica","lines":"108, 112","arr":["108","112"],"terminus":0,"mode":"bus","color":"#0059a9","colorDark":"#00294f","angle":339.4,"snapDist":6,"label":0}},{"type":"Feature","geometry":{"type":"Point","coordinates":[20.560676,44.858785]},"properties":{"name":"Deseti kilometar","lines":"108, 112","arr":["108","112"],"terminus":0,"mode":"bus","color":"#0059a9","colorDark":"#00294f","angle":339.8,"snapDist":7,"label":0}},{"type":"Feature","geometry":{"type":"Point","coordinates":[20.553345,44.856863]},"properties":{"name":"Naselje Ilić","lines":"108, 112","arr":["108","112"],"terminus":0,"mode":"bus","color":"#0059a9","colorDark":"#00294f","angle":339.4,"snapDist":5,"label":0}},{"type":"Feature","geometry":{"type":"Point","coordinates":[20.543096,44.854137]},"properties":{"name":"Radiostanica","lines":"108, 112","arr":["108","112"],"terminus":0,"mode":"bus","color":"#0059a9","colorDark":"#00294f","angle":339.6,"snapDist":6,"label":0}},{"type":"Feature","geometry":{"type":"Point","coordinates":[20.535953,44.852231]},"properties":{"name":"Balkan","lines":"108, 112","arr":["108","112"],"terminus":0,"mode":"bus","color":"#0059a9","colorDark":"#00294f","angle":339.5,"snapDist":8,"label":0}},{"type":"Feature","geometry":{"type":"Point","coordinates":[20.530713,44.85084]},"properties":{"name":"Rafinerija","lines":"108, 112","arr":["108","112"],"terminus":0,"mode":"bus","color":"#0059a9","colorDark":"#00294f","angle":339.4,"snapDist":7,"label":0}},{"type":"Feature","geometry":{"type":"Point","coordinates":[20.526401,44.849698]},"properties":{"name":"Hidrotehnika","lines":"108, 112","arr":["108","112"],"terminus":0,"mode":"bus","color":"#0059a9","colorDark":"#00294f","angle":339.3,"snapDist":4,"label":0}},{"type":"Feature","geometry":{"type":"Point","coordinates":[20.517805,44.847367]},"properties":{"name":"Politika","lines":"108, 112","arr":["108","112"],"terminus":0,"mode":"bus","color":"#0059a9","colorDark":"#00294f","angle":337,"snapDist":8,"label":0}},{"type":"Feature","geometry":{"type":"Point","coordinates":[20.513057,44.845703]},"properties":{"name":"Progres","lines":"108, 112","arr":["108","112"],"terminus":0,"mode":"bus","color":"#0059a9","colorDark":"#00294f","angle":328.9,"snapDist":7,"label":0}},{"type":"Feature","geometry":{"type":"Point","coordinates":[20.508263,44.843623]},"properties":{"name":"Janko Lisjak","lines":"108, 112","arr":["108","112"],"terminus":0,"mode":"bus","color":"#0059a9","colorDark":"#00294f","angle":328.8,"snapDist":8,"label":0}},{"type":"Feature","geometry":{"type":"Point","coordinates":[20.499551,44.839818]},"properties":{"name":"Blok Braća Marić","lines":"108, 112","arr":["108","112"],"terminus":0,"mode":"bus","color":"#0059a9","colorDark":"#00294f","angle":328.8,"snapDist":7,"label":0}},{"type":"Feature","geometry":{"type":"Point","coordinates":[20.380627,45.064503]},"properties":{"name":"Put za Dunavac","lines":"109","arr":["109"],"terminus":1,"mode":"bus","color":"#0059a9","colorDark":"#00294f","angle":82.9,"snapDist":12,"label":1}},{"type":"Feature","geometry":{"type":"Point","coordinates":[20.380371,45.065933]},"properties":{"name":"Put za Dunavac","lines":"109","arr":["109"],"terminus":1,"mode":"bus","color":"#0059a9","colorDark":"#00294f","angle":262.8,"snapDist":12,"label":0}},{"type":"Feature","geometry":{"type":"Point","coordinates":[20.467818,45.004088]},"properties":{"name":"Obala Tamiša","lines":"110","arr":["110"],"terminus":1,"mode":"bus","color":"#0059a9","colorDark":"#00294f","angle":151.6,"snapDist":6,"label":1}},{"type":"Feature","geometry":{"type":"Point","coordinates":[20.464114,45.002663]},"properties":{"name":"Obala Tamiša","lines":"110","arr":["110"],"terminus":1,"mode":"bus","color":"#0059a9","colorDark":"#00294f","angle":328.5,"snapDist":2,"label":1}},{"type":"Feature","geometry":{"type":"Point","coordinates":[20.456234,44.91116]},"properties":{"name":"SC Kovilovo","lines":"111","arr":["111"],"terminus":1,"mode":"bus","color":"#0059a9","colorDark":"#00294f","angle":41.7,"snapDist":4,"label":1}},{"type":"Feature","geometry":{"type":"Point","coordinates":[20.456425,44.910962]},"properties":{"name":"SC Kovilovo","lines":"111","arr":["111"],"terminus":1,"mode":"bus","color":"#0059a9","colorDark":"#00294f","angle":237.4,"snapDist":4,"label":0}},{"type":"Feature","geometry":{"type":"Point","coordinates":[20.547886,44.810024]},"properties":{"name":"Lešće /ulaz/","lines":"202, 202N","arr":["202","202N"],"terminus":0,"mode":"bus","color":"#0059a9","colorDark":"#00294f","angle":232.3,"snapDist":2,"label":1}},{"type":"Feature","geometry":{"type":"Point","coordinates":[20.552725,44.80768]},"properties":{"name":"Srpska kruna","lines":"202, 202N","arr":["202","202N"],"terminus":0,"mode":"bus","color":"#0059a9","colorDark":"#00294f","angle":198.9,"snapDist":1,"label":1}},{"type":"Feature","geometry":{"type":"Point","coordinates":[20.556949,44.806493]},"properties":{"name":"Slanci /ulaz/","lines":"202, 202N","arr":["202","202N"],"terminus":0,"mode":"bus","color":"#0059a9","colorDark":"#00294f","angle":208.1,"snapDist":3,"label":1}},{"type":"Feature","geometry":{"type":"Point","coordinates":[20.562105,44.807126]},"properties":{"name":"Pekara","lines":"202, 202N","arr":["202","202N"],"terminus":0,"mode":"bus","color":"#0059a9","colorDark":"#00294f","angle":203,"snapDist":5,"label":1}},{"type":"Feature","geometry":{"type":"Point","coordinates":[20.566131,44.807558]},"properties":{"name":"Izvorska","lines":"202, 202N","arr":["202","202N"],"terminus":0,"mode":"bus","color":"#0059a9","colorDark":"#00294f","angle":153.7,"snapDist":0,"label":1}},{"type":"Feature","geometry":{"type":"Point","coordinates":[20.570736,44.808146]},"properties":{"name":"Slanci /škola/","lines":"202, 202N","arr":["202","202N"],"terminus":0,"mode":"bus","color":"#0059a9","colorDark":"#00294f","angle":151.9,"snapDist":1,"label":1}},{"type":"Feature","geometry":{"type":"Point","coordinates":[20.577078,44.809142]},"properties":{"name":"Veterinarska stanica","lines":"202, 202N","arr":["202","202N"],"terminus":0,"mode":"bus","color":"#0059a9","colorDark":"#00294f","angle":167.3,"snapDist":3,"label":1}},{"type":"Feature","geometry":{"type":"Point","coordinates":[20.585834,44.806641]},"properties":{"name":"Veliko selo (ulaz)","lines":"202, 202N","arr":["202","202N"],"terminus":0,"mode":"bus","color":"#0059a9","colorDark":"#00294f","angle":215.5,"snapDist":2,"label":1}},{"type":"Feature","geometry":{"type":"Point","coordinates":[20.589072,44.806395]},"properties":{"name":"Teslina","lines":"202, 202N","arr":["202","202N"],"terminus":0,"mode":"bus","color":"#0059a9","colorDark":"#00294f","angle":156,"snapDist":0,"label":1}},{"type":"Feature","geometry":{"type":"Point","coordinates":[20.591717,44.808001]},"properties":{"name":"Omladinska","lines":"202, 202N","arr":["202","202N"],"terminus":0,"mode":"bus","color":"#0059a9","colorDark":"#00294f","angle":141.3,"snapDist":5,"label":1}},{"type":"Feature","geometry":{"type":"Point","coordinates":[20.597841,44.810711]},"properties":{"name":"MZ Veliko Selo","lines":"202, 202N","arr":["202","202N"],"terminus":0,"mode":"bus","color":"#0059a9","colorDark":"#00294f","angle":165.5,"snapDist":0,"label":1}},{"type":"Feature","geometry":{"type":"Point","coordinates":[20.601538,44.812162]},"properties":{"name":"Veliko selo","lines":"202, 202N","arr":["202","202N"],"terminus":1,"mode":"bus","color":"#0059a9","colorDark":"#00294f","angle":138.9,"snapDist":4,"label":1}},{"type":"Feature","geometry":{"type":"Point","coordinates":[20.597655,44.81067]},"properties":{"name":"MZ Veliko Selo","lines":"202, 202N","arr":["202","202N"],"terminus":0,"mode":"bus","color":"#0059a9","colorDark":"#00294f","angle":340.7,"snapDist":5,"label":0}},{"type":"Feature","geometry":{"type":"Point","coordinates":[20.591664,44.807971]},"properties":{"name":"Omladinska","lines":"202, 202N","arr":["202","202N"],"terminus":0,"mode":"bus","color":"#0059a9","colorDark":"#00294f","angle":321.3,"snapDist":5,"label":0}},{"type":"Feature","geometry":{"type":"Point","coordinates":[20.588864,44.806331]},"properties":{"name":"Teslina","lines":"202, 202N","arr":["202","202N"],"terminus":0,"mode":"bus","color":"#0059a9","colorDark":"#00294f","angle":336.8,"snapDist":5,"label":0}},{"type":"Feature","geometry":{"type":"Point","coordinates":[20.585387,44.806866]},"properties":{"name":"Veliko selo (ulaz)","lines":"202, 202N","arr":["202","202N"],"terminus":0,"mode":"bus","color":"#0059a9","colorDark":"#00294f","angle":34.8,"snapDist":5,"label":0}},{"type":"Feature","geometry":{"type":"Point","coordinates":[20.576753,44.80908]},"properties":{"name":"Veterinarska stanica","lines":"202, 202N","arr":["202","202N"],"terminus":0,"mode":"bus","color":"#0059a9","colorDark":"#00294f","angle":336.8,"snapDist":6,"label":0}},{"type":"Feature","geometry":{"type":"Point","coordinates":[20.570229,44.808032]},"properties":{"name":"Slanci /škola/","lines":"202, 202N","arr":["202","202N"],"terminus":0,"mode":"bus","color":"#0059a9","colorDark":"#00294f","angle":342.7,"snapDist":3,"label":0}},{"type":"Feature","geometry":{"type":"Point","coordinates":[20.566578,44.807691]},"properties":{"name":"Izvorska","lines":"202, 202N","arr":["202","202N"],"terminus":0,"mode":"bus","color":"#0059a9","colorDark":"#00294f","angle":340.4,"snapDist":6,"label":0}},{"type":"Feature","geometry":{"type":"Point","coordinates":[20.561822,44.807212]},"properties":{"name":"Pekara","lines":"202, 202N","arr":["202","202N"],"terminus":0,"mode":"bus","color":"#0059a9","colorDark":"#00294f","angle":23.3,"snapDist":3,"label":0}},{"type":"Feature","geometry":{"type":"Point","coordinates":[20.55649,44.806664]},"properties":{"name":"Slanci /ulaz/","lines":"202, 202N","arr":["202","202N"],"terminus":0,"mode":"bus","color":"#0059a9","colorDark":"#00294f","angle":25.5,"snapDist":6,"label":0}},{"type":"Feature","geometry":{"type":"Point","coordinates":[20.55224,44.807751]},"properties":{"name":"Srpska kruna","lines":"202, 202N","arr":["202","202N"],"terminus":0,"mode":"bus","color":"#0059a9","colorDark":"#00294f","angle":9.3,"snapDist":5,"label":0}},{"type":"Feature","geometry":{"type":"Point","coordinates":[20.547167,44.810471]},"properties":{"name":"Lešće /ulaz/","lines":"202, 202N","arr":["202","202N"],"terminus":0,"mode":"bus","color":"#0059a9","colorDark":"#00294f","angle":36.6,"snapDist":6,"label":0}},{"type":"Feature","geometry":{"type":"Point","coordinates":[20.560583,44.752192]},"properties":{"name":"Kaluđerica","lines":"301Na, 304Na, 307N, 307Na, 309","arr":["301Na","304Na","307N","307Na","309"],"terminus":1,"mode":"bus","color":"#0059a9","colorDark":"#00294f","angle":47.1,"snapDist":5,"label":1}},{"type":"Feature","geometry":{"type":"Point","coordinates":[20.555988,44.75234]},"properties":{"name":"Isidora Blagojevića","lines":"301Na, 304Na, 307N, 307Na, 309, 309L","arr":["301Na","304Na","307N","307Na","309","309L"],"terminus":0,"mode":"bus","color":"#0059a9","colorDark":"#00294f","angle":125,"snapDist":4,"label":1}},{"type":"Feature","geometry":{"type":"Point","coordinates":[20.553982,44.75326]},"properties":{"name":"Kaluđerica /centar/","lines":"301Na, 304N, 304Na, 307N, 307Na, 309, 309L","arr":["301Na","304N","304Na","307N","307Na","309","309L"],"terminus":0,"mode":"bus","color":"#0059a9","colorDark":"#00294f","angle":130,"snapDist":5,"label":1}},{"type":"Feature","geometry":{"type":"Point","coordinates":[20.552214,44.75669]},"properties":{"name":"Radisava Ignjatovića","lines":"301Na, 304N, 304Na, 307N, 307Na, 309, 309L","arr":["301Na","304N","304Na","307N","307Na","309","309L"],"terminus":0,"mode":"bus","color":"#0059a9","colorDark":"#00294f","angle":55.6,"snapDist":5,"label":1}},{"type":"Feature","geometry":{"type":"Point","coordinates":[20.551124,44.7593]},"properties":{"name":"Željka Milivojevića","lines":"301Na, 304N, 304Na, 307N, 307Na, 309","arr":["301Na","304N","304Na","307N","307Na","309"],"terminus":0,"mode":"bus","color":"#0059a9","colorDark":"#00294f","angle":75.8,"snapDist":6,"label":1}},{"type":"Feature","geometry":{"type":"Point","coordinates":[20.549593,44.762657]},"properties":{"name":"Stepe Stepanovića","lines":"301Na, 304Na, 307N, 307Na, 309","arr":["301Na","304Na","307N","307Na","309"],"terminus":0,"mode":"bus","color":"#0059a9","colorDark":"#00294f","angle":74.8,"snapDist":4,"label":1}},{"type":"Feature","geometry":{"type":"Point","coordinates":[20.55437,44.764501]},"properties":{"name":"Kopaonička","lines":"301Na, 304Na, 307N, 307Na, 309","arr":["301Na","304Na","307N","307Na","309"],"terminus":0,"mode":"bus","color":"#0059a9","colorDark":"#00294f","angle":141.4,"snapDist":6,"label":1}},{"type":"Feature","geometry":{"type":"Point","coordinates":[20.559454,44.765884]},"properties":{"name":"Dom zdravlja","lines":"301Na, 304Na, 307N, 307Na, 309","arr":["301Na","304Na","307N","307Na","309"],"terminus":0,"mode":"bus","color":"#0059a9","colorDark":"#00294f","angle":146.7,"snapDist":5,"label":1}},{"type":"Feature","geometry":{"type":"Point","coordinates":[20.564426,44.764544]},"properties":{"name":"Put za Institut","lines":"301Na, 302, 302a, 302b, 303, 304, 304Na, 304Nb, 305, 306, 306a, 306b, 307, 307N, 309L, 311","arr":["301Na","302","302a","302b","303","304","304Na","304Nb","305","306","306a","306b","307","307N","309L","311"],"terminus":1,"mode":"bus","color":"#0059a9","colorDark":"#00294f","angle":242.6,"snapDist":6,"label":1}},{"type":"Feature","geometry":{"type":"Point","coordinates":[20.566261,44.762243]},"properties":{"name":"Filipa Kljajića","lines":"301Na, 302, 302a, 302b, 303, 304, 304Na, 304Nb, 305, 306, 306a, 306b, 307, 307N, 309L, 311","arr":["301Na","302","302a","302b","303","304","304Na","304Nb","305","306","306a","306b","307","307N","309L","311"],"terminus":0,"mode":"bus","color":"#0059a9","colorDark":"#00294f","angle":239.2,"snapDist":6,"label":1}},{"type":"Feature","geometry":{"type":"Point","coordinates":[20.569711,44.759312]},"properties":{"name":"Stara Kaluđerica","lines":"301Na, 302, 302a, 302b, 303, 304, 304Na, 304Nb, 305, 306, 306a, 306b, 307, 307N, 309L, 311","arr":["301Na","302","302a","302b","303","304","304Na","304Nb","305","306","306a","306b","307","307N","309L","311"],"terminus":0,"mode":"bus","color":"#0059a9","colorDark":"#00294f","angle":212.2,"snapDist":6,"label":1}},{"type":"Feature","geometry":{"type":"Point","coordinates":[20.576021,44.756442]},"properties":{"name":"Čardak","lines":"301Na, 302, 302a, 302b, 303, 304, 304Na, 304Nb, 305, 306, 306a, 306b, 307, 307N, 311","arr":["301Na","302","302a","302b","303","304","304Na","304Nb","305","306","306a","306b","307","307N","311"],"terminus":0,"mode":"bus","color":"#0059a9","colorDark":"#00294f","angle":221.3,"snapDist":4,"label":1}},{"type":"Feature","geometry":{"type":"Point","coordinates":[20.580897,44.753686]},"properties":{"name":"Hotel Radmilovac","lines":"301Na, 302, 302a, 302b, 303, 304, 304Na, 304Nb, 305, 306, 306a, 306b, 307, 307N, 311","arr":["301Na","302","302a","302b","303","304","304Na","304Nb","305","306","306a","306b","307","307N","311"],"terminus":0,"mode":"bus","color":"#0059a9","colorDark":"#00294f","angle":239.1,"snapDist":5,"label":1}},{"type":"Feature","geometry":{"type":"Point","coordinates":[20.584018,44.750931]},"properties":{"name":"Petra Kočića","lines":"301Na, 302, 302a, 302b, 303, 304, 304Na, 304Nb, 305, 306, 306a, 306b, 307, 307N, 311","arr":["301Na","302","302a","302b","303","304","304Na","304Nb","305","306","306a","306b","307","307N","311"],"terminus":0,"mode":"bus","color":"#0059a9","colorDark":"#00294f","angle":225.8,"snapDist":6,"label":1}},{"type":"Feature","geometry":{"type":"Point","coordinates":[20.587931,44.748407]},"properties":{"name":"Dušana Petrovića Šaneta","lines":"301Na, 302, 302a, 302b, 303, 304, 304Na, 304Nb, 305, 306, 306a, 306b, 307, 307N, 311","arr":["301Na","302","302a","302b","303","304","304Na","304Nb","305","306","306a","306b","307","307N","311"],"terminus":0,"mode":"bus","color":"#0059a9","colorDark":"#00294f","angle":201.6,"snapDist":5,"label":1}},{"type":"Feature","geometry":{"type":"Point","coordinates":[20.598693,44.745549]},"properties":{"name":"Zdravstvena st. Leštane i Vinča","lines":"301Na, 302, 302a, 302b, 303, 304, 304N, 304Na, 304Nb, 305, 306, 306a, 306b","arr":["301Na","302","302a","302b","303","304","304N","304Na","304Nb","305","306","306a","306b"],"terminus":0,"mode":"bus","color":"#0059a9","colorDark":"#00294f","angle":200.9,"snapDist":6,"label":1}},{"type":"Feature","geometry":{"type":"Point","coordinates":[20.606866,44.741757]},"properties":{"name":"Boleč /pumpa/","lines":"301Na, 302, 302a, 302b, 303, 304, 304N, 304Na, 304Nb, 305, 306v","arr":["301Na","302","302a","302b","303","304","304N","304Na","304Nb","305","306v"],"terminus":0,"mode":"bus","color":"#0059a9","colorDark":"#00294f","angle":239.4,"snapDist":5,"label":1}},{"type":"Feature","geometry":{"type":"Point","coordinates":[20.611624,44.735753]},"properties":{"name":"Boleč raskršće","lines":"301Na, 302, 302a, 302b, 303, 304, 304N, 304Na, 304Nb, 305a","arr":["301Na","302","302a","302b","303","304","304N","304Na","304Nb","305a"],"terminus":0,"mode":"bus","color":"#0059a9","colorDark":"#00294f","angle":199.4,"snapDist":11,"label":1}},{"type":"Feature","geometry":{"type":"Point","coordinates":[20.622564,44.727912]},"properties":{"name":"Bare","lines":"301Na, 302, 302a, 302b, 303, 304Na","arr":["301Na","302","302a","302b","303","304Na"],"terminus":0,"mode":"bus","color":"#0059a9","colorDark":"#00294f","angle":223.3,"snapDist":7,"label":1}},{"type":"Feature","geometry":{"type":"Point","coordinates":[20.631013,44.721986]},"properties":{"name":"Hladnjača PKB","lines":"301Na, 302, 302a, 302b, 303, 304Na","arr":["301Na","302","302a","302b","303","304Na"],"terminus":0,"mode":"bus","color":"#0059a9","colorDark":"#00294f","angle":187.5,"snapDist":8,"label":1}},{"type":"Feature","geometry":{"type":"Point","coordinates":[20.660153,44.712989]},"properties":{"name":"Vikendice","lines":"301Na, 302, 302a, 302b, 303, 304Na","arr":["301Na","302","302a","302b","303","304Na"],"terminus":0,"mode":"bus","color":"#0059a9","colorDark":"#00294f","angle":231.6,"snapDist":6,"label":1}},{"type":"Feature","geometry":{"type":"Point","coordinates":[20.663248,44.705911]},"properties":{"name":"Plantaža","lines":"301Na, 302, 302a, 302b, 303, 304Na","arr":["301Na","302","302a","302b","303","304Na"],"terminus":0,"mode":"bus","color":"#0059a9","colorDark":"#00294f","angle":262,"snapDist":4,"label":1}},{"type":"Feature","geometry":{"type":"Point","coordinates":[20.661708,44.700902]},"properties":{"name":"Bećarevo brdo","lines":"301Na, 302, 302a, 302b, 303, 304Na","arr":["301Na","302","302a","302b","303","304Na"],"terminus":0,"mode":"bus","color":"#0059a9","colorDark":"#00294f","angle":233.7,"snapDist":4,"label":1}},{"type":"Feature","geometry":{"type":"Point","coordinates":[20.669202,44.697474]},"properties":{"name":"Put za Zaklopaču","lines":"301Na, 302, 302a, 302b, 302N, 304Na","arr":["301Na","302","302a","302b","302N","304Na"],"terminus":0,"mode":"bus","color":"#0059a9","colorDark":"#00294f","angle":217.8,"snapDist":6,"label":1}},{"type":"Feature","geometry":{"type":"Point","coordinates":[20.683339,44.691013]},"properties":{"name":"Usek","lines":"301Na, 302, 302a, 302b, 302N, 304Na","arr":["301Na","302","302a","302b","302N","304Na"],"terminus":0,"mode":"bus","color":"#0059a9","colorDark":"#00294f","angle":242.8,"snapDist":5,"label":1}},{"type":"Feature","geometry":{"type":"Point","coordinates":[20.693194,44.688458]},"properties":{"name":"Suva česma","lines":"301Na, 302, 302a, 302b, 302N, 304Na","arr":["301Na","302","302a","302b","302N","304Na"],"terminus":0,"mode":"bus","color":"#0059a9","colorDark":"#00294f","angle":195.3,"snapDist":4,"label":1}},{"type":"Feature","geometry":{"type":"Point","coordinates":[20.701823,44.685887]},"properties":{"name":"Careva glavica","lines":"301Na, 302, 302a, 302b, 302N, 304Na","arr":["301Na","302","302a","302b","302N","304Na"],"terminus":0,"mode":"bus","color":"#0059a9","colorDark":"#00294f","angle":230.6,"snapDist":5,"label":1}},{"type":"Feature","geometry":{"type":"Point","coordinates":[20.705463,44.683378]},"properties":{"name":"Gročica","lines":"301Na, 302, 302a, 302b, 302N, 304Na","arr":["301Na","302","302a","302b","302N","304Na"],"terminus":0,"mode":"bus","color":"#0059a9","colorDark":"#00294f","angle":217.2,"snapDist":7,"label":1}},{"type":"Feature","geometry":{"type":"Point","coordinates":[20.710289,44.68066]},"properties":{"name":"AMD Grocka","lines":"301Na, 302, 302a, 302b, 302N, 304Na","arr":["301Na","302","302a","302b","302N","304Na"],"terminus":0,"mode":"bus","color":"#0059a9","colorDark":"#00294f","angle":229.4,"snapDist":4,"label":1}},{"type":"Feature","geometry":{"type":"Point","coordinates":[20.712774,44.678015]},"properties":{"name":"Vase Čarapića","lines":"301Na, 302, 302a, 302b, 302N, 304Na","arr":["301Na","302","302a","302b","302N","304Na"],"terminus":0,"mode":"bus","color":"#0059a9","colorDark":"#00294f","angle":246.8,"snapDist":7,"label":1}},{"type":"Feature","geometry":{"type":"Point","coordinates":[20.716271,44.673624]},"properties":{"name":"Šumadijska","lines":"301Na, 302, 302a, 302b, 302N, 304Na","arr":["301Na","302","302a","302b","302N","304Na"],"terminus":1,"mode":"bus","color":"#0059a9","colorDark":"#00294f","angle":209.5,"snapDist":3,"label":1}},{"type":"Feature","geometry":{"type":"Point","coordinates":[20.716565,44.669644]},"properties":{"name":"JA","lines":"301Na, 302, 302a, 302b, 302N","arr":["301Na","302","302a","302b","302N"],"terminus":1,"mode":"bus","color":"#0059a9","colorDark":"#00294f","angle":346.4,"snapDist":10,"label":1}},{"type":"Feature","geometry":{"type":"Point","coordinates":[20.717628,44.670507]},"properties":{"name":"Grocka","lines":"301Na, 302, 302N","arr":["301Na","302","302N"],"terminus":1,"mode":"bus","color":"#0059a9","colorDark":"#00294f","angle":136.4,"snapDist":3,"label":1}},{"type":"Feature","geometry":{"type":"Point","coordinates":[20.715513,44.674165]},"properties":{"name":"Šumadijska","lines":"301Na, 302, 302N, 304Na","arr":["301Na","302","302N","304Na"],"terminus":1,"mode":"bus","color":"#0059a9","colorDark":"#00294f","angle":59.7,"snapDist":9,"label":0}},{"type":"Feature","geometry":{"type":"Point","coordinates":[20.712936,44.677749]},"properties":{"name":"Vase Čarapića","lines":"301Na, 302, 302N, 304Na","arr":["301Na","302","302N","304Na"],"terminus":0,"mode":"bus","color":"#0059a9","colorDark":"#00294f","angle":66.7,"snapDist":5,"label":0}},{"type":"Feature","geometry":{"type":"Point","coordinates":[20.708796,44.681592]},"properties":{"name":"AMD Grocka","lines":"301Na, 302, 302N, 304Na","arr":["301Na","302","302N","304Na"],"terminus":0,"mode":"bus","color":"#0059a9","colorDark":"#00294f","angle":36.9,"snapDist":7,"label":0}},{"type":"Feature","geometry":{"type":"Point","coordinates":[20.705198,44.683524]},"properties":{"name":"Gročica","lines":"301Na, 302, 302N, 304Na","arr":["301Na","302","302N","304Na"],"terminus":0,"mode":"bus","color":"#0059a9","colorDark":"#00294f","angle":38.1,"snapDist":7,"label":0}},{"type":"Feature","geometry":{"type":"Point","coordinates":[20.701222,44.68642]},"properties":{"name":"Careva glavica","lines":"301Na, 302, 302N, 304Na","arr":["301Na","302","302N","304Na"],"terminus":0,"mode":"bus","color":"#0059a9","colorDark":"#00294f","angle":47.9,"snapDist":6,"label":0}},{"type":"Feature","geometry":{"type":"Point","coordinates":[20.692376,44.688614]},"properties":{"name":"Suva česma","lines":"301Na, 302, 302N, 304Na","arr":["301Na","302","302N","304Na"],"terminus":0,"mode":"bus","color":"#0059a9","colorDark":"#00294f","angle":14.5,"snapDist":9,"label":0}},{"type":"Feature","geometry":{"type":"Point","coordinates":[20.682639,44.691892]},"properties":{"name":"Usek","lines":"301Na, 302, 302N, 304Na","arr":["301Na","302","302N","304Na"],"terminus":0,"mode":"bus","color":"#0059a9","colorDark":"#00294f","angle":51.6,"snapDist":5,"label":0}},{"type":"Feature","geometry":{"type":"Point","coordinates":[20.669145,44.697506]},"properties":{"name":"Put za Zaklopaču","lines":"301Na, 302, 304Na","arr":["301Na","302","304Na"],"terminus":0,"mode":"bus","color":"#0059a9","colorDark":"#00294f","angle":37.5,"snapDist":9,"label":0}},{"type":"Feature","geometry":{"type":"Point","coordinates":[20.66194,44.700679]},"properties":{"name":"Bećarevo brdo","lines":"301Na, 302, 303, 304Na","arr":["301Na","302","303","304Na"],"terminus":0,"mode":"bus","color":"#0059a9","colorDark":"#00294f","angle":53.3,"snapDist":6,"label":0}},{"type":"Feature","geometry":{"type":"Point","coordinates":[20.663308,44.705627]},"properties":{"name":"Plantaža","lines":"301Na, 302, 303, 304Na","arr":["301Na","302","303","304Na"],"terminus":0,"mode":"bus","color":"#0059a9","colorDark":"#00294f","angle":80.7,"snapDist":4,"label":0}},{"type":"Feature","geometry":{"type":"Point","coordinates":[20.659585,44.713613]},"properties":{"name":"Vikendice","lines":"301Na, 302, 303, 304Na","arr":["301Na","302","303","304Na"],"terminus":0,"mode":"bus","color":"#0059a9","colorDark":"#00294f","angle":57.5,"snapDist":5,"label":0}},{"type":"Feature","geometry":{"type":"Point","coordinates":[20.631746,44.721922]},"properties":{"name":"Hladnjača PKB","lines":"301Na, 302, 303, 304Na","arr":["301Na","302","303","304Na"],"terminus":0,"mode":"bus","color":"#0059a9","colorDark":"#00294f","angle":6.9,"snapDist":4,"label":0}},{"type":"Feature","geometry":{"type":"Point","coordinates":[20.621795,44.728426]},"properties":{"name":"Bare","lines":"301Na, 302, 303, 304Na","arr":["301Na","302","303","304Na"],"terminus":0,"mode":"bus","color":"#0059a9","colorDark":"#00294f","angle":43.1,"snapDist":5,"label":0}},{"type":"Feature","geometry":{"type":"Point","coordinates":[20.611084,44.735901]},"properties":{"name":"Boleč raskršće","lines":"301Na, 302, 303, 304, 304N, 304Na, 304Nb, 305a","arr":["301Na","302","303","304","304N","304Na","304Nb","305a"],"terminus":0,"mode":"bus","color":"#0059a9","colorDark":"#00294f","angle":22.1,"snapDist":6,"label":0}},{"type":"Feature","geometry":{"type":"Point","coordinates":[20.605803,44.742878]},"properties":{"name":"Boleč /pumpa/","lines":"301Na, 302, 303, 304, 304N, 304Na, 304Nb, 305, 305a, 306v","arr":["301Na","302","303","304","304N","304Na","304Nb","305","305a","306v"],"terminus":0,"mode":"bus","color":"#0059a9","colorDark":"#00294f","angle":54.6,"snapDist":4,"label":0}},{"type":"Feature","geometry":{"type":"Point","coordinates":[20.597259,44.745995]},"properties":{"name":"Zdravstvena st. Leštane i Vinča","lines":"301Na, 302, 303, 304, 304Na, 304Nb, 305, 305a, 306, 306a, 306v, 307, 307N, 307Na, 311","arr":["301Na","302","303","304","304Na","304Nb","305","305a","306","306a","306v","307","307N","307Na","311"],"terminus":0,"mode":"bus","color":"#0059a9","colorDark":"#00294f","angle":22.2,"snapDist":7,"label":0}},{"type":"Feature","geometry":{"type":"Point","coordinates":[20.586653,44.748919]},"properties":{"name":"Dušana Petrovića Šaneta","lines":"301Na, 302, 303, 304, 304Na, 304Nb, 305, 305a, 306, 306a, 306v, 307, 307N, 307Na, 311","arr":["301Na","302","303","304","304Na","304Nb","305","305a","306","306a","306v","307","307N","307Na","311"],"terminus":0,"mode":"bus","color":"#0059a9","colorDark":"#00294f","angle":47.8,"snapDist":7,"label":0}},{"type":"Feature","geometry":{"type":"Point","coordinates":[20.583628,44.751223]},"properties":{"name":"Petra Kočića","lines":"301Na, 302, 303, 304, 304Na, 304Nb, 305, 305a, 306, 306a, 306v, 307, 307N, 307Na, 311","arr":["301Na","302","303","304","304Na","304Nb","305","305a","306","306a","306v","307","307N","307Na","311"],"terminus":0,"mode":"bus","color":"#0059a9","colorDark":"#00294f","angle":47.2,"snapDist":7,"label":0}},{"type":"Feature","geometry":{"type":"Point","coordinates":[20.5811,44.753463]},"properties":{"name":"Hotel Radmilovac","lines":"301Na, 302, 303, 304, 304Na, 304Nb, 305, 305a, 306, 306a, 306v, 307, 307N, 307Na, 311","arr":["301Na","302","303","304","304Na","304Nb","305","305a","306","306a","306v","307","307N","307Na","311"],"terminus":0,"mode":"bus","color":"#0059a9","colorDark":"#00294f","angle":56.8,"snapDist":5,"label":0}},{"type":"Feature","geometry":{"type":"Point","coordinates":[20.575501,44.756764]},"properties":{"name":"Čardak","lines":"301Na, 302, 303, 304, 304Na, 304Nb, 305, 305a, 306, 306a, 306v, 307, 307N, 307Na, 311","arr":["301Na","302","303","304","304Na","304Nb","305","305a","306","306a","306v","307","307N","307Na","311"],"terminus":0,"mode":"bus","color":"#0059a9","colorDark":"#00294f","angle":40.9,"snapDist":9,"label":0}},{"type":"Feature","geometry":{"type":"Point","coordinates":[20.568496,44.75998]},"properties":{"name":"Stara Kaluđerica","lines":"301Na, 302, 303, 304, 304Na, 304Nb, 305, 305a, 306, 306a, 306v, 307, 307N, 307Na, 309L, 311","arr":["301Na","302","303","304","304Na","304Nb","305","305a","306","306a","306v","307","307N","307Na","309L","311"],"terminus":0,"mode":"bus","color":"#0059a9","colorDark":"#00294f","angle":42.3,"snapDist":9,"label":0}},{"type":"Feature","geometry":{"type":"Point","coordinates":[20.565424,44.763193]},"properties":{"name":"Filipa Kljajića","lines":"301Na, 302, 303, 304, 304Na, 304Nb, 305, 305a, 306, 306a, 306v, 307, 307N, 307Na, 309L, 311","arr":["301Na","302","303","304","304Na","304Nb","305","305a","306","306a","306v","307","307N","307Na","309L","311"],"terminus":0,"mode":"bus","color":"#0059a9","colorDark":"#00294f","angle":57.3,"snapDist":4,"label":0}},{"type":"Feature","geometry":{"type":"Point","coordinates":[20.563166,44.765574]},"properties":{"name":"Put za Institut","lines":"301Na, 302, 303, 304, 304Na, 304Nb, 305, 305a, 306, 306a, 306v, 307, 307N, 307Na, 311","arr":["301Na","302","303","304","304Na","304Nb","305","305a","306","306a","306v","307","307N","307Na","311"],"terminus":0,"mode":"bus","color":"#0059a9","colorDark":"#00294f","angle":42.5,"snapDist":10,"label":0}},{"type":"Feature","geometry":{"type":"Point","coordinates":[20.560365,44.767869]},"properties":{"name":"Put za Kaluđericu","lines":"301Na, 302, 303, 304, 304Na, 304Nb, 305, 305a, 306, 306a, 306v, 307, 307N, 307Na, 309, 311","arr":["301Na","302","303","304","304Na","304Nb","305","305a","306","306a","306v","307","307N","307Na","309","311"],"terminus":0,"mode":"bus","color":"#0059a9","colorDark":"#00294f","angle":66.5,"snapDist":10,"label":1}},{"type":"Feature","geometry":{"type":"Point","coordinates":[20.557425,44.770737]},"properties":{"name":"Ilije Guteše","lines":"301Na, 302, 303, 304, 304Na, 304Nb, 305, 305a, 306, 306a, 306v, 307, 307N, 307Na, 309, 311","arr":["301Na","302","303","304","304Na","304Nb","305","305a","306","306a","306v","307","307N","307Na","309","311"],"terminus":0,"mode":"bus","color":"#0059a9","colorDark":"#00294f","angle":27.9,"snapDist":6,"label":1}},{"type":"Feature","geometry":{"type":"Point","coordinates":[20.553244,44.772991]},"properties":{"name":"Novo naselje","lines":"301Na, 302, 303, 304, 304Na, 304Nb, 305, 305a, 306, 306a, 306v, 307, 307N, 307Na, 309, 311","arr":["301Na","302","303","304","304Na","304Nb","305","305a","306","306a","306v","307","307N","307Na","309","311"],"terminus":0,"mode":"bus","color":"#0059a9","colorDark":"#00294f","angle":30.3,"snapDist":9,"label":1}},{"type":"Feature","geometry":{"type":"Point","coordinates":[20.548081,44.776304]},"properties":{"name":"Nine Kirsanove","lines":"301Na, 302, 303, 304, 304Na, 304Nb, 305, 305a, 306, 306a, 306v, 307, 307N, 307Na, 309, 311","arr":["301Na","302","303","304","304Na","304Nb","305","305a","306","306a","306v","307","307N","307Na","309","311"],"terminus":0,"mode":"bus","color":"#0059a9","colorDark":"#00294f","angle":29.1,"snapDist":9,"label":1}},{"type":"Feature","geometry":{"type":"Point","coordinates":[20.539277,44.776787]},"properties":{"name":"Pirandelova","lines":"301Na, 302, 303, 304, 304Na, 304Nb, 305, 305a, 306, 306a, 306v, 307, 307N, 307Na, 309, 311","arr":["301Na","302","303","304","304Na","304Nb","305","305a","306","306a","306v","307","307N","307Na","309","311"],"terminus":0,"mode":"bus","color":"#0059a9","colorDark":"#00294f","angle":334,"snapDist":7,"label":1}},{"type":"Feature","geometry":{"type":"Point","coordinates":[20.533384,44.776208]},"properties":{"name":"OŠ Dragojlo Dudić","lines":"301Na, 302, 303, 304, 304N, 304Na, 304Nb, 305, 305a, 306, 306a, 306v, 307, 307N, 307Na, 308, 309, 310, 311","arr":["301Na","302","303","304","304N","304Na","304Nb","305","305a","306","306a","306v","307","307N","307Na","308","309","310","311"],"terminus":0,"mode":"bus","color":"#0059a9","colorDark":"#00294f","angle":37.2,"snapDist":8,"label":1}},{"type":"Feature","geometry":{"type":"Point","coordinates":[20.52892,44.778134]},"properties":{"name":"Mirijevska","lines":"301Na, 302, 303, 304, 304N, 304Na, 304Nb, 305, 305a, 306, 306a, 306v, 307, 307N, 307Na, 308, 309, 311","arr":["301Na","302","303","304","304N","304Na","304Nb","305","305a","306","306a","306v","307","307N","307Na","308","309","311"],"terminus":0,"mode":"bus","color":"#0059a9","colorDark":"#00294f","angle":31.4,"snapDist":9,"label":1}},{"type":"Feature","geometry":{"type":"Point","coordinates":[20.520639,44.78394]},"properties":{"name":"Prvomajska","lines":"301Na, 304N, 304Na, 304Nb, 307N, 307Na, 309","arr":["301Na","304N","304Na","304Nb","307N","307Na","309"],"terminus":0,"mode":"bus","color":"#0059a9","colorDark":"#00294f","angle":26.9,"snapDist":9,"label":0}},{"type":"Feature","geometry":{"type":"Point","coordinates":[20.498167,44.795958]},"properties":{"name":"Batutova","lines":"301Na, 302N, 307N, 307Na","arr":["301Na","302N","307N","307Na"],"terminus":0,"mode":"bus","color":"#0059a9","colorDark":"#00294f","angle":31,"snapDist":2,"label":0}},{"type":"Feature","geometry":{"type":"Point","coordinates":[20.494591,44.797478]},"properties":{"name":"Lion","lines":"301Na, 302N, 307N, 307Na","arr":["301Na","302N","307N","307Na"],"terminus":0,"mode":"bus","color":"#0059a9","colorDark":"#00294f","angle":31,"snapDist":0,"label":1}},{"type":"Feature","geometry":{"type":"Point","coordinates":[20.489883,44.799467]},"properties":{"name":"Pop Stojanova","lines":"301Na, 302N, 307N, 307Na","arr":["301Na","302N","307N","307Na"],"terminus":0,"mode":"bus","color":"#0059a9","colorDark":"#00294f","angle":30,"snapDist":2,"label":1}},{"type":"Feature","geometry":{"type":"Point","coordinates":[20.486168,44.80102]},"properties":{"name":"Pijaca Đeram","lines":"301Na, 302N, 307N, 307Na","arr":["301Na","302N","307N","307Na"],"terminus":0,"mode":"bus","color":"#0059a9","colorDark":"#00294f","angle":29.9,"snapDist":2,"label":1}},{"type":"Feature","geometry":{"type":"Point","coordinates":[20.482245,44.802639]},"properties":{"name":"GO Zvezdara","lines":"301Na, 302N, 307N, 307Na","arr":["301Na","302N","307N","307Na"],"terminus":0,"mode":"bus","color":"#0059a9","colorDark":"#00294f","angle":30.6,"snapDist":1,"label":1}},{"type":"Feature","geometry":{"type":"Point","coordinates":[20.4777,44.804554]},"properties":{"name":"Vukov spomenik /Bul.kralja Aleksa./","lines":"301Na, 302N, 307N, 307Na","arr":["301Na","302N","307N","307Na"],"terminus":0,"mode":"bus","color":"#0059a9","colorDark":"#00294f","angle":30.9,"snapDist":2,"label":1}},{"type":"Feature","geometry":{"type":"Point","coordinates":[20.5176,44.784661]},"properties":{"name":"Ustanička","lines":"302, 302a, 302b, 303, 304, 305","arr":["302","302a","302b","303","304","305"],"terminus":1,"mode":"bus","color":"#0059a9","colorDark":"#00294f","angle":238.3,"snapDist":4,"label":0}},{"type":"Feature","geometry":{"type":"Point","coordinates":[20.525888,44.779401]},"properties":{"name":"Bajdina","lines":"302, 302a, 302b, 303, 304, 304N, 304Na, 304Nb, 305, 306, 306a, 306b, 307, 307N, 308, 309, 311","arr":["302","302a","302b","303","304","304N","304Na","304Nb","305","306","306a","306b","307","307N","308","309","311"],"terminus":0,"mode":"bus","color":"#0059a9","colorDark":"#00294f","angle":210.5,"snapDist":4,"label":1}},{"type":"Feature","geometry":{"type":"Point","coordinates":[20.530034,44.77766]},"properties":{"name":"Mirijevska","lines":"302, 302a, 302b, 303, 304, 304N, 304Na, 304Nb, 305, 306, 306a, 306b, 307, 307N, 308, 309, 311","arr":["302","302a","302b","303","304","304N","304Na","304Nb","305","306","306a","306b","307","307N","308","309","311"],"terminus":0,"mode":"bus","color":"#0059a9","colorDark":"#00294f","angle":210.6,"snapDist":7,"label":0}},{"type":"Feature","geometry":{"type":"Point","coordinates":[20.53487,44.775319]},"properties":{"name":"OŠ Dragojlo Dudić","lines":"302, 302a, 302b, 303, 304, 304N, 304Na, 304Nb, 305, 306, 306a, 306b, 307, 307N, 308, 309, 311","arr":["302","302a","302b","303","304","304N","304Na","304Nb","305","306","306a","306b","307","307N","308","309","311"],"terminus":0,"mode":"bus","color":"#0059a9","colorDark":"#00294f","angle":221.8,"snapDist":6,"label":0}},{"type":"Feature","geometry":{"type":"Point","coordinates":[20.540535,44.777227]},"properties":{"name":"Pirandelova","lines":"302, 302a, 302b, 303, 304, 304Nb, 305, 306, 306a, 306b, 307, 307N, 309, 311","arr":["302","302a","302b","303","304","304Nb","305","306","306a","306b","307","307N","309","311"],"terminus":0,"mode":"bus","color":"#0059a9","colorDark":"#00294f","angle":153.7,"snapDist":6,"label":0}},{"type":"Feature","geometry":{"type":"Point","coordinates":[20.547986,44.776341]},"properties":{"name":"Nine Kirsanove","lines":"302, 302a, 302b, 303, 304, 304Nb, 305, 306, 306a, 306b, 307, 307N, 309, 311","arr":["302","302a","302b","303","304","304Nb","305","306","306a","306b","307","307N","309","311"],"terminus":0,"mode":"bus","color":"#0059a9","colorDark":"#00294f","angle":208.8,"snapDist":4,"label":0}},{"type":"Feature","geometry":{"type":"Point","coordinates":[20.554207,44.772437]},"properties":{"name":"Novo naselje","lines":"302, 302a, 302b, 303, 304, 304Nb, 305, 306, 306a, 306b, 307, 307N, 309, 311","arr":["302","302a","302b","303","304","304Nb","305","306","306a","306b","307","307N","309","311"],"terminus":0,"mode":"bus","color":"#0059a9","colorDark":"#00294f","angle":223.7,"snapDist":7,"label":0}},{"type":"Feature","geometry":{"type":"Point","coordinates":[20.558279,44.77032]},"properties":{"name":"Ilije Guteše","lines":"302, 302a, 302b, 303, 304, 304Nb, 305, 306, 306a, 306b, 307, 307N, 309, 311","arr":["302","302a","302b","303","304","304Nb","305","306","306a","306b","307","307N","309","311"],"terminus":0,"mode":"bus","color":"#0059a9","colorDark":"#00294f","angle":221.8,"snapDist":2,"label":0}},{"type":"Feature","geometry":{"type":"Point","coordinates":[20.560492,44.767677]},"properties":{"name":"Put za Kaluđericu","lines":"302, 302a, 302b, 303, 304, 304Nb, 305, 306, 306a, 306b, 307, 307N, 309, 311","arr":["302","302a","302b","303","304","304Nb","305","306","306a","306b","307","307N","309","311"],"terminus":0,"mode":"bus","color":"#0059a9","colorDark":"#00294f","angle":243.6,"snapDist":7,"label":0}},{"type":"Feature","geometry":{"type":"Point","coordinates":[20.712838,44.667395]},"properties":{"name":"Kosmajska","lines":"302, 302a, 302b, 302N","arr":["302","302a","302b","302N"],"terminus":0,"mode":"bus","color":"#0059a9","colorDark":"#00294f","angle":318.8,"snapDist":7,"label":1}},{"type":"Feature","geometry":{"type":"Point","coordinates":[20.70932,44.665024]},"properties":{"name":"15. maja","lines":"302, 302a, 302b, 302N","arr":["302","302a","302b","302N"],"terminus":0,"mode":"bus","color":"#0059a9","colorDark":"#00294f","angle":313.2,"snapDist":4,"label":1}},{"type":"Feature","geometry":{"type":"Point","coordinates":[20.706929,44.65997]},"properties":{"name":"Bosansko naselje","lines":"302, 302a, 302b, 302N","arr":["302","302a","302b","302N"],"terminus":0,"mode":"bus","color":"#0059a9","colorDark":"#00294f","angle":280.8,"snapDist":3,"label":1}},{"type":"Feature","geometry":{"type":"Point","coordinates":[20.706957,44.656149]},"properties":{"name":"Begaljički most","lines":"302, 302a, 302b, 302N","arr":["302","302a","302b","302N"],"terminus":0,"mode":"bus","color":"#0059a9","colorDark":"#00294f","angle":294.2,"snapDist":4,"label":1}},{"type":"Feature","geometry":{"type":"Point","coordinates":[20.705434,44.651706]},"properties":{"name":"Vinogradi","lines":"302, 302a, 302b, 302N","arr":["302","302a","302b","302N"],"terminus":0,"mode":"bus","color":"#0059a9","colorDark":"#00294f","angle":277.8,"snapDist":5,"label":1}},{"type":"Feature","geometry":{"type":"Point","coordinates":[20.704213,44.64543]},"properties":{"name":"Begaljica /ulaz/","lines":"302, 302a, 302b, 302N","arr":["302","302a","302b","302N"],"terminus":0,"mode":"bus","color":"#0059a9","colorDark":"#00294f","angle":299.4,"snapDist":2,"label":1}},{"type":"Feature","geometry":{"type":"Point","coordinates":[20.704241,44.643439]},"properties":{"name":"Borisa Kidriča","lines":"302, 302a, 302b, 302N","arr":["302","302a","302b","302N"],"terminus":0,"mode":"bus","color":"#0059a9","colorDark":"#00294f","angle":274.4,"snapDist":4,"label":1}},{"type":"Feature","geometry":{"type":"Point","coordinates":[20.702393,44.63795]},"properties":{"name":"Zelengora","lines":"302, 302a, 302b, 302N","arr":["302","302a","302b","302N"],"terminus":0,"mode":"bus","color":"#0059a9","colorDark":"#00294f","angle":317.4,"snapDist":2,"label":1}},{"type":"Feature","geometry":{"type":"Point","coordinates":[20.698728,44.634333]},"properties":{"name":"Ulica revolucije","lines":"302, 302a, 302b, 302N","arr":["302","302a","302b","302N"],"terminus":0,"mode":"bus","color":"#0059a9","colorDark":"#00294f","angle":308.3,"snapDist":13,"label":1}},{"type":"Feature","geometry":{"type":"Point","coordinates":[20.695033,44.632261]},"properties":{"name":"Begaljica","lines":"302, 302a, 302b, 302N","arr":["302","302a","302b","302N"],"terminus":1,"mode":"bus","color":"#0059a9","colorDark":"#00294f","angle":28.4,"snapDist":13,"label":1}},{"type":"Feature","geometry":{"type":"Point","coordinates":[20.698699,44.634307]},"properties":{"name":"Ulica revolucije","lines":"302, 302N","arr":["302","302N"],"terminus":0,"mode":"bus","color":"#0059a9","colorDark":"#00294f","angle":128.3,"snapDist":7,"label":0}},{"type":"Feature","geometry":{"type":"Point","coordinates":[20.70261,44.638116]},"properties":{"name":"Zelengora","lines":"302, 302N","arr":["302","302N"],"terminus":0,"mode":"bus","color":"#0059a9","colorDark":"#00294f","angle":131.2,"snapDist":5,"label":0}},{"type":"Feature","geometry":{"type":"Point","coordinates":[20.704228,44.643315]},"properties":{"name":"Borisa Kidriča","lines":"302, 302N","arr":["302","302N"],"terminus":0,"mode":"bus","color":"#0059a9","colorDark":"#00294f","angle":94.4,"snapDist":1,"label":0}},{"type":"Feature","geometry":{"type":"Point","coordinates":[20.704391,44.645669]},"properties":{"name":"Begaljica /ulaz/","lines":"302, 302N","arr":["302","302N"],"terminus":0,"mode":"bus","color":"#0059a9","colorDark":"#00294f","angle":115.8,"snapDist":9,"label":0}},{"type":"Feature","geometry":{"type":"Point","coordinates":[20.705547,44.652217]},"properties":{"name":"Vinogradi","lines":"302, 302N","arr":["302","302N"],"terminus":0,"mode":"bus","color":"#0059a9","colorDark":"#00294f","angle":99,"snapDist":4,"label":0}},{"type":"Feature","geometry":{"type":"Point","coordinates":[20.707219,44.656552]},"properties":{"name":"Begaljički most","lines":"302, 302N","arr":["302","302N"],"terminus":0,"mode":"bus","color":"#0059a9","colorDark":"#00294f","angle":115.2,"snapDist":1,"label":0}},{"type":"Feature","geometry":{"type":"Point","coordinates":[20.707007,44.660263]},"properties":{"name":"Bosansko naselje","lines":"302, 302N","arr":["302","302N"],"terminus":0,"mode":"bus","color":"#0059a9","colorDark":"#00294f","angle":100.8,"snapDist":9,"label":0}},{"type":"Feature","geometry":{"type":"Point","coordinates":[20.708727,44.664463]},"properties":{"name":"15. maja","lines":"302, 302N","arr":["302","302N"],"terminus":0,"mode":"bus","color":"#0059a9","colorDark":"#00294f","angle":121.5,"snapDist":7,"label":0}},{"type":"Feature","geometry":{"type":"Point","coordinates":[20.713216,44.667629]},"properties":{"name":"Kosmajska","lines":"302, 302N","arr":["302","302N"],"terminus":0,"mode":"bus","color":"#0059a9","colorDark":"#00294f","angle":139.1,"snapDist":5,"label":0}},{"type":"Feature","geometry":{"type":"Point","coordinates":[20.66835,44.697482]},"properties":{"name":"Put za Zaklopaču","lines":"302a, 302N, 303","arr":["302a","302N","303"],"terminus":0,"mode":"bus","color":"#0059a9","colorDark":"#00294f","angle":300.2,"snapDist":4,"label":0}},{"type":"Feature","geometry":{"type":"Point","coordinates":[20.665215,44.694338]},"properties":{"name":"Mostine","lines":"302a, 303","arr":["302a","303"],"terminus":0,"mode":"bus","color":"#0059a9","colorDark":"#00294f","angle":319,"snapDist":11,"label":1}},{"type":"Feature","geometry":{"type":"Point","coordinates":[20.663334,44.687387]},"properties":{"name":"Ulaz u Zaklopaču","lines":"302a, 302N, 303","arr":["302a","302N","303"],"terminus":0,"mode":"bus","color":"#0059a9","colorDark":"#00294f","angle":271.4,"snapDist":6,"label":1}},{"type":"Feature","geometry":{"type":"Point","coordinates":[20.662032,44.68517]},"properties":{"name":"4. jula","lines":"302a, 302N, 303","arr":["302a","302N","303"],"terminus":0,"mode":"bus","color":"#0059a9","colorDark":"#00294f","angle":289.3,"snapDist":3,"label":1}},{"type":"Feature","geometry":{"type":"Point","coordinates":[20.662653,44.680284]},"properties":{"name":"Trafostanica","lines":"302a, 302N, 303","arr":["302a","302N","303"],"terminus":0,"mode":"bus","color":"#0059a9","colorDark":"#00294f","angle":124.8,"snapDist":4,"label":1}},{"type":"Feature","geometry":{"type":"Point","coordinates":[20.659766,44.676133]},"properties":{"name":"Dom kulture","lines":"302a, 302N, 303","arr":["302a","302N","303"],"terminus":0,"mode":"bus","color":"#0059a9","colorDark":"#00294f","angle":359,"snapDist":0,"label":1}},{"type":"Feature","geometry":{"type":"Point","coordinates":[20.656466,44.675441]},"properties":{"name":"Crkva Sv. Trojice","lines":"302a, 302N, 303","arr":["302a","302N","303"],"terminus":0,"mode":"bus","color":"#0059a9","colorDark":"#00294f","angle":352.9,"snapDist":5,"label":1}},{"type":"Feature","geometry":{"type":"Point","coordinates":[20.651833,44.675566]},"properties":{"name":"Zaklopača","lines":"302a, 302N, 303","arr":["302a","302N","303"],"terminus":0,"mode":"bus","color":"#0059a9","colorDark":"#00294f","angle":11.9,"snapDist":5,"label":1}},{"type":"Feature","geometry":{"type":"Point","coordinates":[20.652794,44.675465]},"properties":{"name":"Zaklopača","lines":"302a, 302N, 303","arr":["302a","302N","303"],"terminus":0,"mode":"bus","color":"#0059a9","colorDark":"#00294f","angle":176.1,"snapDist":7,"label":0}},{"type":"Feature","geometry":{"type":"Point","coordinates":[20.656482,44.675443]},"properties":{"name":"Crkva Sv. Trojice","lines":"302a, 302N, 303","arr":["302a","302N","303"],"terminus":0,"mode":"bus","color":"#0059a9","colorDark":"#00294f","angle":173.1,"snapDist":4,"label":0}},{"type":"Feature","geometry":{"type":"Point","coordinates":[20.66089,44.67645]},"properties":{"name":"Dom kulture","lines":"302a, 302N, 303","arr":["302a","302N","303"],"terminus":0,"mode":"bus","color":"#0059a9","colorDark":"#00294f","angle":287.2,"snapDist":3,"label":0}},{"type":"Feature","geometry":{"type":"Point","coordinates":[20.662574,44.680205]},"properties":{"name":"Trafostanica","lines":"302a, 302N, 303","arr":["302a","302N","303"],"terminus":0,"mode":"bus","color":"#0059a9","colorDark":"#00294f","angle":133,"snapDist":3,"label":0}},{"type":"Feature","geometry":{"type":"Point","coordinates":[20.662009,44.685112]},"properties":{"name":"4. jula","lines":"302a, 302N, 303","arr":["302a","302N","303"],"terminus":0,"mode":"bus","color":"#0059a9","colorDark":"#00294f","angle":105.5,"snapDist":3,"label":0}},{"type":"Feature","geometry":{"type":"Point","coordinates":[20.663324,44.687783]},"properties":{"name":"Ulaz u Zaklopaču","lines":"302a, 302N, 303","arr":["302a","302N","303"],"terminus":0,"mode":"bus","color":"#0059a9","colorDark":"#00294f","angle":85.1,"snapDist":6,"label":0}},{"type":"Feature","geometry":{"type":"Point","coordinates":[20.665466,44.694507]},"properties":{"name":"Mostine","lines":"302a, 303","arr":["302a","303"],"terminus":0,"mode":"bus","color":"#0059a9","colorDark":"#00294f","angle":134.7,"snapDist":4,"label":0}},{"type":"Feature","geometry":{"type":"Point","coordinates":[20.608897,44.735896]},"properties":{"name":"Boleč /crkva/","lines":"302b, 304N, 304Nb, 305, 306v","arr":["302b","304N","304Nb","305","306v"],"terminus":0,"mode":"bus","color":"#0059a9","colorDark":"#00294f","angle":156.6,"snapDist":3,"label":1}},{"type":"Feature","geometry":{"type":"Point","coordinates":[20.605886,44.734839]},"properties":{"name":"Boleč (groblje)","lines":"302b, 304N, 304Nb, 305, 306v","arr":["302b","304N","304Nb","305","306v"],"terminus":0,"mode":"bus","color":"#0059a9","colorDark":"#00294f","angle":307.6,"snapDist":4,"label":1}},{"type":"Feature","geometry":{"type":"Point","coordinates":[20.603827,44.731705]},"properties":{"name":"Prvog maja","lines":"302b, 304N, 304Nb, 305, 306v","arr":["302b","304N","304Nb","305","306v"],"terminus":0,"mode":"bus","color":"#0059a9","colorDark":"#00294f","angle":260.6,"snapDist":5,"label":1}},{"type":"Feature","geometry":{"type":"Point","coordinates":[20.604467,44.728476]},"properties":{"name":"Boleč /centar/","lines":"302b, 304N, 304Nb, 305, 306v","arr":["302b","304N","304Nb","305","306v"],"terminus":0,"mode":"bus","color":"#0059a9","colorDark":"#00294f","angle":42.7,"snapDist":2,"label":1}},{"type":"Feature","geometry":{"type":"Point","coordinates":[20.606917,44.723711]},"properties":{"name":"Virska","lines":"302b, 304N, 304Nb, 305, 306v","arr":["302b","304N","304Nb","305","306v"],"terminus":0,"mode":"bus","color":"#0059a9","colorDark":"#00294f","angle":230.6,"snapDist":4,"label":1}},{"type":"Feature","geometry":{"type":"Point","coordinates":[20.607572,44.722069]},"properties":{"name":"Boleč","lines":"302b, 304N, 304Nb, 305, 305a, 306v","arr":["302b","304N","304Nb","305","305a","306v"],"terminus":1,"mode":"bus","color":"#0059a9","colorDark":"#00294f","angle":265.7,"snapDist":6,"label":1}},{"type":"Feature","geometry":{"type":"Point","coordinates":[20.606546,44.724505]},"properties":{"name":"Virska","lines":"302b, 304N, 304Nb, 305, 305a, 306v","arr":["302b","304N","304Nb","305","305a","306v"],"terminus":0,"mode":"bus","color":"#0059a9","colorDark":"#00294f","angle":97.5,"snapDist":3,"label":0}},{"type":"Feature","geometry":{"type":"Point","coordinates":[20.604077,44.728975]},"properties":{"name":"Boleč /centar/","lines":"302b, 304N, 304Nb, 305, 305a, 306v","arr":["302b","304N","304Nb","305","305a","306v"],"terminus":0,"mode":"bus","color":"#0059a9","colorDark":"#00294f","angle":77.2,"snapDist":0,"label":0}},{"type":"Feature","geometry":{"type":"Point","coordinates":[20.603892,44.731485]},"properties":{"name":"Prvog maja","lines":"302b, 304N, 304Nb, 305, 305a, 306v","arr":["302b","304N","304Nb","305","305a","306v"],"terminus":0,"mode":"bus","color":"#0059a9","colorDark":"#00294f","angle":81,"snapDist":2,"label":0}},{"type":"Feature","geometry":{"type":"Point","coordinates":[20.605026,44.734036]},"properties":{"name":"Boleč (groblje)","lines":"302b, 304N, 304Nb, 305, 305a, 306v","arr":["302b","304N","304Nb","305","305a","306v"],"terminus":0,"mode":"bus","color":"#0059a9","colorDark":"#00294f","angle":133.3,"snapDist":6,"label":0}},{"type":"Feature","geometry":{"type":"Point","coordinates":[20.60853,44.735779]},"properties":{"name":"Boleč /crkva/","lines":"302b, 304N, 304Nb, 305, 305a, 306v","arr":["302b","304N","304Nb","305","305a","306v"],"terminus":0,"mode":"bus","color":"#0059a9","colorDark":"#00294f","angle":157.8,"snapDist":6,"label":0}},{"type":"Feature","geometry":{"type":"Point","coordinates":[20.482761,44.802275]},"properties":{"name":"GO Zvezdara","lines":"302N, 307N","arr":["302N","307N"],"terminus":0,"mode":"bus","color":"#0059a9","colorDark":"#00294f","angle":210.3,"snapDist":4,"label":0}},{"type":"Feature","geometry":{"type":"Point","coordinates":[20.487357,44.800362]},"properties":{"name":"Pijaca Đeram","lines":"302N, 307N","arr":["302N","307N"],"terminus":0,"mode":"bus","color":"#0059a9","colorDark":"#00294f","angle":210.4,"snapDist":5,"label":0}},{"type":"Feature","geometry":{"type":"Point","coordinates":[20.49165,44.798574]},"properties":{"name":"Pop Stojanova","lines":"302N, 307N","arr":["302N","307N"],"terminus":0,"mode":"bus","color":"#0059a9","colorDark":"#00294f","angle":210.5,"snapDist":5,"label":0}},{"type":"Feature","geometry":{"type":"Point","coordinates":[20.495493,44.796946]},"properties":{"name":"Lion","lines":"302N, 307N","arr":["302N","307N"],"terminus":0,"mode":"bus","color":"#0059a9","colorDark":"#00294f","angle":210.5,"snapDist":5,"label":0}},{"type":"Feature","geometry":{"type":"Point","coordinates":[20.499833,44.795079]},"properties":{"name":"Batutova","lines":"302N, 307N","arr":["302N","307N"],"terminus":0,"mode":"bus","color":"#0059a9","colorDark":"#00294f","angle":210.9,"snapDist":4,"label":0}},{"type":"Feature","geometry":{"type":"Point","coordinates":[20.599178,44.673212]},"properties":{"name":"Vrčin (Ivo Lola Ribar)","lines":"302N, 303","arr":["302N","303"],"terminus":0,"mode":"bus","color":"#0059a9","colorDark":"#00294f","angle":352.6,"snapDist":3,"label":1}},{"type":"Feature","geometry":{"type":"Point","coordinates":[20.595967,44.671615]},"properties":{"name":"Vrčin (pijaca)","lines":"302N","arr":["302N"],"terminus":0,"mode":"bus","color":"#0059a9","colorDark":"#00294f","angle":348,"snapDist":4,"label":1}},{"type":"Feature","geometry":{"type":"Point","coordinates":[20.594359,44.667558]},"properties":{"name":"Save Kovačevića","lines":"302N","arr":["302N"],"terminus":0,"mode":"bus","color":"#0059a9","colorDark":"#00294f","angle":278.3,"snapDist":7,"label":1}},{"type":"Feature","geometry":{"type":"Point","coordinates":[20.591791,44.663364]},"properties":{"name":"Vrčin - Centar","lines":"302N","arr":["302N"],"terminus":0,"mode":"bus","color":"#0059a9","colorDark":"#00294f","angle":41.4,"snapDist":12,"label":1}},{"type":"Feature","geometry":{"type":"Point","coordinates":[20.591852,44.663327]},"properties":{"name":"Vrčin - Centar","lines":"302N","arr":["302N"],"terminus":0,"mode":"bus","color":"#0059a9","colorDark":"#00294f","angle":-144.9,"snapDist":6,"label":0}},{"type":"Feature","geometry":{"type":"Point","coordinates":[20.594422,44.667864]},"properties":{"name":"Save Kovačevića","lines":"302N","arr":["302N"],"terminus":0,"mode":"bus","color":"#0059a9","colorDark":"#00294f","angle":98.3,"snapDist":3,"label":0}},{"type":"Feature","geometry":{"type":"Point","coordinates":[20.596041,44.671626]},"properties":{"name":"Vrčin","lines":"302N, 303","arr":["302N","303"],"terminus":1,"mode":"bus","color":"#0059a9","colorDark":"#00294f","angle":348,"snapDist":2,"label":1}},{"type":"Feature","geometry":{"type":"Point","coordinates":[20.602289,44.674854]},"properties":{"name":"Vrčin - Nadvožnjak","lines":"302N, 303","arr":["302N","303"],"terminus":0,"mode":"bus","color":"#0059a9","colorDark":"#00294f","angle":146.6,"snapDist":6,"label":1}},{"type":"Feature","geometry":{"type":"Point","coordinates":[20.615457,44.675676]},"properties":{"name":"Vrčin gornji kraj","lines":"302N, 303","arr":["302N","303"],"terminus":0,"mode":"bus","color":"#0059a9","colorDark":"#00294f","angle":21.2,"snapDist":6,"label":1}},{"type":"Feature","geometry":{"type":"Point","coordinates":[20.622392,44.678734]},"properties":{"name":"17. januara","lines":"302N, 303","arr":["302N","303"],"terminus":0,"mode":"bus","color":"#0059a9","colorDark":"#00294f","angle":153.3,"snapDist":8,"label":1}},{"type":"Feature","geometry":{"type":"Point","coordinates":[20.628084,44.679086]},"properties":{"name":"Janković kraj","lines":"302N, 303","arr":["302N","303"],"terminus":0,"mode":"bus","color":"#0059a9","colorDark":"#00294f","angle":187.3,"snapDist":4,"label":1}},{"type":"Feature","geometry":{"type":"Point","coordinates":[20.64884,44.678334]},"properties":{"name":"Zaklopača (Ćelije)","lines":"302N, 303","arr":["302N","303"],"terminus":0,"mode":"bus","color":"#0059a9","colorDark":"#00294f","angle":285.7,"snapDist":4,"label":1}},{"type":"Feature","geometry":{"type":"Point","coordinates":[20.648396,44.679393]},"properties":{"name":"Zaklopača (Ćelije)","lines":"302N, 303","arr":["302N","303"],"terminus":0,"mode":"bus","color":"#0059a9","colorDark":"#00294f","angle":36,"snapDist":2,"label":0}},{"type":"Feature","geometry":{"type":"Point","coordinates":[20.628122,44.679083]},"properties":{"name":"Janković kraj","lines":"302N, 303","arr":["302N","303"],"terminus":0,"mode":"bus","color":"#0059a9","colorDark":"#00294f","angle":7.3,"snapDist":4,"label":0}},{"type":"Feature","geometry":{"type":"Point","coordinates":[20.621928,44.67857]},"properties":{"name":"17. januara","lines":"302N, 303","arr":["302N","303"],"terminus":0,"mode":"bus","color":"#0059a9","colorDark":"#00294f","angle":333.9,"snapDist":6,"label":0}},{"type":"Feature","geometry":{"type":"Point","coordinates":[20.615522,44.675659]},"properties":{"name":"Vrčin gornji kraj","lines":"302N, 303","arr":["302N","303"],"terminus":0,"mode":"bus","color":"#0059a9","colorDark":"#00294f","angle":21.2,"snapDist":4,"label":0}},{"type":"Feature","geometry":{"type":"Point","coordinates":[20.602137,44.674781]},"properties":{"name":"Vrčin - Nadvožnjak","lines":"302N, 303","arr":["302N","303"],"terminus":0,"mode":"bus","color":"#0059a9","colorDark":"#00294f","angle":326,"snapDist":3,"label":0}},{"type":"Feature","geometry":{"type":"Point","coordinates":[20.602135,44.674253]},"properties":{"name":"Vrčin - Nadvožnjak","lines":"302N","arr":["302N"],"terminus":0,"mode":"bus","color":"#0059a9","colorDark":"#00294f","angle":203.9,"snapDist":2,"label":0}},{"type":"Feature","geometry":{"type":"Point","coordinates":[20.595543,44.671614]},"properties":{"name":"Vrčin","lines":"303","arr":["303"],"terminus":1,"mode":"bus","color":"#0059a9","colorDark":"#00294f","angle":242,"snapDist":7,"label":0}},{"type":"Feature","geometry":{"type":"Point","coordinates":[20.668269,44.697383]},"properties":{"name":"Put za Zaklopaču","lines":"303","arr":["303"],"terminus":0,"mode":"bus","color":"#0059a9","colorDark":"#00294f","angle":120.2,"snapDist":6,"label":0}},{"type":"Feature","geometry":{"type":"Point","coordinates":[20.615188,44.736524]},"properties":{"name":"Svetosavska","lines":"304, 304N, 304Nb, 305a","arr":["304","304N","304Nb","305a"],"terminus":0,"mode":"bus","color":"#0059a9","colorDark":"#00294f","angle":150.6,"snapDist":5,"label":1}},{"type":"Feature","geometry":{"type":"Point","coordinates":[20.619022,44.73872]},"properties":{"name":"Mali lug","lines":"304, 304N, 304Nb, 305a","arr":["304","304N","304Nb","305a"],"terminus":0,"mode":"bus","color":"#0059a9","colorDark":"#00294f","angle":165.2,"snapDist":5,"label":1}},{"type":"Feature","geometry":{"type":"Point","coordinates":[20.625155,44.738856]},"properties":{"name":"Prokop","lines":"304, 304N, 304Nb, 305a","arr":["304","304N","304Nb","305a"],"terminus":0,"mode":"bus","color":"#0059a9","colorDark":"#00294f","angle":195.8,"snapDist":4,"label":1}},{"type":"Feature","geometry":{"type":"Point","coordinates":[20.630278,44.739047]},"properties":{"name":"Kralja Petra Prvog","lines":"304, 304N, 304Nb, 305a","arr":["304","304N","304Nb","305a"],"terminus":0,"mode":"bus","color":"#0059a9","colorDark":"#00294f","angle":163,"snapDist":3,"label":1}},{"type":"Feature","geometry":{"type":"Point","coordinates":[20.637828,44.738988]},"properties":{"name":"Duboko","lines":"304, 304N, 304Nb, 305a","arr":["304","304N","304Nb","305a"],"terminus":0,"mode":"bus","color":"#0059a9","colorDark":"#00294f","angle":344.5,"snapDist":4,"label":1}},{"type":"Feature","geometry":{"type":"Point","coordinates":[20.644574,44.738261]},"properties":{"name":"Ritopek /ulaz/","lines":"304, 304N, 304Nb, 305a","arr":["304","304N","304Nb","305a"],"terminus":0,"mode":"bus","color":"#0059a9","colorDark":"#00294f","angle":196.8,"snapDist":4,"label":1}},{"type":"Feature","geometry":{"type":"Point","coordinates":[20.650648,44.738024]},"properties":{"name":"Ritopek /škola/","lines":"304, 304N, 304Nb, 305a","arr":["304","304N","304Nb","305a"],"terminus":0,"mode":"bus","color":"#0059a9","colorDark":"#00294f","angle":171.4,"snapDist":2,"label":1}},{"type":"Feature","geometry":{"type":"Point","coordinates":[20.654655,44.738615]},"properties":{"name":"Ritopek /centar/","lines":"304, 304N, 304Nb, 305a","arr":["304","304N","304Nb","305a"],"terminus":0,"mode":"bus","color":"#0059a9","colorDark":"#00294f","angle":227.5,"snapDist":2,"label":1}},{"type":"Feature","geometry":{"type":"Point","coordinates":[20.659016,44.738651]},"properties":{"name":"Ritopek","lines":"304, 304N, 304Nb, 305a","arr":["304","304N","304Nb","305a"],"terminus":1,"mode":"bus","color":"#0059a9","colorDark":"#00294f","angle":288.6,"snapDist":4,"label":1}},{"type":"Feature","geometry":{"type":"Point","coordinates":[20.654747,44.738544]},"properties":{"name":"Ritopek /centar/","lines":"304, 304N, 304Nb, 305a","arr":["304","304N","304Nb","305a"],"terminus":0,"mode":"bus","color":"#0059a9","colorDark":"#00294f","angle":47.5,"snapDist":8,"label":0}},{"type":"Feature","geometry":{"type":"Point","coordinates":[20.650732,44.738033]},"properties":{"name":"Ritopek /škola/","lines":"304, 304N, 304Nb, 305a","arr":["304","304N","304Nb","305a"],"terminus":0,"mode":"bus","color":"#0059a9","colorDark":"#00294f","angle":354.8,"snapDist":4,"label":0}},{"type":"Feature","geometry":{"type":"Point","coordinates":[20.644582,44.738259]},"properties":{"name":"Ritopek /ulaz/","lines":"304, 304N, 304Nb, 305a","arr":["304","304N","304Nb","305a"],"terminus":0,"mode":"bus","color":"#0059a9","colorDark":"#00294f","angle":16.8,"snapDist":4,"label":0}},{"type":"Feature","geometry":{"type":"Point","coordinates":[20.638275,44.739084]},"properties":{"name":"Duboko","lines":"304, 304N, 304Nb, 305a","arr":["304","304N","304Nb","305a"],"terminus":0,"mode":"bus","color":"#0059a9","colorDark":"#00294f","angle":163.9,"snapDist":1,"label":0}},{"type":"Feature","geometry":{"type":"Point","coordinates":[20.630328,44.739058]},"properties":{"name":"Kralja Petra Prvog","lines":"304, 304N, 304Nb, 305a","arr":["304","304N","304Nb","305a"],"terminus":0,"mode":"bus","color":"#0059a9","colorDark":"#00294f","angle":343,"snapDist":2,"label":0}},{"type":"Feature","geometry":{"type":"Point","coordinates":[20.624785,44.73893]},"properties":{"name":"Prokop","lines":"304, 304N, 304Nb, 305a","arr":["304","304N","304Nb","305a"],"terminus":0,"mode":"bus","color":"#0059a9","colorDark":"#00294f","angle":15.7,"snapDist":4,"label":0}},{"type":"Feature","geometry":{"type":"Point","coordinates":[20.618806,44.738677]},"properties":{"name":"Mali lug","lines":"304, 304N, 304Nb, 305a","arr":["304","304N","304Nb","305a"],"terminus":0,"mode":"bus","color":"#0059a9","colorDark":"#00294f","angle":-16.4,"snapDist":2,"label":0}},{"type":"Feature","geometry":{"type":"Point","coordinates":[20.615409,44.736624]},"properties":{"name":"Svetosavska","lines":"304, 304N, 304Nb, 305a","arr":["304","304N","304Nb","305a"],"terminus":0,"mode":"bus","color":"#0059a9","colorDark":"#00294f","angle":144.2,"snapDist":4,"label":0}},{"type":"Feature","geometry":{"type":"Point","coordinates":[20.535621,44.771078]},"properties":{"name":"Narodnog fronta","lines":"304N, 304Na, 308","arr":["304N","304Na","308"],"terminus":0,"mode":"bus","color":"#0059a9","colorDark":"#00294f","angle":278.1,"snapDist":6,"label":1}},{"type":"Feature","geometry":{"type":"Point","coordinates":[20.533692,44.767178]},"properties":{"name":"Žikina (prilaz)","lines":"304N, 304Na, 308","arr":["304N","304Na","308"],"terminus":0,"mode":"bus","color":"#0059a9","colorDark":"#00294f","angle":290.8,"snapDist":4,"label":1}},{"type":"Feature","geometry":{"type":"Point","coordinates":[20.532813,44.763805]},"properties":{"name":"Naselje Klenak","lines":"304N, 304Na, 308","arr":["304N","304Na","308"],"terminus":0,"mode":"bus","color":"#0059a9","colorDark":"#00294f","angle":286.3,"snapDist":3,"label":1}},{"type":"Feature","geometry":{"type":"Point","coordinates":[20.530737,44.761398]},"properties":{"name":"Lipovačka","lines":"304N, 304Na, 308","arr":["304N","304Na","308"],"terminus":0,"mode":"bus","color":"#0059a9","colorDark":"#00294f","angle":311.5,"snapDist":5,"label":1}},{"type":"Feature","geometry":{"type":"Point","coordinates":[20.530655,44.761334]},"properties":{"name":"Lipovačka","lines":"304N, 304Na, 308, 312","arr":["304N","304Na","308","312"],"terminus":0,"mode":"bus","color":"#0059a9","colorDark":"#00294f","angle":312.6,"snapDist":4,"label":0}},{"type":"Feature","geometry":{"type":"Point","coordinates":[20.533161,44.76458]},"properties":{"name":"Naselje Klenak","lines":"304N, 304Na, 308","arr":["304N","304Na","308"],"terminus":0,"mode":"bus","color":"#0059a9","colorDark":"#00294f","angle":108.5,"snapDist":6,"label":0}},{"type":"Feature","geometry":{"type":"Point","coordinates":[20.534176,44.768079]},"properties":{"name":"Žikina (prilaz)","lines":"304N, 304Na, 308","arr":["304N","304Na","308"],"terminus":0,"mode":"bus","color":"#0059a9","colorDark":"#00294f","angle":111.8,"snapDist":6,"label":0}},{"type":"Feature","geometry":{"type":"Point","coordinates":[20.53567,44.7714]},"properties":{"name":"Narodnog fronta","lines":"304N, 304Na, 308","arr":["304N","304Na","308"],"terminus":0,"mode":"bus","color":"#0059a9","colorDark":"#00294f","angle":270.6,"snapDist":4,"label":0}},{"type":"Feature","geometry":{"type":"Point","coordinates":[20.536575,44.77019]},"properties":{"name":"Braće Milić","lines":"304N, 304Na","arr":["304N","304Na"],"terminus":0,"mode":"bus","color":"#0059a9","colorDark":"#00294f","angle":247.7,"snapDist":3,"label":1}},{"type":"Feature","geometry":{"type":"Point","coordinates":[20.539675,44.763561]},"properties":{"name":"Beogradska","lines":"304N, 304Na","arr":["304N","304Na"],"terminus":0,"mode":"bus","color":"#0059a9","colorDark":"#00294f","angle":235.3,"snapDist":3,"label":1}},{"type":"Feature","geometry":{"type":"Point","coordinates":[20.54291,44.761264]},"properties":{"name":"Živka Davidovića","lines":"304N, 304Na","arr":["304N","304Na"],"terminus":0,"mode":"bus","color":"#0059a9","colorDark":"#00294f","angle":228.7,"snapDist":0,"label":1}},{"type":"Feature","geometry":{"type":"Point","coordinates":[20.546665,44.760138]},"properties":{"name":"Groblje Kaluđerica","lines":"304N, 304Na","arr":["304N","304Na"],"terminus":0,"mode":"bus","color":"#0059a9","colorDark":"#00294f","angle":206.1,"snapDist":0,"label":1}},{"type":"Feature","geometry":{"type":"Point","coordinates":[20.551208,44.75913]},"properties":{"name":"Željka Milivojevića","lines":"304N, 304Na, 307N, 307Na, 309","arr":["304N","304Na","307N","307Na","309"],"terminus":0,"mode":"bus","color":"#0059a9","colorDark":"#00294f","angle":-113.4,"snapDist":4,"label":0}},{"type":"Feature","geometry":{"type":"Point","coordinates":[20.552053,44.756857]},"properties":{"name":"Radisava Ignjatovića","lines":"304N, 304Na, 307N, 307Na, 309","arr":["304N","304Na","307N","307Na","309"],"terminus":0,"mode":"bus","color":"#0059a9","colorDark":"#00294f","angle":235.6,"snapDist":2,"label":0}},{"type":"Feature","geometry":{"type":"Point","coordinates":[20.553891,44.753187]},"properties":{"name":"Kaluđerica /centar/","lines":"304N, 304Na, 307N, 307Na, 309, 309L","arr":["304N","304Na","307N","307Na","309","309L"],"terminus":0,"mode":"bus","color":"#0059a9","colorDark":"#00294f","angle":315.6,"snapDist":1,"label":0}},{"type":"Feature","geometry":{"type":"Point","coordinates":[20.559217,44.748827]},"properties":{"name":"Svetislava Ristića","lines":"304N","arr":["304N"],"terminus":0,"mode":"bus","color":"#0059a9","colorDark":"#00294f","angle":216.7,"snapDist":2,"label":1}},{"type":"Feature","geometry":{"type":"Point","coordinates":[20.561624,44.7467]},"properties":{"name":"Živorada Jakovljevića","lines":"304N","arr":["304N"],"terminus":0,"mode":"bus","color":"#0059a9","colorDark":"#00294f","angle":232.8,"snapDist":5,"label":1}},{"type":"Feature","geometry":{"type":"Point","coordinates":[20.564381,44.744577]},"properties":{"name":"Trafo stanica","lines":"304N","arr":["304N"],"terminus":0,"mode":"bus","color":"#0059a9","colorDark":"#00294f","angle":231.8,"snapDist":3,"label":1}},{"type":"Feature","geometry":{"type":"Point","coordinates":[20.570432,44.739419]},"properties":{"name":"Novo groblje - Kaluđerica","lines":"304N","arr":["304N"],"terminus":0,"mode":"bus","color":"#0059a9","colorDark":"#00294f","angle":229.7,"snapDist":3,"label":1}},{"type":"Feature","geometry":{"type":"Point","coordinates":[20.573093,44.736817]},"properties":{"name":"Bore Stankovića","lines":"304N","arr":["304N"],"terminus":0,"mode":"bus","color":"#0059a9","colorDark":"#00294f","angle":232.7,"snapDist":1,"label":1}},{"type":"Feature","geometry":{"type":"Point","coordinates":[20.573953,44.734194]},"properties":{"name":"Oplenačka","lines":"304N","arr":["304N"],"terminus":0,"mode":"bus","color":"#0059a9","colorDark":"#00294f","angle":262,"snapDist":4,"label":1}},{"type":"Feature","geometry":{"type":"Point","coordinates":[20.575716,44.730738]},"properties":{"name":"Leštane (centar)","lines":"304N, 311","arr":["304N","311"],"terminus":0,"mode":"bus","color":"#0059a9","colorDark":"#00294f","angle":117.7,"snapDist":6,"label":1}},{"type":"Feature","geometry":{"type":"Point","coordinates":[20.580789,44.73428]},"properties":{"name":"OŠ Nikola Tesla","lines":"304N, 311","arr":["304N","311"],"terminus":0,"mode":"bus","color":"#0059a9","colorDark":"#00294f","angle":151.4,"snapDist":5,"label":1}},{"type":"Feature","geometry":{"type":"Point","coordinates":[20.58853,44.739142]},"properties":{"name":"Miodraga Pešića","lines":"304N, 311","arr":["304N","311"],"terminus":0,"mode":"bus","color":"#0059a9","colorDark":"#00294f","angle":145.7,"snapDist":2,"label":1}},{"type":"Feature","geometry":{"type":"Point","coordinates":[20.591464,44.740926]},"properties":{"name":"Privredna zona","lines":"304N, 311","arr":["304N","311"],"terminus":0,"mode":"bus","color":"#0059a9","colorDark":"#00294f","angle":132,"snapDist":3,"label":1}},{"type":"Feature","geometry":{"type":"Point","coordinates":[20.594376,44.743192]},"properties":{"name":"Prvomajska","lines":"304N, 311","arr":["304N","311"],"terminus":0,"mode":"bus","color":"#0059a9","colorDark":"#00294f","angle":132.2,"snapDist":4,"label":1}},{"type":"Feature","geometry":{"type":"Point","coordinates":[20.596394,44.745032]},"properties":{"name":"Zdravstvena st. Leštane i Vinča","lines":"304N, 311","arr":["304N","311"],"terminus":0,"mode":"bus","color":"#0059a9","colorDark":"#00294f","angle":311.4,"snapDist":5,"label":0}},{"type":"Feature","geometry":{"type":"Point","coordinates":[20.593763,44.742721]},"properties":{"name":"Prvomajska","lines":"304N, 311","arr":["304N","311"],"terminus":0,"mode":"bus","color":"#0059a9","colorDark":"#00294f","angle":312.8,"snapDist":5,"label":0}},{"type":"Feature","geometry":{"type":"Point","coordinates":[20.590716,44.740387]},"properties":{"name":"Privredna zona","lines":"304N, 311","arr":["304N","311"],"terminus":0,"mode":"bus","color":"#0059a9","colorDark":"#00294f","angle":317.1,"snapDist":4,"label":0}},{"type":"Feature","geometry":{"type":"Point","coordinates":[20.58747,44.73828]},"properties":{"name":"Miodraga Pešića","lines":"304N, 311","arr":["304N","311"],"terminus":0,"mode":"bus","color":"#0059a9","colorDark":"#00294f","angle":300,"snapDist":5,"label":0}},{"type":"Feature","geometry":{"type":"Point","coordinates":[20.581039,44.734373]},"properties":{"name":"OŠ Nikola Tesla","lines":"304N, 311","arr":["304N","311"],"terminus":0,"mode":"bus","color":"#0059a9","colorDark":"#00294f","angle":333.9,"snapDist":3,"label":0}},{"type":"Feature","geometry":{"type":"Point","coordinates":[20.575258,44.730893]},"properties":{"name":"Leštane centar","lines":"304N","arr":["304N"],"terminus":0,"mode":"bus","color":"#0059a9","colorDark":"#00294f","angle":70.1,"snapDist":6,"label":1}},{"type":"Feature","geometry":{"type":"Point","coordinates":[20.574151,44.733633]},"properties":{"name":"Oplenačka","lines":"304N","arr":["304N"],"terminus":0,"mode":"bus","color":"#0059a9","colorDark":"#00294f","angle":75.1,"snapDist":3,"label":0}},{"type":"Feature","geometry":{"type":"Point","coordinates":[20.572844,44.73705]},"properties":{"name":"Bore Stankovića","lines":"304N","arr":["304N"],"terminus":0,"mode":"bus","color":"#0059a9","colorDark":"#00294f","angle":52.7,"snapDist":6,"label":0}},{"type":"Feature","geometry":{"type":"Point","coordinates":[20.57054,44.739328]},"properties":{"name":"Novo groblje - Kaluđerica","lines":"304N","arr":["304N"],"terminus":0,"mode":"bus","color":"#0059a9","colorDark":"#00294f","angle":49.7,"snapDist":1,"label":0}},{"type":"Feature","geometry":{"type":"Point","coordinates":[20.564192,44.744763]},"properties":{"name":"Trafo stanica","lines":"304N","arr":["304N"],"terminus":0,"mode":"bus","color":"#0059a9","colorDark":"#00294f","angle":57.9,"snapDist":4,"label":0}},{"type":"Feature","geometry":{"type":"Point","coordinates":[20.561992,44.746393]},"properties":{"name":"Živorada Jakovljevića","lines":"304N","arr":["304N"],"terminus":0,"mode":"bus","color":"#0059a9","colorDark":"#00294f","angle":51.5,"snapDist":5,"label":0}},{"type":"Feature","geometry":{"type":"Point","coordinates":[20.558981,44.748952]},"properties":{"name":"Svetislava Ristića","lines":"304N","arr":["304N"],"terminus":0,"mode":"bus","color":"#0059a9","colorDark":"#00294f","angle":36.7,"snapDist":4,"label":0}},{"type":"Feature","geometry":{"type":"Point","coordinates":[20.546256,44.76029]},"properties":{"name":"Groblje Kaluđerica","lines":"304N","arr":["304N"],"terminus":0,"mode":"bus","color":"#0059a9","colorDark":"#00294f","angle":28.4,"snapDist":7,"label":0}},{"type":"Feature","geometry":{"type":"Point","coordinates":[20.542204,44.761759]},"properties":{"name":"Živka Davidovića","lines":"304N","arr":["304N"],"terminus":0,"mode":"bus","color":"#0059a9","colorDark":"#00294f","angle":42.2,"snapDist":8,"label":0}},{"type":"Feature","geometry":{"type":"Point","coordinates":[20.53981,44.763422]},"properties":{"name":"Beogradska","lines":"304N","arr":["304N"],"terminus":0,"mode":"bus","color":"#0059a9","colorDark":"#00294f","angle":55.3,"snapDist":5,"label":0}},{"type":"Feature","geometry":{"type":"Point","coordinates":[20.536624,44.770108]},"properties":{"name":"Braće Milić","lines":"304N","arr":["304N"],"terminus":0,"mode":"bus","color":"#0059a9","colorDark":"#00294f","angle":63.9,"snapDist":4,"label":0}},{"type":"Feature","geometry":{"type":"Point","coordinates":[20.535982,44.774052]},"properties":{"name":"20. Oktobra","lines":"304N","arr":["304N"],"terminus":0,"mode":"bus","color":"#0059a9","colorDark":"#00294f","angle":98.7,"snapDist":6,"label":1}},{"type":"Feature","geometry":{"type":"Point","coordinates":[20.556348,44.752649]},"properties":{"name":"Isidora Blagojevića","lines":"304Na, 307N, 307Na, 309, 309L","arr":["304Na","307N","307Na","309","309L"],"terminus":0,"mode":"bus","color":"#0059a9","colorDark":"#00294f","angle":310.8,"snapDist":5,"label":0}},{"type":"Feature","geometry":{"type":"Point","coordinates":[20.599998,44.746507]},"properties":{"name":"Zdravstvena stanica Leštane i Vinča","lines":"304Nb, 306b, 307, 307N","arr":["304Nb","306b","307","307N"],"terminus":0,"mode":"bus","color":"#0059a9","colorDark":"#00294f","angle":169.4,"snapDist":6,"label":1}},{"type":"Feature","geometry":{"type":"Point","coordinates":[20.604392,44.748728]},"properties":{"name":"Babin lug","lines":"304Nb, 306b, 307, 307N","arr":["304Nb","306b","307","307N"],"terminus":0,"mode":"bus","color":"#0059a9","colorDark":"#00294f","angle":129.2,"snapDist":7,"label":1}},{"type":"Feature","geometry":{"type":"Point","coordinates":[20.606618,44.750166]},"properties":{"name":"Vinča /ulaz/","lines":"304Nb, 306b, 307, 307N","arr":["304Nb","306b","307","307N"],"terminus":0,"mode":"bus","color":"#0059a9","colorDark":"#00294f","angle":137.5,"snapDist":5,"label":1}},{"type":"Feature","geometry":{"type":"Point","coordinates":[20.61085,44.753288]},"properties":{"name":"Mike Petrovića Alasa","lines":"304Nb, 306b, 307, 307N","arr":["304Nb","306b","307","307N"],"terminus":0,"mode":"bus","color":"#0059a9","colorDark":"#00294f","angle":316.3,"snapDist":4,"label":1}},{"type":"Feature","geometry":{"type":"Point","coordinates":[20.61331,44.755782]},"properties":{"name":"Svetosavska","lines":"304Nb, 306b, 307, 307N","arr":["304Nb","306b","307","307N"],"terminus":0,"mode":"bus","color":"#0059a9","colorDark":"#00294f","angle":302.1,"snapDist":5,"label":1}},{"type":"Feature","geometry":{"type":"Point","coordinates":[20.616283,44.75824]},"properties":{"name":"Vinča /škola/","lines":"304Nb, 306b, 307, 307N","arr":["304Nb","306b","307","307N"],"terminus":0,"mode":"bus","color":"#0059a9","colorDark":"#00294f","angle":134.2,"snapDist":7,"label":1}},{"type":"Feature","geometry":{"type":"Point","coordinates":[20.621619,44.762421]},"properties":{"name":"Vinčanska","lines":"304Nb, 306b, 307, 307N","arr":["304Nb","306b","307","307N"],"terminus":0,"mode":"bus","color":"#0059a9","colorDark":"#00294f","angle":114.5,"snapDist":5,"label":1}},{"type":"Feature","geometry":{"type":"Point","coordinates":[20.61616,44.764778]},"properties":{"name":"Miloša Obrenovića","lines":"304Nb, 306b, 307, 307N","arr":["304Nb","306b","307","307N"],"terminus":0,"mode":"bus","color":"#0059a9","colorDark":"#00294f","angle":216.1,"snapDist":2,"label":1}},{"type":"Feature","geometry":{"type":"Point","coordinates":[20.610752,44.767116]},"properties":{"name":"Vinča","lines":"304Nb, 306b, 307, 307N, 307Na","arr":["304Nb","306b","307","307N","307Na"],"terminus":1,"mode":"bus","color":"#0059a9","colorDark":"#00294f","angle":81.4,"snapDist":6,"label":1}},{"type":"Feature","geometry":{"type":"Point","coordinates":[20.61612,44.764798]},"properties":{"name":"Miloša Obrenovića","lines":"304Nb, 306b, 307, 307N, 307Na","arr":["304Nb","306b","307","307N","307Na"],"terminus":0,"mode":"bus","color":"#0059a9","colorDark":"#00294f","angle":36.1,"snapDist":4,"label":0}},{"type":"Feature","geometry":{"type":"Point","coordinates":[20.621522,44.762269]},"properties":{"name":"Vinčanska","lines":"304Nb, 306b, 307, 307N, 307Na","arr":["304Nb","306b","307","307N","307Na"],"terminus":0,"mode":"bus","color":"#0059a9","colorDark":"#00294f","angle":-65.5,"snapDist":7,"label":0}},{"type":"Feature","geometry":{"type":"Point","coordinates":[20.616381,44.758311]},"properties":{"name":"Vinča /škola/","lines":"304Nb, 306b, 307, 307N, 307Na","arr":["304Nb","306b","307","307N","307Na"],"terminus":0,"mode":"bus","color":"#0059a9","colorDark":"#00294f","angle":134.2,"snapDist":1,"label":0}},{"type":"Feature","geometry":{"type":"Point","coordinates":[20.613645,44.756148]},"properties":{"name":"Svetosavska","lines":"304Nb, 306b, 307, 307N, 307Na","arr":["304Nb","306b","307","307N","307Na"],"terminus":0,"mode":"bus","color":"#0059a9","colorDark":"#00294f","angle":-57,"snapDist":6,"label":0}},{"type":"Feature","geometry":{"type":"Point","coordinates":[20.610734,44.753209]},"properties":{"name":"Mike Petrovića Alasa","lines":"304Nb, 306b, 307, 307N, 307Na","arr":["304Nb","306b","307","307N","307Na"],"terminus":0,"mode":"bus","color":"#0059a9","colorDark":"#00294f","angle":136.3,"snapDist":4,"label":0}},{"type":"Feature","geometry":{"type":"Point","coordinates":[20.606939,44.75039]},"properties":{"name":"Vinča /ulaz/","lines":"304Nb, 306b, 307, 307N, 307Na","arr":["304Nb","306b","307","307N","307Na"],"terminus":0,"mode":"bus","color":"#0059a9","colorDark":"#00294f","angle":314,"snapDist":5,"label":0}},{"type":"Feature","geometry":{"type":"Point","coordinates":[20.603276,44.748226]},"properties":{"name":"Babin lug","lines":"304Nb, 306b, 307, 307N, 307Na","arr":["304Nb","306b","307","307N","307Na"],"terminus":0,"mode":"bus","color":"#0059a9","colorDark":"#00294f","angle":-28,"snapDist":8,"label":0}},{"type":"Feature","geometry":{"type":"Point","coordinates":[20.593816,44.738905]},"properties":{"name":"Skladište boja","lines":"304Nb, 306, 306a, 306b","arr":["304Nb","306","306a","306b"],"terminus":0,"mode":"bus","color":"#0059a9","colorDark":"#00294f","angle":308.7,"snapDist":4,"label":1}},{"type":"Feature","geometry":{"type":"Point","coordinates":[20.589862,44.735444]},"properties":{"name":"Elektrodistribucija","lines":"304Nb, 306, 306a, 306b","arr":["304Nb","306","306a","306b"],"terminus":0,"mode":"bus","color":"#0059a9","colorDark":"#00294f","angle":308.6,"snapDist":4,"label":1}},{"type":"Feature","geometry":{"type":"Point","coordinates":[20.584326,44.730539]},"properties":{"name":"Stari put za Boleč","lines":"304Nb, 306, 306a, 306b","arr":["304Nb","306","306a","306b"],"terminus":0,"mode":"bus","color":"#0059a9","colorDark":"#00294f","angle":128.5,"snapDist":3,"label":1}},{"type":"Feature","geometry":{"type":"Point","coordinates":[20.575817,44.728344]},"properties":{"name":"Leštane /ulaz/","lines":"304Nb, 306, 306a, 306b, 311","arr":["304Nb","306","306a","306b","311"],"terminus":0,"mode":"bus","color":"#0059a9","colorDark":"#00294f","angle":261.1,"snapDist":2,"label":1}},{"type":"Feature","geometry":{"type":"Point","coordinates":[20.57551,44.730423]},"properties":{"name":"Leštane","lines":"304Nb, 306, 306a, 306b, 306v, 311","arr":["304Nb","306","306a","306b","306v","311"],"terminus":1,"mode":"bus","color":"#0059a9","colorDark":"#00294f","angle":259.9,"snapDist":4,"label":1}},{"type":"Feature","geometry":{"type":"Point","coordinates":[20.575882,44.728052]},"properties":{"name":"Leštane /izlaz/","lines":"304Nb, 306, 306a, 306v, 311","arr":["304Nb","306","306a","306v","311"],"terminus":0,"mode":"bus","color":"#0059a9","colorDark":"#00294f","angle":81.1,"snapDist":4,"label":1}},{"type":"Feature","geometry":{"type":"Point","coordinates":[20.583985,44.730238]},"properties":{"name":"Stari put za Boleč","lines":"304Nb, 306, 306a, 306v","arr":["304Nb","306","306a","306v"],"terminus":0,"mode":"bus","color":"#0059a9","colorDark":"#00294f","angle":311.6,"snapDist":5,"label":0}},{"type":"Feature","geometry":{"type":"Point","coordinates":[20.589503,44.735124]},"properties":{"name":"Elektrodistribucija","lines":"304Nb, 306, 306a, 306v","arr":["304Nb","306","306a","306v"],"terminus":0,"mode":"bus","color":"#0059a9","colorDark":"#00294f","angle":128.6,"snapDist":9,"label":0}},{"type":"Feature","geometry":{"type":"Point","coordinates":[20.594098,44.739152]},"properties":{"name":"Skladište boja","lines":"304Nb, 306, 306a, 306v","arr":["304Nb","306","306a","306v"],"terminus":0,"mode":"bus","color":"#0059a9","colorDark":"#00294f","angle":129.4,"snapDist":6,"label":0}},{"type":"Feature","geometry":{"type":"Point","coordinates":[20.546664,44.736602]},"properties":{"name":"Bubanj potok","lines":"306a","arr":["306a"],"terminus":1,"mode":"bus","color":"#0059a9","colorDark":"#00294f","angle":315.8,"snapDist":7,"label":1}},{"type":"Feature","geometry":{"type":"Point","coordinates":[20.558287,44.765579]},"properties":{"name":"Dom zdravlja","lines":"307N, 307Na, 309","arr":["307N","307Na","309"],"terminus":0,"mode":"bus","color":"#0059a9","colorDark":"#00294f","angle":171.4,"snapDist":5,"label":0}},{"type":"Feature","geometry":{"type":"Point","coordinates":[20.554312,44.764467]},"properties":{"name":"Kopaonička","lines":"307N, 307Na, 309","arr":["307N","307Na","309"],"terminus":0,"mode":"bus","color":"#0059a9","colorDark":"#00294f","angle":321.4,"snapDist":3,"label":0}},{"type":"Feature","geometry":{"type":"Point","coordinates":[20.549549,44.762759]},"properties":{"name":"Stepe Stepanovića","lines":"307N, 307Na, 309","arr":["307N","307Na","309"],"terminus":0,"mode":"bus","color":"#0059a9","colorDark":"#00294f","angle":252.5,"snapDist":2,"label":0}},{"type":"Feature","geometry":{"type":"Point","coordinates":[20.504527,44.794124]},"properties":{"name":"Zvezdara /pijaca/","lines":"309","arr":["309"],"terminus":1,"mode":"bus","color":"#0059a9","colorDark":"#00294f","angle":119.5,"snapDist":8,"label":1}},{"type":"Feature","geometry":{"type":"Point","coordinates":[20.504363,44.793909]},"properties":{"name":"Zvezdara /pijaca/","lines":"309","arr":["309"],"terminus":1,"mode":"bus","color":"#0059a9","colorDark":"#00294f","angle":102.9,"snapDist":6,"label":0}},{"type":"Feature","geometry":{"type":"Point","coordinates":[20.571002,44.756092]},"properties":{"name":"Vojina Jugovića","lines":"309L","arr":["309L"],"terminus":0,"mode":"bus","color":"#0059a9","colorDark":"#00294f","angle":358.1,"snapDist":4,"label":1}},{"type":"Feature","geometry":{"type":"Point","coordinates":[20.569213,44.75471]},"properties":{"name":"Cerska","lines":"309L","arr":["309L"],"terminus":0,"mode":"bus","color":"#0059a9","colorDark":"#00294f","angle":255,"snapDist":2,"label":1}},{"type":"Feature","geometry":{"type":"Point","coordinates":[20.568773,44.753143]},"properties":{"name":"Meše Selimovića","lines":"309L","arr":["309L"],"terminus":0,"mode":"bus","color":"#0059a9","colorDark":"#00294f","angle":1.6,"snapDist":3,"label":1}},{"type":"Feature","geometry":{"type":"Point","coordinates":[20.564126,44.753464]},"properties":{"name":"Rifata Burdževića","lines":"309L","arr":["309L"],"terminus":0,"mode":"bus","color":"#0059a9","colorDark":"#00294f","angle":10.3,"snapDist":5,"label":1}},{"type":"Feature","geometry":{"type":"Point","coordinates":[20.561187,44.753192]},"properties":{"name":"Dragoljuba Stojanovića","lines":"309L","arr":["309L"],"terminus":0,"mode":"bus","color":"#0059a9","colorDark":"#00294f","angle":291.2,"snapDist":2,"label":1}},{"type":"Feature","geometry":{"type":"Point","coordinates":[20.552922,44.755236]},"properties":{"name":"Kaluđerica (Višnjićeva)","lines":"309L","arr":["309L"],"terminus":1,"mode":"bus","color":"#0059a9","colorDark":"#00294f","angle":138.3,"snapDist":1,"label":1}},{"type":"Feature","geometry":{"type":"Point","coordinates":[20.561024,44.752905]},"properties":{"name":"Dragoljuba Stojanovića","lines":"309L","arr":["309L"],"terminus":0,"mode":"bus","color":"#0059a9","colorDark":"#00294f","angle":117.3,"snapDist":4,"label":0}},{"type":"Feature","geometry":{"type":"Point","coordinates":[20.564114,44.753466]},"properties":{"name":"Rifata Burdževića","lines":"309L","arr":["309L"],"terminus":0,"mode":"bus","color":"#0059a9","colorDark":"#00294f","angle":190.3,"snapDist":3,"label":0}},{"type":"Feature","geometry":{"type":"Point","coordinates":[20.568595,44.753149]},"properties":{"name":"Meše Selimovića","lines":"309L","arr":["309L"],"terminus":0,"mode":"bus","color":"#0059a9","colorDark":"#00294f","angle":183.7,"snapDist":0,"label":0}},{"type":"Feature","geometry":{"type":"Point","coordinates":[20.569134,44.754913]},"properties":{"name":"Cerska","lines":"309L","arr":["309L"],"terminus":0,"mode":"bus","color":"#0059a9","colorDark":"#00294f","angle":74.5,"snapDist":5,"label":0}},{"type":"Feature","geometry":{"type":"Point","coordinates":[20.573067,44.756392]},"properties":{"name":"Vojina Jugovića","lines":"309L","arr":["309L"],"terminus":0,"mode":"bus","color":"#0059a9","colorDark":"#00294f","angle":171.2,"snapDist":2,"label":0}},{"type":"Feature","geometry":{"type":"Point","coordinates":[20.517012,44.782417]},"properties":{"name":"OŠ Desanka Maksimović","lines":"310","arr":["310"],"terminus":0,"mode":"bus","color":"#0059a9","colorDark":"#00294f","angle":161,"snapDist":5,"label":1}},{"type":"Feature","geometry":{"type":"Point","coordinates":[20.52106,44.782775]},"properties":{"name":"Živka Davidovića","lines":"310","arr":["310"],"terminus":0,"mode":"bus","color":"#0059a9","colorDark":"#00294f","angle":238.1,"snapDist":4,"label":1}},{"type":"Feature","geometry":{"type":"Point","coordinates":[20.519978,44.781383]},"properties":{"name":"Prvomajska","lines":"310","arr":["310"],"terminus":0,"mode":"bus","color":"#0059a9","colorDark":"#00294f","angle":304.6,"snapDist":4,"label":1}},{"type":"Feature","geometry":{"type":"Point","coordinates":[20.519382,44.779122]},"properties":{"name":"Mage Magazinović","lines":"310","arr":["310"],"terminus":0,"mode":"bus","color":"#0059a9","colorDark":"#00294f","angle":260.2,"snapDist":4,"label":1}},{"type":"Feature","geometry":{"type":"Point","coordinates":[20.519444,44.777168]},"properties":{"name":"Jerusalimska","lines":"310","arr":["310"],"terminus":0,"mode":"bus","color":"#0059a9","colorDark":"#00294f","angle":281.1,"snapDist":3,"label":1}},{"type":"Feature","geometry":{"type":"Point","coordinates":[20.519685,44.776137]},"properties":{"name":"Bosanska","lines":"310","arr":["310"],"terminus":0,"mode":"bus","color":"#0059a9","colorDark":"#00294f","angle":292.5,"snapDist":3,"label":1}},{"type":"Feature","geometry":{"type":"Point","coordinates":[20.522907,44.774215]},"properties":{"name":"Kolarska","lines":"310","arr":["310"],"terminus":0,"mode":"bus","color":"#0059a9","colorDark":"#00294f","angle":221,"snapDist":1,"label":1}},{"type":"Feature","geometry":{"type":"Point","coordinates":[20.526645,44.774525]},"properties":{"name":"Dvadesetog oktobra","lines":"310","arr":["310"],"terminus":0,"mode":"bus","color":"#0059a9","colorDark":"#00294f","angle":204.7,"snapDist":1,"label":1}},{"type":"Feature","geometry":{"type":"Point","coordinates":[20.531076,44.774074]},"properties":{"name":"Mali mokri lug (crkva)","lines":"310","arr":["310"],"terminus":1,"mode":"bus","color":"#0059a9","colorDark":"#00294f","angle":179.8,"snapDist":3,"label":1}},{"type":"Feature","geometry":{"type":"Point","coordinates":[20.529015,44.777213]},"properties":{"name":"Narodnog fronta","lines":"310","arr":["310"],"terminus":0,"mode":"bus","color":"#0059a9","colorDark":"#00294f","angle":29,"snapDist":5,"label":1}},{"type":"Feature","geometry":{"type":"Point","coordinates":[20.523017,44.781046]},"properties":{"name":"Pijaca","lines":"310","arr":["310"],"terminus":0,"mode":"bus","color":"#0059a9","colorDark":"#00294f","angle":45.1,"snapDist":6,"label":1}},{"type":"Feature","geometry":{"type":"Point","coordinates":[20.521124,44.782701]},"properties":{"name":"Živka Davidovića","lines":"310","arr":["310"],"terminus":0,"mode":"bus","color":"#0059a9","colorDark":"#00294f","angle":58.1,"snapDist":5,"label":0}},{"type":"Feature","geometry":{"type":"Point","coordinates":[20.516665,44.782332]},"properties":{"name":"OŠ Desanka Maksimović","lines":"310","arr":["310"],"terminus":0,"mode":"bus","color":"#0059a9","colorDark":"#00294f","angle":341,"snapDist":5,"label":0}},{"type":"Feature","geometry":{"type":"Point","coordinates":[20.57687,44.725268]},"properties":{"name":"Ravan (ulaz)","lines":"311","arr":["311"],"terminus":0,"mode":"bus","color":"#0059a9","colorDark":"#00294f","angle":254.1,"snapDist":3,"label":1}},{"type":"Feature","geometry":{"type":"Point","coordinates":[20.578755,44.722028]},"properties":{"name":"Kremenje","lines":"311","arr":["311"],"terminus":0,"mode":"bus","color":"#0059a9","colorDark":"#00294f","angle":266.8,"snapDist":6,"label":1}},{"type":"Feature","geometry":{"type":"Point","coordinates":[20.583078,44.719546]},"properties":{"name":"Leštane (Ravan)","lines":"311","arr":["311"],"terminus":1,"mode":"bus","color":"#0059a9","colorDark":"#00294f","angle":167.2,"snapDist":1,"label":1}},{"type":"Feature","geometry":{"type":"Point","coordinates":[20.578749,44.722108]},"properties":{"name":"Kremenje","lines":"311","arr":["311"],"terminus":0,"mode":"bus","color":"#0059a9","colorDark":"#00294f","angle":86.8,"snapDist":5,"label":0}},{"type":"Feature","geometry":{"type":"Point","coordinates":[20.576606,44.725949]},"properties":{"name":"Ravan (ulaz)","lines":"311","arr":["311"],"terminus":0,"mode":"bus","color":"#0059a9","colorDark":"#00294f","angle":75.3,"snapDist":3,"label":0}},{"type":"Feature","geometry":{"type":"Point","coordinates":[20.525444,44.760418]},"properties":{"name":"M.Z. VML","lines":"312","arr":["312"],"terminus":1,"mode":"bus","color":"#0059a9","colorDark":"#00294f","angle":318.7,"snapDist":4,"label":1}},{"type":"Feature","geometry":{"type":"Point","coordinates":[20.52926,44.755987]},"properties":{"name":"Lepenskog vira","lines":"312","arr":["312"],"terminus":0,"mode":"bus","color":"#0059a9","colorDark":"#00294f","angle":216.9,"snapDist":4,"label":1}},{"type":"Feature","geometry":{"type":"Point","coordinates":[20.530382,44.754828]},"properties":{"name":"Vladimira Ćorovića (ulaz)","lines":"312","arr":["312"],"terminus":0,"mode":"bus","color":"#0059a9","colorDark":"#00294f","angle":312.1,"snapDist":4,"label":1}},{"type":"Feature","geometry":{"type":"Point","coordinates":[20.528358,44.753232]},"properties":{"name":"Novo naselje","lines":"312","arr":["312"],"terminus":0,"mode":"bus","color":"#0059a9","colorDark":"#00294f","angle":311.9,"snapDist":3,"label":1}},{"type":"Feature","geometry":{"type":"Point","coordinates":[20.526724,44.751935]},"properties":{"name":"Jovijanova","lines":"312","arr":["312"],"terminus":0,"mode":"bus","color":"#0059a9","colorDark":"#00294f","angle":311.9,"snapDist":3,"label":1}},{"type":"Feature","geometry":{"type":"Point","coordinates":[20.526559,44.750363]},"properties":{"name":"Gaj","lines":"312","arr":["312"],"terminus":0,"mode":"bus","color":"#0059a9","colorDark":"#00294f","angle":297,"snapDist":2,"label":1}},{"type":"Feature","geometry":{"type":"Point","coordinates":[20.525363,44.748045]},"properties":{"name":"Stražarska kosa","lines":"312","arr":["312"],"terminus":0,"mode":"bus","color":"#0059a9","colorDark":"#00294f","angle":302.3,"snapDist":3,"label":1}},{"type":"Feature","geometry":{"type":"Point","coordinates":[20.521172,44.746423]},"properties":{"name":"Narednika Dragutina Radakovića","lines":"312","arr":["312"],"terminus":0,"mode":"bus","color":"#0059a9","colorDark":"#00294f","angle":314.3,"snapDist":4,"label":1}},{"type":"Feature","geometry":{"type":"Point","coordinates":[20.520769,44.746077]},"properties":{"name":"Narednika Dragutina Radakovića","lines":"312","arr":["312"],"terminus":0,"mode":"bus","color":"#0059a9","colorDark":"#00294f","angle":130.3,"snapDist":5,"label":0}},{"type":"Feature","geometry":{"type":"Point","coordinates":[20.522088,44.747751]},"properties":{"name":"Mitkov Kladenac /izlaz/ 1","lines":"312","arr":["312"],"terminus":0,"mode":"bus","color":"#0059a9","colorDark":"#00294f","angle":60.9,"snapDist":4,"label":1}},{"type":"Feature","geometry":{"type":"Point","coordinates":[20.518149,44.753741]},"properties":{"name":"Jovana Ružića 1","lines":"312","arr":["312"],"terminus":0,"mode":"bus","color":"#0059a9","colorDark":"#00294f","angle":61.5,"snapDist":3,"label":1}},{"type":"Feature","geometry":{"type":"Point","coordinates":[20.517254,44.756501]},"properties":{"name":"Vukašina Mrnjavčevića 1","lines":"312","arr":["312"],"terminus":0,"mode":"bus","color":"#0059a9","colorDark":"#00294f","angle":89.1,"snapDist":3,"label":1}},{"type":"Feature","geometry":{"type":"Point","coordinates":[20.515799,44.760109]},"properties":{"name":"Buljubašine vode 1","lines":"312","arr":["312"],"terminus":0,"mode":"bus","color":"#0059a9","colorDark":"#00294f","angle":75.7,"snapDist":3,"label":1}},{"type":"Feature","geometry":{"type":"Point","coordinates":[20.516141,44.764027]},"properties":{"name":"Stari vinogradi 1","lines":"312","arr":["312"],"terminus":0,"mode":"bus","color":"#0059a9","colorDark":"#00294f","angle":143.5,"snapDist":3,"label":1}},{"type":"Feature","geometry":{"type":"Point","coordinates":[20.533636,44.759257]},"properties":{"name":"Barutana","lines":"312","arr":["312"],"terminus":0,"mode":"bus","color":"#0059a9","colorDark":"#00294f","angle":248.8,"snapDist":1,"label":1}},{"type":"Feature","geometry":{"type":"Point","coordinates":[20.53286,44.756261]},"properties":{"name":"Milana Grigorijevića","lines":"312","arr":["312"],"terminus":0,"mode":"bus","color":"#0059a9","colorDark":"#00294f","angle":309.9,"snapDist":2,"label":1}},{"type":"Feature","geometry":{"type":"Point","coordinates":[20.530609,44.756415]},"properties":{"name":"Vladimira Dvornikovića","lines":"312","arr":["312"],"terminus":0,"mode":"bus","color":"#0059a9","colorDark":"#00294f","angle":38.9,"snapDist":6,"label":1}},{"type":"Feature","geometry":{"type":"Point","coordinates":[20.528129,44.75897]},"properties":{"name":"OŠ Vladislav Petković","lines":"312","arr":["312"],"terminus":0,"mode":"bus","color":"#0059a9","colorDark":"#00294f","angle":35.2,"snapDist":7,"label":1}},{"type":"Feature","geometry":{"type":"Point","coordinates":[20.480382,44.751792]},"properties":{"name":"Banjica 2","lines":"401, 401N, 402, 403, 405, 406, 407, 408, 409, 503","arr":["401","401N","402","403","405","406","407","408","409","503"],"terminus":0,"mode":"bus","color":"#0059a9","colorDark":"#00294f","angle":237.1,"snapDist":6,"label":0}},{"type":"Feature","geometry":{"type":"Point","coordinates":[20.479467,44.750141]},"properties":{"name":"Riste Stefanovića","lines":"401, 401N, 402, 403, 405, 406, 407, 408, 409, 503","arr":["401","401N","402","403","405","406","407","408","409","503"],"terminus":0,"mode":"bus","color":"#0059a9","colorDark":"#00294f","angle":358,"snapDist":7,"label":1}},{"type":"Feature","geometry":{"type":"Point","coordinates":[20.477049,44.746768]},"properties":{"name":"Voje Radića","lines":"401, 401N, 402, 403, 405, 406, 407, 408, 409, 503","arr":["401","401N","402","403","405","406","407","408","409","503"],"terminus":0,"mode":"bus","color":"#0059a9","colorDark":"#00294f","angle":257.2,"snapDist":6,"label":1}},{"type":"Feature","geometry":{"type":"Point","coordinates":[20.483392,44.742508]},"properties":{"name":"Save Jovanovića","lines":"401, 401N, 402, 403, 405, 406, 407, 408, 503","arr":["401","401N","402","403","405","406","407","408","503"],"terminus":0,"mode":"bus","color":"#0059a9","colorDark":"#00294f","angle":202.2,"snapDist":2,"label":1}},{"type":"Feature","geometry":{"type":"Point","coordinates":[20.486267,44.740162]},"properties":{"name":"Jajinci /Dom zdravlja/","lines":"401, 401N, 402, 403, 405, 406, 407, 408, 503","arr":["401","401N","402","403","405","406","407","408","503"],"terminus":0,"mode":"bus","color":"#0059a9","colorDark":"#00294f","angle":233.2,"snapDist":5,"label":1}},{"type":"Feature","geometry":{"type":"Point","coordinates":[20.483893,44.73528]},"properties":{"name":"Milutina Miljkovića","lines":"401, 401N, 402, 403, 405, 406, 407, 408, 503","arr":["401","401N","402","403","405","406","407","408","503"],"terminus":0,"mode":"bus","color":"#0059a9","colorDark":"#00294f","angle":293.6,"snapDist":4,"label":1}},{"type":"Feature","geometry":{"type":"Point","coordinates":[20.48329,44.730488]},"properties":{"name":"Kefalonijska","lines":"401, 401N, 402, 403, 405, 406, 407, 408, 409, 503","arr":["401","401N","402","403","405","406","407","408","409","503"],"terminus":0,"mode":"bus","color":"#0059a9","colorDark":"#00294f","angle":237.9,"snapDist":5,"label":1}},{"type":"Feature","geometry":{"type":"Point","coordinates":[20.486435,44.727225]},"properties":{"name":"Spomen park Jajinci","lines":"401, 401N, 402, 403, 405, 406, 407, 408, 503","arr":["401","401N","402","403","405","406","407","408","503"],"terminus":0,"mode":"bus","color":"#0059a9","colorDark":"#00294f","angle":237.1,"snapDist":2,"label":1}},{"type":"Feature","geometry":{"type":"Point","coordinates":[20.495036,44.726568]},"properties":{"name":"Rakovica selo (spomen česma)","lines":"401, 401N, 402, 403, 405, 406, 407, 408, 503","arr":["401","401N","402","403","405","406","407","408","503"],"terminus":0,"mode":"bus","color":"#0059a9","colorDark":"#00294f","angle":157.9,"snapDist":7,"label":1}},{"type":"Feature","geometry":{"type":"Point","coordinates":[20.498247,44.721644]},"properties":{"name":"Rakovica selo","lines":"401, 401N, 402, 403, 405, 406, 407, 408, 503","arr":["401","401N","402","403","405","406","407","408","503"],"terminus":0,"mode":"bus","color":"#0059a9","colorDark":"#00294f","angle":204.3,"snapDist":4,"label":1}},{"type":"Feature","geometry":{"type":"Point","coordinates":[20.504086,44.718738]},"properties":{"name":"Kružni put","lines":"401, 401N, 402, 403, 405, 406, 406L, 407, 408, 503","arr":["401","401N","402","403","405","406","406L","407","408","503"],"terminus":0,"mode":"bus","color":"#0059a9","colorDark":"#00294f","angle":274,"snapDist":8,"label":1}},{"type":"Feature","geometry":{"type":"Point","coordinates":[20.506117,44.710788]},"properties":{"name":"Beli potok /Kumbara/","lines":"401, 401N, 402, 403, 405, 406, 406L, 407, 408","arr":["401","401N","402","403","405","406","406L","407","408"],"terminus":0,"mode":"bus","color":"#0059a9","colorDark":"#00294f","angle":248.3,"snapDist":2,"label":1}},{"type":"Feature","geometry":{"type":"Point","coordinates":[20.508693,44.706293]},"properties":{"name":"Put za Beli potok","lines":"401, 403, 405, 406, 407, 408","arr":["401","403","405","406","407","408"],"terminus":0,"mode":"bus","color":"#0059a9","colorDark":"#00294f","angle":273.6,"snapDist":7,"label":1}},{"type":"Feature","geometry":{"type":"Point","coordinates":[20.504316,44.701149]},"properties":{"name":"Pošta","lines":"401, 401N, 403, 405, 407, 408","arr":["401","401N","403","405","407","408"],"terminus":0,"mode":"bus","color":"#0059a9","colorDark":"#00294f","angle":300.6,"snapDist":9,"label":1}},{"type":"Feature","geometry":{"type":"Point","coordinates":[20.501894,44.696203]},"properties":{"name":"Avala","lines":"401, 401N, 403, 405, 407, 408","arr":["401","401N","403","405","407","408"],"terminus":0,"mode":"bus","color":"#0059a9","colorDark":"#00294f","angle":278.2,"snapDist":4,"label":1}},{"type":"Feature","geometry":{"type":"Point","coordinates":[20.493036,44.695371]},"properties":{"name":"MZ Pinosava","lines":"401, 401N","arr":["401","401N"],"terminus":0,"mode":"bus","color":"#0059a9","colorDark":"#00294f","angle":346,"snapDist":6,"label":1}},{"type":"Feature","geometry":{"type":"Point","coordinates":[20.489183,44.695018]},"properties":{"name":"OŠ Vasa Čarapić","lines":"401, 401N","arr":["401","401N"],"terminus":0,"mode":"bus","color":"#0059a9","colorDark":"#00294f","angle":6.1,"snapDist":4,"label":1}},{"type":"Feature","geometry":{"type":"Point","coordinates":[20.483943,44.696715]},"properties":{"name":"Zadruga","lines":"401, 401N","arr":["401","401N"],"terminus":0,"mode":"bus","color":"#0059a9","colorDark":"#00294f","angle":16.6,"snapDist":4,"label":1}},{"type":"Feature","geometry":{"type":"Point","coordinates":[20.478496,44.696329]},"properties":{"name":"Groblje","lines":"401, 401N","arr":["401","401N"],"terminus":0,"mode":"bus","color":"#0059a9","colorDark":"#00294f","angle":312,"snapDist":6,"label":1}},{"type":"Feature","geometry":{"type":"Point","coordinates":[20.47541,44.696254]},"properties":{"name":"Donji kraj","lines":"401, 401N","arr":["401","401N"],"terminus":0,"mode":"bus","color":"#0059a9","colorDark":"#00294f","angle":338.1,"snapDist":3,"label":1}},{"type":"Feature","geometry":{"type":"Point","coordinates":[20.47084,44.695858]},"properties":{"name":"Pinosava","lines":"401, 401a, 401N","arr":["401","401a","401N"],"terminus":1,"mode":"bus","color":"#0059a9","colorDark":"#00294f","angle":18.6,"snapDist":5,"label":1}},{"type":"Feature","geometry":{"type":"Point","coordinates":[20.474937,44.696076]},"properties":{"name":"Donji kraj","lines":"401, 401a, 401N","arr":["401","401a","401N"],"terminus":0,"mode":"bus","color":"#0059a9","colorDark":"#00294f","angle":147,"snapDist":3,"label":0}},{"type":"Feature","geometry":{"type":"Point","coordinates":[20.478684,44.696481]},"properties":{"name":"Groblje","lines":"401, 401a, 401N","arr":["401","401a","401N"],"terminus":0,"mode":"bus","color":"#0059a9","colorDark":"#00294f","angle":131.1,"snapDist":9,"label":0}},{"type":"Feature","geometry":{"type":"Point","coordinates":[20.483521,44.6968]},"properties":{"name":"Zadruga","lines":"401, 401a, 401N","arr":["401","401a","401N"],"terminus":0,"mode":"bus","color":"#0059a9","colorDark":"#00294f","angle":195.2,"snapDist":6,"label":0}},{"type":"Feature","geometry":{"type":"Point","coordinates":[20.48938,44.695003]},"properties":{"name":"OŠ Vasa Čarapić","lines":"401, 401a, 401N","arr":["401","401a","401N"],"terminus":0,"mode":"bus","color":"#0059a9","colorDark":"#00294f","angle":186.1,"snapDist":6,"label":0}},{"type":"Feature","geometry":{"type":"Point","coordinates":[20.493879,44.695489]},"properties":{"name":"MZ Pinosava","lines":"401, 401a, 401N","arr":["401","401a","401N"],"terminus":0,"mode":"bus","color":"#0059a9","colorDark":"#00294f","angle":169.9,"snapDist":2,"label":0}},{"type":"Feature","geometry":{"type":"Point","coordinates":[20.501991,44.696672]},"properties":{"name":"Avala","lines":"401, 401a, 401N, 403, 405, 407, 408","arr":["401","401a","401N","403","405","407","408"],"terminus":0,"mode":"bus","color":"#0059a9","colorDark":"#00294f","angle":98.4,"snapDist":4,"label":0}},{"type":"Feature","geometry":{"type":"Point","coordinates":[20.504819,44.701741]},"properties":{"name":"Pošta","lines":"401, 401a, 401N, 403, 405, 407, 408","arr":["401","401a","401N","403","405","407","408"],"terminus":0,"mode":"bus","color":"#0059a9","colorDark":"#00294f","angle":121.7,"snapDist":9,"label":0}},{"type":"Feature","geometry":{"type":"Point","coordinates":[20.508259,44.707634]},"properties":{"name":"Put za Beli potok","lines":"401, 401N, 403, 405, 406, 407, 408","arr":["401","401N","403","405","406","407","408"],"terminus":0,"mode":"bus","color":"#0059a9","colorDark":"#00294f","angle":56.5,"snapDist":10,"label":0}},{"type":"Feature","geometry":{"type":"Point","coordinates":[20.506123,44.710777]},"properties":{"name":"Beli potok /Kumbara/","lines":"401, 401a, 401N, 402, 403, 405, 406, 406L, 407, 408","arr":["401","401a","401N","402","403","405","406","406L","407","408"],"terminus":0,"mode":"bus","color":"#0059a9","colorDark":"#00294f","angle":68.3,"snapDist":8,"label":0}},{"type":"Feature","geometry":{"type":"Point","coordinates":[20.504088,44.719257]},"properties":{"name":"Kružni put","lines":"401, 401a, 401N, 402, 403, 405, 406, 407, 408, 503","arr":["401","401a","401N","402","403","405","406","407","408","503"],"terminus":0,"mode":"bus","color":"#0059a9","colorDark":"#00294f","angle":82,"snapDist":6,"label":0}},{"type":"Feature","geometry":{"type":"Point","coordinates":[20.497411,44.72191]},"properties":{"name":"Rakovica selo","lines":"401, 401a, 401N, 402, 403, 405, 406, 407, 408, 503","arr":["401","401a","401N","402","403","405","406","407","408","503"],"terminus":0,"mode":"bus","color":"#0059a9","colorDark":"#00294f","angle":24.1,"snapDist":7,"label":0}},{"type":"Feature","geometry":{"type":"Point","coordinates":[20.494412,44.726391]},"properties":{"name":"Rakovica selo (spomen česma)","lines":"401, 401a, 401N, 402, 403, 405, 406, 407, 408, 503","arr":["401","401a","401N","402","403","405","406","407","408","503"],"terminus":0,"mode":"bus","color":"#0059a9","colorDark":"#00294f","angle":338.3,"snapDist":5,"label":0}},{"type":"Feature","geometry":{"type":"Point","coordinates":[20.484214,44.72954]},"properties":{"name":"Spomen park Jajinci","lines":"401, 401a, 401N, 402, 403, 405, 406, 407, 408, 503","arr":["401","401a","401N","402","403","405","406","407","408","503"],"terminus":0,"mode":"bus","color":"#0059a9","colorDark":"#00294f","angle":55.1,"snapDist":6,"label":1}},{"type":"Feature","geometry":{"type":"Point","coordinates":[20.48377,44.735077]},"properties":{"name":"Milutina Miljkovića","lines":"401, 401a, 401N, 402, 403, 405, 406, 407, 408, 503","arr":["401","401a","401N","402","403","405","406","407","408","503"],"terminus":0,"mode":"bus","color":"#0059a9","colorDark":"#00294f","angle":108,"snapDist":6,"label":0}},{"type":"Feature","geometry":{"type":"Point","coordinates":[20.485166,44.74121]},"properties":{"name":"Jajinci /Dom zdravlja/","lines":"401, 401a, 401N, 402, 403, 405, 406, 407, 408, 503","arr":["401","401a","401N","402","403","405","406","407","408","503"],"terminus":0,"mode":"bus","color":"#0059a9","colorDark":"#00294f","angle":53.3,"snapDist":8,"label":0}},{"type":"Feature","geometry":{"type":"Point","coordinates":[20.483148,44.742574]},"properties":{"name":"Save Jovanovića","lines":"401, 401a, 401N, 402, 403, 405, 406, 407, 408, 503","arr":["401","401a","401N","402","403","405","406","407","408","503"],"terminus":0,"mode":"bus","color":"#0059a9","colorDark":"#00294f","angle":19.1,"snapDist":7,"label":0}},{"type":"Feature","geometry":{"type":"Point","coordinates":[20.477211,44.746296]},"properties":{"name":"Voje Radića","lines":"401, 401a, 401N, 402, 403, 405, 406, 407, 408, 409, 503","arr":["401","401a","401N","402","403","405","406","407","408","409","503"],"terminus":0,"mode":"bus","color":"#0059a9","colorDark":"#00294f","angle":74.1,"snapDist":8,"label":0}},{"type":"Feature","geometry":{"type":"Point","coordinates":[20.480638,44.750002]},"properties":{"name":"Riste Stefanovića","lines":"401, 401a, 401N, 402, 403, 405, 406, 407, 408, 409, 503","arr":["401","401a","401N","402","403","405","406","407","408","409","503"],"terminus":0,"mode":"bus","color":"#0059a9","colorDark":"#00294f","angle":181.8,"snapDist":7,"label":0}},{"type":"Feature","geometry":{"type":"Point","coordinates":[20.48019,44.752003]},"properties":{"name":"Banjica 2","lines":"401, 401a, 401N, 402, 403, 405, 406, 407, 408, 409, 503","arr":["401","401a","401N","402","403","405","406","407","408","409","503"],"terminus":0,"mode":"bus","color":"#0059a9","colorDark":"#00294f","angle":57.1,"snapDist":6,"label":0}},{"type":"Feature","geometry":{"type":"Point","coordinates":[20.509247,44.706397]},"properties":{"name":"Put za Beli potok","lines":"401a, 401N, 402, 406L","arr":["401a","401N","402","406L"],"terminus":0,"mode":"bus","color":"#0059a9","colorDark":"#00294f","angle":227.9,"snapDist":3,"label":0}},{"type":"Feature","geometry":{"type":"Point","coordinates":[20.511242,44.704795]},"properties":{"name":"OŠ Vasa Čarapić","lines":"401a, 401N, 402, 406L","arr":["401a","401N","402","406L"],"terminus":0,"mode":"bus","color":"#0059a9","colorDark":"#00294f","angle":267.7,"snapDist":3,"label":1}},{"type":"Feature","geometry":{"type":"Point","coordinates":[20.513399,44.703754]},"properties":{"name":"Beli potok /ulaz/","lines":"401a, 401N, 402, 406L","arr":["401a","401N","402","406L"],"terminus":0,"mode":"bus","color":"#0059a9","colorDark":"#00294f","angle":223.5,"snapDist":2,"label":1}},{"type":"Feature","geometry":{"type":"Point","coordinates":[20.518647,44.705413]},"properties":{"name":"Beli potok /centar/","lines":"401a, 401N, 402, 406L","arr":["401a","401N","402","406L"],"terminus":0,"mode":"bus","color":"#0059a9","colorDark":"#00294f","angle":162.5,"snapDist":6,"label":1}},{"type":"Feature","geometry":{"type":"Point","coordinates":[20.521544,44.708054]},"properties":{"name":"Braće Jakovljević","lines":"401a, 401N, 402","arr":["401a","401N","402"],"terminus":0,"mode":"bus","color":"#0059a9","colorDark":"#00294f","angle":143.9,"snapDist":4,"label":1}},{"type":"Feature","geometry":{"type":"Point","coordinates":[20.524186,44.708945]},"properties":{"name":"Glumačka","lines":"401a, 401N, 402","arr":["401a","401N","402"],"terminus":0,"mode":"bus","color":"#0059a9","colorDark":"#00294f","angle":355.4,"snapDist":4,"label":1}},{"type":"Feature","geometry":{"type":"Point","coordinates":[20.52681,44.709256]},"properties":{"name":"Beli potok","lines":"401a, 401N, 402","arr":["401a","401N","402"],"terminus":1,"mode":"bus","color":"#0059a9","colorDark":"#00294f","angle":163.3,"snapDist":2,"label":1}},{"type":"Feature","geometry":{"type":"Point","coordinates":[20.52405,44.70893]},"properties":{"name":"Glumačka","lines":"401a, 401N, 402","arr":["401a","401N","402"],"terminus":0,"mode":"bus","color":"#0059a9","colorDark":"#00294f","angle":167.8,"snapDist":4,"label":0}},{"type":"Feature","geometry":{"type":"Point","coordinates":[20.521894,44.708183]},"properties":{"name":"Braće Jakovljević","lines":"401a, 401N, 402","arr":["401a","401N","402"],"terminus":0,"mode":"bus","color":"#0059a9","colorDark":"#00294f","angle":341.9,"snapDist":6,"label":0}},{"type":"Feature","geometry":{"type":"Point","coordinates":[20.519061,44.705524]},"properties":{"name":"Beli potok /centar/","lines":"401a, 401N, 402, 406L","arr":["401a","401N","402","406L"],"terminus":0,"mode":"bus","color":"#0059a9","colorDark":"#00294f","angle":327.6,"snapDist":6,"label":0}},{"type":"Feature","geometry":{"type":"Point","coordinates":[20.514965,44.704333]},"properties":{"name":"Beli potok /ulaz/","lines":"401a, 401N, 402, 406L","arr":["401a","401N","402","406L"],"terminus":0,"mode":"bus","color":"#0059a9","colorDark":"#00294f","angle":-6.5,"snapDist":6,"label":0}},{"type":"Feature","geometry":{"type":"Point","coordinates":[20.511226,44.705027]},"properties":{"name":"OŠ Vasa Čarapić","lines":"401a, 401N, 402, 406L","arr":["401a","401N","402","406L"],"terminus":0,"mode":"bus","color":"#0059a9","colorDark":"#00294f","angle":87.7,"snapDist":4,"label":0}},{"type":"Feature","geometry":{"type":"Point","coordinates":[20.508978,44.706613]},"properties":{"name":"Put za Beli potok","lines":"401a, 401N, 402, 406L","arr":["401a","401N","402","406L"],"terminus":0,"mode":"bus","color":"#0059a9","colorDark":"#00294f","angle":229,"snapDist":6,"label":0}},{"type":"Feature","geometry":{"type":"Point","coordinates":[20.471231,44.806741]},"properties":{"name":"Pravni fakultet","lines":"401N","arr":["401N"],"terminus":0,"mode":"bus","color":"#0059a9","colorDark":"#00294f","angle":312.4,"snapDist":6,"label":0}},{"type":"Feature","geometry":{"type":"Point","coordinates":[20.484124,44.76104]},"properties":{"name":"Voždovac","lines":"401N","arr":["401N"],"terminus":0,"mode":"bus","color":"#0059a9","colorDark":"#00294f","angle":341.7,"snapDist":11,"label":0}},{"type":"Feature","geometry":{"type":"Point","coordinates":[20.484262,44.761611]},"properties":{"name":"Voždovac","lines":"401N","arr":["401N"],"terminus":0,"mode":"bus","color":"#0059a9","colorDark":"#00294f","angle":237.2,"snapDist":26,"label":0}},{"type":"Feature","geometry":{"type":"Point","coordinates":[20.526844,44.709263]},"properties":{"name":"Beli potok","lines":"402","arr":["402"],"terminus":1,"mode":"bus","color":"#0059a9","colorDark":"#00294f","angle":343.3,"snapDist":23,"label":0}},{"type":"Feature","geometry":{"type":"Point","coordinates":[20.483945,44.760881]},"properties":{"name":"Voždovac","lines":"403, 405, 406, 407, 408, 409","arr":["403","405","406","407","408","409"],"terminus":1,"mode":"bus","color":"#0059a9","colorDark":"#00294f","angle":233.1,"snapDist":7,"label":1}},{"type":"Feature","geometry":{"type":"Point","coordinates":[20.518123,44.680401]},"properties":{"name":"Šumareva kuća","lines":"403, 408","arr":["403","408"],"terminus":0,"mode":"bus","color":"#0059a9","colorDark":"#00294f","angle":196.7,"snapDist":7,"label":1}},{"type":"Feature","geometry":{"type":"Point","coordinates":[20.533407,44.680825]},"properties":{"name":"Put za Zuce","lines":"403","arr":["403"],"terminus":0,"mode":"bus","color":"#0059a9","colorDark":"#00294f","angle":181.6,"snapDist":2,"label":1}},{"type":"Feature","geometry":{"type":"Point","coordinates":[20.536794,44.681161]},"properties":{"name":"Karagačka","lines":"403","arr":["403"],"terminus":0,"mode":"bus","color":"#0059a9","colorDark":"#00294f","angle":136.8,"snapDist":0,"label":1}},{"type":"Feature","geometry":{"type":"Point","coordinates":[20.544809,44.68405]},"properties":{"name":"Kasarna /glavni ulaz/","lines":"403","arr":["403"],"terminus":0,"mode":"bus","color":"#0059a9","colorDark":"#00294f","angle":153.6,"snapDist":10,"label":1}},{"type":"Feature","geometry":{"type":"Point","coordinates":[20.547406,44.685402]},"properties":{"name":"Zuce (ulaz)","lines":"403","arr":["403"],"terminus":0,"mode":"bus","color":"#0059a9","colorDark":"#00294f","angle":125,"snapDist":5,"label":1}},{"type":"Feature","geometry":{"type":"Point","coordinates":[20.552557,44.690938]},"properties":{"name":"Zuce /prodavnica/","lines":"403","arr":["403"],"terminus":0,"mode":"bus","color":"#0059a9","colorDark":"#00294f","angle":109.8,"snapDist":5,"label":1}},{"type":"Feature","geometry":{"type":"Point","coordinates":[20.552791,44.694293]},"properties":{"name":"Zuce /ambulanta/","lines":"403","arr":["403"],"terminus":0,"mode":"bus","color":"#0059a9","colorDark":"#00294f","angle":104.8,"snapDist":4,"label":1}},{"type":"Feature","geometry":{"type":"Point","coordinates":[20.556794,44.698976]},"properties":{"name":"Zuce /centar/","lines":"403","arr":["403"],"terminus":0,"mode":"bus","color":"#0059a9","colorDark":"#00294f","angle":59.8,"snapDist":7,"label":1}},{"type":"Feature","geometry":{"type":"Point","coordinates":[20.552725,44.702113]},"properties":{"name":"Zuce /crkva/","lines":"403","arr":["403"],"terminus":0,"mode":"bus","color":"#0059a9","colorDark":"#00294f","angle":45.9,"snapDist":4,"label":1}},{"type":"Feature","geometry":{"type":"Point","coordinates":[20.54521,44.703443]},"properties":{"name":"Zuce /Brđani 1/","lines":"403","arr":["403"],"terminus":0,"mode":"bus","color":"#0059a9","colorDark":"#00294f","angle":314.5,"snapDist":5,"label":1}},{"type":"Feature","geometry":{"type":"Point","coordinates":[20.54207,44.699478]},"properties":{"name":"Zuce /Brđani 2/","lines":"403","arr":["403"],"terminus":0,"mode":"bus","color":"#0059a9","colorDark":"#00294f","angle":311.3,"snapDist":3,"label":1}},{"type":"Feature","geometry":{"type":"Point","coordinates":[20.540065,44.696947]},"properties":{"name":"Zuce","lines":"403","arr":["403"],"terminus":1,"mode":"bus","color":"#0059a9","colorDark":"#00294f","angle":312.6,"snapDist":4,"label":1}},{"type":"Feature","geometry":{"type":"Point","coordinates":[20.54228,44.699652]},"properties":{"name":"Zuce /Brđani 2/","lines":"403","arr":["403"],"terminus":0,"mode":"bus","color":"#0059a9","colorDark":"#00294f","angle":128.5,"snapDist":4,"label":0}},{"type":"Feature","geometry":{"type":"Point","coordinates":[20.545289,44.703501]},"properties":{"name":"Zuce /Brđani 1/","lines":"403","arr":["403"],"terminus":0,"mode":"bus","color":"#0059a9","colorDark":"#00294f","angle":134.5,"snapDist":5,"label":0}},{"type":"Feature","geometry":{"type":"Point","coordinates":[20.552851,44.702021]},"properties":{"name":"Zuce /crkva/","lines":"403","arr":["403"],"terminus":0,"mode":"bus","color":"#0059a9","colorDark":"#00294f","angle":225.8,"snapDist":2,"label":0}},{"type":"Feature","geometry":{"type":"Point","coordinates":[20.556944,44.698793]},"properties":{"name":"Zuce /centar/","lines":"403","arr":["403"],"terminus":0,"mode":"bus","color":"#0059a9","colorDark":"#00294f","angle":239.8,"snapDist":3,"label":0}},{"type":"Feature","geometry":{"type":"Point","coordinates":[20.552745,44.693968]},"properties":{"name":"Zuce /ambulanta/","lines":"403","arr":["403"],"terminus":0,"mode":"bus","color":"#0059a9","colorDark":"#00294f","angle":264.4,"snapDist":3,"label":0}},{"type":"Feature","geometry":{"type":"Point","coordinates":[20.552208,44.690406]},"properties":{"name":"Zuce /prodavnica/","lines":"403","arr":["403"],"terminus":0,"mode":"bus","color":"#0059a9","colorDark":"#00294f","angle":302.4,"snapDist":4,"label":0}},{"type":"Feature","geometry":{"type":"Point","coordinates":[20.547429,44.685425]},"properties":{"name":"Zuce (ulaz)","lines":"403","arr":["403"],"terminus":0,"mode":"bus","color":"#0059a9","colorDark":"#00294f","angle":305,"snapDist":5,"label":0}},{"type":"Feature","geometry":{"type":"Point","coordinates":[20.544484,44.683936]},"properties":{"name":"Kasarna /glavni ulaz/","lines":"403","arr":["403"],"terminus":0,"mode":"bus","color":"#0059a9","colorDark":"#00294f","angle":333.6,"snapDist":1,"label":0}},{"type":"Feature","geometry":{"type":"Point","coordinates":[20.535706,44.680648]},"properties":{"name":"Karagačka","lines":"403","arr":["403"],"terminus":0,"mode":"bus","color":"#0059a9","colorDark":"#00294f","angle":339.2,"snapDist":9,"label":0}},{"type":"Feature","geometry":{"type":"Point","coordinates":[20.533011,44.68083]},"properties":{"name":"Put za Zuce","lines":"403","arr":["403"],"terminus":0,"mode":"bus","color":"#0059a9","colorDark":"#00294f","angle":355.6,"snapDist":6,"label":0}},{"type":"Feature","geometry":{"type":"Point","coordinates":[20.51837,44.680358]},"properties":{"name":"Šumareva kuća","lines":"403, 408","arr":["403","408"],"terminus":0,"mode":"bus","color":"#0059a9","colorDark":"#00294f","angle":12.6,"snapDist":9,"label":0}},{"type":"Feature","geometry":{"type":"Point","coordinates":[20.474515,44.657537]},"properties":{"name":"Bela reka","lines":"404, 407, 407L","arr":["404","407","407L"],"terminus":1,"mode":"bus","color":"#0059a9","colorDark":"#00294f","angle":137.3,"snapDist":10,"label":1}},{"type":"Feature","geometry":{"type":"Point","coordinates":[20.480953,44.661064]},"properties":{"name":"Hajdučki Potok","lines":"404, 407, 407L","arr":["404","407","407L"],"terminus":0,"mode":"bus","color":"#0059a9","colorDark":"#00294f","angle":133.1,"snapDist":7,"label":1}},{"type":"Feature","geometry":{"type":"Point","coordinates":[20.485628,44.664167]},"properties":{"name":"Naselje Česma","lines":"404, 407, 407L","arr":["404","407","407L"],"terminus":0,"mode":"bus","color":"#0059a9","colorDark":"#00294f","angle":159.4,"snapDist":4,"label":1}},{"type":"Feature","geometry":{"type":"Point","coordinates":[20.488765,44.667345]},"properties":{"name":"Minel 2","lines":"404, 407, 407L","arr":["404","407","407L"],"terminus":0,"mode":"bus","color":"#0059a9","colorDark":"#00294f","angle":126.4,"snapDist":5,"label":1}},{"type":"Feature","geometry":{"type":"Point","coordinates":[20.492215,44.668585]},"properties":{"name":"Minel 3","lines":"404, 407, 407L","arr":["404","407","407L"],"terminus":0,"mode":"bus","color":"#0059a9","colorDark":"#00294f","angle":189.3,"snapDist":10,"label":1}},{"type":"Feature","geometry":{"type":"Point","coordinates":[20.498952,44.667217]},"properties":{"name":"OŠ Vojvoda Putnik","lines":"404, 407, 407L","arr":["404","407","407L"],"terminus":0,"mode":"bus","color":"#0059a9","colorDark":"#00294f","angle":220.2,"snapDist":5,"label":1}},{"type":"Feature","geometry":{"type":"Point","coordinates":[20.504395,44.666224]},"properties":{"name":"Kolonija","lines":"404, 405, 407L","arr":["404","405","407L"],"terminus":0,"mode":"bus","color":"#0059a9","colorDark":"#00294f","angle":195.5,"snapDist":3,"label":1}},{"type":"Feature","geometry":{"type":"Point","coordinates":[20.508275,44.661837]},"properties":{"name":"Železnička stanica Ripanj","lines":"404, 405, 407L","arr":["404","405","407L"],"terminus":0,"mode":"bus","color":"#0059a9","colorDark":"#00294f","angle":222.6,"snapDist":9,"label":1}},{"type":"Feature","geometry":{"type":"Point","coordinates":[20.511595,44.657794]},"properties":{"name":"Put za Milovanoviće","lines":"404, 405, 407L","arr":["404","405","407L"],"terminus":0,"mode":"bus","color":"#0059a9","colorDark":"#00294f","angle":261.2,"snapDist":7,"label":1}},{"type":"Feature","geometry":{"type":"Point","coordinates":[20.510746,44.652441]},"properties":{"name":"Timočki put (ulaz)","lines":"404, 405, 407L","arr":["404","405","407L"],"terminus":0,"mode":"bus","color":"#0059a9","colorDark":"#00294f","angle":300.6,"snapDist":4,"label":1}},{"type":"Feature","geometry":{"type":"Point","coordinates":[20.510358,44.649428]},"properties":{"name":"Rašin majdan","lines":"404, 405","arr":["404","405"],"terminus":0,"mode":"bus","color":"#0059a9","colorDark":"#00294f","angle":281.8,"snapDist":4,"label":1}},{"type":"Feature","geometry":{"type":"Point","coordinates":[20.514426,44.642995]},"properties":{"name":"Ripanj /brdo/","lines":"404, 405","arr":["404","405"],"terminus":0,"mode":"bus","color":"#0059a9","colorDark":"#00294f","angle":170,"snapDist":3,"label":1}},{"type":"Feature","geometry":{"type":"Point","coordinates":[20.520207,44.638909]},"properties":{"name":"Ripanj /centar/","lines":"404, 405","arr":["404","405"],"terminus":0,"mode":"bus","color":"#0059a9","colorDark":"#00294f","angle":208.8,"snapDist":4,"label":1}},{"type":"Feature","geometry":{"type":"Point","coordinates":[20.526784,44.635758]},"properties":{"name":"Put za Aluge","lines":"404","arr":["404"],"terminus":0,"mode":"bus","color":"#0059a9","colorDark":"#00294f","angle":200.3,"snapDist":3,"label":1}},{"type":"Feature","geometry":{"type":"Point","coordinates":[20.53573,44.636088]},"properties":{"name":"Pavićevac 1","lines":"404","arr":["404"],"terminus":0,"mode":"bus","color":"#0059a9","colorDark":"#00294f","angle":181.8,"snapDist":10,"label":1}},{"type":"Feature","geometry":{"type":"Point","coordinates":[20.540677,44.634192]},"properties":{"name":"Pavićevac 2","lines":"404","arr":["404"],"terminus":0,"mode":"bus","color":"#0059a9","colorDark":"#00294f","angle":177,"snapDist":3,"label":1}},{"type":"Feature","geometry":{"type":"Point","coordinates":[20.547251,44.633214]},"properties":{"name":"Pavićevac 3","lines":"404","arr":["404"],"terminus":0,"mode":"bus","color":"#0059a9","colorDark":"#00294f","angle":198,"snapDist":3,"label":1}},{"type":"Feature","geometry":{"type":"Point","coordinates":[20.554319,44.632268]},"properties":{"name":"Prnjavor /škola/","lines":"404, 408","arr":["404","408"],"terminus":0,"mode":"bus","color":"#0059a9","colorDark":"#00294f","angle":246.8,"snapDist":6,"label":1}},{"type":"Feature","geometry":{"type":"Point","coordinates":[20.555288,44.620603]},"properties":{"name":"Trešnja","lines":"404, 408","arr":["404","408"],"terminus":0,"mode":"bus","color":"#0059a9","colorDark":"#00294f","angle":291.3,"snapDist":4,"label":1}},{"type":"Feature","geometry":{"type":"Point","coordinates":[20.556473,44.614891]},"properties":{"name":"Avalski cvet","lines":"404, 408","arr":["404","408"],"terminus":0,"mode":"bus","color":"#0059a9","colorDark":"#00294f","angle":237.6,"snapDist":7,"label":1}},{"type":"Feature","geometry":{"type":"Point","coordinates":[20.555784,44.608664]},"properties":{"name":"Trešnja /okretnica/","lines":"404","arr":["404"],"terminus":1,"mode":"bus","color":"#0059a9","colorDark":"#00294f","angle":157.6,"snapDist":12,"label":1}},{"type":"Feature","geometry":{"type":"Point","coordinates":[20.556484,44.614878]},"properties":{"name":"Avalski cvet","lines":"404, 408","arr":["404","408"],"terminus":0,"mode":"bus","color":"#0059a9","colorDark":"#00294f","angle":57.6,"snapDist":9,"label":0}},{"type":"Feature","geometry":{"type":"Point","coordinates":[20.555454,44.620888]},"properties":{"name":"Trešnja","lines":"404, 408","arr":["404","408"],"terminus":0,"mode":"bus","color":"#0059a9","colorDark":"#00294f","angle":113,"snapDist":7,"label":0}},{"type":"Feature","geometry":{"type":"Point","coordinates":[20.553494,44.632845]},"properties":{"name":"Prnjavor /škola/","lines":"404","arr":["404"],"terminus":0,"mode":"bus","color":"#0059a9","colorDark":"#00294f","angle":13.7,"snapDist":9,"label":0}},{"type":"Feature","geometry":{"type":"Point","coordinates":[20.546312,44.633429]},"properties":{"name":"Pavićevac 3","lines":"404","arr":["404"],"terminus":0,"mode":"bus","color":"#0059a9","colorDark":"#00294f","angle":17.6,"snapDist":5,"label":0}},{"type":"Feature","geometry":{"type":"Point","coordinates":[20.540635,44.634191]},"properties":{"name":"Pavićevac 2","lines":"404","arr":["404"],"terminus":0,"mode":"bus","color":"#0059a9","colorDark":"#00294f","angle":357,"snapDist":6,"label":0}},{"type":"Feature","geometry":{"type":"Point","coordinates":[20.536014,44.636125]},"properties":{"name":"Pavićevac 1","lines":"404","arr":["404"],"terminus":0,"mode":"bus","color":"#0059a9","colorDark":"#00294f","angle":343.4,"snapDist":4,"label":0}},{"type":"Feature","geometry":{"type":"Point","coordinates":[20.525759,44.636166]},"properties":{"name":"Put za Aluge","lines":"404","arr":["404"],"terminus":0,"mode":"bus","color":"#0059a9","colorDark":"#00294f","angle":26.6,"snapDist":5,"label":0}},{"type":"Feature","geometry":{"type":"Point","coordinates":[20.52008,44.638959]},"properties":{"name":"Ripanj /centar/","lines":"404, 405","arr":["404","405"],"terminus":0,"mode":"bus","color":"#0059a9","colorDark":"#00294f","angle":32.5,"snapDist":8,"label":0}},{"type":"Feature","geometry":{"type":"Point","coordinates":[20.514339,44.642985]},"properties":{"name":"Ripanj /brdo/","lines":"404, 405","arr":["404","405"],"terminus":0,"mode":"bus","color":"#0059a9","colorDark":"#00294f","angle":350,"snapDist":9,"label":0}},{"type":"Feature","geometry":{"type":"Point","coordinates":[20.510291,44.6492]},"properties":{"name":"Rašin majdan","lines":"404, 405","arr":["404","405"],"terminus":0,"mode":"bus","color":"#0059a9","colorDark":"#00294f","angle":101.8,"snapDist":4,"label":0}},{"type":"Feature","geometry":{"type":"Point","coordinates":[20.511126,44.652962]},"properties":{"name":"Timočki put (ulaz)","lines":"404, 405, 407L","arr":["404","405","407L"],"terminus":0,"mode":"bus","color":"#0059a9","colorDark":"#00294f","angle":110.2,"snapDist":5,"label":0}},{"type":"Feature","geometry":{"type":"Point","coordinates":[20.511657,44.657552]},"properties":{"name":"Put za Milovanoviće","lines":"404, 405, 407L","arr":["404","405","407L"],"terminus":0,"mode":"bus","color":"#0059a9","colorDark":"#00294f","angle":74.7,"snapDist":6,"label":0}},{"type":"Feature","geometry":{"type":"Point","coordinates":[20.50781,44.66215]},"properties":{"name":"Železnička stanica Ripanj","lines":"404, 405, 407L","arr":["404","405","407L"],"terminus":0,"mode":"bus","color":"#0059a9","colorDark":"#00294f","angle":43.5,"snapDist":7,"label":0}},{"type":"Feature","geometry":{"type":"Point","coordinates":[20.504275,44.666247]},"properties":{"name":"Kolonija","lines":"404, 405, 407L","arr":["404","405","407L"],"terminus":0,"mode":"bus","color":"#0059a9","colorDark":"#00294f","angle":15.5,"snapDist":4,"label":0}},{"type":"Feature","geometry":{"type":"Point","coordinates":[20.498386,44.667548]},"properties":{"name":"OŠ Vojvoda Putnik","lines":"404, 407, 407L","arr":["404","407","407L"],"terminus":0,"mode":"bus","color":"#0059a9","colorDark":"#00294f","angle":38.4,"snapDist":6,"label":0}},{"type":"Feature","geometry":{"type":"Point","coordinates":[20.491796,44.668612]},"properties":{"name":"Minel 3","lines":"404, 407, 407L","arr":["404","407","407L"],"terminus":0,"mode":"bus","color":"#0059a9","colorDark":"#00294f","angle":2.6,"snapDist":3,"label":0}},{"type":"Feature","geometry":{"type":"Point","coordinates":[20.488415,44.666998]},"properties":{"name":"Minel 2","lines":"404, 407, 407L","arr":["404","407","407L"],"terminus":0,"mode":"bus","color":"#0059a9","colorDark":"#00294f","angle":301.3,"snapDist":7,"label":0}},{"type":"Feature","geometry":{"type":"Point","coordinates":[20.485201,44.664053]},"properties":{"name":"Naselje Česma","lines":"404, 407, 407L","arr":["404","407","407L"],"terminus":0,"mode":"bus","color":"#0059a9","colorDark":"#00294f","angle":339.4,"snapDist":3,"label":0}},{"type":"Feature","geometry":{"type":"Point","coordinates":[20.480461,44.660691]},"properties":{"name":"Hajdučki Potok","lines":"404, 407, 407L","arr":["404","407","407L"],"terminus":0,"mode":"bus","color":"#0059a9","colorDark":"#00294f","angle":313.2,"snapDist":4,"label":0}},{"type":"Feature","geometry":{"type":"Point","coordinates":[20.505786,44.679072]},"properties":{"name":"Sanatorijum","lines":"405, 407","arr":["405","407"],"terminus":0,"mode":"bus","color":"#0059a9","colorDark":"#00294f","angle":210.3,"snapDist":1,"label":1}},{"type":"Feature","geometry":{"type":"Point","coordinates":[20.503007,44.672665]},"properties":{"name":"Čaršija","lines":"405, 407","arr":["405","407"],"terminus":0,"mode":"bus","color":"#0059a9","colorDark":"#00294f","angle":287.3,"snapDist":4,"label":1}},{"type":"Feature","geometry":{"type":"Point","coordinates":[20.520996,44.631388]},"properties":{"name":"Brđani /Simići/","lines":"405, 534","arr":["405","534"],"terminus":0,"mode":"bus","color":"#0059a9","colorDark":"#00294f","angle":264,"snapDist":5,"label":1}},{"type":"Feature","geometry":{"type":"Point","coordinates":[20.521271,44.624518]},"properties":{"name":"Put za Žuti breg","lines":"405, 534","arr":["405","534"],"terminus":0,"mode":"bus","color":"#0059a9","colorDark":"#00294f","angle":274.5,"snapDist":2,"label":1}},{"type":"Feature","geometry":{"type":"Point","coordinates":[20.5189,44.621236]},"properties":{"name":"Put za Brest","lines":"405, 534","arr":["405","534"],"terminus":0,"mode":"bus","color":"#0059a9","colorDark":"#00294f","angle":322.1,"snapDist":3,"label":1}},{"type":"Feature","geometry":{"type":"Point","coordinates":[20.511813,44.619757]},"properties":{"name":"Brđani /škola/","lines":"405, 534","arr":["405","534"],"terminus":0,"mode":"bus","color":"#0059a9","colorDark":"#00294f","angle":353.1,"snapDist":7,"label":1}},{"type":"Feature","geometry":{"type":"Point","coordinates":[20.507298,44.61758]},"properties":{"name":"Put za Lukiće","lines":"405, 534","arr":["405","534"],"terminus":0,"mode":"bus","color":"#0059a9","colorDark":"#00294f","angle":311.4,"snapDist":5,"label":1}},{"type":"Feature","geometry":{"type":"Point","coordinates":[20.501225,44.616582]},"properties":{"name":"Ripanj /Brđani/","lines":"405, 534","arr":["405","534"],"terminus":0,"mode":"bus","color":"#0059a9","colorDark":"#00294f","angle":332,"snapDist":5,"label":1}},{"type":"Feature","geometry":{"type":"Point","coordinates":[20.494103,44.615328]},"properties":{"name":"Draženovac 1","lines":"405, 534","arr":["405","534"],"terminus":0,"mode":"bus","color":"#0059a9","colorDark":"#00294f","angle":16.4,"snapDist":7,"label":1}},{"type":"Feature","geometry":{"type":"Point","coordinates":[20.482072,44.616929]},"properties":{"name":"Draženovac 2","lines":"405, 534","arr":["405","534"],"terminus":0,"mode":"bus","color":"#0059a9","colorDark":"#00294f","angle":10.7,"snapDist":6,"label":1}},{"type":"Feature","geometry":{"type":"Point","coordinates":[20.476145,44.621502]},"properties":{"name":"Draženovac 3","lines":"405, 534","arr":["405","534"],"terminus":0,"mode":"bus","color":"#0059a9","colorDark":"#00294f","angle":26.5,"snapDist":5,"label":1}},{"type":"Feature","geometry":{"type":"Point","coordinates":[20.469229,44.622965]},"properties":{"name":"Draženovac","lines":"405, 534","arr":["405","534"],"terminus":0,"mode":"bus","color":"#0059a9","colorDark":"#00294f","angle":29.9,"snapDist":4,"label":1}},{"type":"Feature","geometry":{"type":"Point","coordinates":[20.4661,44.618262]},"properties":{"name":"Glumčevo brdo /Gorčinac/","lines":"405","arr":["405"],"terminus":0,"mode":"bus","color":"#0059a9","colorDark":"#00294f","angle":280.3,"snapDist":5,"label":1}},{"type":"Feature","geometry":{"type":"Point","coordinates":[20.461198,44.61784]},"properties":{"name":"Glumčevo brdo 1","lines":"405","arr":["405"],"terminus":0,"mode":"bus","color":"#0059a9","colorDark":"#00294f","angle":275.9,"snapDist":6,"label":1}},{"type":"Feature","geometry":{"type":"Point","coordinates":[20.45504,44.615207]},"properties":{"name":"Glumčevo brdo","lines":"405, 405L","arr":["405","405L"],"terminus":1,"mode":"bus","color":"#0059a9","colorDark":"#00294f","angle":176.3,"snapDist":11,"label":1}},{"type":"Feature","geometry":{"type":"Point","coordinates":[20.461125,44.617596]},"properties":{"name":"Glumčevo brdo 1","lines":"405, 405L","arr":["405","405L"],"terminus":0,"mode":"bus","color":"#0059a9","colorDark":"#00294f","angle":115.2,"snapDist":5,"label":0}},{"type":"Feature","geometry":{"type":"Point","coordinates":[20.466087,44.618217]},"properties":{"name":"Glumčevo brdo /Gorčinac/","lines":"405, 405L","arr":["405","405L"],"terminus":0,"mode":"bus","color":"#0059a9","colorDark":"#00294f","angle":102,"snapDist":3,"label":0}},{"type":"Feature","geometry":{"type":"Point","coordinates":[20.469735,44.622758]},"properties":{"name":"Draženovac","lines":"405, 534","arr":["405","534"],"terminus":0,"mode":"bus","color":"#0059a9","colorDark":"#00294f","angle":209.9,"snapDist":4,"label":0}},{"type":"Feature","geometry":{"type":"Point","coordinates":[20.476095,44.621519]},"properties":{"name":"Draženovac 3","lines":"405, 534","arr":["405","534"],"terminus":0,"mode":"bus","color":"#0059a9","colorDark":"#00294f","angle":205.2,"snapDist":9,"label":0}},{"type":"Feature","geometry":{"type":"Point","coordinates":[20.482371,44.616893]},"properties":{"name":"Draženovac 2","lines":"405, 534","arr":["405","534"],"terminus":0,"mode":"bus","color":"#0059a9","colorDark":"#00294f","angle":186.9,"snapDist":2,"label":0}},{"type":"Feature","geometry":{"type":"Point","coordinates":[20.493789,44.615394]},"properties":{"name":"Draženovac 1","lines":"405, 534","arr":["405","534"],"terminus":0,"mode":"bus","color":"#0059a9","colorDark":"#00294f","angle":198,"snapDist":4,"label":0}},{"type":"Feature","geometry":{"type":"Point","coordinates":[20.501746,44.616718]},"properties":{"name":"Ripanj /Brđani/","lines":"405, 534","arr":["405","534"],"terminus":0,"mode":"bus","color":"#0059a9","colorDark":"#00294f","angle":172,"snapDist":2,"label":0}},{"type":"Feature","geometry":{"type":"Point","coordinates":[20.506399,44.616964]},"properties":{"name":"Put za Lukiće","lines":"405, 534","arr":["405","534"],"terminus":0,"mode":"bus","color":"#0059a9","colorDark":"#00294f","angle":148.2,"snapDist":5,"label":0}},{"type":"Feature","geometry":{"type":"Point","coordinates":[20.512179,44.619811]},"properties":{"name":"Brđani /škola/","lines":"405, 534","arr":["405","534"],"terminus":0,"mode":"bus","color":"#0059a9","colorDark":"#00294f","angle":163.9,"snapDist":3,"label":0}},{"type":"Feature","geometry":{"type":"Point","coordinates":[20.519333,44.621475]},"properties":{"name":"Put za Brest","lines":"405, 534","arr":["405","534"],"terminus":0,"mode":"bus","color":"#0059a9","colorDark":"#00294f","angle":142.1,"snapDist":4,"label":0}},{"type":"Feature","geometry":{"type":"Point","coordinates":[20.521246,44.624334]},"properties":{"name":"Put za Žuti breg","lines":"405, 534","arr":["405","534"],"terminus":0,"mode":"bus","color":"#0059a9","colorDark":"#00294f","angle":97.9,"snapDist":5,"label":0}},{"type":"Feature","geometry":{"type":"Point","coordinates":[20.521005,44.631322]},"properties":{"name":"Brđani /Simići/","lines":"405, 534","arr":["405","534"],"terminus":0,"mode":"bus","color":"#0059a9","colorDark":"#00294f","angle":84,"snapDist":7,"label":0}},{"type":"Feature","geometry":{"type":"Point","coordinates":[20.503189,44.67308]},"properties":{"name":"Čaršija","lines":"405, 407","arr":["405","407"],"terminus":0,"mode":"bus","color":"#0059a9","colorDark":"#00294f","angle":107.3,"snapDist":5,"label":0}},{"type":"Feature","geometry":{"type":"Point","coordinates":[20.505585,44.67916]},"properties":{"name":"Sanatorijum","lines":"405, 407","arr":["405","407"],"terminus":0,"mode":"bus","color":"#0059a9","colorDark":"#00294f","angle":32.5,"snapDist":8,"label":0}},{"type":"Feature","geometry":{"type":"Point","coordinates":[20.468669,44.623184]},"properties":{"name":"Brđanska","lines":"405L","arr":["405L"],"terminus":0,"mode":"bus","color":"#0059a9","colorDark":"#00294f","angle":103.4,"snapDist":5,"label":1}},{"type":"Feature","geometry":{"type":"Point","coordinates":[20.46513,44.624725]},"properties":{"name":"Nenadovac 1","lines":"405L","arr":["405L"],"terminus":0,"mode":"bus","color":"#0059a9","colorDark":"#00294f","angle":10.8,"snapDist":4,"label":1}},{"type":"Feature","geometry":{"type":"Point","coordinates":[20.458267,44.625136]},"properties":{"name":"Branislava Jovanovića","lines":"405L","arr":["405L"],"terminus":0,"mode":"bus","color":"#0059a9","colorDark":"#00294f","angle":317.5,"snapDist":0,"label":1}},{"type":"Feature","geometry":{"type":"Point","coordinates":[20.454352,44.62289]},"properties":{"name":"Nenadovac 2","lines":"405L","arr":["405L"],"terminus":0,"mode":"bus","color":"#0059a9","colorDark":"#00294f","angle":355.1,"snapDist":5,"label":1}},{"type":"Feature","geometry":{"type":"Point","coordinates":[20.450431,44.621586]},"properties":{"name":"Nenadovac 3","lines":"405L","arr":["405L"],"terminus":0,"mode":"bus","color":"#0059a9","colorDark":"#00294f","angle":348.8,"snapDist":1,"label":1}},{"type":"Feature","geometry":{"type":"Point","coordinates":[20.44393,44.620679]},"properties":{"name":"Nenadovac 4","lines":"405L","arr":["405L"],"terminus":0,"mode":"bus","color":"#0059a9","colorDark":"#00294f","angle":310.7,"snapDist":4,"label":1}},{"type":"Feature","geometry":{"type":"Point","coordinates":[20.437908,44.615694]},"properties":{"name":"Nenadovac 5","lines":"405L","arr":["405L"],"terminus":0,"mode":"bus","color":"#0059a9","colorDark":"#00294f","angle":308.6,"snapDist":1,"label":1}},{"type":"Feature","geometry":{"type":"Point","coordinates":[20.433986,44.612146]},"properties":{"name":"Nenadovac 6","lines":"405L","arr":["405L"],"terminus":0,"mode":"bus","color":"#0059a9","colorDark":"#00294f","angle":325.7,"snapDist":4,"label":1}},{"type":"Feature","geometry":{"type":"Point","coordinates":[20.430622,44.609653]},"properties":{"name":"Nenadovac","lines":"405L","arr":["405L"],"terminus":0,"mode":"bus","color":"#0059a9","colorDark":"#00294f","angle":239.4,"snapDist":11,"label":1}},{"type":"Feature","geometry":{"type":"Point","coordinates":[20.430629,44.600884]},"properties":{"name":"Taborište","lines":"405L","arr":["405L"],"terminus":0,"mode":"bus","color":"#0059a9","colorDark":"#00294f","angle":270.5,"snapDist":1,"label":1}},{"type":"Feature","geometry":{"type":"Point","coordinates":[20.429625,44.596968]},"properties":{"name":"Miodraga Vukovića","lines":"405L","arr":["405L"],"terminus":0,"mode":"bus","color":"#0059a9","colorDark":"#00294f","angle":281.1,"snapDist":3,"label":1}},{"type":"Feature","geometry":{"type":"Point","coordinates":[20.428763,44.59114]},"properties":{"name":"Srednji kraj","lines":"405L","arr":["405L"],"terminus":0,"mode":"bus","color":"#0059a9","colorDark":"#00294f","angle":268.3,"snapDist":5,"label":1}},{"type":"Feature","geometry":{"type":"Point","coordinates":[20.428757,44.58889]},"properties":{"name":"Karaula","lines":"405L","arr":["405L"],"terminus":0,"mode":"bus","color":"#0059a9","colorDark":"#00294f","angle":280.7,"snapDist":4,"label":1}},{"type":"Feature","geometry":{"type":"Point","coordinates":[20.422608,44.582517]},"properties":{"name":"Barajevo (Miodraga Vukovića)","lines":"405L","arr":["405L"],"terminus":0,"mode":"bus","color":"#0059a9","colorDark":"#00294f","angle":316.3,"snapDist":2,"label":1}},{"type":"Feature","geometry":{"type":"Point","coordinates":[20.415207,44.577958]},"properties":{"name":"Barajevo - Centar","lines":"405L","arr":["405L"],"terminus":0,"mode":"bus","color":"#0059a9","colorDark":"#00294f","angle":341.7,"snapDist":5,"label":1}},{"type":"Feature","geometry":{"type":"Point","coordinates":[20.413433,44.579769]},"properties":{"name":"Barajevo AS","lines":"405L","arr":["405L"],"terminus":0,"mode":"bus","color":"#0059a9","colorDark":"#00294f","angle":-55.6,"snapDist":21,"label":1}},{"type":"Feature","geometry":{"type":"Point","coordinates":[20.415594,44.578045]},"properties":{"name":"Barajevo - Centar","lines":"405L","arr":["405L"],"terminus":0,"mode":"bus","color":"#0059a9","colorDark":"#00294f","angle":165,"snapDist":5,"label":0}},{"type":"Feature","geometry":{"type":"Point","coordinates":[20.422366,44.582333]},"properties":{"name":"Barajevo (Miodraga Vukovića)","lines":"405L","arr":["405L"],"terminus":0,"mode":"bus","color":"#0059a9","colorDark":"#00294f","angle":311.7,"snapDist":4,"label":0}},{"type":"Feature","geometry":{"type":"Point","coordinates":[20.428683,44.588648]},"properties":{"name":"Karaula R","lines":"405L","arr":["405L"],"terminus":0,"mode":"bus","color":"#0059a9","colorDark":"#00294f","angle":288.3,"snapDist":4,"label":1}},{"type":"Feature","geometry":{"type":"Point","coordinates":[20.42881,44.591919]},"properties":{"name":"Srednji kraj","lines":"405L","arr":["405L"],"terminus":0,"mode":"bus","color":"#0059a9","colorDark":"#00294f","angle":261.3,"snapDist":1,"label":0}},{"type":"Feature","geometry":{"type":"Point","coordinates":[20.429844,44.597257]},"properties":{"name":"Miodraga Vukovića","lines":"405L","arr":["405L"],"terminus":0,"mode":"bus","color":"#0059a9","colorDark":"#00294f","angle":123.1,"snapDist":3,"label":0}},{"type":"Feature","geometry":{"type":"Point","coordinates":[20.431177,44.601469]},"properties":{"name":"Taborište","lines":"405L","arr":["405L"],"terminus":0,"mode":"bus","color":"#0059a9","colorDark":"#00294f","angle":107.1,"snapDist":3,"label":0}},{"type":"Feature","geometry":{"type":"Point","coordinates":[20.433948,44.604792]},"properties":{"name":"Glumčevo brdo 2","lines":"405L","arr":["405L"],"terminus":0,"mode":"bus","color":"#0059a9","colorDark":"#00294f","angle":114.7,"snapDist":6,"label":1}},{"type":"Feature","geometry":{"type":"Point","coordinates":[20.440203,44.608642]},"properties":{"name":"Glumčevo brdo 3","lines":"405L","arr":["405L"],"terminus":0,"mode":"bus","color":"#0059a9","colorDark":"#00294f","angle":145.7,"snapDist":4,"label":1}},{"type":"Feature","geometry":{"type":"Point","coordinates":[20.444388,44.611423]},"properties":{"name":"Stevančevića kraj","lines":"405L","arr":["405L"],"terminus":0,"mode":"bus","color":"#0059a9","colorDark":"#00294f","angle":123.5,"snapDist":4,"label":1}},{"type":"Feature","geometry":{"type":"Point","coordinates":[20.447158,44.613934]},"properties":{"name":"Glumčevo brdo /škola/","lines":"405L","arr":["405L"],"terminus":0,"mode":"bus","color":"#0059a9","colorDark":"#00294f","angle":140,"snapDist":6,"label":1}},{"type":"Feature","geometry":{"type":"Point","coordinates":[20.504006,44.702158]},"properties":{"name":"Pošta","lines":"406","arr":["406"],"terminus":0,"mode":"bus","color":"#0059a9","colorDark":"#00294f","angle":9,"snapDist":4,"label":0}},{"type":"Feature","geometry":{"type":"Point","coordinates":[20.49957,44.702293]},"properties":{"name":"1. Nova","lines":"406","arr":["406"],"terminus":0,"mode":"bus","color":"#0059a9","colorDark":"#00294f","angle":357,"snapDist":5,"label":1}},{"type":"Feature","geometry":{"type":"Point","coordinates":[20.495481,44.703348]},"properties":{"name":"6. Nova","lines":"406","arr":["406"],"terminus":0,"mode":"bus","color":"#0059a9","colorDark":"#00294f","angle":20.4,"snapDist":7,"label":1}},{"type":"Feature","geometry":{"type":"Point","coordinates":[20.490872,44.704443]},"properties":{"name":"Institut Jaroslav Černi","lines":"406","arr":["406"],"terminus":1,"mode":"bus","color":"#0059a9","colorDark":"#00294f","angle":7.4,"snapDist":2,"label":1}},{"type":"Feature","geometry":{"type":"Point","coordinates":[20.496338,44.703106]},"properties":{"name":"6. Nova","lines":"406","arr":["406"],"terminus":0,"mode":"bus","color":"#0059a9","colorDark":"#00294f","angle":203.4,"snapDist":3,"label":0}},{"type":"Feature","geometry":{"type":"Point","coordinates":[20.500625,44.702335]},"properties":{"name":"1. Nova","lines":"406","arr":["406"],"terminus":0,"mode":"bus","color":"#0059a9","colorDark":"#00294f","angle":176.7,"snapDist":4,"label":0}},{"type":"Feature","geometry":{"type":"Point","coordinates":[20.504574,44.702096]},"properties":{"name":"Pošta","lines":"406","arr":["406"],"terminus":0,"mode":"bus","color":"#0059a9","colorDark":"#00294f","angle":187.9,"snapDist":5,"label":0}},{"type":"Feature","geometry":{"type":"Point","coordinates":[20.483914,44.76091]},"properties":{"name":"Voždovac","lines":"406L, 409, 503","arr":["406L","409","503"],"terminus":1,"mode":"bus","color":"#0059a9","colorDark":"#00294f","angle":233.1,"snapDist":3,"label":0}},{"type":"Feature","geometry":{"type":"Point","coordinates":[20.51128,44.739187]},"properties":{"name":"Zemljoradnička (ulaz)","lines":"406L","arr":["406L"],"terminus":0,"mode":"bus","color":"#0059a9","colorDark":"#00294f","angle":200.1,"snapDist":3,"label":1}},{"type":"Feature","geometry":{"type":"Point","coordinates":[20.513394,44.738173]},"properties":{"name":"Petrovdanska","lines":"406L","arr":["406L"],"terminus":0,"mode":"bus","color":"#0059a9","colorDark":"#00294f","angle":256.4,"snapDist":2,"label":1}},{"type":"Feature","geometry":{"type":"Point","coordinates":[20.513095,44.736834]},"properties":{"name":"Đurđevdanska","lines":"406L","arr":["406L"],"terminus":0,"mode":"bus","color":"#0059a9","colorDark":"#00294f","angle":274.5,"snapDist":3,"label":1}},{"type":"Feature","geometry":{"type":"Point","coordinates":[20.510916,44.733672]},"properties":{"name":"Zabran Torlak","lines":"406L","arr":["406L"],"terminus":0,"mode":"bus","color":"#0059a9","colorDark":"#00294f","angle":293.3,"snapDist":2,"label":1}},{"type":"Feature","geometry":{"type":"Point","coordinates":[20.51134,44.730908]},"properties":{"name":"Zemljoradnička (Put za deponiju)","lines":"406L","arr":["406L"],"terminus":0,"mode":"bus","color":"#0059a9","colorDark":"#00294f","angle":256.6,"snapDist":2,"label":1}},{"type":"Feature","geometry":{"type":"Point","coordinates":[20.507803,44.724941]},"properties":{"name":"Rakovica selo (Gornji kraj)","lines":"406L","arr":["406L"],"terminus":0,"mode":"bus","color":"#0059a9","colorDark":"#00294f","angle":249.8,"snapDist":1,"label":1}},{"type":"Feature","geometry":{"type":"Point","coordinates":[20.50515,44.722853]},"properties":{"name":"Zemljoradnička (izlaz) - Osečinska","lines":"406L","arr":["406L"],"terminus":0,"mode":"bus","color":"#0059a9","colorDark":"#00294f","angle":251.3,"snapDist":3,"label":1}},{"type":"Feature","geometry":{"type":"Point","coordinates":[20.518392,44.707398]},"properties":{"name":"Saveza boraca 1","lines":"406L","arr":["406L"],"terminus":0,"mode":"bus","color":"#0059a9","colorDark":"#00294f","angle":47.5,"snapDist":10,"label":1}},{"type":"Feature","geometry":{"type":"Point","coordinates":[20.518491,44.70952]},"properties":{"name":"Pošta","lines":"406L","arr":["406L"],"terminus":0,"mode":"bus","color":"#0059a9","colorDark":"#00294f","angle":144.3,"snapDist":5,"label":1}},{"type":"Feature","geometry":{"type":"Point","coordinates":[20.518529,44.711377]},"properties":{"name":"Saveza boraca","lines":"406L","arr":["406L"],"terminus":0,"mode":"bus","color":"#0059a9","colorDark":"#00294f","angle":87.9,"snapDist":3,"label":1}},{"type":"Feature","geometry":{"type":"Point","coordinates":[20.518276,44.712683]},"properties":{"name":"Beli potok /naselje Kolonija/","lines":"406L","arr":["406L"],"terminus":0,"mode":"bus","color":"#0059a9","colorDark":"#00294f","angle":85.6,"snapDist":2,"label":1}},{"type":"Feature","geometry":{"type":"Point","coordinates":[20.519764,44.711887]},"properties":{"name":"Beli potok (Igralište)","lines":"406L","arr":["406L"],"terminus":1,"mode":"bus","color":"#0059a9","colorDark":"#00294f","angle":88.4,"snapDist":1,"label":1}},{"type":"Feature","geometry":{"type":"Point","coordinates":[20.518292,44.712533]},"properties":{"name":"Beli potok /naselje Kolonija/","lines":"406L","arr":["406L"],"terminus":0,"mode":"bus","color":"#0059a9","colorDark":"#00294f","angle":265.6,"snapDist":2,"label":0}},{"type":"Feature","geometry":{"type":"Point","coordinates":[20.518532,44.711315]},"properties":{"name":"Saveza boraca","lines":"406L","arr":["406L"],"terminus":0,"mode":"bus","color":"#0059a9","colorDark":"#00294f","angle":267.9,"snapDist":8,"label":0}},{"type":"Feature","geometry":{"type":"Point","coordinates":[20.518209,44.709387]},"properties":{"name":"Pošta","lines":"406L","arr":["406L"],"terminus":0,"mode":"bus","color":"#0059a9","colorDark":"#00294f","angle":326.9,"snapDist":4,"label":0}},{"type":"Feature","geometry":{"type":"Point","coordinates":[20.518177,44.707631]},"properties":{"name":"Saveza boraca 1","lines":"406L","arr":["406L"],"terminus":0,"mode":"bus","color":"#0059a9","colorDark":"#00294f","angle":249.2,"snapDist":3,"label":0}},{"type":"Feature","geometry":{"type":"Point","coordinates":[20.504393,44.719275]},"properties":{"name":"Kružni put","lines":"406L","arr":["406L"],"terminus":0,"mode":"bus","color":"#0059a9","colorDark":"#00294f","angle":105.8,"snapDist":4,"label":0}},{"type":"Feature","geometry":{"type":"Point","coordinates":[20.504924,44.723294]},"properties":{"name":"Zemljoradnička (izlaz) - Osečinska","lines":"406L","arr":["406L"],"terminus":0,"mode":"bus","color":"#0059a9","colorDark":"#00294f","angle":70,"snapDist":5,"label":0}},{"type":"Feature","geometry":{"type":"Point","coordinates":[20.507521,44.725506]},"properties":{"name":"Rakovica selo (Gornji kraj)","lines":"406L","arr":["406L"],"terminus":0,"mode":"bus","color":"#0059a9","colorDark":"#00294f","angle":70.8,"snapDist":7,"label":0}},{"type":"Feature","geometry":{"type":"Point","coordinates":[20.511169,44.731411]},"properties":{"name":"Zemljoradnička (Put za deponiju)","lines":"406L","arr":["406L"],"terminus":0,"mode":"bus","color":"#0059a9","colorDark":"#00294f","angle":75.6,"snapDist":6,"label":0}},{"type":"Feature","geometry":{"type":"Point","coordinates":[20.511194,44.734111]},"properties":{"name":"Zabran Torlak","lines":"406L","arr":["406L"],"terminus":0,"mode":"bus","color":"#0059a9","colorDark":"#00294f","angle":114.9,"snapDist":4,"label":0}},{"type":"Feature","geometry":{"type":"Point","coordinates":[20.513076,44.736644]},"properties":{"name":"Đurđevdanska","lines":"406L","arr":["406L"],"terminus":0,"mode":"bus","color":"#0059a9","colorDark":"#00294f","angle":93.6,"snapDist":5,"label":0}},{"type":"Feature","geometry":{"type":"Point","coordinates":[20.513418,44.738083]},"properties":{"name":"Petrovdanska","lines":"406L","arr":["406L"],"terminus":0,"mode":"bus","color":"#0059a9","colorDark":"#00294f","angle":84.5,"snapDist":7,"label":0}},{"type":"Feature","geometry":{"type":"Point","coordinates":[20.510456,44.739361]},"properties":{"name":"Zemljoradnička (ulaz)","lines":"406L","arr":["406L"],"terminus":0,"mode":"bus","color":"#0059a9","colorDark":"#00294f","angle":11.1,"snapDist":6,"label":0}},{"type":"Feature","geometry":{"type":"Point","coordinates":[20.503769,44.666161]},"properties":{"name":"Kolonija","lines":"407","arr":["407"],"terminus":0,"mode":"bus","color":"#0059a9","colorDark":"#00294f","angle":325.3,"snapDist":0,"label":0}},{"type":"Feature","geometry":{"type":"Point","coordinates":[20.503754,44.666153]},"properties":{"name":"Kolonija","lines":"407","arr":["407"],"terminus":0,"mode":"bus","color":"#0059a9","colorDark":"#00294f","angle":145.3,"snapDist":6,"label":0}},{"type":"Feature","geometry":{"type":"Point","coordinates":[20.507255,44.649782]},"properties":{"name":"Timočki put 1.deo","lines":"407L","arr":["407L"],"terminus":0,"mode":"bus","color":"#0059a9","colorDark":"#00294f","angle":304.2,"snapDist":6,"label":1}},{"type":"Feature","geometry":{"type":"Point","coordinates":[20.505423,44.648425]},"properties":{"name":"Timočki put 2. deo","lines":"407L","arr":["407L"],"terminus":0,"mode":"bus","color":"#0059a9","colorDark":"#00294f","angle":292.1,"snapDist":3,"label":1}},{"type":"Feature","geometry":{"type":"Point","coordinates":[20.497481,44.647816]},"properties":{"name":"Livadice","lines":"407L","arr":["407L"],"terminus":0,"mode":"bus","color":"#0059a9","colorDark":"#00294f","angle":350.5,"snapDist":4,"label":1}},{"type":"Feature","geometry":{"type":"Point","coordinates":[20.494232,44.648042]},"properties":{"name":"Timočki put (srednji deo)","lines":"407L","arr":["407L"],"terminus":0,"mode":"bus","color":"#0059a9","colorDark":"#00294f","angle":295.6,"snapDist":5,"label":1}},{"type":"Feature","geometry":{"type":"Point","coordinates":[20.493141,44.644325]},"properties":{"name":"Oklisak - trafo","lines":"407L","arr":["407L"],"terminus":0,"mode":"bus","color":"#0059a9","colorDark":"#00294f","angle":310.2,"snapDist":4,"label":1}},{"type":"Feature","geometry":{"type":"Point","coordinates":[20.487692,44.641363]},"properties":{"name":"Palanački potok","lines":"407L","arr":["407L"],"terminus":0,"mode":"bus","color":"#0059a9","colorDark":"#00294f","angle":303.9,"snapDist":4,"label":1}},{"type":"Feature","geometry":{"type":"Point","coordinates":[20.472532,44.637674]},"properties":{"name":"Put za Zabran","lines":"407L","arr":["407L"],"terminus":0,"mode":"bus","color":"#0059a9","colorDark":"#00294f","angle":348.1,"snapDist":0,"label":1}},{"type":"Feature","geometry":{"type":"Point","coordinates":[20.465673,44.636243]},"properties":{"name":"Timočki put (izlaz)","lines":"407L","arr":["407L"],"terminus":0,"mode":"bus","color":"#0059a9","colorDark":"#00294f","angle":6.8,"snapDist":3,"label":1}},{"type":"Feature","geometry":{"type":"Point","coordinates":[20.46184,44.635022]},"properties":{"name":"Timočki put","lines":"407L","arr":["407L"],"terminus":0,"mode":"bus","color":"#0059a9","colorDark":"#00294f","angle":325.8,"snapDist":3,"label":1}},{"type":"Feature","geometry":{"type":"Point","coordinates":[20.457225,44.638265]},"properties":{"name":"Drenjak","lines":"407L, 534","arr":["407L","534"],"terminus":0,"mode":"bus","color":"#0059a9","colorDark":"#00294f","angle":55.6,"snapDist":4,"label":1}},{"type":"Feature","geometry":{"type":"Point","coordinates":[20.453371,44.64433]},"properties":{"name":"Lipovački put 4 deo","lines":"407L, 534","arr":["407L","534"],"terminus":0,"mode":"bus","color":"#0059a9","colorDark":"#00294f","angle":71.3,"snapDist":5,"label":1}},{"type":"Feature","geometry":{"type":"Point","coordinates":[20.445833,44.64445]},"properties":{"name":"Stara Lipovica","lines":"407L, 534","arr":["407L","534"],"terminus":0,"mode":"bus","color":"#0059a9","colorDark":"#00294f","angle":351.7,"snapDist":2,"label":1}},{"type":"Feature","geometry":{"type":"Point","coordinates":[20.441739,44.641535]},"properties":{"name":"Petkovići raskrsnica","lines":"407L","arr":["407L"],"terminus":0,"mode":"bus","color":"#0059a9","colorDark":"#00294f","angle":153.3,"snapDist":4,"label":1}},{"type":"Feature","geometry":{"type":"Point","coordinates":[20.437868,44.636999]},"properties":{"name":"Brzačka","lines":"407L","arr":["407L"],"terminus":0,"mode":"bus","color":"#0059a9","colorDark":"#00294f","angle":-60.9,"snapDist":6,"label":1}},{"type":"Feature","geometry":{"type":"Point","coordinates":[20.434922,44.632892]},"properties":{"name":"Petkovići - Trafo","lines":"407L","arr":["407L"],"terminus":0,"mode":"bus","color":"#0059a9","colorDark":"#00294f","angle":291.6,"snapDist":7,"label":1}},{"type":"Feature","geometry":{"type":"Point","coordinates":[20.429318,44.626504]},"properties":{"name":"Simić - R","lines":"407L","arr":["407L"],"terminus":0,"mode":"bus","color":"#0059a9","colorDark":"#00294f","angle":79.4,"snapDist":4,"label":1}},{"type":"Feature","geometry":{"type":"Point","coordinates":[20.429399,44.621108]},"properties":{"name":"Kuzmanovići R","lines":"407L","arr":["407L"],"terminus":0,"mode":"bus","color":"#0059a9","colorDark":"#00294f","angle":269.2,"snapDist":5,"label":1}},{"type":"Feature","geometry":{"type":"Point","coordinates":[20.430141,44.616612]},"properties":{"name":"Manastir","lines":"407L","arr":["407L"],"terminus":0,"mode":"bus","color":"#0059a9","colorDark":"#00294f","angle":232.8,"snapDist":2,"label":1}},{"type":"Feature","geometry":{"type":"Point","coordinates":[20.430725,44.613957]},"properties":{"name":"Stara lipovica - Okretnica","lines":"407L","arr":["407L"],"terminus":0,"mode":"bus","color":"#0059a9","colorDark":"#00294f","angle":277.6,"snapDist":4,"label":1}},{"type":"Feature","geometry":{"type":"Point","coordinates":[20.430588,44.616209]},"properties":{"name":"Manastir","lines":"407L","arr":["407L"],"terminus":0,"mode":"bus","color":"#0059a9","colorDark":"#00294f","angle":52.3,"snapDist":2,"label":0}},{"type":"Feature","geometry":{"type":"Point","coordinates":[20.429397,44.621213]},"properties":{"name":"Kuzmanovići R","lines":"407L","arr":["407L"],"terminus":0,"mode":"bus","color":"#0059a9","colorDark":"#00294f","angle":89.2,"snapDist":4,"label":0}},{"type":"Feature","geometry":{"type":"Point","coordinates":[20.429302,44.626717]},"properties":{"name":"Simić - R","lines":"407L","arr":["407L"],"terminus":0,"mode":"bus","color":"#0059a9","colorDark":"#00294f","angle":278.1,"snapDist":3,"label":0}},{"type":"Feature","geometry":{"type":"Point","coordinates":[20.434986,44.633006]},"properties":{"name":"Petkovići - Trafo","lines":"407L","arr":["407L"],"terminus":0,"mode":"bus","color":"#0059a9","colorDark":"#00294f","angle":111.6,"snapDist":4,"label":0}},{"type":"Feature","geometry":{"type":"Point","coordinates":[20.437938,44.637089]},"properties":{"name":"Brzačka","lines":"407L","arr":["407L"],"terminus":0,"mode":"bus","color":"#0059a9","colorDark":"#00294f","angle":299.1,"snapDist":1,"label":0}},{"type":"Feature","geometry":{"type":"Point","coordinates":[20.441575,44.64147]},"properties":{"name":"Petkovići raskrsnica","lines":"407L","arr":["407L"],"terminus":0,"mode":"bus","color":"#0059a9","colorDark":"#00294f","angle":330.4,"snapDist":2,"label":0}},{"type":"Feature","geometry":{"type":"Point","coordinates":[20.436416,44.64692]},"properties":{"name":"Prvomajska","lines":"407L, 534","arr":["407L","534"],"terminus":0,"mode":"bus","color":"#0059a9","colorDark":"#00294f","angle":14.9,"snapDist":5,"label":1}},{"type":"Feature","geometry":{"type":"Point","coordinates":[20.430531,44.64895]},"properties":{"name":"Trebež","lines":"407L, 534","arr":["407L","534"],"terminus":0,"mode":"bus","color":"#0059a9","colorDark":"#00294f","angle":28.7,"snapDist":6,"label":1}},{"type":"Feature","geometry":{"type":"Point","coordinates":[20.427228,44.64577]},"properties":{"name":"29. novembra","lines":"407L","arr":["407L"],"terminus":0,"mode":"bus","color":"#0059a9","colorDark":"#00294f","angle":290,"snapDist":3,"label":1}},{"type":"Feature","geometry":{"type":"Point","coordinates":[20.428827,44.642392]},"properties":{"name":"Trebež (okretnica)","lines":"407L","arr":["407L"],"terminus":1,"mode":"bus","color":"#0059a9","colorDark":"#00294f","angle":63.5,"snapDist":4,"label":1}},{"type":"Feature","geometry":{"type":"Point","coordinates":[20.427335,44.64598]},"properties":{"name":"29. novembra","lines":"407L","arr":["407L"],"terminus":0,"mode":"bus","color":"#0059a9","colorDark":"#00294f","angle":110,"snapDist":6,"label":0}},{"type":"Feature","geometry":{"type":"Point","coordinates":[20.430789,44.648849]},"properties":{"name":"Trebež","lines":"407L, 534","arr":["407L","534"],"terminus":0,"mode":"bus","color":"#0059a9","colorDark":"#00294f","angle":209.2,"snapDist":3,"label":0}},{"type":"Feature","geometry":{"type":"Point","coordinates":[20.43675,44.64685]},"properties":{"name":"Prvomajska","lines":"407L, 534","arr":["407L","534"],"terminus":0,"mode":"bus","color":"#0059a9","colorDark":"#00294f","angle":196.6,"snapDist":7,"label":0}},{"type":"Feature","geometry":{"type":"Point","coordinates":[20.44597,44.644464]},"properties":{"name":"Stara Lipovica","lines":"407L, 534","arr":["407L","534"],"terminus":0,"mode":"bus","color":"#0059a9","colorDark":"#00294f","angle":171.1,"snapDist":6,"label":0}},{"type":"Feature","geometry":{"type":"Point","coordinates":[20.453503,44.644039]},"properties":{"name":"Lipovački put 4 deo","lines":"407L, 534","arr":["407L","534"],"terminus":0,"mode":"bus","color":"#0059a9","colorDark":"#00294f","angle":252.7,"snapDist":1,"label":0}},{"type":"Feature","geometry":{"type":"Point","coordinates":[20.456912,44.638583]},"properties":{"name":"Drenjak","lines":"407L, 534","arr":["407L","534"],"terminus":0,"mode":"bus","color":"#0059a9","colorDark":"#00294f","angle":230,"snapDist":7,"label":0}},{"type":"Feature","geometry":{"type":"Point","coordinates":[20.462151,44.635172]},"properties":{"name":"Timočki put","lines":"407L","arr":["407L"],"terminus":0,"mode":"bus","color":"#0059a9","colorDark":"#00294f","angle":145.8,"snapDist":5,"label":0}},{"type":"Feature","geometry":{"type":"Point","coordinates":[20.466214,44.636198]},"properties":{"name":"Timočki put (izlaz)","lines":"407L","arr":["407L"],"terminus":0,"mode":"bus","color":"#0059a9","colorDark":"#00294f","angle":186.8,"snapDist":4,"label":0}},{"type":"Feature","geometry":{"type":"Point","coordinates":[20.471751,44.637539]},"properties":{"name":"Put za Zabran","lines":"407L","arr":["407L"],"terminus":0,"mode":"bus","color":"#0059a9","colorDark":"#00294f","angle":159.8,"snapDist":4,"label":0}},{"type":"Feature","geometry":{"type":"Point","coordinates":[20.487748,44.641423]},"properties":{"name":"Palanački potok","lines":"407L","arr":["407L"],"terminus":0,"mode":"bus","color":"#0059a9","colorDark":"#00294f","angle":123.7,"snapDist":2,"label":0}},{"type":"Feature","geometry":{"type":"Point","coordinates":[20.493362,44.644768]},"properties":{"name":"Oklisak - trafo","lines":"407L","arr":["407L"],"terminus":0,"mode":"bus","color":"#0059a9","colorDark":"#00294f","angle":83.7,"snapDist":4,"label":0}},{"type":"Feature","geometry":{"type":"Point","coordinates":[20.494641,44.648178]},"properties":{"name":"Timočki put (srednji deo)","lines":"407L","arr":["407L"],"terminus":0,"mode":"bus","color":"#0059a9","colorDark":"#00294f","angle":190.9,"snapDist":4,"label":0}},{"type":"Feature","geometry":{"type":"Point","coordinates":[20.497909,44.64785]},"properties":{"name":"Livadice","lines":"407L","arr":["407L"],"terminus":0,"mode":"bus","color":"#0059a9","colorDark":"#00294f","angle":178.7,"snapDist":2,"label":0}},{"type":"Feature","geometry":{"type":"Point","coordinates":[20.505417,44.648409]},"properties":{"name":"Timočki put 2. deo","lines":"407L","arr":["407L"],"terminus":0,"mode":"bus","color":"#0059a9","colorDark":"#00294f","angle":103.4,"snapDist":4,"label":0}},{"type":"Feature","geometry":{"type":"Point","coordinates":[20.507409,44.649942]},"properties":{"name":"Timočki put 1.deo","lines":"407L","arr":["407L"],"terminus":0,"mode":"bus","color":"#0059a9","colorDark":"#00294f","angle":125.9,"snapDist":3,"label":0}},{"type":"Feature","geometry":{"type":"Point","coordinates":[20.533065,44.680572]},"properties":{"name":"Put za Zuce","lines":"408","arr":["408"],"terminus":0,"mode":"bus","color":"#0059a9","colorDark":"#00294f","angle":235.1,"snapDist":6,"label":0}},{"type":"Feature","geometry":{"type":"Point","coordinates":[20.539738,44.674223]},"properties":{"name":"Đurđevdan","lines":"408","arr":["408"],"terminus":0,"mode":"bus","color":"#0059a9","colorDark":"#00294f","angle":233.1,"snapDist":8,"label":1}},{"type":"Feature","geometry":{"type":"Point","coordinates":[20.541931,44.670084]},"properties":{"name":"Kapija Šumadije","lines":"408","arr":["408"],"terminus":0,"mode":"bus","color":"#0059a9","colorDark":"#00294f","angle":277,"snapDist":4,"label":1}},{"type":"Feature","geometry":{"type":"Point","coordinates":[20.542172,44.665948]},"properties":{"name":"Šuplja stena","lines":"408","arr":["408"],"terminus":0,"mode":"bus","color":"#0059a9","colorDark":"#00294f","angle":263.8,"snapDist":6,"label":1}},{"type":"Feature","geometry":{"type":"Point","coordinates":[20.543541,44.662644]},"properties":{"name":"Raskrsnica-Vrčin","lines":"408","arr":["408"],"terminus":0,"mode":"bus","color":"#0059a9","colorDark":"#00294f","angle":243.2,"snapDist":8,"label":1}},{"type":"Feature","geometry":{"type":"Point","coordinates":[20.550192,44.655143]},"properties":{"name":"Rasadnik","lines":"408","arr":["408"],"terminus":0,"mode":"bus","color":"#0059a9","colorDark":"#00294f","angle":253.6,"snapDist":4,"label":1}},{"type":"Feature","geometry":{"type":"Point","coordinates":[20.553783,44.647524]},"properties":{"name":"Prnjavor /ulaz/","lines":"408","arr":["408"],"terminus":0,"mode":"bus","color":"#0059a9","colorDark":"#00294f","angle":271.9,"snapDist":5,"label":1}},{"type":"Feature","geometry":{"type":"Point","coordinates":[20.551906,44.641196]},"properties":{"name":"Srednji Prnjavor","lines":"408","arr":["408"],"terminus":0,"mode":"bus","color":"#0059a9","colorDark":"#00294f","angle":255.7,"snapDist":8,"label":1}},{"type":"Feature","geometry":{"type":"Point","coordinates":[20.55603,44.608513]},"properties":{"name":"Trešnja /okretnica/","lines":"408","arr":["408"],"terminus":0,"mode":"bus","color":"#0059a9","colorDark":"#00294f","angle":264.3,"snapDist":20,"label":0}},{"type":"Feature","geometry":{"type":"Point","coordinates":[20.567689,44.596933]},"properties":{"name":"Trešnja /Koviona/","lines":"408","arr":["408"],"terminus":0,"mode":"bus","color":"#0059a9","colorDark":"#00294f","angle":253.8,"snapDist":7,"label":1}},{"type":"Feature","geometry":{"type":"Point","coordinates":[20.564906,44.58423]},"properties":{"name":"13. Oktobra","lines":"408","arr":["408"],"terminus":0,"mode":"bus","color":"#0059a9","colorDark":"#00294f","angle":258.2,"snapDist":6,"label":1}},{"type":"Feature","geometry":{"type":"Point","coordinates":[20.56535,44.577115]},"properties":{"name":"Livnica","lines":"408","arr":["408"],"terminus":0,"mode":"bus","color":"#0059a9","colorDark":"#00294f","angle":333.9,"snapDist":5,"label":1}},{"type":"Feature","geometry":{"type":"Point","coordinates":[20.558136,44.573785]},"properties":{"name":"Ralja /centar/","lines":"408","arr":["408"],"terminus":0,"mode":"bus","color":"#0059a9","colorDark":"#00294f","angle":310.3,"snapDist":3,"label":1}},{"type":"Feature","geometry":{"type":"Point","coordinates":[20.561692,44.572096]},"properties":{"name":"Ralja /Robna kuća/","lines":"408","arr":["408"],"terminus":0,"mode":"bus","color":"#0059a9","colorDark":"#00294f","angle":223.9,"snapDist":6,"label":1}},{"type":"Feature","geometry":{"type":"Point","coordinates":[20.570714,44.569951]},"properties":{"name":"Ralja /trafo/","lines":"408","arr":["408"],"terminus":0,"mode":"bus","color":"#0059a9","colorDark":"#00294f","angle":199.4,"snapDist":1,"label":1}},{"type":"Feature","geometry":{"type":"Point","coordinates":[20.581059,44.560483]},"properties":{"name":"Ralja /Drumine/","lines":"408","arr":["408"],"terminus":1,"mode":"bus","color":"#0059a9","colorDark":"#00294f","angle":109,"snapDist":15,"label":1}},{"type":"Feature","geometry":{"type":"Point","coordinates":[20.57955,44.561835]},"properties":{"name":"Ralja /Drumine/","lines":"408","arr":["408"],"terminus":1,"mode":"bus","color":"#0059a9","colorDark":"#00294f","angle":120.2,"snapDist":8,"label":0}},{"type":"Feature","geometry":{"type":"Point","coordinates":[20.570092,44.570095]},"properties":{"name":"Ralja /trafo/","lines":"408","arr":["408"],"terminus":0,"mode":"bus","color":"#0059a9","colorDark":"#00294f","angle":16.3,"snapDist":7,"label":0}},{"type":"Feature","geometry":{"type":"Point","coordinates":[20.56151,44.572217]},"properties":{"name":"Ralja /Robna kuća/","lines":"408","arr":["408"],"terminus":0,"mode":"bus","color":"#0059a9","colorDark":"#00294f","angle":41.6,"snapDist":2,"label":0}},{"type":"Feature","geometry":{"type":"Point","coordinates":[20.55844,44.573965]},"properties":{"name":"Ralja /centar/","lines":"408","arr":["408"],"terminus":0,"mode":"bus","color":"#0059a9","colorDark":"#00294f","angle":151.4,"snapDist":8,"label":0}},{"type":"Feature","geometry":{"type":"Point","coordinates":[20.565754,44.577241]},"properties":{"name":"Livnica","lines":"408","arr":["408"],"terminus":0,"mode":"bus","color":"#0059a9","colorDark":"#00294f","angle":157.9,"snapDist":10,"label":0}},{"type":"Feature","geometry":{"type":"Point","coordinates":[20.565386,44.585944]},"properties":{"name":"13. oktobra","lines":"408","arr":["408"],"terminus":0,"mode":"bus","color":"#0059a9","colorDark":"#00294f","angle":70.5,"snapDist":5,"label":1}},{"type":"Feature","geometry":{"type":"Point","coordinates":[20.567871,44.596468]},"properties":{"name":"Trešnja /Koviona/","lines":"408","arr":["408"],"terminus":0,"mode":"bus","color":"#0059a9","colorDark":"#00294f","angle":76.7,"snapDist":6,"label":0}},{"type":"Feature","geometry":{"type":"Point","coordinates":[20.556026,44.608743]},"properties":{"name":"Trešnja (škola)","lines":"408","arr":["408"],"terminus":0,"mode":"bus","color":"#0059a9","colorDark":"#00294f","angle":99.3,"snapDist":9,"label":1}},{"type":"Feature","geometry":{"type":"Point","coordinates":[20.554334,44.632243]},"properties":{"name":"Prnjavor /škola/","lines":"408","arr":["408"],"terminus":0,"mode":"bus","color":"#0059a9","colorDark":"#00294f","angle":66.8,"snapDist":4,"label":0}},{"type":"Feature","geometry":{"type":"Point","coordinates":[20.551929,44.641133]},"properties":{"name":"Srednji Prnjavor","lines":"408","arr":["408"],"terminus":0,"mode":"bus","color":"#0059a9","colorDark":"#00294f","angle":74.9,"snapDist":6,"label":0}},{"type":"Feature","geometry":{"type":"Point","coordinates":[20.553761,44.646942]},"properties":{"name":"Prnjavor /ulaz/","lines":"408","arr":["408"],"terminus":0,"mode":"bus","color":"#0059a9","colorDark":"#00294f","angle":91.8,"snapDist":7,"label":0}},{"type":"Feature","geometry":{"type":"Point","coordinates":[20.549791,44.656209]},"properties":{"name":"Rasadnik","lines":"408","arr":["408"],"terminus":0,"mode":"bus","color":"#0059a9","colorDark":"#00294f","angle":75,"snapDist":5,"label":0}},{"type":"Feature","geometry":{"type":"Point","coordinates":[20.54335,44.66294]},"properties":{"name":"Raskrsnica-Vrčin","lines":"408","arr":["408"],"terminus":0,"mode":"bus","color":"#0059a9","colorDark":"#00294f","angle":65.3,"snapDist":1,"label":0}},{"type":"Feature","geometry":{"type":"Point","coordinates":[20.542156,44.666056]},"properties":{"name":"Šuplja stena","lines":"408","arr":["408"],"terminus":0,"mode":"bus","color":"#0059a9","colorDark":"#00294f","angle":83.8,"snapDist":9,"label":0}},{"type":"Feature","geometry":{"type":"Point","coordinates":[20.542004,44.670505]},"properties":{"name":"Kapija Šumadije","lines":"408","arr":["408"],"terminus":0,"mode":"bus","color":"#0059a9","colorDark":"#00294f","angle":97,"snapDist":8,"label":0}},{"type":"Feature","geometry":{"type":"Point","coordinates":[20.538989,44.674952]},"properties":{"name":"Đurđevdan","lines":"408","arr":["408"],"terminus":0,"mode":"bus","color":"#0059a9","colorDark":"#00294f","angle":57.9,"snapDist":4,"label":0}},{"type":"Feature","geometry":{"type":"Point","coordinates":[20.532994,44.680644]},"properties":{"name":"Put za Zuce","lines":"408","arr":["408"],"terminus":0,"mode":"bus","color":"#0059a9","colorDark":"#00294f","angle":55.1,"snapDist":3,"label":0}},{"type":"Feature","geometry":{"type":"Point","coordinates":[20.475628,44.743878]},"properties":{"name":"Olge Jojić","lines":"409","arr":["409"],"terminus":0,"mode":"bus","color":"#0059a9","colorDark":"#00294f","angle":281.1,"snapDist":1,"label":1}},{"type":"Feature","geometry":{"type":"Point","coordinates":[20.475405,44.741568]},"properties":{"name":"Milke Bosnić","lines":"409","arr":["409"],"terminus":0,"mode":"bus","color":"#0059a9","colorDark":"#00294f","angle":289,"snapDist":3,"label":1}},{"type":"Feature","geometry":{"type":"Point","coordinates":[20.47688,44.73908]},"properties":{"name":"Ane Dobeš","lines":"409","arr":["409"],"terminus":0,"mode":"bus","color":"#0059a9","colorDark":"#00294f","angle":235.1,"snapDist":4,"label":1}},{"type":"Feature","geometry":{"type":"Point","coordinates":[20.477533,44.736321]},"properties":{"name":"Milutina Miljkovića","lines":"409","arr":["409"],"terminus":0,"mode":"bus","color":"#0059a9","colorDark":"#00294f","angle":346.6,"snapDist":5,"label":1}},{"type":"Feature","geometry":{"type":"Point","coordinates":[20.475544,44.734862]},"properties":{"name":"Donje naselje","lines":"409","arr":["409"],"terminus":0,"mode":"bus","color":"#0059a9","colorDark":"#00294f","angle":235.7,"snapDist":2,"label":1}},{"type":"Feature","geometry":{"type":"Point","coordinates":[20.479191,44.731256]},"properties":{"name":"Vukosave Oljače","lines":"409","arr":["409"],"terminus":0,"mode":"bus","color":"#0059a9","colorDark":"#00294f","angle":237.7,"snapDist":2,"label":1}},{"type":"Feature","geometry":{"type":"Point","coordinates":[20.482088,44.729654]},"properties":{"name":"Olimpska","lines":"409","arr":["409"],"terminus":0,"mode":"bus","color":"#0059a9","colorDark":"#00294f","angle":220.5,"snapDist":3,"label":1}},{"type":"Feature","geometry":{"type":"Point","coordinates":[20.494728,44.733875]},"properties":{"name":"Torlački vis","lines":"409","arr":["409"],"terminus":0,"mode":"bus","color":"#0059a9","colorDark":"#00294f","angle":133.5,"snapDist":2,"label":1}},{"type":"Feature","geometry":{"type":"Point","coordinates":[20.498428,44.736136]},"properties":{"name":"Brdska","lines":"409","arr":["409"],"terminus":0,"mode":"bus","color":"#0059a9","colorDark":"#00294f","angle":174.6,"snapDist":4,"label":1}},{"type":"Feature","geometry":{"type":"Point","coordinates":[20.502029,44.738783]},"properties":{"name":"Šljivarska","lines":"409","arr":["409"],"terminus":0,"mode":"bus","color":"#0059a9","colorDark":"#00294f","angle":94.7,"snapDist":4,"label":1}},{"type":"Feature","geometry":{"type":"Point","coordinates":[20.502037,44.738849]},"properties":{"name":"Šljivarska","lines":"409","arr":["409"],"terminus":0,"mode":"bus","color":"#0059a9","colorDark":"#00294f","angle":274.7,"snapDist":1,"label":0}},{"type":"Feature","geometry":{"type":"Point","coordinates":[20.498889,44.736271]},"properties":{"name":"Brdska","lines":"409","arr":["409"],"terminus":0,"mode":"bus","color":"#0059a9","colorDark":"#00294f","angle":323.9,"snapDist":0,"label":0}},{"type":"Feature","geometry":{"type":"Point","coordinates":[20.494932,44.734288]},"properties":{"name":"Torlački vis","lines":"409","arr":["409"],"terminus":0,"mode":"bus","color":"#0059a9","colorDark":"#00294f","angle":281.2,"snapDist":1,"label":0}},{"type":"Feature","geometry":{"type":"Point","coordinates":[20.481545,44.729986]},"properties":{"name":"Olimpska","lines":"409","arr":["409"],"terminus":0,"mode":"bus","color":"#0059a9","colorDark":"#00294f","angle":44,"snapDist":6,"label":0}},{"type":"Feature","geometry":{"type":"Point","coordinates":[20.478894,44.731589]},"properties":{"name":"Vukosave Oljače","lines":"409","arr":["409"],"terminus":0,"mode":"bus","color":"#0059a9","colorDark":"#00294f","angle":57.7,"snapDist":3,"label":0}},{"type":"Feature","geometry":{"type":"Point","coordinates":[20.475778,44.734623]},"properties":{"name":"Donje naselje","lines":"409","arr":["409"],"terminus":0,"mode":"bus","color":"#0059a9","colorDark":"#00294f","angle":53.4,"snapDist":3,"label":0}},{"type":"Feature","geometry":{"type":"Point","coordinates":[20.477816,44.736583]},"properties":{"name":"Milutina Miljkovića","lines":"409","arr":["409"],"terminus":0,"mode":"bus","color":"#0059a9","colorDark":"#00294f","angle":104.7,"snapDist":5,"label":0}},{"type":"Feature","geometry":{"type":"Point","coordinates":[20.477195,44.738791]},"properties":{"name":"Ane Dobeš","lines":"409","arr":["409"],"terminus":0,"mode":"bus","color":"#0059a9","colorDark":"#00294f","angle":49.9,"snapDist":4,"label":0}},{"type":"Feature","geometry":{"type":"Point","coordinates":[20.475654,44.741943]},"properties":{"name":"Milke Bosnić","lines":"409","arr":["409"],"terminus":0,"mode":"bus","color":"#0059a9","colorDark":"#00294f","angle":117.4,"snapDist":8,"label":0}},{"type":"Feature","geometry":{"type":"Point","coordinates":[20.475771,44.7444]},"properties":{"name":"Olge Jojić","lines":"409","arr":["409"],"terminus":0,"mode":"bus","color":"#0059a9","colorDark":"#00294f","angle":101,"snapDist":5,"label":0}},{"type":"Feature","geometry":{"type":"Point","coordinates":[20.413313,44.805723]},"properties":{"name":"BAS","lines":"493N","arr":["493N"],"terminus":1,"mode":"bus","color":"#0059a9","colorDark":"#00294f","angle":175.2,"snapDist":4,"label":1}},{"type":"Feature","geometry":{"type":"Point","coordinates":[20.467416,44.790846]},"properties":{"name":"Autokomanda","lines":"493N","arr":["493N"],"terminus":0,"mode":"bus","color":"#0059a9","colorDark":"#00294f","angle":226.5,"snapDist":4,"label":1}},{"type":"Feature","geometry":{"type":"Point","coordinates":[20.669009,44.561257]},"properties":{"name":"Mali Požarevac - Naplatna rampa","lines":"493N","arr":["493N"],"terminus":0,"mode":"bus","color":"#0059a9","colorDark":"#00294f","angle":292.1,"snapDist":10,"label":1}},{"type":"Feature","geometry":{"type":"Point","coordinates":[20.65746,44.489948]},"properties":{"name":"Stanojevac","lines":"493N","arr":["493N"],"terminus":0,"mode":"bus","color":"#0059a9","colorDark":"#00294f","angle":272.1,"snapDist":8,"label":1}},{"type":"Feature","geometry":{"type":"Point","coordinates":[20.660749,44.481078]},"properties":{"name":"Vlaško polje - Železnička stanica","lines":"493N","arr":["493N"],"terminus":0,"mode":"bus","color":"#0059a9","colorDark":"#00294f","angle":244.2,"snapDist":9,"label":1}},{"type":"Feature","geometry":{"type":"Point","coordinates":[20.665548,44.474268]},"properties":{"name":"Vlaško polje (centar)","lines":"493N","arr":["493N"],"terminus":0,"mode":"bus","color":"#0059a9","colorDark":"#00294f","angle":256.7,"snapDist":8,"label":1}},{"type":"Feature","geometry":{"type":"Point","coordinates":[20.671191,44.460686]},"properties":{"name":"Stanoja Bugarskog","lines":"493N","arr":["493N"],"terminus":0,"mode":"bus","color":"#0059a9","colorDark":"#00294f","angle":225.1,"snapDist":7,"label":1}},{"type":"Feature","geometry":{"type":"Point","coordinates":[20.686782,44.448144]},"properties":{"name":"Petar Drapšin","lines":"493N","arr":["493N"],"terminus":0,"mode":"bus","color":"#0059a9","colorDark":"#00294f","angle":248.2,"snapDist":8,"label":1}},{"type":"Feature","geometry":{"type":"Point","coordinates":[20.69215,44.439837]},"properties":{"name":"Mladenovac AS","lines":"493N","arr":["493N"],"terminus":1,"mode":"bus","color":"#0059a9","colorDark":"#00294f","angle":246.7,"snapDist":9,"label":1}},{"type":"Feature","geometry":{"type":"Point","coordinates":[20.692381,44.43987]},"properties":{"name":"Mladenovac AS","lines":"493N","arr":["493N"],"terminus":1,"mode":"bus","color":"#0059a9","colorDark":"#00294f","angle":28.2,"snapDist":8,"label":0}},{"type":"Feature","geometry":{"type":"Point","coordinates":[20.686638,44.448398]},"properties":{"name":"Petar Drapšin","lines":"493N","arr":["493N"],"terminus":0,"mode":"bus","color":"#0059a9","colorDark":"#00294f","angle":68,"snapDist":6,"label":0}},{"type":"Feature","geometry":{"type":"Point","coordinates":[20.670268,44.461353]},"properties":{"name":"Stanoja Bugarskog","lines":"493N","arr":["493N"],"terminus":0,"mode":"bus","color":"#0059a9","colorDark":"#00294f","angle":45.3,"snapDist":4,"label":0}},{"type":"Feature","geometry":{"type":"Point","coordinates":[20.665486,44.474396]},"properties":{"name":"Vlaško polje (centar)","lines":"493N","arr":["493N"],"terminus":0,"mode":"bus","color":"#0059a9","colorDark":"#00294f","angle":70.1,"snapDist":5,"label":0}},{"type":"Feature","geometry":{"type":"Point","coordinates":[20.660785,44.481026]},"properties":{"name":"Vlaško polje - Železnička stanica","lines":"493N","arr":["493N"],"terminus":0,"mode":"bus","color":"#0059a9","colorDark":"#00294f","angle":64.2,"snapDist":1,"label":0}},{"type":"Feature","geometry":{"type":"Point","coordinates":[20.657447,44.490986]},"properties":{"name":"Stanojevac","lines":"493N","arr":["493N"],"terminus":0,"mode":"bus","color":"#0059a9","colorDark":"#00294f","angle":88.8,"snapDist":0,"label":0}},{"type":"Feature","geometry":{"type":"Point","coordinates":[20.645563,44.499602]},"properties":{"name":"Trnava","lines":"493N","arr":["493N"],"terminus":0,"mode":"bus","color":"#0059a9","colorDark":"#00294f","angle":42,"snapDist":3,"label":1}},{"type":"Feature","geometry":{"type":"Point","coordinates":[20.623433,44.516189]},"properties":{"name":"Đurinci - Izlaz","lines":"493N","arr":["493N"],"terminus":0,"mode":"bus","color":"#0059a9","colorDark":"#00294f","angle":48.9,"snapDist":4,"label":1}},{"type":"Feature","geometry":{"type":"Point","coordinates":[20.611673,44.523224]},"properties":{"name":"Đurinci - Železnička stanica","lines":"493N","arr":["493N"],"terminus":0,"mode":"bus","color":"#0059a9","colorDark":"#00294f","angle":20.9,"snapDist":5,"label":1}},{"type":"Feature","geometry":{"type":"Point","coordinates":[20.593849,44.527168]},"properties":{"name":"Vojska","lines":"493N","arr":["493N"],"terminus":0,"mode":"bus","color":"#0059a9","colorDark":"#00294f","angle":353.5,"snapDist":7,"label":1}},{"type":"Feature","geometry":{"type":"Point","coordinates":[20.582712,44.526138]},"properties":{"name":"Pijaca","lines":"493N","arr":["493N"],"terminus":0,"mode":"bus","color":"#0059a9","colorDark":"#00294f","angle":347.2,"snapDist":7,"label":1}},{"type":"Feature","geometry":{"type":"Point","coordinates":[20.576781,44.522462]},"properties":{"name":"Sopot AS","lines":"493N","arr":["493N"],"terminus":0,"mode":"bus","color":"#0059a9","colorDark":"#00294f","angle":151.7,"snapDist":16,"label":1}},{"type":"Feature","geometry":{"type":"Point","coordinates":[20.577032,44.52257]},"properties":{"name":"Sopot AS","lines":"493N","arr":["493N"],"terminus":0,"mode":"bus","color":"#0059a9","colorDark":"#00294f","angle":140.3,"snapDist":13,"label":0}},{"type":"Feature","geometry":{"type":"Point","coordinates":[20.583958,44.526266]},"properties":{"name":"Pijaca","lines":"493N","arr":["493N"],"terminus":0,"mode":"bus","color":"#0059a9","colorDark":"#00294f","angle":352.5,"snapDist":4,"label":0}},{"type":"Feature","geometry":{"type":"Point","coordinates":[20.592872,44.527076]},"properties":{"name":"Vojska","lines":"493N","arr":["493N"],"terminus":0,"mode":"bus","color":"#0059a9","colorDark":"#00294f","angle":172.3,"snapDist":4,"label":0}},{"type":"Feature","geometry":{"type":"Point","coordinates":[20.610459,44.523561]},"properties":{"name":"Đurinci - Železnička stanica","lines":"493N","arr":["493N"],"terminus":0,"mode":"bus","color":"#0059a9","colorDark":"#00294f","angle":21.3,"snapDist":1,"label":0}},{"type":"Feature","geometry":{"type":"Point","coordinates":[20.623725,44.515952]},"properties":{"name":"Đurinci - Izlaz","lines":"493N","arr":["493N"],"terminus":0,"mode":"bus","color":"#0059a9","colorDark":"#00294f","angle":-131.2,"snapDist":6,"label":0}},{"type":"Feature","geometry":{"type":"Point","coordinates":[20.645597,44.49958]},"properties":{"name":"Trnava","lines":"493N","arr":["493N"],"terminus":0,"mode":"bus","color":"#0059a9","colorDark":"#00294f","angle":-138.9,"snapDist":6,"label":0}},{"type":"Feature","geometry":{"type":"Point","coordinates":[20.669115,44.561443]},"properties":{"name":"Mali Požarevac - Naplatna rampa","lines":"493N","arr":["493N"],"terminus":0,"mode":"bus","color":"#0059a9","colorDark":"#00294f","angle":111.4,"snapDist":8,"label":0}},{"type":"Feature","geometry":{"type":"Point","coordinates":[20.428851,44.725527]},"properties":{"name":"Dom zdravlja Labudovo brdo","lines":"501, 502","arr":["501","502"],"terminus":0,"mode":"bus","color":"#0059a9","colorDark":"#00294f","angle":204.4,"snapDist":5,"label":1}},{"type":"Feature","geometry":{"type":"Point","coordinates":[20.437017,44.722767]},"properties":{"name":"Letićeva","lines":"501","arr":["501"],"terminus":0,"mode":"bus","color":"#0059a9","colorDark":"#00294f","angle":292.2,"snapDist":3,"label":1}},{"type":"Feature","geometry":{"type":"Point","coordinates":[20.434969,44.720962]},"properties":{"name":"Proleterska (ulaz)","lines":"501","arr":["501"],"terminus":0,"mode":"bus","color":"#0059a9","colorDark":"#00294f","angle":323.1,"snapDist":3,"label":1}},{"type":"Feature","geometry":{"type":"Point","coordinates":[20.43267,44.718685]},"properties":{"name":"Železnički most","lines":"501","arr":["501"],"terminus":0,"mode":"bus","color":"#0059a9","colorDark":"#00294f","angle":298.6,"snapDist":4,"label":1}},{"type":"Feature","geometry":{"type":"Point","coordinates":[20.432085,44.717703]},"properties":{"name":"Stepenice","lines":"501","arr":["501"],"terminus":0,"mode":"bus","color":"#0059a9","colorDark":"#00294f","angle":297,"snapDist":3,"label":1}},{"type":"Feature","geometry":{"type":"Point","coordinates":[20.429957,44.716039]},"properties":{"name":"Fudbalsko igralište","lines":"501","arr":["501"],"terminus":0,"mode":"bus","color":"#0059a9","colorDark":"#00294f","angle":325,"snapDist":3,"label":1}},{"type":"Feature","geometry":{"type":"Point","coordinates":[20.428177,44.715085]},"properties":{"name":"Staro Kijevo","lines":"501","arr":["501"],"terminus":1,"mode":"bus","color":"#0059a9","colorDark":"#00294f","angle":332.9,"snapDist":2,"label":1}},{"type":"Feature","geometry":{"type":"Point","coordinates":[20.42989,44.716006]},"properties":{"name":"Fudbalsko igralište","lines":"501","arr":["501"],"terminus":0,"mode":"bus","color":"#0059a9","colorDark":"#00294f","angle":145,"snapDist":2,"label":0}},{"type":"Feature","geometry":{"type":"Point","coordinates":[20.431993,44.717593]},"properties":{"name":"Stepenice","lines":"501","arr":["501"],"terminus":0,"mode":"bus","color":"#0059a9","colorDark":"#00294f","angle":124.8,"snapDist":6,"label":0}},{"type":"Feature","geometry":{"type":"Point","coordinates":[20.43311,44.719027]},"properties":{"name":"Železnički most","lines":"501","arr":["501"],"terminus":0,"mode":"bus","color":"#0059a9","colorDark":"#00294f","angle":135.7,"snapDist":6,"label":0}},{"type":"Feature","geometry":{"type":"Point","coordinates":[20.434901,44.720925]},"properties":{"name":"Proleterska (ulaz)","lines":"501","arr":["501"],"terminus":0,"mode":"bus","color":"#0059a9","colorDark":"#00294f","angle":143.1,"snapDist":5,"label":0}},{"type":"Feature","geometry":{"type":"Point","coordinates":[20.437111,44.722932]},"properties":{"name":"Letićeva","lines":"501","arr":["501"],"terminus":0,"mode":"bus","color":"#0059a9","colorDark":"#00294f","angle":112.2,"snapDist":8,"label":0}},{"type":"Feature","geometry":{"type":"Point","coordinates":[20.428471,44.725646]},"properties":{"name":"Dom zdravlja Labudovo brdo","lines":"501, 502","arr":["501","502"],"terminus":0,"mode":"bus","color":"#0059a9","colorDark":"#00294f","angle":23.5,"snapDist":5,"label":0}},{"type":"Feature","geometry":{"type":"Point","coordinates":[20.412306,44.707213]},"properties":{"name":"Orlovača /ulaz/","lines":"502, 531a, 532a, 533","arr":["502","531a","532a","533"],"terminus":0,"mode":"bus","color":"#0059a9","colorDark":"#00294f","angle":93.6,"snapDist":5,"label":1}},{"type":"Feature","geometry":{"type":"Point","coordinates":[20.412509,44.709505]},"properties":{"name":"Orlovača groblje","lines":"502, 531a, 532a, 533","arr":["502","531a","532a","533"],"terminus":1,"mode":"bus","color":"#0059a9","colorDark":"#00294f","angle":93.5,"snapDist":8,"label":1}},{"type":"Feature","geometry":{"type":"Point","coordinates":[20.4117,44.709392]},"properties":{"name":"Orlovača groblje","lines":"502, 531a, 532a, 533","arr":["502","531a","532a","533"],"terminus":1,"mode":"bus","color":"#0059a9","colorDark":"#00294f","angle":273.2,"snapDist":5,"label":0}},{"type":"Feature","geometry":{"type":"Point","coordinates":[20.412287,44.706997]},"properties":{"name":"Orlovača /izlaz/","lines":"502, 531a, 532a, 533","arr":["502","531a","532a","533"],"terminus":0,"mode":"bus","color":"#0059a9","colorDark":"#00294f","angle":273.6,"snapDist":5,"label":1}},{"type":"Feature","geometry":{"type":"Point","coordinates":[20.492938,44.715775]},"properties":{"name":"Dugo polje","lines":"503","arr":["503"],"terminus":0,"mode":"bus","color":"#0059a9","colorDark":"#00294f","angle":345.4,"snapDist":4,"label":1}},{"type":"Feature","geometry":{"type":"Point","coordinates":[20.49367,44.715911]},"properties":{"name":"Dugo polje","lines":"503","arr":["503"],"terminus":0,"mode":"bus","color":"#0059a9","colorDark":"#00294f","angle":165.3,"snapDist":10,"label":0}},{"type":"Feature","geometry":{"type":"Point","coordinates":[20.420922,44.738063]},"properties":{"name":"Sretena Mladenovića Mike","lines":"504","arr":["504"],"terminus":0,"mode":"bus","color":"#0059a9","colorDark":"#00294f","angle":242.6,"snapDist":1,"label":1}},{"type":"Feature","geometry":{"type":"Point","coordinates":[20.423614,44.737129]},"properties":{"name":"Bože Jeremića","lines":"504","arr":["504"],"terminus":0,"mode":"bus","color":"#0059a9","colorDark":"#00294f","angle":176.9,"snapDist":2,"label":1}},{"type":"Feature","geometry":{"type":"Point","coordinates":[20.426069,44.739962]},"properties":{"name":"Susedgradska","lines":"504","arr":["504"],"terminus":0,"mode":"bus","color":"#0059a9","colorDark":"#00294f","angle":78,"snapDist":5,"label":1}},{"type":"Feature","geometry":{"type":"Point","coordinates":[20.424663,44.741363]},"properties":{"name":"Vidikovačka","lines":"504","arr":["504"],"terminus":0,"mode":"bus","color":"#0059a9","colorDark":"#00294f","angle":36.6,"snapDist":5,"label":1}},{"type":"Feature","geometry":{"type":"Point","coordinates":[20.426126,44.739771]},"properties":{"name":"Susedgradska","lines":"504","arr":["504"],"terminus":0,"mode":"bus","color":"#0059a9","colorDark":"#00294f","angle":258,"snapDist":5,"label":0}},{"type":"Feature","geometry":{"type":"Point","coordinates":[20.423487,44.737124]},"properties":{"name":"Bože Jeremića","lines":"504","arr":["504"],"terminus":0,"mode":"bus","color":"#0059a9","colorDark":"#00294f","angle":357.3,"snapDist":4,"label":0}},{"type":"Feature","geometry":{"type":"Point","coordinates":[20.463437,44.738139]},"properties":{"name":"Miljakovac 3","lines":"505","arr":["505"],"terminus":0,"mode":"bus","color":"#0059a9","colorDark":"#00294f","angle":257.4,"snapDist":5,"label":0}},{"type":"Feature","geometry":{"type":"Point","coordinates":[20.46427,44.736034]},"properties":{"name":"Miljakovački izvori","lines":"505","arr":["505"],"terminus":0,"mode":"bus","color":"#0059a9","colorDark":"#00294f","angle":244.1,"snapDist":2,"label":1}},{"type":"Feature","geometry":{"type":"Point","coordinates":[20.467096,44.733805]},"properties":{"name":"Miljakovačke staze 1","lines":"505","arr":["505"],"terminus":0,"mode":"bus","color":"#0059a9","colorDark":"#00294f","angle":226.2,"snapDist":7,"label":1}},{"type":"Feature","geometry":{"type":"Point","coordinates":[20.469869,44.731973]},"properties":{"name":"Miljakovačke staze 2","lines":"505","arr":["505"],"terminus":0,"mode":"bus","color":"#0059a9","colorDark":"#00294f","angle":216.1,"snapDist":3,"label":1}},{"type":"Feature","geometry":{"type":"Point","coordinates":[20.471434,44.729834]},"properties":{"name":"Miljakovačke staze","lines":"505","arr":["505"],"terminus":0,"mode":"bus","color":"#0059a9","colorDark":"#00294f","angle":248.5,"snapDist":5,"label":1}},{"type":"Feature","geometry":{"type":"Point","coordinates":[20.46916,44.728251]},"properties":{"name":"Miljakovačke livade","lines":"505, 506","arr":["505","506"],"terminus":1,"mode":"bus","color":"#0059a9","colorDark":"#00294f","angle":356.6,"snapDist":6,"label":1}},{"type":"Feature","geometry":{"type":"Point","coordinates":[20.469487,44.728262]},"properties":{"name":"Miljakovačke livade","lines":"505, 506","arr":["505","506"],"terminus":1,"mode":"bus","color":"#0059a9","colorDark":"#00294f","angle":167.9,"snapDist":3,"label":0}},{"type":"Feature","geometry":{"type":"Point","coordinates":[20.471452,44.729791]},"properties":{"name":"Miljakovačke staze","lines":"505","arr":["505"],"terminus":0,"mode":"bus","color":"#0059a9","colorDark":"#00294f","angle":75.5,"snapDist":4,"label":0}},{"type":"Feature","geometry":{"type":"Point","coordinates":[20.469812,44.732003]},"properties":{"name":"Miljakovačke staze 2","lines":"505","arr":["505"],"terminus":0,"mode":"bus","color":"#0059a9","colorDark":"#00294f","angle":36.1,"snapDist":5,"label":0}},{"type":"Feature","geometry":{"type":"Point","coordinates":[20.466809,44.734016]},"properties":{"name":"Miljakovačke staze 1","lines":"505","arr":["505"],"terminus":0,"mode":"bus","color":"#0059a9","colorDark":"#00294f","angle":45.2,"snapDist":8,"label":0}},{"type":"Feature","geometry":{"type":"Point","coordinates":[20.463432,44.738155]},"properties":{"name":"Miljakovac 3","lines":"505","arr":["505"],"terminus":0,"mode":"bus","color":"#0059a9","colorDark":"#00294f","angle":77.4,"snapDist":3,"label":0}},{"type":"Feature","geometry":{"type":"Point","coordinates":[20.454614,44.725711]},"properties":{"name":"Sunčani breg 2","lines":"506","arr":["506"],"terminus":0,"mode":"bus","color":"#0059a9","colorDark":"#00294f","angle":126.9,"snapDist":3,"label":1}},{"type":"Feature","geometry":{"type":"Point","coordinates":[20.457853,44.7279]},"properties":{"name":"Sunčani breg 1","lines":"506","arr":["506"],"terminus":0,"mode":"bus","color":"#0059a9","colorDark":"#00294f","angle":219.7,"snapDist":4,"label":1}},{"type":"Feature","geometry":{"type":"Point","coordinates":[20.462617,44.727767]},"properties":{"name":"Mali zabran","lines":"506","arr":["506"],"terminus":0,"mode":"bus","color":"#0059a9","colorDark":"#00294f","angle":163,"snapDist":4,"label":1}},{"type":"Feature","geometry":{"type":"Point","coordinates":[20.471466,44.721808]},"properties":{"name":"Azil za pse","lines":"506","arr":["506"],"terminus":0,"mode":"bus","color":"#0059a9","colorDark":"#00294f","angle":202.2,"snapDist":5,"label":1}},{"type":"Feature","geometry":{"type":"Point","coordinates":[20.469314,44.718726]},"properties":{"name":"Rakovački potok","lines":"506","arr":["506"],"terminus":0,"mode":"bus","color":"#0059a9","colorDark":"#00294f","angle":184.5,"snapDist":6,"label":1}},{"type":"Feature","geometry":{"type":"Point","coordinates":[20.459671,44.71155]},"properties":{"name":"Dr Aćima Medovića","lines":"506","arr":["506"],"terminus":0,"mode":"bus","color":"#0059a9","colorDark":"#00294f","angle":228.2,"snapDist":3,"label":1}},{"type":"Feature","geometry":{"type":"Point","coordinates":[20.458352,44.710175]},"properties":{"name":"Pašinac","lines":"506","arr":["506"],"terminus":0,"mode":"bus","color":"#0059a9","colorDark":"#00294f","angle":315.8,"snapDist":2,"label":1}},{"type":"Feature","geometry":{"type":"Point","coordinates":[20.455476,44.709107]},"properties":{"name":"8. septembra","lines":"506","arr":["506"],"terminus":0,"mode":"bus","color":"#0059a9","colorDark":"#00294f","angle":316.5,"snapDist":4,"label":1}},{"type":"Feature","geometry":{"type":"Point","coordinates":[20.453404,44.708141]},"properties":{"name":"Brestovačka","lines":"506","arr":["506"],"terminus":0,"mode":"bus","color":"#0059a9","colorDark":"#00294f","angle":47.6,"snapDist":5,"label":1}},{"type":"Feature","geometry":{"type":"Point","coordinates":[20.451661,44.701287]},"properties":{"name":"Pružni prelaz","lines":"506, 507","arr":["506","507"],"terminus":0,"mode":"bus","color":"#0059a9","colorDark":"#00294f","angle":255.3,"snapDist":5,"label":1}},{"type":"Feature","geometry":{"type":"Point","coordinates":[20.452506,44.700148]},"properties":{"name":"Resnik (železnička pruga)","lines":"506","arr":["506"],"terminus":0,"mode":"bus","color":"#0059a9","colorDark":"#00294f","angle":235.4,"snapDist":3,"label":1}},{"type":"Feature","geometry":{"type":"Point","coordinates":[20.454023,44.699528]},"properties":{"name":"Topčiderska reka - prilaz","lines":"506","arr":["506"],"terminus":0,"mode":"bus","color":"#0059a9","colorDark":"#00294f","angle":198.7,"snapDist":3,"label":1}},{"type":"Feature","geometry":{"type":"Point","coordinates":[20.457685,44.699554]},"properties":{"name":"Delovi - prilaz","lines":"506","arr":["506"],"terminus":0,"mode":"bus","color":"#0059a9","colorDark":"#00294f","angle":162.5,"snapDist":3,"label":1}},{"type":"Feature","geometry":{"type":"Point","coordinates":[20.459153,44.699119]},"properties":{"name":"Nova 3 - prilaz","lines":"506","arr":["506"],"terminus":0,"mode":"bus","color":"#0059a9","colorDark":"#00294f","angle":230.1,"snapDist":4,"label":1}},{"type":"Feature","geometry":{"type":"Point","coordinates":[20.461006,44.69693]},"properties":{"name":"Resnik (Patin majdan)","lines":"506","arr":["506"],"terminus":1,"mode":"bus","color":"#0059a9","colorDark":"#00294f","angle":90,"snapDist":7,"label":1}},{"type":"Feature","geometry":{"type":"Point","coordinates":[20.459055,44.699257]},"properties":{"name":"Nova 3 - prilaz","lines":"506","arr":["506"],"terminus":0,"mode":"bus","color":"#0059a9","colorDark":"#00294f","angle":63.5,"snapDist":3,"label":0}},{"type":"Feature","geometry":{"type":"Point","coordinates":[20.457334,44.699511]},"properties":{"name":"Delovi - prilaz","lines":"506","arr":["506"],"terminus":0,"mode":"bus","color":"#0059a9","colorDark":"#00294f","angle":354.2,"snapDist":2,"label":0}},{"type":"Feature","geometry":{"type":"Point","coordinates":[20.454402,44.699438]},"properties":{"name":"Topčiderska reka - prilaz","lines":"506","arr":["506"],"terminus":0,"mode":"bus","color":"#0059a9","colorDark":"#00294f","angle":13.9,"snapDist":7,"label":0}},{"type":"Feature","geometry":{"type":"Point","coordinates":[20.452233,44.700373]},"properties":{"name":"Resnik (železnička pruga)","lines":"506","arr":["506"],"terminus":0,"mode":"bus","color":"#0059a9","colorDark":"#00294f","angle":29.7,"snapDist":3,"label":0}},{"type":"Feature","geometry":{"type":"Point","coordinates":[20.451708,44.701148]},"properties":{"name":"Pružni prelaz","lines":"506, 507","arr":["506","507"],"terminus":0,"mode":"bus","color":"#0059a9","colorDark":"#00294f","angle":79.8,"snapDist":4,"label":0}},{"type":"Feature","geometry":{"type":"Point","coordinates":[20.452776,44.708576]},"properties":{"name":"Brestovačka","lines":"506","arr":["506"],"terminus":0,"mode":"bus","color":"#0059a9","colorDark":"#00294f","angle":229.1,"snapDist":3,"label":0}},{"type":"Feature","geometry":{"type":"Point","coordinates":[20.455192,44.708899]},"properties":{"name":"8. septembra","lines":"506","arr":["506"],"terminus":0,"mode":"bus","color":"#0059a9","colorDark":"#00294f","angle":134.6,"snapDist":4,"label":0}},{"type":"Feature","geometry":{"type":"Point","coordinates":[20.45855,44.710312]},"properties":{"name":"Pašinac","lines":"506","arr":["506"],"terminus":0,"mode":"bus","color":"#0059a9","colorDark":"#00294f","angle":135.8,"snapDist":3,"label":0}},{"type":"Feature","geometry":{"type":"Point","coordinates":[20.459665,44.711554]},"properties":{"name":"Dr Aćima Medovića","lines":"506","arr":["506"],"terminus":0,"mode":"bus","color":"#0059a9","colorDark":"#00294f","angle":48.2,"snapDist":3,"label":0}},{"type":"Feature","geometry":{"type":"Point","coordinates":[20.470034,44.719889]},"properties":{"name":"Rakovački potok","lines":"506","arr":["506"],"terminus":0,"mode":"bus","color":"#0059a9","colorDark":"#00294f","angle":127,"snapDist":4,"label":0}},{"type":"Feature","geometry":{"type":"Point","coordinates":[20.471492,44.721801]},"properties":{"name":"Azil za pse","lines":"506","arr":["506"],"terminus":0,"mode":"bus","color":"#0059a9","colorDark":"#00294f","angle":22.2,"snapDist":6,"label":0}},{"type":"Feature","geometry":{"type":"Point","coordinates":[20.461648,44.727121]},"properties":{"name":"Mali zabran","lines":"506","arr":["506"],"terminus":0,"mode":"bus","color":"#0059a9","colorDark":"#00294f","angle":298,"snapDist":3,"label":0}},{"type":"Feature","geometry":{"type":"Point","coordinates":[20.457641,44.728024]},"properties":{"name":"Sunčani breg 1","lines":"506","arr":["506"],"terminus":0,"mode":"bus","color":"#0059a9","colorDark":"#00294f","angle":39.7,"snapDist":7,"label":0}},{"type":"Feature","geometry":{"type":"Point","coordinates":[20.454427,44.725453]},"properties":{"name":"Sunčani breg 2","lines":"506","arr":["506"],"terminus":0,"mode":"bus","color":"#0059a9","colorDark":"#00294f","angle":288.3,"snapDist":2,"label":0}},{"type":"Feature","geometry":{"type":"Point","coordinates":[20.454637,44.749804]},"properties":{"name":"Toplana","lines":"506","arr":["506"],"terminus":0,"mode":"bus","color":"#0059a9","colorDark":"#00294f","angle":22.9,"snapDist":6,"label":0}},{"type":"Feature","geometry":{"type":"Point","coordinates":[20.449995,44.722153]},"properties":{"name":"Ličkih brigada","lines":"507","arr":["507"],"terminus":0,"mode":"bus","color":"#0059a9","colorDark":"#00294f","angle":272.7,"snapDist":5,"label":1}},{"type":"Feature","geometry":{"type":"Point","coordinates":[20.450947,44.720457]},"properties":{"name":"Rađevska","lines":"507","arr":["507"],"terminus":0,"mode":"bus","color":"#0059a9","colorDark":"#00294f","angle":245,"snapDist":3,"label":1}},{"type":"Feature","geometry":{"type":"Point","coordinates":[20.451226,44.716764]},"properties":{"name":"Braće Jeremića","lines":"507","arr":["507"],"terminus":0,"mode":"bus","color":"#0059a9","colorDark":"#00294f","angle":264.4,"snapDist":5,"label":1}},{"type":"Feature","geometry":{"type":"Point","coordinates":[20.452345,44.714055]},"properties":{"name":"Vrtić","lines":"507","arr":["507"],"terminus":0,"mode":"bus","color":"#0059a9","colorDark":"#00294f","angle":223.1,"snapDist":4,"label":1}},{"type":"Feature","geometry":{"type":"Point","coordinates":[20.451546,44.698774]},"properties":{"name":"Resnički put","lines":"507","arr":["507"],"terminus":0,"mode":"bus","color":"#0059a9","colorDark":"#00294f","angle":284.8,"snapDist":4,"label":1}},{"type":"Feature","geometry":{"type":"Point","coordinates":[20.44396,44.691617]},"properties":{"name":"Orlovac","lines":"507","arr":["507"],"terminus":0,"mode":"bus","color":"#0059a9","colorDark":"#00294f","angle":317.6,"snapDist":7,"label":1}},{"type":"Feature","geometry":{"type":"Point","coordinates":[20.441432,44.690078]},"properties":{"name":"Oslobođenja 2","lines":"507, 532, 532a","arr":["507","532","532a"],"terminus":1,"mode":"bus","color":"#0059a9","colorDark":"#00294f","angle":310.9,"snapDist":3,"label":1}},{"type":"Feature","geometry":{"type":"Point","coordinates":[20.439343,44.689209]},"properties":{"name":"Oslobođenja 1","lines":"507, 532, 532a","arr":["507","532","532a"],"terminus":0,"mode":"bus","color":"#0059a9","colorDark":"#00294f","angle":341.1,"snapDist":3,"label":1}},{"type":"Feature","geometry":{"type":"Point","coordinates":[20.438654,44.686413]},"properties":{"name":"Drage Vukićević","lines":"507, 532, 532a","arr":["507","532","532a"],"terminus":0,"mode":"bus","color":"#0059a9","colorDark":"#00294f","angle":258.3,"snapDist":7,"label":1}},{"type":"Feature","geometry":{"type":"Point","coordinates":[20.434476,44.678482]},"properties":{"name":"Milorada Živkovića","lines":"507","arr":["507"],"terminus":0,"mode":"bus","color":"#0059a9","colorDark":"#00294f","angle":215.7,"snapDist":3,"label":1}},{"type":"Feature","geometry":{"type":"Point","coordinates":[20.437473,44.678158]},"properties":{"name":"Jove Mitrovića","lines":"507","arr":["507"],"terminus":0,"mode":"bus","color":"#0059a9","colorDark":"#00294f","angle":156.9,"snapDist":3,"label":1}},{"type":"Feature","geometry":{"type":"Point","coordinates":[20.439792,44.677082]},"properties":{"name":"Drobnjački kraj 2","lines":"507","arr":["507"],"terminus":0,"mode":"bus","color":"#0059a9","colorDark":"#00294f","angle":205.7,"snapDist":4,"label":1}},{"type":"Feature","geometry":{"type":"Point","coordinates":[20.44379,44.676044]},"properties":{"name":"Drobnjački kraj 1","lines":"507","arr":["507"],"terminus":0,"mode":"bus","color":"#0059a9","colorDark":"#00294f","angle":180.9,"snapDist":4,"label":1}},{"type":"Feature","geometry":{"type":"Point","coordinates":[20.4464,44.675378]},"properties":{"name":"Rušanj (Drobnjački kraj)","lines":"507","arr":["507"],"terminus":1,"mode":"bus","color":"#0059a9","colorDark":"#00294f","angle":14,"snapDist":4,"label":1}},{"type":"Feature","geometry":{"type":"Point","coordinates":[20.443394,44.676055]},"properties":{"name":"Drobnjački kraj 1","lines":"507","arr":["507"],"terminus":0,"mode":"bus","color":"#0059a9","colorDark":"#00294f","angle":4.1,"snapDist":5,"label":0}},{"type":"Feature","geometry":{"type":"Point","coordinates":[20.440114,44.676974]},"properties":{"name":"Drobnjački kraj 2","lines":"507","arr":["507"],"terminus":0,"mode":"bus","color":"#0059a9","colorDark":"#00294f","angle":25.2,"snapDist":6,"label":0}},{"type":"Feature","geometry":{"type":"Point","coordinates":[20.437956,44.67827]},"properties":{"name":"Jove Mitrovića","lines":"507","arr":["507"],"terminus":0,"mode":"bus","color":"#0059a9","colorDark":"#00294f","angle":31.6,"snapDist":5,"label":0}},{"type":"Feature","geometry":{"type":"Point","coordinates":[20.43419,44.678603]},"properties":{"name":"Milorada Živkovića","lines":"507","arr":["507"],"terminus":0,"mode":"bus","color":"#0059a9","colorDark":"#00294f","angle":29.3,"snapDist":6,"label":0}},{"type":"Feature","geometry":{"type":"Point","coordinates":[20.438474,44.68713]},"properties":{"name":"Drage Vukićević","lines":"507, 532, 532a","arr":["507","532","532a"],"terminus":0,"mode":"bus","color":"#0059a9","colorDark":"#00294f","angle":79.7,"snapDist":4,"label":0}},{"type":"Feature","geometry":{"type":"Point","coordinates":[20.439147,44.689161]},"properties":{"name":"Oslobođenja 1","lines":"507, 532, 532a","arr":["507","532","532a"],"terminus":0,"mode":"bus","color":"#0059a9","colorDark":"#00294f","angle":159.6,"snapDist":2,"label":0}},{"type":"Feature","geometry":{"type":"Point","coordinates":[20.441387,44.690041]},"properties":{"name":"Oslobođenja 2","lines":"507, 532, 532a","arr":["507","532","532a"],"terminus":1,"mode":"bus","color":"#0059a9","colorDark":"#00294f","angle":130.9,"snapDist":0,"label":0}},{"type":"Feature","geometry":{"type":"Point","coordinates":[20.443812,44.691514]},"properties":{"name":"Orlovac","lines":"507","arr":["507"],"terminus":0,"mode":"bus","color":"#0059a9","colorDark":"#00294f","angle":135.1,"snapDist":5,"label":0}},{"type":"Feature","geometry":{"type":"Point","coordinates":[20.451507,44.698593]},"properties":{"name":"Resnički put","lines":"507","arr":["507"],"terminus":0,"mode":"bus","color":"#0059a9","colorDark":"#00294f","angle":96.6,"snapDist":3,"label":0}},{"type":"Feature","geometry":{"type":"Point","coordinates":[20.451952,44.714519]},"properties":{"name":"Vrtić","lines":"507","arr":["507"],"terminus":0,"mode":"bus","color":"#0059a9","colorDark":"#00294f","angle":56.1,"snapDist":3,"label":0}},{"type":"Feature","geometry":{"type":"Point","coordinates":[20.451313,44.716342]},"properties":{"name":"Braće Jeremića","lines":"507","arr":["507"],"terminus":0,"mode":"bus","color":"#0059a9","colorDark":"#00294f","angle":78,"snapDist":5,"label":0}},{"type":"Feature","geometry":{"type":"Point","coordinates":[20.451577,44.71918]},"properties":{"name":"Josipa Telarevića","lines":"507","arr":["507"],"terminus":0,"mode":"bus","color":"#0059a9","colorDark":"#00294f","angle":74.7,"snapDist":4,"label":0}},{"type":"Feature","geometry":{"type":"Point","coordinates":[20.450816,44.720613]},"properties":{"name":"Rađevska","lines":"507","arr":["507"],"terminus":0,"mode":"bus","color":"#0059a9","colorDark":"#00294f","angle":57.4,"snapDist":5,"label":0}},{"type":"Feature","geometry":{"type":"Point","coordinates":[20.450004,44.721979]},"properties":{"name":"Ličkih brigada","lines":"507","arr":["507"],"terminus":0,"mode":"bus","color":"#0059a9","colorDark":"#00294f","angle":86.4,"snapDist":2,"label":0}},{"type":"Feature","geometry":{"type":"Point","coordinates":[20.368496,44.727309]},"properties":{"name":"Ivo Lola Ribar","lines":"511","arr":["511"],"terminus":0,"mode":"bus","color":"#0059a9","colorDark":"#00294f","angle":199.3,"snapDist":9,"label":0}},{"type":"Feature","geometry":{"type":"Point","coordinates":[20.36888,44.723237]},"properties":{"name":"Nićiforovićeva","lines":"511, 511N, 511Na, 512, 521, 521a","arr":["511","511N","511Na","512","521","521a"],"terminus":0,"mode":"bus","color":"#0059a9","colorDark":"#00294f","angle":294.4,"snapDist":6,"label":1}},{"type":"Feature","geometry":{"type":"Point","coordinates":[20.367509,44.7203]},"properties":{"name":"Železnička rampa","lines":"511, 511N, 511Na, 512, 521, 521a","arr":["511","511N","511Na","512","521","521a"],"terminus":0,"mode":"bus","color":"#0059a9","colorDark":"#00294f","angle":243.2,"snapDist":2,"label":1}},{"type":"Feature","geometry":{"type":"Point","coordinates":[20.368222,44.716627]},"properties":{"name":"Stevana Filipovića","lines":"511, 511N, 511Na, 512, 521, 521a","arr":["511","511N","511Na","512","521","521a"],"terminus":0,"mode":"bus","color":"#0059a9","colorDark":"#00294f","angle":266.5,"snapDist":2,"label":1}},{"type":"Feature","geometry":{"type":"Point","coordinates":[20.368229,44.714679]},"properties":{"name":"Žikice Jovanovića","lines":"511, 511N, 511Na, 512, 521, 521a","arr":["511","511N","511Na","512","521","521a"],"terminus":0,"mode":"bus","color":"#0059a9","colorDark":"#00294f","angle":275.9,"snapDist":2,"label":1}},{"type":"Feature","geometry":{"type":"Point","coordinates":[20.37838,44.696634]},"properties":{"name":"Sare Bernar","lines":"511, 511N, 511Na, 512","arr":["511","511N","511Na","512"],"terminus":0,"mode":"bus","color":"#0059a9","colorDark":"#00294f","angle":260.2,"snapDist":2,"label":1}},{"type":"Feature","geometry":{"type":"Point","coordinates":[20.380611,44.692142]},"properties":{"name":"Gorica","lines":"511, 511N, 511Na, 512","arr":["511","511N","511Na","512"],"terminus":0,"mode":"bus","color":"#0059a9","colorDark":"#00294f","angle":260.9,"snapDist":6,"label":1}},{"type":"Feature","geometry":{"type":"Point","coordinates":[20.381562,44.687633]},"properties":{"name":"Sremčica /ulaz/","lines":"511, 511N, 511Na","arr":["511","511N","511Na"],"terminus":0,"mode":"bus","color":"#0059a9","colorDark":"#00294f","angle":257.2,"snapDist":6,"label":1}},{"type":"Feature","geometry":{"type":"Point","coordinates":[20.383652,44.683905]},"properties":{"name":"Šumske ekonomije","lines":"511, 511N, 511Na","arr":["511","511N","511Na"],"terminus":0,"mode":"bus","color":"#0059a9","colorDark":"#00294f","angle":239.8,"snapDist":5,"label":1}},{"type":"Feature","geometry":{"type":"Point","coordinates":[20.385189,44.682039]},"properties":{"name":"Obrenovačka","lines":"511, 511N, 511Na","arr":["511","511N","511Na"],"terminus":0,"mode":"bus","color":"#0059a9","colorDark":"#00294f","angle":239.5,"snapDist":7,"label":1}},{"type":"Feature","geometry":{"type":"Point","coordinates":[20.391099,44.67658]},"properties":{"name":"Sremčica (centar)","lines":"511, 511N, 511Na","arr":["511","511N","511Na"],"terminus":0,"mode":"bus","color":"#0059a9","colorDark":"#00294f","angle":225.6,"snapDist":7,"label":1}},{"type":"Feature","geometry":{"type":"Point","coordinates":[20.394238,44.673644]},"properties":{"name":"Jeličićev venac","lines":"511, 511N, 511Na","arr":["511","511N","511Na"],"terminus":0,"mode":"bus","color":"#0059a9","colorDark":"#00294f","angle":242.1,"snapDist":10,"label":1}},{"type":"Feature","geometry":{"type":"Point","coordinates":[20.396471,44.670481]},"properties":{"name":"Tomaška","lines":"511, 511N, 511Na","arr":["511","511N","511Na"],"terminus":0,"mode":"bus","color":"#0059a9","colorDark":"#00294f","angle":238.1,"snapDist":7,"label":1}},{"type":"Feature","geometry":{"type":"Point","coordinates":[20.399557,44.665449]},"properties":{"name":"Tesarska","lines":"511, 511N, 511Na","arr":["511","511N","511Na"],"terminus":0,"mode":"bus","color":"#0059a9","colorDark":"#00294f","angle":265.5,"snapDist":5,"label":1}},{"type":"Feature","geometry":{"type":"Point","coordinates":[20.398297,44.662928]},"properties":{"name":"Mirkovićeva","lines":"511, 511N, 511Na","arr":["511","511N","511Na"],"terminus":0,"mode":"bus","color":"#0059a9","colorDark":"#00294f","angle":293.2,"snapDist":4,"label":1}},{"type":"Feature","geometry":{"type":"Point","coordinates":[20.397672,44.659639]},"properties":{"name":"Vašarska","lines":"511, 511N, 511Na","arr":["511","511N","511Na"],"terminus":0,"mode":"bus","color":"#0059a9","colorDark":"#00294f","angle":264.8,"snapDist":5,"label":1}},{"type":"Feature","geometry":{"type":"Point","coordinates":[20.399496,44.655288]},"properties":{"name":"Sremčica /izlaz/","lines":"511, 511N, 511Na","arr":["511","511N","511Na"],"terminus":0,"mode":"bus","color":"#0059a9","colorDark":"#00294f","angle":243.1,"snapDist":4,"label":1}},{"type":"Feature","geometry":{"type":"Point","coordinates":[20.403913,44.650511]},"properties":{"name":"Sremčica","lines":"511, 511N, 511Na","arr":["511","511N","511Na"],"terminus":1,"mode":"bus","color":"#0059a9","colorDark":"#00294f","angle":223.2,"snapDist":7,"label":1}},{"type":"Feature","geometry":{"type":"Point","coordinates":[20.40382,44.65061]},"properties":{"name":"Sremčica","lines":"511, 511N, 511Na, 551","arr":["511","511N","511Na","551"],"terminus":1,"mode":"bus","color":"#0059a9","colorDark":"#00294f","angle":23.2,"snapDist":5,"label":0}},{"type":"Feature","geometry":{"type":"Point","coordinates":[20.398894,44.656021]},"properties":{"name":"Sremčica /izlaz/","lines":"511, 511N, 511Na","arr":["511","511N","511Na"],"terminus":0,"mode":"bus","color":"#0059a9","colorDark":"#00294f","angle":59.3,"snapDist":8,"label":0}},{"type":"Feature","geometry":{"type":"Point","coordinates":[20.397639,44.660411]},"properties":{"name":"Vašarska","lines":"511, 511N, 511Na","arr":["511","511N","511Na"],"terminus":0,"mode":"bus","color":"#0059a9","colorDark":"#00294f","angle":92.5,"snapDist":8,"label":0}},{"type":"Feature","geometry":{"type":"Point","coordinates":[20.398642,44.663382]},"properties":{"name":"Mirkovićeva","lines":"511, 511N, 511Na","arr":["511","511N","511Na"],"terminus":0,"mode":"bus","color":"#0059a9","colorDark":"#00294f","angle":120.5,"snapDist":7,"label":0}},{"type":"Feature","geometry":{"type":"Point","coordinates":[20.399513,44.665798]},"properties":{"name":"Tesarska","lines":"511, 511N, 511Na","arr":["511","511N","511Na"],"terminus":0,"mode":"bus","color":"#0059a9","colorDark":"#00294f","angle":84.8,"snapDist":7,"label":0}},{"type":"Feature","geometry":{"type":"Point","coordinates":[20.396208,44.670795]},"properties":{"name":"Tomaška","lines":"511, 511N, 511Na","arr":["511","511N","511Na"],"terminus":0,"mode":"bus","color":"#0059a9","colorDark":"#00294f","angle":60.3,"snapDist":9,"label":0}},{"type":"Feature","geometry":{"type":"Point","coordinates":[20.39397,44.673968]},"properties":{"name":"Jeličićev venac","lines":"511, 511N, 511Na","arr":["511","511N","511Na"],"terminus":0,"mode":"bus","color":"#0059a9","colorDark":"#00294f","angle":57.6,"snapDist":7,"label":0}},{"type":"Feature","geometry":{"type":"Point","coordinates":[20.390626,44.676966]},"properties":{"name":"Sremčica (centar)","lines":"511, 511N, 511Na","arr":["511","511N","511Na"],"terminus":0,"mode":"bus","color":"#0059a9","colorDark":"#00294f","angle":49.3,"snapDist":6,"label":0}},{"type":"Feature","geometry":{"type":"Point","coordinates":[20.385921,44.681143]},"properties":{"name":"Obrenovačka","lines":"511, 511N, 511Na","arr":["511","511N","511Na"],"terminus":0,"mode":"bus","color":"#0059a9","colorDark":"#00294f","angle":59.5,"snapDist":10,"label":0}},{"type":"Feature","geometry":{"type":"Point","coordinates":[20.382663,44.685479]},"properties":{"name":"Šumske ekonomije","lines":"511, 511N, 511Na","arr":["511","511N","511Na"],"terminus":0,"mode":"bus","color":"#0059a9","colorDark":"#00294f","angle":70.9,"snapDist":7,"label":0}},{"type":"Feature","geometry":{"type":"Point","coordinates":[20.381497,44.688648]},"properties":{"name":"Sremčica /ulaz/","lines":"511, 511N, 511Na, 512","arr":["511","511N","511Na","512"],"terminus":0,"mode":"bus","color":"#0059a9","colorDark":"#00294f","angle":87.7,"snapDist":8,"label":0}},{"type":"Feature","geometry":{"type":"Point","coordinates":[20.380283,44.693214]},"properties":{"name":"Gorica","lines":"511, 511N, 511Na, 512","arr":["511","511N","511Na","512"],"terminus":0,"mode":"bus","color":"#0059a9","colorDark":"#00294f","angle":72.5,"snapDist":11,"label":0}},{"type":"Feature","geometry":{"type":"Point","coordinates":[20.378219,44.69728]},"properties":{"name":"Sare Bernar","lines":"511, 511N, 511Na, 512","arr":["511","511N","511Na","512"],"terminus":0,"mode":"bus","color":"#0059a9","colorDark":"#00294f","angle":79.8,"snapDist":7,"label":0}},{"type":"Feature","geometry":{"type":"Point","coordinates":[20.368147,44.71411]},"properties":{"name":"Žikice Jovanovića","lines":"511, 511N, 511Na, 512","arr":["511","511N","511Na","512"],"terminus":0,"mode":"bus","color":"#0059a9","colorDark":"#00294f","angle":94.8,"snapDist":8,"label":0}},{"type":"Feature","geometry":{"type":"Point","coordinates":[20.368147,44.717631]},"properties":{"name":"Stevana Filipovića","lines":"511, 511N, 511Na, 512, 521, 521a","arr":["511","511N","511Na","512","521","521a"],"terminus":0,"mode":"bus","color":"#0059a9","colorDark":"#00294f","angle":87.1,"snapDist":6,"label":0}},{"type":"Feature","geometry":{"type":"Point","coordinates":[20.367238,44.720684]},"properties":{"name":"Železnička rampa","lines":"511, 511N, 511Na, 512, 521, 521a","arr":["511","511N","511Na","512","521","521a"],"terminus":0,"mode":"bus","color":"#0059a9","colorDark":"#00294f","angle":63.8,"snapDist":7,"label":0}},{"type":"Feature","geometry":{"type":"Point","coordinates":[20.368817,44.723139]},"properties":{"name":"Nićiforovićeva","lines":"511, 511N, 511Na, 512, 521, 521a","arr":["511","511N","511Na","512","521","521a"],"terminus":0,"mode":"bus","color":"#0059a9","colorDark":"#00294f","angle":115.2,"snapDist":4,"label":0}},{"type":"Feature","geometry":{"type":"Point","coordinates":[20.369944,44.726113]},"properties":{"name":"Svete Milutinovića","lines":"511N, 511Na, 512, 521, 521a","arr":["511N","511Na","512","521","521a"],"terminus":0,"mode":"bus","color":"#0059a9","colorDark":"#00294f","angle":248.4,"snapDist":6,"label":0}},{"type":"Feature","geometry":{"type":"Point","coordinates":[20.413702,44.768206]},"properties":{"name":"Banovo brdo","lines":"512, 531, 531a, 532, 532a, 533","arr":["512","531","531a","532","532a","533"],"terminus":1,"mode":"bus","color":"#0059a9","colorDark":"#00294f","angle":98.9,"snapDist":7,"label":0}},{"type":"Feature","geometry":{"type":"Point","coordinates":[20.38198,44.68805]},"properties":{"name":"Sremčica /ulaz/","lines":"512, 513","arr":["512","513"],"terminus":0,"mode":"bus","color":"#0059a9","colorDark":"#00294f","angle":163.2,"snapDist":1,"label":0}},{"type":"Feature","geometry":{"type":"Point","coordinates":[20.384755,44.689187]},"properties":{"name":"Sremčica /Naselje Gorica/","lines":"512, 513","arr":["512","513"],"terminus":1,"mode":"bus","color":"#0059a9","colorDark":"#00294f","angle":338,"snapDist":8,"label":1}},{"type":"Feature","geometry":{"type":"Point","coordinates":[20.380856,44.68791]},"properties":{"name":"Sremčica /ulaz/","lines":"513","arr":["513"],"terminus":0,"mode":"bus","color":"#0059a9","colorDark":"#00294f","angle":352.5,"snapDist":5,"label":0}},{"type":"Feature","geometry":{"type":"Point","coordinates":[20.374095,44.687718]},"properties":{"name":"Moštanička (Novo naselje)","lines":"513","arr":["513"],"terminus":0,"mode":"bus","color":"#0059a9","colorDark":"#00294f","angle":32.7,"snapDist":8,"label":1}},{"type":"Feature","geometry":{"type":"Point","coordinates":[20.359896,44.684591]},"properties":{"name":"Velika Moštanica /groblje/","lines":"513","arr":["513"],"terminus":0,"mode":"bus","color":"#0059a9","colorDark":"#00294f","angle":335.1,"snapDist":1,"label":1}},{"type":"Feature","geometry":{"type":"Point","coordinates":[20.353988,44.683361]},"properties":{"name":"Velika Moštanica /ulaz/","lines":"513","arr":["513"],"terminus":0,"mode":"bus","color":"#0059a9","colorDark":"#00294f","angle":326.5,"snapDist":0,"label":1}},{"type":"Feature","geometry":{"type":"Point","coordinates":[20.352573,44.680617]},"properties":{"name":"Dobrivoja Jovanovića 2.deo","lines":"513","arr":["513"],"terminus":0,"mode":"bus","color":"#0059a9","colorDark":"#00294f","angle":284.4,"snapDist":1,"label":1}},{"type":"Feature","geometry":{"type":"Point","coordinates":[20.351962,44.677773]},"properties":{"name":"Dobrivoja Jovanovića /igralište/","lines":"513","arr":["513"],"terminus":0,"mode":"bus","color":"#0059a9","colorDark":"#00294f","angle":260.8,"snapDist":5,"label":1}},{"type":"Feature","geometry":{"type":"Point","coordinates":[20.351723,44.673859]},"properties":{"name":"Dobrivoja Jovanovića","lines":"513, 551","arr":["513","551"],"terminus":0,"mode":"bus","color":"#0059a9","colorDark":"#00294f","angle":242.6,"snapDist":7,"label":1}},{"type":"Feature","geometry":{"type":"Point","coordinates":[20.35285,44.669554]},"properties":{"name":"MZ Velika Moštanica","lines":"513, 551","arr":["513","551"],"terminus":0,"mode":"bus","color":"#0059a9","colorDark":"#00294f","angle":265.3,"snapDist":3,"label":1}},{"type":"Feature","geometry":{"type":"Point","coordinates":[20.353493,44.665171]},"properties":{"name":"V. Moštanica /centar/","lines":"513, 551","arr":["513","551"],"terminus":0,"mode":"bus","color":"#0059a9","colorDark":"#00294f","angle":257.6,"snapDist":6,"label":1}},{"type":"Feature","geometry":{"type":"Point","coordinates":[20.355358,44.668153]},"properties":{"name":"FK Moštanica","lines":"513","arr":["513"],"terminus":0,"mode":"bus","color":"#0059a9","colorDark":"#00294f","angle":110.6,"snapDist":1,"label":1}},{"type":"Feature","geometry":{"type":"Point","coordinates":[20.357341,44.670748]},"properties":{"name":"Živojina Tabakovića (Srednji kraj)","lines":"513","arr":["513"],"terminus":0,"mode":"bus","color":"#0059a9","colorDark":"#00294f","angle":142.1,"snapDist":2,"label":1}},{"type":"Feature","geometry":{"type":"Point","coordinates":[20.360697,44.674069]},"properties":{"name":"Velika Moštanica (Živojina Tabakovića)","lines":"513","arr":["513"],"terminus":1,"mode":"bus","color":"#0059a9","colorDark":"#00294f","angle":105.7,"snapDist":2,"label":1}},{"type":"Feature","geometry":{"type":"Point","coordinates":[20.357357,44.670757]},"properties":{"name":"Živojina Tabakovića (Srednji kraj)","lines":"513","arr":["513"],"terminus":0,"mode":"bus","color":"#0059a9","colorDark":"#00294f","angle":322.1,"snapDist":6,"label":0}},{"type":"Feature","geometry":{"type":"Point","coordinates":[20.355313,44.668068]},"properties":{"name":"FK Moštanica","lines":"513","arr":["513"],"terminus":0,"mode":"bus","color":"#0059a9","colorDark":"#00294f","angle":290.6,"snapDist":7,"label":0}},{"type":"Feature","geometry":{"type":"Point","coordinates":[20.35329,44.66588]},"properties":{"name":"V. Moštanica /centar/","lines":"513, 551","arr":["513","551"],"terminus":0,"mode":"bus","color":"#0059a9","colorDark":"#00294f","angle":79.3,"snapDist":6,"label":0}},{"type":"Feature","geometry":{"type":"Point","coordinates":[20.352783,44.669937]},"properties":{"name":"MZ Velika Moštanica","lines":"513, 551","arr":["513","551"],"terminus":0,"mode":"bus","color":"#0059a9","colorDark":"#00294f","angle":82.6,"snapDist":7,"label":0}},{"type":"Feature","geometry":{"type":"Point","coordinates":[20.351763,44.6737]},"properties":{"name":"Dobrivoja Jovanovića","lines":"513, 551","arr":["513","551"],"terminus":0,"mode":"bus","color":"#0059a9","colorDark":"#00294f","angle":87.6,"snapDist":7,"label":0}},{"type":"Feature","geometry":{"type":"Point","coordinates":[20.351982,44.678528]},"properties":{"name":"Dobrivoja Jovanovića /igralište/","lines":"513","arr":["513"],"terminus":0,"mode":"bus","color":"#0059a9","colorDark":"#00294f","angle":100.5,"snapDist":6,"label":0}},{"type":"Feature","geometry":{"type":"Point","coordinates":[20.352846,44.681295]},"properties":{"name":"Dobrivoja Jovanovića 2.deo","lines":"513","arr":["513"],"terminus":0,"mode":"bus","color":"#0059a9","colorDark":"#00294f","angle":107.3,"snapDist":6,"label":0}},{"type":"Feature","geometry":{"type":"Point","coordinates":[20.354716,44.683655]},"properties":{"name":"Velika Moštanica /izlaz/","lines":"513","arr":["513"],"terminus":0,"mode":"bus","color":"#0059a9","colorDark":"#00294f","angle":151.8,"snapDist":6,"label":1}},{"type":"Feature","geometry":{"type":"Point","coordinates":[20.360059,44.684672]},"properties":{"name":"Velika Moštanica /groblje/","lines":"513","arr":["513"],"terminus":0,"mode":"bus","color":"#0059a9","colorDark":"#00294f","angle":142,"snapDist":7,"label":0}},{"type":"Feature","geometry":{"type":"Point","coordinates":[20.374782,44.687438]},"properties":{"name":"Moštanička (Novo naselje)","lines":"513","arr":["513"],"terminus":0,"mode":"bus","color":"#0059a9","colorDark":"#00294f","angle":203.1,"snapDist":6,"label":0}},{"type":"Feature","geometry":{"type":"Point","coordinates":[20.420716,44.731624]},"properties":{"name":"Vidikovac","lines":"521, 521a","arr":["521","521a"],"terminus":1,"mode":"bus","color":"#0059a9","colorDark":"#00294f","angle":186.4,"snapDist":9,"label":0}},{"type":"Feature","geometry":{"type":"Point","coordinates":[20.373755,44.714693]},"properties":{"name":"Đure Jakšića","lines":"521, 521a","arr":["521","521a"],"terminus":0,"mode":"bus","color":"#0059a9","colorDark":"#00294f","angle":196.8,"snapDist":2,"label":1}},{"type":"Feature","geometry":{"type":"Point","coordinates":[20.376242,44.713833]},"properties":{"name":"Gradine","lines":"521, 521a","arr":["521","521a"],"terminus":0,"mode":"bus","color":"#0059a9","colorDark":"#00294f","angle":193.4,"snapDist":6,"label":1}},{"type":"Feature","geometry":{"type":"Point","coordinates":[20.378748,44.713028]},"properties":{"name":"Železnik /Tariš/","lines":"521, 521a","arr":["521","521a"],"terminus":1,"mode":"bus","color":"#0059a9","colorDark":"#00294f","angle":208.3,"snapDist":2,"label":1}},{"type":"Feature","geometry":{"type":"Point","coordinates":[20.378479,44.713131]},"properties":{"name":"Železnik /Tariš/","lines":"521, 521a","arr":["521","521a"],"terminus":1,"mode":"bus","color":"#0059a9","colorDark":"#00294f","angle":28.3,"snapDist":6,"label":0}},{"type":"Feature","geometry":{"type":"Point","coordinates":[20.375303,44.714124]},"properties":{"name":"Gradine","lines":"521, 521a","arr":["521","521a"],"terminus":0,"mode":"bus","color":"#0059a9","colorDark":"#00294f","angle":35.5,"snapDist":8,"label":0}},{"type":"Feature","geometry":{"type":"Point","coordinates":[20.373376,44.714774]},"properties":{"name":"Đure Jakšića","lines":"521, 521a","arr":["521","521a"],"terminus":0,"mode":"bus","color":"#0059a9","colorDark":"#00294f","angle":16.8,"snapDist":7,"label":0}},{"type":"Feature","geometry":{"type":"Point","coordinates":[20.368712,44.714334]},"properties":{"name":"Žikice Jovanovića","lines":"521, 521a","arr":["521","521a"],"terminus":0,"mode":"bus","color":"#0059a9","colorDark":"#00294f","angle":357.9,"snapDist":2,"label":0}},{"type":"Feature","geometry":{"type":"Point","coordinates":[20.372846,44.711986]},"properties":{"name":"Bora Kečić","lines":"521a","arr":["521a"],"terminus":0,"mode":"bus","color":"#0059a9","colorDark":"#00294f","angle":196.7,"snapDist":16,"label":1}},{"type":"Feature","geometry":{"type":"Point","coordinates":[20.399813,44.720966]},"properties":{"name":"Petra Drapšina (prilaz)","lines":"522","arr":["522"],"terminus":0,"mode":"bus","color":"#0059a9","colorDark":"#00294f","angle":292.4,"snapDist":1,"label":1}},{"type":"Feature","geometry":{"type":"Point","coordinates":[20.397149,44.720838]},"properties":{"name":"Petra Drapšina","lines":"522","arr":["522"],"terminus":0,"mode":"bus","color":"#0059a9","colorDark":"#00294f","angle":17.2,"snapDist":8,"label":1}},{"type":"Feature","geometry":{"type":"Point","coordinates":[20.393523,44.721756]},"properties":{"name":"Petra Drapšina 2","lines":"522","arr":["522"],"terminus":0,"mode":"bus","color":"#0059a9","colorDark":"#00294f","angle":27.6,"snapDist":3,"label":1}},{"type":"Feature","geometry":{"type":"Point","coordinates":[20.390741,44.723467]},"properties":{"name":"Petra Drapšina 3","lines":"522","arr":["522"],"terminus":0,"mode":"bus","color":"#0059a9","colorDark":"#00294f","angle":25.2,"snapDist":2,"label":1}},{"type":"Feature","geometry":{"type":"Point","coordinates":[20.386421,44.724968]},"properties":{"name":"Čede Zlatanovića","lines":"522","arr":["522"],"terminus":0,"mode":"bus","color":"#0059a9","colorDark":"#00294f","angle":350.3,"snapDist":1,"label":1}},{"type":"Feature","geometry":{"type":"Point","coordinates":[20.383217,44.723154]},"properties":{"name":"Branka Radičevića","lines":"522","arr":["522"],"terminus":0,"mode":"bus","color":"#0059a9","colorDark":"#00294f","angle":15.4,"snapDist":6,"label":1}},{"type":"Feature","geometry":{"type":"Point","coordinates":[20.379756,44.724375]},"properties":{"name":"Milorada Ćirića","lines":"522","arr":["522"],"terminus":0,"mode":"bus","color":"#0059a9","colorDark":"#00294f","angle":23.3,"snapDist":4,"label":1}},{"type":"Feature","geometry":{"type":"Point","coordinates":[20.376605,44.724946]},"properties":{"name":"Ilije Čalića","lines":"522","arr":["522"],"terminus":0,"mode":"bus","color":"#0059a9","colorDark":"#00294f","angle":13,"snapDist":1,"label":1}},{"type":"Feature","geometry":{"type":"Point","coordinates":[20.373893,44.72456]},"properties":{"name":"Milana Praizovića","lines":"522","arr":["522"],"terminus":0,"mode":"bus","color":"#0059a9","colorDark":"#00294f","angle":4.9,"snapDist":0,"label":1}},{"type":"Feature","geometry":{"type":"Point","coordinates":[20.421148,44.73083]},"properties":{"name":"Labudovo brdo","lines":"534","arr":["534"],"terminus":0,"mode":"bus","color":"#0059a9","colorDark":"#00294f","angle":255.2,"snapDist":2,"label":0}},{"type":"Feature","geometry":{"type":"Point","coordinates":[20.427735,44.682829]},"properties":{"name":"Novo naselje (Rušanj)","lines":"534","arr":["534"],"terminus":0,"mode":"bus","color":"#0059a9","colorDark":"#00294f","angle":237.5,"snapDist":5,"label":1}},{"type":"Feature","geometry":{"type":"Point","coordinates":[20.46252,44.634277]},"properties":{"name":"Timočki put","lines":"534","arr":["534"],"terminus":0,"mode":"bus","color":"#0059a9","colorDark":"#00294f","angle":229.1,"snapDist":2,"label":0}},{"type":"Feature","geometry":{"type":"Point","coordinates":[20.466507,44.630084]},"properties":{"name":"Lipovački put","lines":"534","arr":["534"],"terminus":0,"mode":"bus","color":"#0059a9","colorDark":"#00294f","angle":229.2,"snapDist":5,"label":1}},{"type":"Feature","geometry":{"type":"Point","coordinates":[20.469754,44.626742]},"properties":{"name":"Put za Ćumurane","lines":"534","arr":["534"],"terminus":0,"mode":"bus","color":"#0059a9","colorDark":"#00294f","angle":246,"snapDist":4,"label":1}},{"type":"Feature","geometry":{"type":"Point","coordinates":[20.520494,44.637957]},"properties":{"name":"Ripanj /centar/","lines":"534","arr":["534"],"terminus":0,"mode":"bus","color":"#0059a9","colorDark":"#00294f","angle":93.1,"snapDist":8,"label":0}},{"type":"Feature","geometry":{"type":"Point","coordinates":[20.520724,44.639447]},"properties":{"name":"MZ Ripanj","lines":"534","arr":["534"],"terminus":0,"mode":"bus","color":"#0059a9","colorDark":"#00294f","angle":111.5,"snapDist":2,"label":1}},{"type":"Feature","geometry":{"type":"Point","coordinates":[20.522051,44.64273]},"properties":{"name":"Put za Kalajdžiće","lines":"534","arr":["534"],"terminus":0,"mode":"bus","color":"#0059a9","colorDark":"#00294f","angle":95.2,"snapDist":6,"label":1}},{"type":"Feature","geometry":{"type":"Point","coordinates":[20.522226,44.645622]},"properties":{"name":"Put za Nestoroviće","lines":"534","arr":["534"],"terminus":0,"mode":"bus","color":"#0059a9","colorDark":"#00294f","angle":84.1,"snapDist":5,"label":1}},{"type":"Feature","geometry":{"type":"Point","coordinates":[20.521966,44.64789]},"properties":{"name":"Ripanj /groblje/","lines":"534","arr":["534"],"terminus":1,"mode":"bus","color":"#0059a9","colorDark":"#00294f","angle":266.6,"snapDist":1,"label":1}},{"type":"Feature","geometry":{"type":"Point","coordinates":[20.522253,44.645433]},"properties":{"name":"Put za Nestoroviće","lines":"534","arr":["534"],"terminus":0,"mode":"bus","color":"#0059a9","colorDark":"#00294f","angle":264.1,"snapDist":1,"label":0}},{"type":"Feature","geometry":{"type":"Point","coordinates":[20.521988,44.642248]},"properties":{"name":"Put za Kalajdžiće","lines":"534","arr":["534"],"terminus":0,"mode":"bus","color":"#0059a9","colorDark":"#00294f","angle":275.2,"snapDist":2,"label":0}},{"type":"Feature","geometry":{"type":"Point","coordinates":[20.520893,44.639752]},"properties":{"name":"MZ Ripanj","lines":"534","arr":["534"],"terminus":0,"mode":"bus","color":"#0059a9","colorDark":"#00294f","angle":291.5,"snapDist":5,"label":0}},{"type":"Feature","geometry":{"type":"Point","coordinates":[20.520497,44.637992]},"properties":{"name":"Ripanj /centar/","lines":"534","arr":["534"],"terminus":0,"mode":"bus","color":"#0059a9","colorDark":"#00294f","angle":273.1,"snapDist":8,"label":0}},{"type":"Feature","geometry":{"type":"Point","coordinates":[20.469516,44.627067]},"properties":{"name":"Put za Ćumurane","lines":"534","arr":["534"],"terminus":0,"mode":"bus","color":"#0059a9","colorDark":"#00294f","angle":60.7,"snapDist":5,"label":0}},{"type":"Feature","geometry":{"type":"Point","coordinates":[20.466844,44.629806]},"properties":{"name":"Lipovački put","lines":"534","arr":["534"],"terminus":0,"mode":"bus","color":"#0059a9","colorDark":"#00294f","angle":49.2,"snapDist":2,"label":0}},{"type":"Feature","geometry":{"type":"Point","coordinates":[20.46192,44.634769]},"properties":{"name":"Timočki put","lines":"534","arr":["534"],"terminus":0,"mode":"bus","color":"#0059a9","colorDark":"#00294f","angle":48.4,"snapDist":2,"label":0}},{"type":"Feature","geometry":{"type":"Point","coordinates":[20.421123,44.730898]},"properties":{"name":"Labudovo brdo","lines":"534","arr":["534"],"terminus":0,"mode":"bus","color":"#0059a9","colorDark":"#00294f","angle":75.2,"snapDist":12,"label":0}},{"type":"Feature","geometry":{"type":"Point","coordinates":[20.423965,44.743833]},"properties":{"name":"Pilota Mihaila Petrovića","lines":"534","arr":["534"],"terminus":0,"mode":"bus","color":"#0059a9","colorDark":"#00294f","angle":15.4,"snapDist":5,"label":1}},{"type":"Feature","geometry":{"type":"Point","coordinates":[20.321104,44.733562]},"properties":{"name":"Ostružnica 1","lines":"551, 553","arr":["551","553"],"terminus":0,"mode":"bus","color":"#0059a9","colorDark":"#00294f","angle":320.1,"snapDist":10,"label":1}},{"type":"Feature","geometry":{"type":"Point","coordinates":[20.314632,44.723663]},"properties":{"name":"Ostružnica 2","lines":"551, 553","arr":["551","553"],"terminus":0,"mode":"bus","color":"#0059a9","colorDark":"#00294f","angle":274.1,"snapDist":10,"label":1}},{"type":"Feature","geometry":{"type":"Point","coordinates":[20.316981,44.696518]},"properties":{"name":"Pećani","lines":"551, 553","arr":["551","553"],"terminus":0,"mode":"bus","color":"#0059a9","colorDark":"#00294f","angle":290.3,"snapDist":12,"label":1}},{"type":"Feature","geometry":{"type":"Point","coordinates":[20.311681,44.689518]},"properties":{"name":"Zelengora","lines":"551, 553","arr":["551","553"],"terminus":0,"mode":"bus","color":"#0059a9","colorDark":"#00294f","angle":299.4,"snapDist":9,"label":1}},{"type":"Feature","geometry":{"type":"Point","coordinates":[20.304813,44.679908]},"properties":{"name":"Umka - centar","lines":"551","arr":["551"],"terminus":0,"mode":"bus","color":"#0059a9","colorDark":"#00294f","angle":212.3,"snapDist":3,"label":1}},{"type":"Feature","geometry":{"type":"Point","coordinates":[20.312261,44.685233]},"properties":{"name":"Umka - izlaz","lines":"551","arr":["551"],"terminus":0,"mode":"bus","color":"#0059a9","colorDark":"#00294f","angle":120.8,"snapDist":6,"label":1}},{"type":"Feature","geometry":{"type":"Point","coordinates":[20.315232,44.688063]},"properties":{"name":"Moračko brdo","lines":"551","arr":["551"],"terminus":0,"mode":"bus","color":"#0059a9","colorDark":"#00294f","angle":134,"snapDist":4,"label":1}},{"type":"Feature","geometry":{"type":"Point","coordinates":[20.319135,44.690385]},"properties":{"name":"Umka - Karađorđeva","lines":"551","arr":["551"],"terminus":0,"mode":"bus","color":"#0059a9","colorDark":"#00294f","angle":131.3,"snapDist":5,"label":1}},{"type":"Feature","geometry":{"type":"Point","coordinates":[20.323773,44.697298]},"properties":{"name":"Blagoja Rankovića","lines":"551","arr":["551"],"terminus":0,"mode":"bus","color":"#0059a9","colorDark":"#00294f","angle":84.8,"snapDist":10,"label":1}},{"type":"Feature","geometry":{"type":"Point","coordinates":[20.33071,44.692813]},"properties":{"name":"Pećani /škola/","lines":"551","arr":["551"],"terminus":0,"mode":"bus","color":"#0059a9","colorDark":"#00294f","angle":226.1,"snapDist":5,"label":1}},{"type":"Feature","geometry":{"type":"Point","coordinates":[20.336503,44.690091]},"properties":{"name":"Pećani (groblje)","lines":"551","arr":["551"],"terminus":0,"mode":"bus","color":"#0059a9","colorDark":"#00294f","angle":202.4,"snapDist":3,"label":1}},{"type":"Feature","geometry":{"type":"Point","coordinates":[20.340719,44.684023]},"properties":{"name":"V. Moštanica - crkva","lines":"551","arr":["551"],"terminus":0,"mode":"bus","color":"#0059a9","colorDark":"#00294f","angle":249.6,"snapDist":6,"label":1}},{"type":"Feature","geometry":{"type":"Point","coordinates":[20.345349,44.677076]},"properties":{"name":"V. Moštanica - ekonom.","lines":"551","arr":["551"],"terminus":0,"mode":"bus","color":"#0059a9","colorDark":"#00294f","angle":258.6,"snapDist":5,"label":1}},{"type":"Feature","geometry":{"type":"Point","coordinates":[20.357545,44.661385]},"properties":{"name":"Milije Marinkovića","lines":"551","arr":["551"],"terminus":0,"mode":"bus","color":"#0059a9","colorDark":"#00294f","angle":214.5,"snapDist":4,"label":1}},{"type":"Feature","geometry":{"type":"Point","coordinates":[20.360077,44.657679]},"properties":{"name":"Stanićeva","lines":"551","arr":["551"],"terminus":0,"mode":"bus","color":"#0059a9","colorDark":"#00294f","angle":241.9,"snapDist":3,"label":1}},{"type":"Feature","geometry":{"type":"Point","coordinates":[20.365902,44.654983]},"properties":{"name":"Lipovačka","lines":"551","arr":["551"],"terminus":0,"mode":"bus","color":"#0059a9","colorDark":"#00294f","angle":206.7,"snapDist":2,"label":1}},{"type":"Feature","geometry":{"type":"Point","coordinates":[20.371538,44.650193]},"properties":{"name":"Radovanovićevo","lines":"551","arr":["551"],"terminus":0,"mode":"bus","color":"#0059a9","colorDark":"#00294f","angle":246.3,"snapDist":4,"label":1}},{"type":"Feature","geometry":{"type":"Point","coordinates":[20.378082,44.644003]},"properties":{"name":"Veliki trafo","lines":"551","arr":["551"],"terminus":0,"mode":"bus","color":"#0059a9","colorDark":"#00294f","angle":237.7,"snapDist":6,"label":1}},{"type":"Feature","geometry":{"type":"Point","coordinates":[20.378281,44.639234]},"properties":{"name":"Mali trafo","lines":"551","arr":["551"],"terminus":0,"mode":"bus","color":"#0059a9","colorDark":"#00294f","angle":267,"snapDist":5,"label":1}},{"type":"Feature","geometry":{"type":"Point","coordinates":[20.381894,44.633357]},"properties":{"name":"Velika Moštanica - M","lines":"551","arr":["551"],"terminus":0,"mode":"bus","color":"#0059a9","colorDark":"#00294f","angle":244,"snapDist":4,"label":1}},{"type":"Feature","geometry":{"type":"Point","coordinates":[20.412023,44.63711]},"properties":{"name":"Lipovica (policija)","lines":"551","arr":["551"],"terminus":0,"mode":"bus","color":"#0059a9","colorDark":"#00294f","angle":105.6,"snapDist":5,"label":1}},{"type":"Feature","geometry":{"type":"Point","coordinates":[20.404411,44.650162]},"properties":{"name":"Sremčica","lines":"551","arr":["551"],"terminus":1,"mode":"bus","color":"#0059a9","colorDark":"#00294f","angle":223.5,"snapDist":6,"label":0}},{"type":"Feature","geometry":{"type":"Point","coordinates":[20.411927,44.636908]},"properties":{"name":"Lipovica (policija)","lines":"551","arr":["551"],"terminus":0,"mode":"bus","color":"#0059a9","colorDark":"#00294f","angle":290.9,"snapDist":8,"label":0}},{"type":"Feature","geometry":{"type":"Point","coordinates":[20.381583,44.634209]},"properties":{"name":"Velika Moštanica - M","lines":"551","arr":["551"],"terminus":0,"mode":"bus","color":"#0059a9","colorDark":"#00294f","angle":77.4,"snapDist":6,"label":0}},{"type":"Feature","geometry":{"type":"Point","coordinates":[20.378306,44.639715]},"properties":{"name":"Mali trafo","lines":"551","arr":["551"],"terminus":0,"mode":"bus","color":"#0059a9","colorDark":"#00294f","angle":100.5,"snapDist":5,"label":0}},{"type":"Feature","geometry":{"type":"Point","coordinates":[20.377871,44.644235]},"properties":{"name":"Veliki trafo","lines":"551","arr":["551"],"terminus":0,"mode":"bus","color":"#0059a9","colorDark":"#00294f","angle":53.2,"snapDist":7,"label":0}},{"type":"Feature","geometry":{"type":"Point","coordinates":[20.37127,44.650628]},"properties":{"name":"Radovanovićevo","lines":"551","arr":["551"],"terminus":0,"mode":"bus","color":"#0059a9","colorDark":"#00294f","angle":66.3,"snapDist":8,"label":0}},{"type":"Feature","geometry":{"type":"Point","coordinates":[20.365581,44.655098]},"properties":{"name":"Lipovačka","lines":"551","arr":["551"],"terminus":0,"mode":"bus","color":"#0059a9","colorDark":"#00294f","angle":26.7,"snapDist":5,"label":0}},{"type":"Feature","geometry":{"type":"Point","coordinates":[20.360478,44.657312]},"properties":{"name":"Stanićeva","lines":"551","arr":["551"],"terminus":0,"mode":"bus","color":"#0059a9","colorDark":"#00294f","angle":47.6,"snapDist":12,"label":0}},{"type":"Feature","geometry":{"type":"Point","coordinates":[20.358343,44.660846]},"properties":{"name":"Milije Marinkovića","lines":"551","arr":["551"],"terminus":0,"mode":"bus","color":"#0059a9","colorDark":"#00294f","angle":52.4,"snapDist":8,"label":0}},{"type":"Feature","geometry":{"type":"Point","coordinates":[20.345293,44.677274]},"properties":{"name":"V. Moštanica - ekonom.","lines":"551","arr":["551"],"terminus":0,"mode":"bus","color":"#0059a9","colorDark":"#00294f","angle":78.6,"snapDist":3,"label":0}},{"type":"Feature","geometry":{"type":"Point","coordinates":[20.340686,44.684086]},"properties":{"name":"V. Moštanica - crkva","lines":"551","arr":["551"],"terminus":0,"mode":"bus","color":"#0059a9","colorDark":"#00294f","angle":69.6,"snapDist":5,"label":0}},{"type":"Feature","geometry":{"type":"Point","coordinates":[20.335899,44.690271]},"properties":{"name":"Pećani (groblje)","lines":"551","arr":["551"],"terminus":0,"mode":"bus","color":"#0059a9","colorDark":"#00294f","angle":23,"snapDist":6,"label":0}},{"type":"Feature","geometry":{"type":"Point","coordinates":[20.33114,44.692509]},"properties":{"name":"Pećani /škola/","lines":"551","arr":["551"],"terminus":0,"mode":"bus","color":"#0059a9","colorDark":"#00294f","angle":44.6,"snapDist":6,"label":0}},{"type":"Feature","geometry":{"type":"Point","coordinates":[20.323726,44.697673]},"properties":{"name":"Blagoja Rankovića","lines":"551","arr":["551"],"terminus":0,"mode":"bus","color":"#0059a9","colorDark":"#00294f","angle":264.8,"snapDist":4,"label":0}},{"type":"Feature","geometry":{"type":"Point","coordinates":[20.319472,44.690727]},"properties":{"name":"Umka - Karađorđeva","lines":"551","arr":["551"],"terminus":0,"mode":"bus","color":"#0059a9","colorDark":"#00294f","angle":297.6,"snapDist":6,"label":0}},{"type":"Feature","geometry":{"type":"Point","coordinates":[20.315089,44.687957]},"properties":{"name":"Moračko brdo","lines":"551","arr":["551"],"terminus":0,"mode":"bus","color":"#0059a9","colorDark":"#00294f","angle":309.3,"snapDist":4,"label":0}},{"type":"Feature","geometry":{"type":"Point","coordinates":[20.312409,44.68545]},"properties":{"name":"Umka-izlaz","lines":"551","arr":["551"],"terminus":0,"mode":"bus","color":"#0059a9","colorDark":"#00294f","angle":290.5,"snapDist":6,"label":1}},{"type":"Feature","geometry":{"type":"Point","coordinates":[20.305301,44.681191]},"properties":{"name":"Umka-centar","lines":"551, 553, 860N","arr":["551","553","860N"],"terminus":0,"mode":"bus","color":"#0059a9","colorDark":"#00294f","angle":90,"snapDist":5,"label":1}},{"type":"Feature","geometry":{"type":"Point","coordinates":[20.311921,44.689804]},"properties":{"name":"Zelengora","lines":"551, 553","arr":["551","553"],"terminus":0,"mode":"bus","color":"#0059a9","colorDark":"#00294f","angle":118.9,"snapDist":10,"label":0}},{"type":"Feature","geometry":{"type":"Point","coordinates":[20.317556,44.697774]},"properties":{"name":"Pećani","lines":"551, 553","arr":["551","553"],"terminus":0,"mode":"bus","color":"#0059a9","colorDark":"#00294f","angle":106,"snapDist":10,"label":0}},{"type":"Feature","geometry":{"type":"Point","coordinates":[20.314546,44.722569]},"properties":{"name":"Ostružnica 2","lines":"551, 553","arr":["551","553"],"terminus":0,"mode":"bus","color":"#0059a9","colorDark":"#00294f","angle":91.8,"snapDist":13,"label":0}},{"type":"Feature","geometry":{"type":"Point","coordinates":[20.320945,44.733468]},"properties":{"name":"Ostružnica 1","lines":"551, 553","arr":["551","553"],"terminus":0,"mode":"bus","color":"#0059a9","colorDark":"#00294f","angle":140.1,"snapDist":9,"label":0}},{"type":"Feature","geometry":{"type":"Point","coordinates":[20.303369,44.678446]},"properties":{"name":"Umka - centar","lines":"553, 860N","arr":["553","860N"],"terminus":0,"mode":"bus","color":"#0059a9","colorDark":"#00294f","angle":286.3,"snapDist":6,"label":0}},{"type":"Feature","geometry":{"type":"Point","coordinates":[20.302562,44.675513]},"properties":{"name":"Rucka 1","lines":"553","arr":["553"],"terminus":0,"mode":"bus","color":"#0059a9","colorDark":"#00294f","angle":237.4,"snapDist":6,"label":1}},{"type":"Feature","geometry":{"type":"Point","coordinates":[20.304713,44.671438]},"properties":{"name":"Rucka 2","lines":"553","arr":["553"],"terminus":0,"mode":"bus","color":"#0059a9","colorDark":"#00294f","angle":259.5,"snapDist":4,"label":1}},{"type":"Feature","geometry":{"type":"Point","coordinates":[20.306127,44.664248]},"properties":{"name":"Rucka 3","lines":"553","arr":["553"],"terminus":0,"mode":"bus","color":"#0059a9","colorDark":"#00294f","angle":238.3,"snapDist":3,"label":1}},{"type":"Feature","geometry":{"type":"Point","coordinates":[20.309786,44.661044]},"properties":{"name":"Rucka 4","lines":"553","arr":["553"],"terminus":0,"mode":"bus","color":"#0059a9","colorDark":"#00294f","angle":222.7,"snapDist":3,"label":1}},{"type":"Feature","geometry":{"type":"Point","coordinates":[20.315068,44.655913]},"properties":{"name":"Rucka /Okretnica/","lines":"553","arr":["553"],"terminus":1,"mode":"bus","color":"#0059a9","colorDark":"#00294f","angle":238.3,"snapDist":5,"label":1}},{"type":"Feature","geometry":{"type":"Point","coordinates":[20.309736,44.661076]},"properties":{"name":"Rucka 4","lines":"553","arr":["553"],"terminus":0,"mode":"bus","color":"#0059a9","colorDark":"#00294f","angle":42.7,"snapDist":5,"label":0}},{"type":"Feature","geometry":{"type":"Point","coordinates":[20.305968,44.664433]},"properties":{"name":"Rucka 3","lines":"553","arr":["553"],"terminus":0,"mode":"bus","color":"#0059a9","colorDark":"#00294f","angle":58.8,"snapDist":6,"label":0}},{"type":"Feature","geometry":{"type":"Point","coordinates":[20.304662,44.671637]},"properties":{"name":"Rucka 2","lines":"553","arr":["553"],"terminus":0,"mode":"bus","color":"#0059a9","colorDark":"#00294f","angle":79.6,"snapDist":7,"label":0}},{"type":"Feature","geometry":{"type":"Point","coordinates":[20.302365,44.675711]},"properties":{"name":"Rucka 1","lines":"553","arr":["553"],"terminus":0,"mode":"bus","color":"#0059a9","colorDark":"#00294f","angle":52.5,"snapDist":7,"label":0}},{"type":"Feature","geometry":{"type":"Point","coordinates":[20.264269,44.379068]},"properties":{"name":"Lazarevac AS","lines":"581N","arr":["581N"],"terminus":1,"mode":"bus","color":"#0059a9","colorDark":"#00294f","angle":61,"snapDist":15,"label":1}},{"type":"Feature","geometry":{"type":"Point","coordinates":[20.259377,44.380553]},"properties":{"name":"Lazarevac (centar)","lines":"581N","arr":["581N"],"terminus":0,"mode":"bus","color":"#0059a9","colorDark":"#00294f","angle":38.4,"snapDist":4,"label":1}},{"type":"Feature","geometry":{"type":"Point","coordinates":[20.254345,44.386188]},"properties":{"name":"Lazarevac - Rampa","lines":"581N","arr":["581N"],"terminus":0,"mode":"bus","color":"#0059a9","colorDark":"#00294f","angle":38.8,"snapDist":5,"label":1}},{"type":"Feature","geometry":{"type":"Point","coordinates":[20.279207,44.428741]},"properties":{"name":"Vreoci - Zavod","lines":"581N","arr":["581N"],"terminus":0,"mode":"bus","color":"#0059a9","colorDark":"#00294f","angle":98.4,"snapDist":6,"label":1}},{"type":"Feature","geometry":{"type":"Point","coordinates":[20.284108,44.467336]},"properties":{"name":"Veliki crljeni - Dom","lines":"581N","arr":["581N"],"terminus":0,"mode":"bus","color":"#0059a9","colorDark":"#00294f","angle":129.5,"snapDist":6,"label":1}},{"type":"Feature","geometry":{"type":"Point","coordinates":[20.294237,44.51429]},"properties":{"name":"Stepojevac","lines":"581N","arr":["581N"],"terminus":0,"mode":"bus","color":"#0059a9","colorDark":"#00294f","angle":77.2,"snapDist":6,"label":1}},{"type":"Feature","geometry":{"type":"Point","coordinates":[20.330659,44.581847]},"properties":{"name":"Šiljakovac R","lines":"581N","arr":["581N"],"terminus":0,"mode":"bus","color":"#0059a9","colorDark":"#00294f","angle":161.9,"snapDist":8,"label":1}},{"type":"Feature","geometry":{"type":"Point","coordinates":[20.359832,44.610586]},"properties":{"name":"Baćevac R Ibarska","lines":"581N","arr":["581N"],"terminus":0,"mode":"bus","color":"#0059a9","colorDark":"#00294f","angle":109.5,"snapDist":6,"label":1}},{"type":"Feature","geometry":{"type":"Point","coordinates":[20.372431,44.625016]},"properties":{"name":"Meljak","lines":"581N","arr":["581N"],"terminus":0,"mode":"bus","color":"#0059a9","colorDark":"#00294f","angle":139.1,"snapDist":7,"label":1}},{"type":"Feature","geometry":{"type":"Point","coordinates":[20.413568,44.768145]},"properties":{"name":"Banovo brdo","lines":"581N","arr":["581N"],"terminus":0,"mode":"bus","color":"#0059a9","colorDark":"#00294f","angle":99.1,"snapDist":4,"label":0}},{"type":"Feature","geometry":{"type":"Point","coordinates":[20.417211,44.811882]},"properties":{"name":"Blok 28","lines":"600","arr":["600"],"terminus":0,"mode":"bus","color":"#0059a9","colorDark":"#00294f","angle":122.1,"snapDist":5,"label":1}},{"type":"Feature","geometry":{"type":"Point","coordinates":[20.39985,44.822019]},"properties":{"name":"Tošin bunar","lines":"600, 601, 601N, 601Na, 611, 711","arr":["600","601","601N","601Na","611","711"],"terminus":0,"mode":"bus","color":"#0059a9","colorDark":"#00294f","angle":32.7,"snapDist":4,"label":1}},{"type":"Feature","geometry":{"type":"Point","coordinates":[20.38881,44.827024]},"properties":{"name":"Bežanijska kosa","lines":"600, 607, 611, 711","arr":["600","607","611","711"],"terminus":0,"mode":"bus","color":"#0059a9","colorDark":"#00294f","angle":28.5,"snapDist":6,"label":1}},{"type":"Feature","geometry":{"type":"Point","coordinates":[20.309806,44.834437]},"properties":{"name":"Naselje Radiofar","lines":"600, 607, 611, 711","arr":["600","607","611","711"],"terminus":0,"mode":"bus","color":"#0059a9","colorDark":"#00294f","angle":351.3,"snapDist":5,"label":1}},{"type":"Feature","geometry":{"type":"Point","coordinates":[20.312074,44.83425]},"properties":{"name":"Naselje Radiofar","lines":"600, 603N, 607, 611, 711","arr":["600","603N","607","611","711"],"terminus":0,"mode":"bus","color":"#0059a9","colorDark":"#00294f","angle":176,"snapDist":2,"label":0}},{"type":"Feature","geometry":{"type":"Point","coordinates":[20.38885,44.82658]},"properties":{"name":"Bežanijska kosa","lines":"600, 603N, 607, 611, 711","arr":["600","603N","607","611","711"],"terminus":0,"mode":"bus","color":"#0059a9","colorDark":"#00294f","angle":212,"snapDist":7,"label":0}},{"type":"Feature","geometry":{"type":"Point","coordinates":[20.399846,44.821548]},"properties":{"name":"Tošin bunar","lines":"600, 601, 601N, 601Na, 611, 711","arr":["600","601","601N","601Na","611","711"],"terminus":0,"mode":"bus","color":"#0059a9","colorDark":"#00294f","angle":212.4,"snapDist":6,"label":0}},{"type":"Feature","geometry":{"type":"Point","coordinates":[20.416926,44.811852]},"properties":{"name":"Blok 28","lines":"600","arr":["600"],"terminus":0,"mode":"bus","color":"#0059a9","colorDark":"#00294f","angle":302.4,"snapDist":4,"label":0}},{"type":"Feature","geometry":{"type":"Point","coordinates":[20.444352,44.801044]},"properties":{"name":"Beograd na vodi","lines":"601, EKO2","arr":["601","EKO2"],"terminus":1,"mode":"bus","color":"#0059a9","colorDark":"#00294f","angle":36,"snapDist":10,"label":0}},{"type":"Feature","geometry":{"type":"Point","coordinates":[20.319082,44.798388]},"properties":{"name":"Malinjak","lines":"601, 601N, 601Na, 603, 603N, 603Na, 604, 605, 610","arr":["601","601N","601Na","603","603N","603Na","604","605","610"],"terminus":0,"mode":"bus","color":"#0059a9","colorDark":"#00294f","angle":347.9,"snapDist":10,"label":1}},{"type":"Feature","geometry":{"type":"Point","coordinates":[20.311802,44.797338]},"properties":{"name":"Galovica","lines":"601, 601N, 601Na, 603, 603N, 603Na, 604, 605, 610","arr":["601","601N","601Na","603","603N","603Na","604","605","610"],"terminus":0,"mode":"bus","color":"#0059a9","colorDark":"#00294f","angle":348.9,"snapDist":10,"label":1}},{"type":"Feature","geometry":{"type":"Point","coordinates":[20.305218,44.796377]},"properties":{"name":"Orešac","lines":"601, 601N, 601Na, 603, 603N, 603Na, 604, 605, 610","arr":["601","601N","601Na","603","603N","603Na","604","605","610"],"terminus":0,"mode":"bus","color":"#0059a9","colorDark":"#00294f","angle":348.2,"snapDist":8,"label":1}},{"type":"Feature","geometry":{"type":"Point","coordinates":[20.297459,44.795265]},"properties":{"name":"Surčin /ulaz/","lines":"601, 601N, 601Na, 603, 603N, 603Na, 604, 605, 610","arr":["601","601N","601Na","603","603N","603Na","604","605","610"],"terminus":0,"mode":"bus","color":"#0059a9","colorDark":"#00294f","angle":348.5,"snapDist":9,"label":1}},{"type":"Feature","geometry":{"type":"Point","coordinates":[20.29058,44.794311]},"properties":{"name":"Crkva","lines":"601, 601N, 601Na, 603, 603N, 603Na, 604, 605, 610","arr":["601","601N","601Na","603","603N","603Na","604","605","610"],"terminus":0,"mode":"bus","color":"#0059a9","colorDark":"#00294f","angle":348.9,"snapDist":6,"label":1}},{"type":"Feature","geometry":{"type":"Point","coordinates":[20.284682,44.793455]},"properties":{"name":"Marka Raba","lines":"601, 601N, 601Na, 603, 603N, 603Na, 604, 605, 610","arr":["601","601N","601Na","603","603N","603Na","604","605","610"],"terminus":0,"mode":"bus","color":"#0059a9","colorDark":"#00294f","angle":348.4,"snapDist":7,"label":1}},{"type":"Feature","geometry":{"type":"Point","coordinates":[20.278313,44.792511]},"properties":{"name":"Skopljanska","lines":"601, 601N, 601Na, 603, 603N, 603Na, 604, 605, 610","arr":["601","601N","601Na","603","603N","603Na","604","605","610"],"terminus":0,"mode":"bus","color":"#0059a9","colorDark":"#00294f","angle":346.5,"snapDist":8,"label":1}},{"type":"Feature","geometry":{"type":"Point","coordinates":[20.26962,44.790873]},"properties":{"name":"Surčin /centar/","lines":"601, 601N, 601Na, 602, 604, 605, 606, 610, 610e","arr":["601","601N","601Na","602","604","605","606","610","610e"],"terminus":1,"mode":"bus","color":"#0059a9","colorDark":"#00294f","angle":-15.1,"snapDist":8,"label":1}},{"type":"Feature","geometry":{"type":"Point","coordinates":[20.260945,44.789246]},"properties":{"name":"Krušedolska","lines":"601, 601N, 601Na, 602, 604, 605, 606, 610, 610e","arr":["601","601N","601Na","602","604","605","606","610","610e"],"terminus":0,"mode":"bus","color":"#0059a9","colorDark":"#00294f","angle":346.1,"snapDist":4,"label":1}},{"type":"Feature","geometry":{"type":"Point","coordinates":[20.256154,44.787166]},"properties":{"name":"Surčin /mlin/","lines":"601, 601N, 601Na, 602, 604, 605, 606, 610, 610e","arr":["601","601N","601Na","602","604","605","606","610","610e"],"terminus":0,"mode":"bus","color":"#0059a9","colorDark":"#00294f","angle":292.3,"snapDist":6,"label":1}},{"type":"Feature","geometry":{"type":"Point","coordinates":[20.253925,44.783306]},"properties":{"name":"Braće Nikolić","lines":"601, 601N, 601Na, 602, 604, 605, 606, 610, 610e","arr":["601","601N","601Na","602","604","605","606","610","610e"],"terminus":0,"mode":"bus","color":"#0059a9","colorDark":"#00294f","angle":292.7,"snapDist":4,"label":1}},{"type":"Feature","geometry":{"type":"Point","coordinates":[20.249578,44.780884]},"properties":{"name":"Surčin","lines":"601, 606","arr":["601","606"],"terminus":1,"mode":"bus","color":"#0059a9","colorDark":"#00294f","angle":336.7,"snapDist":0,"label":1}},{"type":"Feature","geometry":{"type":"Point","coordinates":[20.250379,44.780757]},"properties":{"name":"Surčin","lines":"601, 606","arr":["601","606"],"terminus":1,"mode":"bus","color":"#0059a9","colorDark":"#00294f","angle":157.8,"snapDist":6,"label":0}},{"type":"Feature","geometry":{"type":"Point","coordinates":[20.254289,44.783943]},"properties":{"name":"Braće Nikolić","lines":"601, 601N, 601Na, 602, 604, 605, 606, 610, 610e","arr":["601","601N","601Na","602","604","605","606","610","610e"],"terminus":0,"mode":"bus","color":"#0059a9","colorDark":"#00294f","angle":112.5,"snapDist":6,"label":0}},{"type":"Feature","geometry":{"type":"Point","coordinates":[20.256227,44.787291]},"properties":{"name":"Surčin /mlin/","lines":"601, 601N, 601Na, 602, 604, 605, 606, 610, 610e","arr":["601","601N","601Na","602","604","605","606","610","610e"],"terminus":0,"mode":"bus","color":"#0059a9","colorDark":"#00294f","angle":113.4,"snapDist":5,"label":0}},{"type":"Feature","geometry":{"type":"Point","coordinates":[20.262241,44.789482]},"properties":{"name":"Krušedolska","lines":"601, 601N, 601Na, 602, 604, 605, 606, 610, 610e","arr":["601","601N","601Na","602","604","605","606","610","610e"],"terminus":0,"mode":"bus","color":"#0059a9","colorDark":"#00294f","angle":165,"snapDist":4,"label":0}},{"type":"Feature","geometry":{"type":"Point","coordinates":[20.271194,44.791164]},"properties":{"name":"Surčin /centar/","lines":"601, 601N, 601Na, 603, 603Na, 604, 605, 610","arr":["601","601N","601Na","603","603Na","604","605","610"],"terminus":1,"mode":"bus","color":"#0059a9","colorDark":"#00294f","angle":165.4,"snapDist":7,"label":0}},{"type":"Feature","geometry":{"type":"Point","coordinates":[20.280096,44.792785]},"properties":{"name":"Skopljanska","lines":"601, 601N, 601Na, 603, 603Na, 604, 605, 610","arr":["601","601N","601Na","603","603Na","604","605","610"],"terminus":0,"mode":"bus","color":"#0059a9","colorDark":"#00294f","angle":168.3,"snapDist":9,"label":0}},{"type":"Feature","geometry":{"type":"Point","coordinates":[20.286479,44.793711]},"properties":{"name":"Marka Raba","lines":"601, 601N, 601Na, 603, 603Na, 604, 605, 610","arr":["601","601N","601Na","603","603Na","604","605","610"],"terminus":0,"mode":"bus","color":"#0059a9","colorDark":"#00294f","angle":168.1,"snapDist":9,"label":0}},{"type":"Feature","geometry":{"type":"Point","coordinates":[20.290951,44.794363]},"properties":{"name":"Crkva","lines":"601, 601N, 601Na, 603, 603Na, 604, 605, 610","arr":["601","601N","601Na","603","603Na","604","605","610"],"terminus":0,"mode":"bus","color":"#0059a9","colorDark":"#00294f","angle":168.9,"snapDist":8,"label":0}},{"type":"Feature","geometry":{"type":"Point","coordinates":[20.297862,44.795323]},"properties":{"name":"Surčin /ulaz/","lines":"601, 601N, 601Na, 603, 603Na, 604, 605, 610","arr":["601","601N","601Na","603","603Na","604","605","610"],"terminus":0,"mode":"bus","color":"#0059a9","colorDark":"#00294f","angle":168.7,"snapDist":8,"label":0}},{"type":"Feature","geometry":{"type":"Point","coordinates":[20.305713,44.79645]},"properties":{"name":"Orešac","lines":"601, 601N, 601Na, 603, 603Na, 604, 605, 610","arr":["601","601N","601Na","603","603Na","604","605","610"],"terminus":0,"mode":"bus","color":"#0059a9","colorDark":"#00294f","angle":168.4,"snapDist":7,"label":0}},{"type":"Feature","geometry":{"type":"Point","coordinates":[20.312644,44.797455]},"properties":{"name":"Galovica","lines":"601, 601N, 601Na, 603, 603Na, 604, 605, 610","arr":["601","601N","601Na","603","603Na","604","605","610"],"terminus":0,"mode":"bus","color":"#0059a9","colorDark":"#00294f","angle":168.9,"snapDist":9,"label":0}},{"type":"Feature","geometry":{"type":"Point","coordinates":[20.319462,44.798445]},"properties":{"name":"Malinjak","lines":"601, 601N, 601Na, 603, 603Na, 604, 605, 610","arr":["601","601N","601Na","603","603Na","604","605","610"],"terminus":0,"mode":"bus","color":"#0059a9","colorDark":"#00294f","angle":168.3,"snapDist":5,"label":0}},{"type":"Feature","geometry":{"type":"Point","coordinates":[20.250343,44.781169]},"properties":{"name":"Put za SRC","lines":"601N, 601Na, 602, 604, 605, 610, 610e","arr":["601N","601Na","602","604","605","610","610e"],"terminus":0,"mode":"bus","color":"#0059a9","colorDark":"#00294f","angle":344.2,"snapDist":5,"label":1}},{"type":"Feature","geometry":{"type":"Point","coordinates":[20.245621,44.778397]},"properties":{"name":"Rimski kanal","lines":"601N, 601Na, 604, 605, 610, 610e","arr":["601N","601Na","604","605","610","610e"],"terminus":0,"mode":"bus","color":"#0059a9","colorDark":"#00294f","angle":327.8,"snapDist":5,"label":1}},{"type":"Feature","geometry":{"type":"Point","coordinates":[20.240326,44.776024]},"properties":{"name":"Put za Jakovo","lines":"601N, 601Na, 604, 605, 610, 610e","arr":["601N","601Na","604","605","610","610e"],"terminus":0,"mode":"bus","color":"#0059a9","colorDark":"#00294f","angle":147.6,"snapDist":5,"label":1}},{"type":"Feature","geometry":{"type":"Point","coordinates":[20.233537,44.776313]},"properties":{"name":"Mesara","lines":"601N, 601Na, 604","arr":["601N","601Na","604"],"terminus":0,"mode":"bus","color":"#0059a9","colorDark":"#00294f","angle":10.7,"snapDist":3,"label":1}},{"type":"Feature","geometry":{"type":"Point","coordinates":[20.226498,44.777269]},"properties":{"name":"Ulaz u Bečmen","lines":"601N, 601Na, 604","arr":["601N","601Na","604"],"terminus":0,"mode":"bus","color":"#0059a9","colorDark":"#00294f","angle":11.4,"snapDist":5,"label":1}},{"type":"Feature","geometry":{"type":"Point","coordinates":[20.219621,44.778237]},"properties":{"name":"Bečmen naselje","lines":"601N, 601Na, 604","arr":["601N","601Na","604"],"terminus":0,"mode":"bus","color":"#0059a9","colorDark":"#00294f","angle":11.4,"snapDist":5,"label":1}},{"type":"Feature","geometry":{"type":"Point","coordinates":[20.211587,44.779185]},"properties":{"name":"Maksin sokak","lines":"601N, 601Na, 604","arr":["601N","601Na","604"],"terminus":0,"mode":"bus","color":"#0059a9","colorDark":"#00294f","angle":9.2,"snapDist":8,"label":1}},{"type":"Feature","geometry":{"type":"Point","coordinates":[20.202491,44.780755]},"properties":{"name":"Bečmen /centar/","lines":"601N, 601Na, 604","arr":["601N","601Na","604"],"terminus":0,"mode":"bus","color":"#0059a9","colorDark":"#00294f","angle":15,"snapDist":6,"label":1}},{"type":"Feature","geometry":{"type":"Point","coordinates":[20.211205,44.77923]},"properties":{"name":"Maksin sokak","lines":"601N, 601Na, 604","arr":["601N","601Na","604"],"terminus":0,"mode":"bus","color":"#0059a9","colorDark":"#00294f","angle":-170.4,"snapDist":7,"label":0}},{"type":"Feature","geometry":{"type":"Point","coordinates":[20.220215,44.778152]},"properties":{"name":"Bečmen naselje","lines":"601N, 601Na, 604","arr":["601N","601Na","604"],"terminus":0,"mode":"bus","color":"#0059a9","colorDark":"#00294f","angle":191.4,"snapDist":6,"label":0}},{"type":"Feature","geometry":{"type":"Point","coordinates":[20.226005,44.777338]},"properties":{"name":"Ulaz u Bečmen","lines":"601N, 601Na, 604","arr":["601N","601Na","604"],"terminus":0,"mode":"bus","color":"#0059a9","colorDark":"#00294f","angle":-169.1,"snapDist":4,"label":0}},{"type":"Feature","geometry":{"type":"Point","coordinates":[20.234409,44.776196]},"properties":{"name":"Mesara","lines":"601N, 601Na, 604","arr":["601N","601Na","604"],"terminus":0,"mode":"bus","color":"#0059a9","colorDark":"#00294f","angle":-169.3,"snapDist":6,"label":0}},{"type":"Feature","geometry":{"type":"Point","coordinates":[20.2431,44.77018]},"properties":{"name":"Silosi","lines":"601N, 601Na, 605, 610, 610e","arr":["601N","601Na","605","610","610e"],"terminus":0,"mode":"bus","color":"#0059a9","colorDark":"#00294f","angle":64,"snapDist":5,"label":1}},{"type":"Feature","geometry":{"type":"Point","coordinates":[20.248707,44.764375]},"properties":{"name":"Jakovo (ulaz)","lines":"601N, 601Na, 605, 610, 610e, 610ea","arr":["601N","601Na","605","610","610e","610ea"],"terminus":0,"mode":"bus","color":"#0059a9","colorDark":"#00294f","angle":226.4,"snapDist":9,"label":1}},{"type":"Feature","geometry":{"type":"Point","coordinates":[20.252171,44.761798]},"properties":{"name":"Servisi","lines":"601N, 601Na, 605, 610, 610e, 610ea","arr":["601N","601Na","605","610","610e","610ea"],"terminus":0,"mode":"bus","color":"#0059a9","colorDark":"#00294f","angle":226.4,"snapDist":5,"label":1}},{"type":"Feature","geometry":{"type":"Point","coordinates":[20.254825,44.759819]},"properties":{"name":"Sremska","lines":"601N, 601Na, 605, 610, 610e, 610ea","arr":["601N","601Na","605","610","610e","610ea"],"terminus":0,"mode":"bus","color":"#0059a9","colorDark":"#00294f","angle":227.3,"snapDist":4,"label":1}},{"type":"Feature","geometry":{"type":"Point","coordinates":[20.258433,44.755963]},"properties":{"name":"Sestara Krstonošić","lines":"601N, 601Na, 605, 610, 610e, 610ea","arr":["601N","601Na","605","610","610e","610ea"],"terminus":0,"mode":"bus","color":"#0059a9","colorDark":"#00294f","angle":236.3,"snapDist":5,"label":1}},{"type":"Feature","geometry":{"type":"Point","coordinates":[20.260532,44.753745]},"properties":{"name":"MZ Jakovo","lines":"601N, 601Na, 610, 610e, 610ea","arr":["601N","601Na","610","610e","610ea"],"terminus":0,"mode":"bus","color":"#0059a9","colorDark":"#00294f","angle":236.9,"snapDist":6,"label":1}},{"type":"Feature","geometry":{"type":"Point","coordinates":[20.264845,44.749127]},"properties":{"name":"Đorđa Radovića","lines":"601N, 601Na, 610, 610e, 610ea","arr":["601N","601Na","610","610e","610ea"],"terminus":0,"mode":"bus","color":"#0059a9","colorDark":"#00294f","angle":-123.9,"snapDist":7,"label":1}},{"type":"Feature","geometry":{"type":"Point","coordinates":[20.265443,44.746364]},"properties":{"name":"Oslobođenja","lines":"601N, 601Na, 610, 610e, 610ea","arr":["601N","601Na","610","610e","610ea"],"terminus":0,"mode":"bus","color":"#0059a9","colorDark":"#00294f","angle":276.4,"snapDist":5,"label":1}},{"type":"Feature","geometry":{"type":"Point","coordinates":[20.270579,44.745327]},"properties":{"name":"Jakovo","lines":"601N, 601Na, 610, 610e, 610ea","arr":["601N","601Na","610","610e","610ea"],"terminus":1,"mode":"bus","color":"#0059a9","colorDark":"#00294f","angle":172.6,"snapDist":5,"label":1}},{"type":"Feature","geometry":{"type":"Point","coordinates":[20.265408,44.746145]},"properties":{"name":"Oslobođenja","lines":"601N, 601Na, 610, 610e, 610ea","arr":["601N","601Na","610","610e","610ea"],"terminus":0,"mode":"bus","color":"#0059a9","colorDark":"#00294f","angle":276.7,"snapDist":4,"label":0}},{"type":"Feature","geometry":{"type":"Point","coordinates":[20.264477,44.749517]},"properties":{"name":"Đorđa Radovića","lines":"601N, 601Na, 610, 610e, 610ea","arr":["601N","601Na","610","610e","610ea"],"terminus":0,"mode":"bus","color":"#0059a9","colorDark":"#00294f","angle":236.3,"snapDist":5,"label":0}},{"type":"Feature","geometry":{"type":"Point","coordinates":[20.259957,44.754354]},"properties":{"name":"MZ Jakovo","lines":"601N, 601Na, 605, 610, 610e, 610ea","arr":["601N","601Na","605","610","610e","610ea"],"terminus":0,"mode":"bus","color":"#0059a9","colorDark":"#00294f","angle":235.1,"snapDist":4,"label":0}},{"type":"Feature","geometry":{"type":"Point","coordinates":[20.257638,44.756796]},"properties":{"name":"Sestara Krstonošić","lines":"601N, 601Na, 605, 610, 610e, 610ea","arr":["601N","601Na","605","610","610e","610ea"],"terminus":0,"mode":"bus","color":"#0059a9","colorDark":"#00294f","angle":55.3,"snapDist":4,"label":0}},{"type":"Feature","geometry":{"type":"Point","coordinates":[20.255148,44.75955]},"properties":{"name":"Sremska","lines":"601N, 601Na, 605, 610, 610e, 610ea","arr":["601N","601Na","605","610","610e","610ea"],"terminus":0,"mode":"bus","color":"#0059a9","colorDark":"#00294f","angle":54.1,"snapDist":5,"label":0}},{"type":"Feature","geometry":{"type":"Point","coordinates":[20.251321,44.762423]},"properties":{"name":"Servisi","lines":"601N, 601Na, 605, 610, 610e, 610ea","arr":["601N","601Na","605","610","610e","610ea"],"terminus":0,"mode":"bus","color":"#0059a9","colorDark":"#00294f","angle":46.4,"snapDist":4,"label":0}},{"type":"Feature","geometry":{"type":"Point","coordinates":[20.248274,44.764699]},"properties":{"name":"Jakovo (ulaz)","lines":"601N, 601Na, 605, 610, 610e, 610ea","arr":["601N","601Na","605","610","610e","610ea"],"terminus":0,"mode":"bus","color":"#0059a9","colorDark":"#00294f","angle":46.5,"snapDist":3,"label":0}},{"type":"Feature","geometry":{"type":"Point","coordinates":[20.243196,44.77004]},"properties":{"name":"Silosi","lines":"601N, 601Na, 605, 610, 610e","arr":["601N","601Na","605","610","610e"],"terminus":0,"mode":"bus","color":"#0059a9","colorDark":"#00294f","angle":64,"snapDist":8,"label":0}},{"type":"Feature","geometry":{"type":"Point","coordinates":[20.241094,44.776371]},"properties":{"name":"Put za Jakovo","lines":"601N, 601Na, 604, 605, 610, 610e","arr":["601N","601Na","604","605","610","610e"],"terminus":0,"mode":"bus","color":"#0059a9","colorDark":"#00294f","angle":327.6,"snapDist":5,"label":0}},{"type":"Feature","geometry":{"type":"Point","coordinates":[20.246863,44.778954]},"properties":{"name":"Rimski kanal","lines":"601N, 601Na, 604, 605, 610, 610e","arr":["601N","601Na","604","605","610","610e"],"terminus":0,"mode":"bus","color":"#0059a9","colorDark":"#00294f","angle":147.9,"snapDist":10,"label":0}},{"type":"Feature","geometry":{"type":"Point","coordinates":[20.250242,44.781147]},"properties":{"name":"Put za SRC","lines":"601N, 601Na, 602, 604, 605, 610, 610e","arr":["601N","601Na","602","604","605","610","610e"],"terminus":0,"mode":"bus","color":"#0059a9","colorDark":"#00294f","angle":162.6,"snapDist":8,"label":0}},{"type":"Feature","geometry":{"type":"Point","coordinates":[20.20348,44.780562]},"properties":{"name":"Bečmen /centar/","lines":"601Na, 604","arr":["601Na","604"],"terminus":0,"mode":"bus","color":"#0059a9","colorDark":"#00294f","angle":195.3,"snapDist":8,"label":0}},{"type":"Feature","geometry":{"type":"Point","coordinates":[20.36176,44.801326]},"properties":{"name":"Vinogradska (ulaz)","lines":"602, 610e, 610ea","arr":["602","610e","610ea"],"terminus":0,"mode":"bus","color":"#0059a9","colorDark":"#00294f","angle":296.8,"snapDist":6,"label":1}},{"type":"Feature","geometry":{"type":"Point","coordinates":[20.356132,44.799974]},"properties":{"name":"Vinogradska (Plandište)","lines":"602","arr":["602"],"terminus":0,"mode":"bus","color":"#0059a9","colorDark":"#00294f","angle":331.5,"snapDist":4,"label":1}},{"type":"Feature","geometry":{"type":"Point","coordinates":[20.349764,44.797994]},"properties":{"name":"MZ Ledine","lines":"602","arr":["602"],"terminus":0,"mode":"bus","color":"#0059a9","colorDark":"#00294f","angle":345.6,"snapDist":5,"label":1}},{"type":"Feature","geometry":{"type":"Point","coordinates":[20.344525,44.796896]},"properties":{"name":"Novobeogradskih graditelja","lines":"602","arr":["602"],"terminus":0,"mode":"bus","color":"#0059a9","colorDark":"#00294f","angle":349.4,"snapDist":3,"label":1}},{"type":"Feature","geometry":{"type":"Point","coordinates":[20.339922,44.796155]},"properties":{"name":"Vodeničarska","lines":"602","arr":["602"],"terminus":0,"mode":"bus","color":"#0059a9","colorDark":"#00294f","angle":353.1,"snapDist":5,"label":1}},{"type":"Feature","geometry":{"type":"Point","coordinates":[20.331327,44.794893]},"properties":{"name":"GO Surčin (ulaz)","lines":"602","arr":["602"],"terminus":0,"mode":"bus","color":"#0059a9","colorDark":"#00294f","angle":353.9,"snapDist":5,"label":1}},{"type":"Feature","geometry":{"type":"Point","coordinates":[20.324002,44.794554]},"properties":{"name":"MZ Novi Surčin","lines":"602","arr":["602"],"terminus":0,"mode":"bus","color":"#0059a9","colorDark":"#00294f","angle":359.5,"snapDist":2,"label":1}},{"type":"Feature","geometry":{"type":"Point","coordinates":[20.315801,44.794597]},"properties":{"name":"Kanal Galovica","lines":"602","arr":["602"],"terminus":0,"mode":"bus","color":"#0059a9","colorDark":"#00294f","angle":352.5,"snapDist":2,"label":1}},{"type":"Feature","geometry":{"type":"Point","coordinates":[20.305683,44.793165]},"properties":{"name":"Silosi","lines":"602","arr":["602"],"terminus":0,"mode":"bus","color":"#0059a9","colorDark":"#00294f","angle":338,"snapDist":6,"label":1}},{"type":"Feature","geometry":{"type":"Point","coordinates":[20.29898,44.792739]},"properties":{"name":"Vinogradska (Surčin naselje)","lines":"602","arr":["602"],"terminus":0,"mode":"bus","color":"#0059a9","colorDark":"#00294f","angle":342.1,"snapDist":6,"label":1}},{"type":"Feature","geometry":{"type":"Point","coordinates":[20.293758,44.791357]},"properties":{"name":"Surčin naselje (ulaz)","lines":"602","arr":["602"],"terminus":0,"mode":"bus","color":"#0059a9","colorDark":"#00294f","angle":338.5,"snapDist":6,"label":1}},{"type":"Feature","geometry":{"type":"Point","coordinates":[20.286433,44.789501]},"properties":{"name":"Ritska ulica","lines":"602","arr":["602"],"terminus":0,"mode":"bus","color":"#0059a9","colorDark":"#00294f","angle":350.9,"snapDist":5,"label":1}},{"type":"Feature","geometry":{"type":"Point","coordinates":[20.278211,44.78912]},"properties":{"name":"Dragomira Momčilovića","lines":"602","arr":["602"],"terminus":0,"mode":"bus","color":"#0059a9","colorDark":"#00294f","angle":354.4,"snapDist":6,"label":1}},{"type":"Feature","geometry":{"type":"Point","coordinates":[20.236047,44.787893]},"properties":{"name":"SRC Surčin /ulaz/","lines":"602","arr":["602"],"terminus":0,"mode":"bus","color":"#0059a9","colorDark":"#00294f","angle":8.6,"snapDist":9,"label":1}},{"type":"Feature","geometry":{"type":"Point","coordinates":[20.231756,44.787999]},"properties":{"name":"SRC Surčin","lines":"602","arr":["602"],"terminus":1,"mode":"bus","color":"#0059a9","colorDark":"#00294f","angle":212,"snapDist":2,"label":1}},{"type":"Feature","geometry":{"type":"Point","coordinates":[20.234219,44.788111]},"properties":{"name":"SRC Surčin /ulaz/","lines":"602","arr":["602"],"terminus":0,"mode":"bus","color":"#0059a9","colorDark":"#00294f","angle":189.1,"snapDist":4,"label":0}},{"type":"Feature","geometry":{"type":"Point","coordinates":[20.232487,44.786427]},"properties":{"name":"Jakovička SRC","lines":"602","arr":["602"],"terminus":0,"mode":"bus","color":"#0059a9","colorDark":"#00294f","angle":292,"snapDist":6,"label":1}},{"type":"Feature","geometry":{"type":"Point","coordinates":[20.235455,44.782001]},"properties":{"name":"Park Ključ","lines":"602","arr":["602"],"terminus":0,"mode":"bus","color":"#0059a9","colorDark":"#00294f","angle":170.5,"snapDist":4,"label":1}},{"type":"Feature","geometry":{"type":"Point","coordinates":[20.240771,44.782753]},"properties":{"name":"Don Kihotova","lines":"602","arr":["602"],"terminus":0,"mode":"bus","color":"#0059a9","colorDark":"#00294f","angle":168.6,"snapDist":5,"label":1}},{"type":"Feature","geometry":{"type":"Point","coordinates":[20.244582,44.783306]},"properties":{"name":"Žička","lines":"602","arr":["602"],"terminus":0,"mode":"bus","color":"#0059a9","colorDark":"#00294f","angle":169.1,"snapDist":6,"label":1}},{"type":"Feature","geometry":{"type":"Point","coordinates":[20.270417,44.790467]},"properties":{"name":"Surčin (centar)","lines":"602, 610e","arr":["602","610e"],"terminus":0,"mode":"bus","color":"#0059a9","colorDark":"#00294f","angle":247.6,"snapDist":5,"label":1}},{"type":"Feature","geometry":{"type":"Point","coordinates":[20.279776,44.789277]},"properties":{"name":"Dragomira Momčilovića","lines":"602","arr":["602"],"terminus":0,"mode":"bus","color":"#0059a9","colorDark":"#00294f","angle":173.3,"snapDist":5,"label":0}},{"type":"Feature","geometry":{"type":"Point","coordinates":[20.287657,44.789689]},"properties":{"name":"Ritska ulica","lines":"602","arr":["602"],"terminus":0,"mode":"bus","color":"#0059a9","colorDark":"#00294f","angle":157.6,"snapDist":5,"label":0}},{"type":"Feature","geometry":{"type":"Point","coordinates":[20.294292,44.7915]},"properties":{"name":"Surčin naselje (ulaz)","lines":"602","arr":["602"],"terminus":0,"mode":"bus","color":"#0059a9","colorDark":"#00294f","angle":160.5,"snapDist":6,"label":0}},{"type":"Feature","geometry":{"type":"Point","coordinates":[20.299696,44.792839]},"properties":{"name":"Vinogradska (Surčin naselje)","lines":"602","arr":["602"],"terminus":0,"mode":"bus","color":"#0059a9","colorDark":"#00294f","angle":169.6,"snapDist":4,"label":0}},{"type":"Feature","geometry":{"type":"Point","coordinates":[20.305963,44.79325]},"properties":{"name":"Silosi","lines":"602","arr":["602"],"terminus":0,"mode":"bus","color":"#0059a9","colorDark":"#00294f","angle":156.3,"snapDist":5,"label":0}},{"type":"Feature","geometry":{"type":"Point","coordinates":[20.316554,44.794662]},"properties":{"name":"Kanal Galovica","lines":"602","arr":["602"],"terminus":0,"mode":"bus","color":"#0059a9","colorDark":"#00294f","angle":173.2,"snapDist":5,"label":0}},{"type":"Feature","geometry":{"type":"Point","coordinates":[20.324753,44.794532]},"properties":{"name":"MZ Novi Surčin","lines":"602","arr":["602"],"terminus":0,"mode":"bus","color":"#0059a9","colorDark":"#00294f","angle":184.2,"snapDist":5,"label":0}},{"type":"Feature","geometry":{"type":"Point","coordinates":[20.330445,44.794829]},"properties":{"name":"GO Surčin (ulaz)","lines":"602","arr":["602"],"terminus":0,"mode":"bus","color":"#0059a9","colorDark":"#00294f","angle":174.9,"snapDist":6,"label":0}},{"type":"Feature","geometry":{"type":"Point","coordinates":[20.338946,44.796009]},"properties":{"name":"Vodeničarska","lines":"602","arr":["602"],"terminus":0,"mode":"bus","color":"#0059a9","colorDark":"#00294f","angle":164,"snapDist":6,"label":0}},{"type":"Feature","geometry":{"type":"Point","coordinates":[20.34534,44.797021]},"properties":{"name":"Novobeogradskih graditelja","lines":"602","arr":["602"],"terminus":0,"mode":"bus","color":"#0059a9","colorDark":"#00294f","angle":166.2,"snapDist":5,"label":0}},{"type":"Feature","geometry":{"type":"Point","coordinates":[20.35084,44.798188]},"properties":{"name":"MZ Ledine","lines":"602","arr":["602"],"terminus":0,"mode":"bus","color":"#0059a9","colorDark":"#00294f","angle":165.7,"snapDist":4,"label":0}},{"type":"Feature","geometry":{"type":"Point","coordinates":[20.356853,44.800249]},"properties":{"name":"Vinogradska (Plandište)","lines":"602","arr":["602"],"terminus":0,"mode":"bus","color":"#0059a9","colorDark":"#00294f","angle":151.8,"snapDist":4,"label":0}},{"type":"Feature","geometry":{"type":"Point","coordinates":[20.361811,44.801074]},"properties":{"name":"Vinogradska (ulaz)","lines":"602, 610e, 610ea","arr":["602","610e","610ea"],"terminus":0,"mode":"bus","color":"#0059a9","colorDark":"#00294f","angle":112.5,"snapDist":12,"label":0}},{"type":"Feature","geometry":{"type":"Point","coordinates":[20.376818,44.80717]},"properties":{"name":"OŠ Jovan Sterija Popović","lines":"602","arr":["602"],"terminus":0,"mode":"bus","color":"#0059a9","colorDark":"#00294f","angle":238.2,"snapDist":2,"label":1}},{"type":"Feature","geometry":{"type":"Point","coordinates":[20.269527,44.791938]},"properties":{"name":"Surčin /centar/","lines":"603, 603N, 603Na, 606","arr":["603","603N","603Na","606"],"terminus":0,"mode":"bus","color":"#0059a9","colorDark":"#00294f","angle":65.1,"snapDist":5,"label":0}},{"type":"Feature","geometry":{"type":"Point","coordinates":[20.264665,44.797738]},"properties":{"name":"Braće Suzić","lines":"603, 603N, 603Na, 606","arr":["603","603N","603Na","606"],"terminus":0,"mode":"bus","color":"#0059a9","colorDark":"#00294f","angle":18.8,"snapDist":6,"label":1}},{"type":"Feature","geometry":{"type":"Point","coordinates":[20.257768,44.801716]},"properties":{"name":"Surčin /izlaz/","lines":"603, 603N, 603Na, 606","arr":["603","603N","603Na","606"],"terminus":0,"mode":"bus","color":"#0059a9","colorDark":"#00294f","angle":43,"snapDist":6,"label":1}},{"type":"Feature","geometry":{"type":"Point","coordinates":[20.250778,44.806203]},"properties":{"name":"Surčinska petlja","lines":"603, 603N, 603Na, 606","arr":["603","603N","603Na","606"],"terminus":0,"mode":"bus","color":"#0059a9","colorDark":"#00294f","angle":42.1,"snapDist":3,"label":1}},{"type":"Feature","geometry":{"type":"Point","coordinates":[20.24261,44.811412]},"properties":{"name":"Industrijska zona Dobanovci","lines":"603, 603N, 603Na, 606","arr":["603","603N","603Na","606"],"terminus":0,"mode":"bus","color":"#0059a9","colorDark":"#00294f","angle":43,"snapDist":8,"label":1}},{"type":"Feature","geometry":{"type":"Point","coordinates":[20.234025,44.816886]},"properties":{"name":"Naselje PIK","lines":"603, 603N, 603Na","arr":["603","603N","603Na"],"terminus":0,"mode":"bus","color":"#0059a9","colorDark":"#00294f","angle":41.8,"snapDist":3,"label":1}},{"type":"Feature","geometry":{"type":"Point","coordinates":[20.229412,44.819835]},"properties":{"name":"Bezdan","lines":"603, 603N, 603Na","arr":["603","603N","603Na"],"terminus":0,"mode":"bus","color":"#0059a9","colorDark":"#00294f","angle":42.1,"snapDist":5,"label":1}},{"type":"Feature","geometry":{"type":"Point","coordinates":[20.225137,44.824782]},"properties":{"name":"Stevana Jovanovića","lines":"603, 603N, 603Na","arr":["603","603N","603Na"],"terminus":0,"mode":"bus","color":"#0059a9","colorDark":"#00294f","angle":60.9,"snapDist":4,"label":1}},{"type":"Feature","geometry":{"type":"Point","coordinates":[20.222366,44.828325]},"properties":{"name":"Dobanovci /centar/","lines":"603, 603N, 603Na, 606, 611","arr":["603","603N","603Na","606","611"],"terminus":0,"mode":"bus","color":"#0059a9","colorDark":"#00294f","angle":61.2,"snapDist":4,"label":1}},{"type":"Feature","geometry":{"type":"Point","coordinates":[20.219417,44.832111]},"properties":{"name":"Žarka Jelića","lines":"603, 603N, 603Na, 606, 611","arr":["603","603N","603Na","606","611"],"terminus":0,"mode":"bus","color":"#0059a9","colorDark":"#00294f","angle":61.1,"snapDist":4,"label":1}},{"type":"Feature","geometry":{"type":"Point","coordinates":[20.217503,44.834581]},"properties":{"name":"Slovački dom","lines":"603, 603N, 603Na, 606, 611","arr":["603","603N","603Na","606","611"],"terminus":0,"mode":"bus","color":"#0059a9","colorDark":"#00294f","angle":61.2,"snapDist":3,"label":1}},{"type":"Feature","geometry":{"type":"Point","coordinates":[20.215551,44.837519]},"properties":{"name":"Fruškogorska","lines":"603, 603N, 603Na, 606, 611","arr":["603","603N","603Na","606","611"],"terminus":0,"mode":"bus","color":"#0059a9","colorDark":"#00294f","angle":65.9,"snapDist":6,"label":1}},{"type":"Feature","geometry":{"type":"Point","coordinates":[20.213823,44.840311]},"properties":{"name":"Dobanovci /ulaz/","lines":"603, 603N, 603Na, 606, 611","arr":["603","603N","603Na","606","611"],"terminus":0,"mode":"bus","color":"#0059a9","colorDark":"#00294f","angle":66.5,"snapDist":11,"label":1}},{"type":"Feature","geometry":{"type":"Point","coordinates":[20.208571,44.848619]},"properties":{"name":"Dobanovačka petlja","lines":"603, 603N, 603Na, 711","arr":["603","603N","603Na","711"],"terminus":0,"mode":"bus","color":"#0059a9","colorDark":"#00294f","angle":65.5,"snapDist":8,"label":1}},{"type":"Feature","geometry":{"type":"Point","coordinates":[20.205989,44.852867]},"properties":{"name":"Naselje okrajak","lines":"603, 603N, 603Na, 711","arr":["603","603N","603Na","711"],"terminus":0,"mode":"bus","color":"#0059a9","colorDark":"#00294f","angle":69.6,"snapDist":7,"label":1}},{"type":"Feature","geometry":{"type":"Point","coordinates":[20.204806,44.860881]},"properties":{"name":"Partizanska 2","lines":"603, 603N, 603Na, 711","arr":["603","603N","603Na","711"],"terminus":0,"mode":"bus","color":"#0059a9","colorDark":"#00294f","angle":86.7,"snapDist":10,"label":1}},{"type":"Feature","geometry":{"type":"Point","coordinates":[20.204083,44.870084]},"properties":{"name":"Partizanska 1","lines":"603, 603N, 603Na, 711","arr":["603","603N","603Na","711"],"terminus":0,"mode":"bus","color":"#0059a9","colorDark":"#00294f","angle":87,"snapDist":8,"label":1}},{"type":"Feature","geometry":{"type":"Point","coordinates":[20.199628,44.871412]},"properties":{"name":"Ugrinovci /ulaz/","lines":"603, 603N, 603Na, 703, 711","arr":["603","603N","603Na","703","711"],"terminus":0,"mode":"bus","color":"#0059a9","colorDark":"#00294f","angle":18.5,"snapDist":8,"label":1}},{"type":"Feature","geometry":{"type":"Point","coordinates":[20.192984,44.873564]},"properties":{"name":"Beogradska","lines":"603, 603N, 603Na, 703, 711","arr":["603","603N","603Na","703","711"],"terminus":0,"mode":"bus","color":"#0059a9","colorDark":"#00294f","angle":26.7,"snapDist":6,"label":1}},{"type":"Feature","geometry":{"type":"Point","coordinates":[20.187048,44.875696]},"properties":{"name":"Ugrinovci /centar/","lines":"603, 603N, 603Na, 703, 711","arr":["603","603N","603Na","703","711"],"terminus":0,"mode":"bus","color":"#0059a9","colorDark":"#00294f","angle":27.4,"snapDist":6,"label":1}},{"type":"Feature","geometry":{"type":"Point","coordinates":[20.18001,44.878025]},"properties":{"name":"Ugrinovci","lines":"603, 603N, 603Na, 703, 711","arr":["603","603N","603Na","703","711"],"terminus":1,"mode":"bus","color":"#0059a9","colorDark":"#00294f","angle":353.5,"snapDist":4,"label":1}},{"type":"Feature","geometry":{"type":"Point","coordinates":[20.187709,44.875452]},"properties":{"name":"Ugrinovci /centar/","lines":"603, 603N, 603Na, 703, 711","arr":["603","603N","603Na","703","711"],"terminus":0,"mode":"bus","color":"#0059a9","colorDark":"#00294f","angle":207.4,"snapDist":3,"label":0}},{"type":"Feature","geometry":{"type":"Point","coordinates":[20.193827,44.873263]},"properties":{"name":"Beogradska","lines":"603, 603N, 603Na, 703, 711","arr":["603","603N","603Na","703","711"],"terminus":0,"mode":"bus","color":"#0059a9","colorDark":"#00294f","angle":206.7,"snapDist":4,"label":0}},{"type":"Feature","geometry":{"type":"Point","coordinates":[20.200227,44.87127]},"properties":{"name":"Ugrinovci /ulaz/","lines":"603, 603N, 603Na, 703, 711","arr":["603","603N","603Na","703","711"],"terminus":0,"mode":"bus","color":"#0059a9","colorDark":"#00294f","angle":198.5,"snapDist":3,"label":0}},{"type":"Feature","geometry":{"type":"Point","coordinates":[20.204133,44.869377]},"properties":{"name":"Partizanska 1","lines":"603, 603N, 603Na, 711","arr":["603","603N","603Na","711"],"terminus":0,"mode":"bus","color":"#0059a9","colorDark":"#00294f","angle":267.1,"snapDist":3,"label":0}},{"type":"Feature","geometry":{"type":"Point","coordinates":[20.204879,44.860001]},"properties":{"name":"Partizanska 2","lines":"603, 603N, 603Na, 711","arr":["603","603N","603Na","711"],"terminus":0,"mode":"bus","color":"#0059a9","colorDark":"#00294f","angle":266.2,"snapDist":5,"label":0}},{"type":"Feature","geometry":{"type":"Point","coordinates":[20.206199,44.852471]},"properties":{"name":"Naselje okrajak","lines":"603, 603N, 603Na, 711","arr":["603","603N","603Na","711"],"terminus":0,"mode":"bus","color":"#0059a9","colorDark":"#00294f","angle":243.9,"snapDist":5,"label":0}},{"type":"Feature","geometry":{"type":"Point","coordinates":[20.208436,44.848829]},"properties":{"name":"Dobanovačka petlja","lines":"603, 603N, 603Na, 711","arr":["603","603N","603Na","711"],"terminus":0,"mode":"bus","color":"#0059a9","colorDark":"#00294f","angle":245.5,"snapDist":8,"label":0}},{"type":"Feature","geometry":{"type":"Point","coordinates":[20.213774,44.840391]},"properties":{"name":"Dobanovci /ulaz/","lines":"603, 603Na, 606, 611","arr":["603","603Na","606","611"],"terminus":0,"mode":"bus","color":"#0059a9","colorDark":"#00294f","angle":246.5,"snapDist":3,"label":0}},{"type":"Feature","geometry":{"type":"Point","coordinates":[20.215303,44.837914]},"properties":{"name":"Fruškogorska","lines":"603, 603Na, 606, 611","arr":["603","603Na","606","611"],"terminus":0,"mode":"bus","color":"#0059a9","colorDark":"#00294f","angle":246,"snapDist":4,"label":0}},{"type":"Feature","geometry":{"type":"Point","coordinates":[20.217177,44.835033]},"properties":{"name":"Slovački dom","lines":"603, 603Na, 606, 611","arr":["603","603Na","606","611"],"terminus":0,"mode":"bus","color":"#0059a9","colorDark":"#00294f","angle":243.5,"snapDist":4,"label":0}},{"type":"Feature","geometry":{"type":"Point","coordinates":[20.219359,44.832186]},"properties":{"name":"Žarka Jelića","lines":"603, 603Na, 606, 611","arr":["603","603Na","606","611"],"terminus":0,"mode":"bus","color":"#0059a9","colorDark":"#00294f","angle":241.1,"snapDist":5,"label":0}},{"type":"Feature","geometry":{"type":"Point","coordinates":[20.223368,44.827033]},"properties":{"name":"Dobanovci /centar/","lines":"603, 603Na","arr":["603","603Na"],"terminus":0,"mode":"bus","color":"#0059a9","colorDark":"#00294f","angle":241,"snapDist":5,"label":0}},{"type":"Feature","geometry":{"type":"Point","coordinates":[20.225158,44.824754]},"properties":{"name":"Stevana Jovanovića","lines":"603, 603Na","arr":["603","603Na"],"terminus":0,"mode":"bus","color":"#0059a9","colorDark":"#00294f","angle":240.9,"snapDist":5,"label":0}},{"type":"Feature","geometry":{"type":"Point","coordinates":[20.229357,44.819871]},"properties":{"name":"Bezdan","lines":"603, 603Na","arr":["603","603Na"],"terminus":0,"mode":"bus","color":"#0059a9","colorDark":"#00294f","angle":222.1,"snapDist":4,"label":0}},{"type":"Feature","geometry":{"type":"Point","coordinates":[20.233393,44.817289]},"properties":{"name":"Naselje PIK","lines":"603, 603Na","arr":["603","603Na"],"terminus":0,"mode":"bus","color":"#0059a9","colorDark":"#00294f","angle":222,"snapDist":3,"label":0}},{"type":"Feature","geometry":{"type":"Point","coordinates":[20.243615,44.810993]},"properties":{"name":"Industrijska zona Dobanovci","lines":"603, 603Na, 606","arr":["603","603Na","606"],"terminus":0,"mode":"bus","color":"#0059a9","colorDark":"#00294f","angle":197.4,"snapDist":4,"label":0}},{"type":"Feature","geometry":{"type":"Point","coordinates":[20.251112,44.805987]},"properties":{"name":"Surčinska petlja","lines":"603, 603Na, 606","arr":["603","603Na","606"],"terminus":0,"mode":"bus","color":"#0059a9","colorDark":"#00294f","angle":222.3,"snapDist":7,"label":0}},{"type":"Feature","geometry":{"type":"Point","coordinates":[20.258502,44.801232]},"properties":{"name":"Surčin /izlaz/","lines":"603, 603Na, 606","arr":["603","603Na","606"],"terminus":0,"mode":"bus","color":"#0059a9","colorDark":"#00294f","angle":222.7,"snapDist":4,"label":0}},{"type":"Feature","geometry":{"type":"Point","coordinates":[20.265559,44.79752]},"properties":{"name":"Braće Suzić","lines":"603, 603Na, 606","arr":["603","603Na","606"],"terminus":0,"mode":"bus","color":"#0059a9","colorDark":"#00294f","angle":199.2,"snapDist":6,"label":0}},{"type":"Feature","geometry":{"type":"Point","coordinates":[20.28583,44.833457]},"properties":{"name":"Put za Soko salaš","lines":"603N, 611, 711","arr":["603N","611","711"],"terminus":0,"mode":"bus","color":"#0059a9","colorDark":"#00294f","angle":180.5,"snapDist":10,"label":1}},{"type":"Feature","geometry":{"type":"Point","coordinates":[20.348476,44.833531]},"properties":{"name":"Ikarbus","lines":"603N, 611, 711","arr":["603N","611","711"],"terminus":0,"mode":"bus","color":"#0059a9","colorDark":"#00294f","angle":186,"snapDist":20,"label":1}},{"type":"Feature","geometry":{"type":"Point","coordinates":[20.362264,44.832238]},"properties":{"name":"Grmeč","lines":"603N, 611, 711","arr":["603N","611","711"],"terminus":0,"mode":"bus","color":"#0059a9","colorDark":"#00294f","angle":188.7,"snapDist":8,"label":1}},{"type":"Feature","geometry":{"type":"Point","coordinates":[20.371854,44.831015]},"properties":{"name":"Zmaj","lines":"603N, 611, 711","arr":["603N","611","711"],"terminus":0,"mode":"bus","color":"#0059a9","colorDark":"#00294f","angle":191.3,"snapDist":9,"label":1}},{"type":"Feature","geometry":{"type":"Point","coordinates":[20.195643,44.782417]},"properties":{"name":"Bečmenskih ilegalaca","lines":"604","arr":["604"],"terminus":0,"mode":"bus","color":"#0059a9","colorDark":"#00294f","angle":32.3,"snapDist":5,"label":1}},{"type":"Feature","geometry":{"type":"Point","coordinates":[20.190859,44.784347]},"properties":{"name":"Bečmen (izlaz)","lines":"604","arr":["604"],"terminus":0,"mode":"bus","color":"#0059a9","colorDark":"#00294f","angle":29.4,"snapDist":5,"label":1}},{"type":"Feature","geometry":{"type":"Point","coordinates":[20.185765,44.786377]},"properties":{"name":"Bečmen ekonomija","lines":"604","arr":["604"],"terminus":0,"mode":"bus","color":"#0059a9","colorDark":"#00294f","angle":26.1,"snapDist":2,"label":1}},{"type":"Feature","geometry":{"type":"Point","coordinates":[20.177055,44.788337]},"properties":{"name":"Bečmen /zabran/","lines":"604","arr":["604"],"terminus":0,"mode":"bus","color":"#0059a9","colorDark":"#00294f","angle":17,"snapDist":8,"label":1}},{"type":"Feature","geometry":{"type":"Point","coordinates":[20.164931,44.79099]},"properties":{"name":"Šumsko gazdinstvo","lines":"604","arr":["604"],"terminus":0,"mode":"bus","color":"#0059a9","colorDark":"#00294f","angle":17.1,"snapDist":8,"label":1}},{"type":"Feature","geometry":{"type":"Point","coordinates":[20.155024,44.79317]},"properties":{"name":"Zmaj Ognjenog Vuka","lines":"604","arr":["604"],"terminus":0,"mode":"bus","color":"#0059a9","colorDark":"#00294f","angle":18.4,"snapDist":6,"label":1}},{"type":"Feature","geometry":{"type":"Point","coordinates":[20.151195,44.793632]},"properties":{"name":"Petrovčić /ulaz/","lines":"604","arr":["604"],"terminus":0,"mode":"bus","color":"#0059a9","colorDark":"#00294f","angle":6,"snapDist":4,"label":1}},{"type":"Feature","geometry":{"type":"Point","coordinates":[20.14488,44.794077]},"properties":{"name":"Petrovčić /centar/","lines":"604","arr":["604"],"terminus":0,"mode":"bus","color":"#0059a9","colorDark":"#00294f","angle":6.3,"snapDist":4,"label":1}},{"type":"Feature","geometry":{"type":"Point","coordinates":[20.135416,44.795035]},"properties":{"name":"Petrovčić","lines":"604","arr":["604"],"terminus":0,"mode":"bus","color":"#0059a9","colorDark":"#00294f","angle":24.3,"snapDist":6,"label":1}},{"type":"Feature","geometry":{"type":"Point","coordinates":[20.100824,44.806024]},"properties":{"name":"Preka kaldrma","lines":"604","arr":["604"],"terminus":1,"mode":"bus","color":"#0059a9","colorDark":"#00294f","angle":-154.7,"snapDist":10,"label":1}},{"type":"Feature","geometry":{"type":"Point","coordinates":[20.135619,44.794972]},"properties":{"name":"Petrovčić","lines":"604","arr":["604"],"terminus":0,"mode":"bus","color":"#0059a9","colorDark":"#00294f","angle":203.1,"snapDist":6,"label":0}},{"type":"Feature","geometry":{"type":"Point","coordinates":[20.144224,44.794122]},"properties":{"name":"Petrovčić /centar/","lines":"604","arr":["604"],"terminus":0,"mode":"bus","color":"#0059a9","colorDark":"#00294f","angle":185.5,"snapDist":4,"label":0}},{"type":"Feature","geometry":{"type":"Point","coordinates":[20.151767,44.793589]},"properties":{"name":"Petrovčić /ulaz/","lines":"604","arr":["604"],"terminus":0,"mode":"bus","color":"#0059a9","colorDark":"#00294f","angle":186.5,"snapDist":6,"label":0}},{"type":"Feature","geometry":{"type":"Point","coordinates":[20.155611,44.793035]},"properties":{"name":"Zmaj Ognjenog Vuka","lines":"604","arr":["604"],"terminus":0,"mode":"bus","color":"#0059a9","colorDark":"#00294f","angle":197.2,"snapDist":9,"label":0}},{"type":"Feature","geometry":{"type":"Point","coordinates":[20.16608,44.790738]},"properties":{"name":"Šumsko gazdinstvo","lines":"604","arr":["604"],"terminus":0,"mode":"bus","color":"#0059a9","colorDark":"#00294f","angle":197.2,"snapDist":6,"label":0}},{"type":"Feature","geometry":{"type":"Point","coordinates":[20.178303,44.788067]},"properties":{"name":"Bečmen /zabran/","lines":"604","arr":["604"],"terminus":0,"mode":"bus","color":"#0059a9","colorDark":"#00294f","angle":196.8,"snapDist":6,"label":0}},{"type":"Feature","geometry":{"type":"Point","coordinates":[20.185973,44.786293]},"properties":{"name":"Bečmen ekonomija","lines":"604","arr":["604"],"terminus":0,"mode":"bus","color":"#0059a9","colorDark":"#00294f","angle":210.4,"snapDist":10,"label":0}},{"type":"Feature","geometry":{"type":"Point","coordinates":[20.191482,44.784101]},"properties":{"name":"Bečmen (izlaz)","lines":"604","arr":["604"],"terminus":0,"mode":"bus","color":"#0059a9","colorDark":"#00294f","angle":208.8,"snapDist":6,"label":0}},{"type":"Feature","geometry":{"type":"Point","coordinates":[20.195788,44.782351]},"properties":{"name":"Bečmenskih ilegalaca","lines":"604","arr":["604"],"terminus":0,"mode":"bus","color":"#0059a9","colorDark":"#00294f","angle":212.3,"snapDist":5,"label":0}},{"type":"Feature","geometry":{"type":"Point","coordinates":[20.259741,44.753887]},"properties":{"name":"MZ Jakovo","lines":"605","arr":["605"],"terminus":0,"mode":"bus","color":"#0059a9","colorDark":"#00294f","angle":322.6,"snapDist":7,"label":0}},{"type":"Feature","geometry":{"type":"Point","coordinates":[20.256627,44.75103]},"properties":{"name":"Prilivak","lines":"605","arr":["605"],"terminus":0,"mode":"bus","color":"#0059a9","colorDark":"#00294f","angle":290,"snapDist":5,"label":1}},{"type":"Feature","geometry":{"type":"Point","coordinates":[20.253452,44.744892]},"properties":{"name":"Jakovo čelik","lines":"605","arr":["605"],"terminus":0,"mode":"bus","color":"#0059a9","colorDark":"#00294f","angle":290,"snapDist":5,"label":1}},{"type":"Feature","geometry":{"type":"Point","coordinates":[20.251494,44.738422]},"properties":{"name":"Stovarište","lines":"605","arr":["605"],"terminus":0,"mode":"bus","color":"#0059a9","colorDark":"#00294f","angle":304,"snapDist":4,"label":1}},{"type":"Feature","geometry":{"type":"Point","coordinates":[20.246439,44.733054]},"properties":{"name":"Boljevci /zapis/","lines":"605","arr":["605"],"terminus":0,"mode":"bus","color":"#0059a9","colorDark":"#00294f","angle":303.5,"snapDist":5,"label":1}},{"type":"Feature","geometry":{"type":"Point","coordinates":[20.241052,44.727364]},"properties":{"name":"Šest topola","lines":"605","arr":["605"],"terminus":0,"mode":"bus","color":"#0059a9","colorDark":"#00294f","angle":304.3,"snapDist":6,"label":1}},{"type":"Feature","geometry":{"type":"Point","coordinates":[20.236715,44.722779]},"properties":{"name":"Slovačko groblje","lines":"605","arr":["605"],"terminus":0,"mode":"bus","color":"#0059a9","colorDark":"#00294f","angle":303.4,"snapDist":7,"label":1}},{"type":"Feature","geometry":{"type":"Point","coordinates":[20.232276,44.721398]},"properties":{"name":"Ribarska","lines":"605","arr":["605"],"terminus":0,"mode":"bus","color":"#0059a9","colorDark":"#00294f","angle":352.4,"snapDist":4,"label":1}},{"type":"Feature","geometry":{"type":"Point","coordinates":[20.224927,44.721555]},"properties":{"name":"Relje Oparušića","lines":"605","arr":["605"],"terminus":0,"mode":"bus","color":"#0059a9","colorDark":"#00294f","angle":8.6,"snapDist":4,"label":1}},{"type":"Feature","geometry":{"type":"Point","coordinates":[20.217686,44.722379]},"properties":{"name":"Boljevci /centar/","lines":"605","arr":["605"],"terminus":0,"mode":"bus","color":"#0059a9","colorDark":"#00294f","angle":9.1,"snapDist":7,"label":1}},{"type":"Feature","geometry":{"type":"Point","coordinates":[20.208765,44.724046]},"properties":{"name":"Boljevci /izlaz/","lines":"605","arr":["605"],"terminus":0,"mode":"bus","color":"#0059a9","colorDark":"#00294f","angle":23.8,"snapDist":2,"label":1}},{"type":"Feature","geometry":{"type":"Point","coordinates":[20.20291,44.726155]},"properties":{"name":"Boljevci (ribolovački klub)","lines":"605","arr":["605"],"terminus":0,"mode":"bus","color":"#0059a9","colorDark":"#00294f","angle":29.4,"snapDist":4,"label":1}},{"type":"Feature","geometry":{"type":"Point","coordinates":[20.198233,44.731821]},"properties":{"name":"Druga nova","lines":"605","arr":["605"],"terminus":0,"mode":"bus","color":"#0059a9","colorDark":"#00294f","angle":30.2,"snapDist":6,"label":1}},{"type":"Feature","geometry":{"type":"Point","coordinates":[20.193737,44.733718]},"properties":{"name":"Živača ribnjak","lines":"605","arr":["605"],"terminus":0,"mode":"bus","color":"#0059a9","colorDark":"#00294f","angle":31,"snapDist":7,"label":1}},{"type":"Feature","geometry":{"type":"Point","coordinates":[20.185079,44.736751]},"properties":{"name":"Vikend naselje","lines":"605","arr":["605"],"terminus":0,"mode":"bus","color":"#0059a9","colorDark":"#00294f","angle":12.8,"snapDist":6,"label":1}},{"type":"Feature","geometry":{"type":"Point","coordinates":[20.17326,44.734815]},"properties":{"name":"Živača","lines":"605","arr":["605"],"terminus":0,"mode":"bus","color":"#0059a9","colorDark":"#00294f","angle":317.5,"snapDist":8,"label":1}},{"type":"Feature","geometry":{"type":"Point","coordinates":[20.16964,44.732255]},"properties":{"name":"Živača /izlaz/","lines":"605","arr":["605"],"terminus":0,"mode":"bus","color":"#0059a9","colorDark":"#00294f","angle":313.8,"snapDist":8,"label":1}},{"type":"Feature","geometry":{"type":"Point","coordinates":[20.164203,44.726827]},"properties":{"name":"Bojčinska šuma","lines":"605","arr":["605"],"terminus":0,"mode":"bus","color":"#0059a9","colorDark":"#00294f","angle":286.2,"snapDist":2,"label":1}},{"type":"Feature","geometry":{"type":"Point","coordinates":[20.160427,44.720593]},"properties":{"name":"Progar /ulaz/","lines":"605","arr":["605"],"terminus":0,"mode":"bus","color":"#0059a9","colorDark":"#00294f","angle":264.7,"snapDist":8,"label":1}},{"type":"Feature","geometry":{"type":"Point","coordinates":[20.160704,44.714834]},"properties":{"name":"Progar /centar/","lines":"605","arr":["605"],"terminus":0,"mode":"bus","color":"#0059a9","colorDark":"#00294f","angle":357.6,"snapDist":5,"label":1}},{"type":"Feature","geometry":{"type":"Point","coordinates":[20.155782,44.716408]},"properties":{"name":"12. avgusta","lines":"605","arr":["605"],"terminus":0,"mode":"bus","color":"#0059a9","colorDark":"#00294f","angle":51.2,"snapDist":7,"label":1}},{"type":"Feature","geometry":{"type":"Point","coordinates":[20.149697,44.718214]},"properties":{"name":"Progar","lines":"605","arr":["605"],"terminus":1,"mode":"bus","color":"#0059a9","colorDark":"#00294f","angle":171,"snapDist":3,"label":1}},{"type":"Feature","geometry":{"type":"Point","coordinates":[20.15656,44.715717]},"properties":{"name":"12. avgusta","lines":"605","arr":["605"],"terminus":0,"mode":"bus","color":"#0059a9","colorDark":"#00294f","angle":231.8,"snapDist":6,"label":0}},{"type":"Feature","geometry":{"type":"Point","coordinates":[20.161126,44.714846]},"properties":{"name":"Progar /centar/","lines":"605","arr":["605"],"terminus":0,"mode":"bus","color":"#0059a9","colorDark":"#00294f","angle":177.6,"snapDist":8,"label":0}},{"type":"Feature","geometry":{"type":"Point","coordinates":[20.16044,44.720484]},"properties":{"name":"Progar /ulaz/","lines":"605","arr":["605"],"terminus":0,"mode":"bus","color":"#0059a9","colorDark":"#00294f","angle":85.2,"snapDist":5,"label":0}},{"type":"Feature","geometry":{"type":"Point","coordinates":[20.164108,44.72659]},"properties":{"name":"Bojčinska šuma","lines":"605","arr":["605"],"terminus":0,"mode":"bus","color":"#0059a9","colorDark":"#00294f","angle":105.6,"snapDist":5,"label":0}},{"type":"Feature","geometry":{"type":"Point","coordinates":[20.170324,44.73275]},"properties":{"name":"Živača /izlaz/","lines":"605","arr":["605"],"terminus":0,"mode":"bus","color":"#0059a9","colorDark":"#00294f","angle":133.7,"snapDist":1,"label":0}},{"type":"Feature","geometry":{"type":"Point","coordinates":[20.173675,44.735085]},"properties":{"name":"Živača","lines":"605","arr":["605"],"terminus":0,"mode":"bus","color":"#0059a9","colorDark":"#00294f","angle":137.5,"snapDist":2,"label":0}},{"type":"Feature","geometry":{"type":"Point","coordinates":[20.184489,44.736846]},"properties":{"name":"Vikend naselje","lines":"605","arr":["605"],"terminus":0,"mode":"bus","color":"#0059a9","colorDark":"#00294f","angle":192.8,"snapDist":8,"label":0}},{"type":"Feature","geometry":{"type":"Point","coordinates":[20.194194,44.733522]},"properties":{"name":"Živača ribnjak","lines":"605","arr":["605"],"terminus":0,"mode":"bus","color":"#0059a9","colorDark":"#00294f","angle":211.2,"snapDist":7,"label":0}},{"type":"Feature","geometry":{"type":"Point","coordinates":[20.198864,44.731574]},"properties":{"name":"Druga nova","lines":"605","arr":["605"],"terminus":0,"mode":"bus","color":"#0059a9","colorDark":"#00294f","angle":208.6,"snapDist":5,"label":0}},{"type":"Feature","geometry":{"type":"Point","coordinates":[20.203698,44.725878]},"properties":{"name":"Boljevci (ribolovački klub)","lines":"605","arr":["605"],"terminus":0,"mode":"bus","color":"#0059a9","colorDark":"#00294f","angle":206.6,"snapDist":5,"label":0}},{"type":"Feature","geometry":{"type":"Point","coordinates":[20.208667,44.724077]},"properties":{"name":"Boljevci /izlaz/","lines":"605","arr":["605"],"terminus":0,"mode":"bus","color":"#0059a9","colorDark":"#00294f","angle":203.8,"snapDist":3,"label":0}},{"type":"Feature","geometry":{"type":"Point","coordinates":[20.216107,44.722568]},"properties":{"name":"Boljevci /centar/","lines":"605","arr":["605"],"terminus":0,"mode":"bus","color":"#0059a9","colorDark":"#00294f","angle":189.4,"snapDist":10,"label":0}},{"type":"Feature","geometry":{"type":"Point","coordinates":[20.223778,44.721683]},"properties":{"name":"Relje Oparušića","lines":"605","arr":["605"],"terminus":0,"mode":"bus","color":"#0059a9","colorDark":"#00294f","angle":189.1,"snapDist":5,"label":0}},{"type":"Feature","geometry":{"type":"Point","coordinates":[20.232001,44.721372]},"properties":{"name":"Ribarska","lines":"605","arr":["605"],"terminus":0,"mode":"bus","color":"#0059a9","colorDark":"#00294f","angle":172.4,"snapDist":5,"label":0}},{"type":"Feature","geometry":{"type":"Point","coordinates":[20.237239,44.723333]},"properties":{"name":"Slovačko groblje","lines":"605","arr":["605"],"terminus":0,"mode":"bus","color":"#0059a9","colorDark":"#00294f","angle":124.3,"snapDist":11,"label":0}},{"type":"Feature","geometry":{"type":"Point","coordinates":[20.241761,44.728102]},"properties":{"name":"Šest topola","lines":"605","arr":["605"],"terminus":0,"mode":"bus","color":"#0059a9","colorDark":"#00294f","angle":123.4,"snapDist":5,"label":0}},{"type":"Feature","geometry":{"type":"Point","coordinates":[20.247638,44.734338]},"properties":{"name":"Boljevci /zapis/","lines":"605","arr":["605"],"terminus":0,"mode":"bus","color":"#0059a9","colorDark":"#00294f","angle":122.9,"snapDist":6,"label":0}},{"type":"Feature","geometry":{"type":"Point","coordinates":[20.251989,44.738943]},"properties":{"name":"Stovarište","lines":"605","arr":["605"],"terminus":0,"mode":"bus","color":"#0059a9","colorDark":"#00294f","angle":124,"snapDist":9,"label":0}},{"type":"Feature","geometry":{"type":"Point","coordinates":[20.253881,44.745711]},"properties":{"name":"Jakovo čelik","lines":"605","arr":["605"],"terminus":0,"mode":"bus","color":"#0059a9","colorDark":"#00294f","angle":111.1,"snapDist":12,"label":0}},{"type":"Feature","geometry":{"type":"Point","coordinates":[20.256478,44.750738]},"properties":{"name":"Prilivak","lines":"605","arr":["605"],"terminus":0,"mode":"bus","color":"#0059a9","colorDark":"#00294f","angle":109.8,"snapDist":8,"label":0}},{"type":"Feature","geometry":{"type":"Point","coordinates":[20.235464,44.81755]},"properties":{"name":"Grobljanska","lines":"606","arr":["606"],"terminus":0,"mode":"bus","color":"#0059a9","colorDark":"#00294f","angle":104.8,"snapDist":9,"label":1}},{"type":"Feature","geometry":{"type":"Point","coordinates":[20.237693,44.824663]},"properties":{"name":"Groblje","lines":"606","arr":["606"],"terminus":0,"mode":"bus","color":"#0059a9","colorDark":"#00294f","angle":99.8,"snapDist":2,"label":1}},{"type":"Feature","geometry":{"type":"Point","coordinates":[20.238445,44.827914]},"properties":{"name":"Anđelka Čobanovića","lines":"606","arr":["606"],"terminus":0,"mode":"bus","color":"#0059a9","colorDark":"#00294f","angle":101.7,"snapDist":2,"label":1}},{"type":"Feature","geometry":{"type":"Point","coordinates":[20.239135,44.831298]},"properties":{"name":"Beogradska","lines":"606","arr":["606"],"terminus":0,"mode":"bus","color":"#0059a9","colorDark":"#00294f","angle":3.7,"snapDist":6,"label":1}},{"type":"Feature","geometry":{"type":"Point","coordinates":[20.232043,44.831089]},"properties":{"name":"Partizanska","lines":"606, 611","arr":["606","611"],"terminus":0,"mode":"bus","color":"#0059a9","colorDark":"#00294f","angle":332.6,"snapDist":3,"label":1}},{"type":"Feature","geometry":{"type":"Point","coordinates":[20.228345,44.829725]},"properties":{"name":"Zemunska","lines":"606, 611","arr":["606","611"],"terminus":0,"mode":"bus","color":"#0059a9","colorDark":"#00294f","angle":332.6,"snapDist":1,"label":1}},{"type":"Feature","geometry":{"type":"Point","coordinates":[20.188052,44.84982]},"properties":{"name":"Pumpa","lines":"606","arr":["606"],"terminus":0,"mode":"bus","color":"#0059a9","colorDark":"#00294f","angle":20.6,"snapDist":4,"label":1}},{"type":"Feature","geometry":{"type":"Point","coordinates":[20.167783,44.855122]},"properties":{"name":"Grmovac /ulaz/","lines":"606","arr":["606"],"terminus":0,"mode":"bus","color":"#0059a9","colorDark":"#00294f","angle":268.4,"snapDist":7,"label":1}},{"type":"Feature","geometry":{"type":"Point","coordinates":[20.167912,44.85184]},"properties":{"name":"Grmovac /7. nova/","lines":"606","arr":["606"],"terminus":0,"mode":"bus","color":"#0059a9","colorDark":"#00294f","angle":268.3,"snapDist":2,"label":1}},{"type":"Feature","geometry":{"type":"Point","coordinates":[20.1603,44.851646]},"properties":{"name":"Grmovac /13. nova/","lines":"606","arr":["606"],"terminus":0,"mode":"bus","color":"#0059a9","colorDark":"#00294f","angle":359.3,"snapDist":0,"label":1}},{"type":"Feature","geometry":{"type":"Point","coordinates":[20.15394,44.851593]},"properties":{"name":"Grmovac /19. nova/","lines":"606","arr":["606"],"terminus":0,"mode":"bus","color":"#0059a9","colorDark":"#00294f","angle":359,"snapDist":1,"label":1}},{"type":"Feature","geometry":{"type":"Point","coordinates":[20.14843,44.851545]},"properties":{"name":"Grmovac /24. Nova/","lines":"606","arr":["606"],"terminus":0,"mode":"bus","color":"#0059a9","colorDark":"#00294f","angle":359.2,"snapDist":3,"label":1}},{"type":"Feature","geometry":{"type":"Point","coordinates":[20.147378,44.855457]},"properties":{"name":"Grmovac /25.nova/","lines":"606","arr":["606"],"terminus":1,"mode":"bus","color":"#0059a9","colorDark":"#00294f","angle":179.2,"snapDist":4,"label":1}},{"type":"Feature","geometry":{"type":"Point","coordinates":[20.15316,44.855511]},"properties":{"name":"Grmovac (20.nova)","lines":"606","arr":["606"],"terminus":0,"mode":"bus","color":"#0059a9","colorDark":"#00294f","angle":179.9,"snapDist":7,"label":1}},{"type":"Feature","geometry":{"type":"Point","coordinates":[20.157242,44.85553]},"properties":{"name":"Grmovac /crkva/","lines":"606","arr":["606"],"terminus":0,"mode":"bus","color":"#0059a9","colorDark":"#00294f","angle":179.5,"snapDist":7,"label":1}},{"type":"Feature","geometry":{"type":"Point","coordinates":[20.162093,44.855564]},"properties":{"name":"Grmovac","lines":"606","arr":["606"],"terminus":0,"mode":"bus","color":"#0059a9","colorDark":"#00294f","angle":179.4,"snapDist":4,"label":1}},{"type":"Feature","geometry":{"type":"Point","coordinates":[20.167033,44.855599]},"properties":{"name":"Grmovac /ulaz/","lines":"606","arr":["606"],"terminus":0,"mode":"bus","color":"#0059a9","colorDark":"#00294f","angle":178.9,"snapDist":3,"label":0}},{"type":"Feature","geometry":{"type":"Point","coordinates":[20.188312,44.84975]},"properties":{"name":"Pumpa","lines":"606","arr":["606"],"terminus":0,"mode":"bus","color":"#0059a9","colorDark":"#00294f","angle":200.6,"snapDist":3,"label":0}},{"type":"Feature","geometry":{"type":"Point","coordinates":[20.223823,44.827994]},"properties":{"name":"Dobanovci /centar/","lines":"606, 611","arr":["606","611"],"terminus":0,"mode":"bus","color":"#0059a9","colorDark":"#00294f","angle":152.3,"snapDist":5,"label":0}},{"type":"Feature","geometry":{"type":"Point","coordinates":[20.229015,44.829971]},"properties":{"name":"Zemunska","lines":"606, 611","arr":["606","611"],"terminus":0,"mode":"bus","color":"#0059a9","colorDark":"#00294f","angle":152.6,"snapDist":6,"label":0}},{"type":"Feature","geometry":{"type":"Point","coordinates":[20.234708,44.831503]},"properties":{"name":"Pertizanska","lines":"606","arr":["606"],"terminus":0,"mode":"bus","color":"#0059a9","colorDark":"#00294f","angle":183.7,"snapDist":5,"label":1}},{"type":"Feature","geometry":{"type":"Point","coordinates":[20.239172,44.831296]},"properties":{"name":"Beogradska","lines":"606","arr":["606"],"terminus":0,"mode":"bus","color":"#0059a9","colorDark":"#00294f","angle":183.7,"snapDist":3,"label":0}},{"type":"Feature","geometry":{"type":"Point","coordinates":[20.238322,44.827484]},"properties":{"name":"Anđelka Čobanovića","lines":"606","arr":["606"],"terminus":0,"mode":"bus","color":"#0059a9","colorDark":"#00294f","angle":281.4,"snapDist":9,"label":0}},{"type":"Feature","geometry":{"type":"Point","coordinates":[20.237637,44.82443]},"properties":{"name":"Groblje","lines":"606","arr":["606"],"terminus":0,"mode":"bus","color":"#0059a9","colorDark":"#00294f","angle":279,"snapDist":7,"label":0}},{"type":"Feature","geometry":{"type":"Point","coordinates":[20.235409,44.817382]},"properties":{"name":"Grobljanska","lines":"606","arr":["606"],"terminus":0,"mode":"bus","color":"#0059a9","colorDark":"#00294f","angle":282.9,"snapDist":4,"label":0}},{"type":"Feature","geometry":{"type":"Point","coordinates":[20.405921,44.811717]},"properties":{"name":"Dr Agostina Neta","lines":"607","arr":["607"],"terminus":0,"mode":"bus","color":"#0059a9","colorDark":"#00294f","angle":26.8,"snapDist":4,"label":1}},{"type":"Feature","geometry":{"type":"Point","coordinates":[20.401374,44.813629]},"properties":{"name":"Blok 65","lines":"607","arr":["607"],"terminus":0,"mode":"bus","color":"#0059a9","colorDark":"#00294f","angle":33,"snapDist":4,"label":1}},{"type":"Feature","geometry":{"type":"Point","coordinates":[20.397762,44.815293]},"properties":{"name":"Železnička stanica Tošin bunar","lines":"607","arr":["607"],"terminus":0,"mode":"bus","color":"#0059a9","colorDark":"#00294f","angle":32.4,"snapDist":4,"label":1}},{"type":"Feature","geometry":{"type":"Point","coordinates":[20.396241,44.815777]},"properties":{"name":"Železnička stanica Tošin bunar","lines":"607","arr":["607"],"terminus":0,"mode":"bus","color":"#0059a9","colorDark":"#00294f","angle":207.6,"snapDist":3,"label":0}},{"type":"Feature","geometry":{"type":"Point","coordinates":[20.399784,44.814181]},"properties":{"name":"Blok 65","lines":"607","arr":["607"],"terminus":0,"mode":"bus","color":"#0059a9","colorDark":"#00294f","angle":212.7,"snapDist":3,"label":0}},{"type":"Feature","geometry":{"type":"Point","coordinates":[20.40427,44.812146]},"properties":{"name":"Omladinskih brigada","lines":"607","arr":["607"],"terminus":0,"mode":"bus","color":"#0059a9","colorDark":"#00294f","angle":209.7,"snapDist":3,"label":1}},{"type":"Feature","geometry":{"type":"Point","coordinates":[20.408565,44.810477]},"properties":{"name":"Dr Agostina Neta","lines":"607","arr":["607"],"terminus":0,"mode":"bus","color":"#0059a9","colorDark":"#00294f","angle":213.2,"snapDist":3,"label":1}},{"type":"Feature","geometry":{"type":"Point","coordinates":[20.370324,44.831345]},"properties":{"name":"Zmaj","lines":"611, 711","arr":["611","711"],"terminus":0,"mode":"bus","color":"#0059a9","colorDark":"#00294f","angle":12.2,"snapDist":8,"label":0}},{"type":"Feature","geometry":{"type":"Point","coordinates":[20.360798,44.83251]},"properties":{"name":"Grmeč","lines":"611, 711","arr":["611","711"],"terminus":0,"mode":"bus","color":"#0059a9","colorDark":"#00294f","angle":8.5,"snapDist":5,"label":0}},{"type":"Feature","geometry":{"type":"Point","coordinates":[20.347074,44.83383]},"properties":{"name":"Ikarbus","lines":"611, 711","arr":["611","711"],"terminus":0,"mode":"bus","color":"#0059a9","colorDark":"#00294f","angle":351.1,"snapDist":2,"label":0}},{"type":"Feature","geometry":{"type":"Point","coordinates":[20.286645,44.83357]},"properties":{"name":"Put za Soko salaš","lines":"611, 711","arr":["611","711"],"terminus":0,"mode":"bus","color":"#0059a9","colorDark":"#00294f","angle":0.1,"snapDist":10,"label":0}},{"type":"Feature","geometry":{"type":"Point","coordinates":[20.233706,44.832053]},"properties":{"name":"Partizanska","lines":"611","arr":["611"],"terminus":0,"mode":"bus","color":"#0059a9","colorDark":"#00294f","angle":108.5,"snapDist":5,"label":0}},{"type":"Feature","geometry":{"type":"Point","coordinates":[20.235947,44.836478]},"properties":{"name":"Dobanovci /groblje/","lines":"611","arr":["611"],"terminus":1,"mode":"bus","color":"#0059a9","colorDark":"#00294f","angle":109.8,"snapDist":11,"label":1}},{"type":"Feature","geometry":{"type":"Point","coordinates":[20.236383,44.837286]},"properties":{"name":"Dobanovci /groblje/","lines":"611","arr":["611"],"terminus":1,"mode":"bus","color":"#0059a9","colorDark":"#00294f","angle":298.1,"snapDist":1,"label":0}},{"type":"Feature","geometry":{"type":"Point","coordinates":[20.366648,44.822179]},"properties":{"name":"Novo bežanijsko groblje","lines":"612, 613, 708","arr":["612","613","708"],"terminus":0,"mode":"bus","color":"#0059a9","colorDark":"#00294f","angle":11.9,"snapDist":9,"label":0}},{"type":"Feature","geometry":{"type":"Point","coordinates":[20.362431,44.827377]},"properties":{"name":"Kvantaška pijaca","lines":"612, 613, 708","arr":["612","613","708"],"terminus":0,"mode":"bus","color":"#0059a9","colorDark":"#00294f","angle":98.7,"snapDist":9,"label":1}},{"type":"Feature","geometry":{"type":"Point","coordinates":[20.373735,44.858757]},"properties":{"name":"Milice Šuvaković","lines":"612, 703, 707","arr":["612","703","707"],"terminus":0,"mode":"bus","color":"#0059a9","colorDark":"#00294f","angle":300.8,"snapDist":2,"label":1}},{"type":"Feature","geometry":{"type":"Point","coordinates":[20.370487,44.855]},"properties":{"name":"Dunavski virovi","lines":"612, 703, 707","arr":["612","703","707"],"terminus":0,"mode":"bus","color":"#0059a9","colorDark":"#00294f","angle":303.5,"snapDist":2,"label":1}},{"type":"Feature","geometry":{"type":"Point","coordinates":[20.365733,44.855428]},"properties":{"name":"Nova Galenika /škola/","lines":"612","arr":["612"],"terminus":0,"mode":"bus","color":"#0059a9","colorDark":"#00294f","angle":30.7,"snapDist":4,"label":1}},{"type":"Feature","geometry":{"type":"Point","coordinates":[20.366121,44.855264]},"properties":{"name":"Nova Galenika /škola/","lines":"612","arr":["612"],"terminus":0,"mode":"bus","color":"#0059a9","colorDark":"#00294f","angle":210.7,"snapDist":2,"label":0}},{"type":"Feature","geometry":{"type":"Point","coordinates":[20.371576,44.856026]},"properties":{"name":"Dunavski virovi","lines":"612, 703, 707","arr":["612","703","707"],"terminus":0,"mode":"bus","color":"#0059a9","colorDark":"#00294f","angle":120.6,"snapDist":5,"label":0}},{"type":"Feature","geometry":{"type":"Point","coordinates":[20.374024,44.858927]},"properties":{"name":"Milice Šuvaković","lines":"612, 703, 707","arr":["612","703","707"],"terminus":0,"mode":"bus","color":"#0059a9","colorDark":"#00294f","angle":121.3,"snapDist":8,"label":0}},{"type":"Feature","geometry":{"type":"Point","coordinates":[20.361873,44.82557]},"properties":{"name":"Kvantaška pijaca","lines":"612, 613, 708","arr":["612","613","708"],"terminus":0,"mode":"bus","color":"#0059a9","colorDark":"#00294f","angle":278.9,"snapDist":10,"label":0}},{"type":"Feature","geometry":{"type":"Point","coordinates":[20.365393,44.82226]},"properties":{"name":"Novo bežanijsko groblje","lines":"612, 613, 708","arr":["612","613","708"],"terminus":0,"mode":"bus","color":"#0059a9","colorDark":"#00294f","angle":191.1,"snapDist":7,"label":0}},{"type":"Feature","geometry":{"type":"Point","coordinates":[20.347128,44.834393]},"properties":{"name":"Ikarbus","lines":"613","arr":["613"],"terminus":0,"mode":"bus","color":"#0059a9","colorDark":"#00294f","angle":341.4,"snapDist":4,"label":0}},{"type":"Feature","geometry":{"type":"Point","coordinates":[20.329022,44.834267]},"properties":{"name":"Ševino polje","lines":"613","arr":["613"],"terminus":0,"mode":"bus","color":"#0059a9","colorDark":"#00294f","angle":2.1,"snapDist":6,"label":1}},{"type":"Feature","geometry":{"type":"Point","coordinates":[20.321695,44.831619]},"properties":{"name":"Miloša Crnjanskog","lines":"613","arr":["613"],"terminus":0,"mode":"bus","color":"#0059a9","colorDark":"#00294f","angle":356.3,"snapDist":2,"label":1}},{"type":"Feature","geometry":{"type":"Point","coordinates":[20.317028,44.831479]},"properties":{"name":"Koste Abraševića","lines":"613","arr":["613"],"terminus":0,"mode":"bus","color":"#0059a9","colorDark":"#00294f","angle":357.9,"snapDist":5,"label":1}},{"type":"Feature","geometry":{"type":"Point","coordinates":[20.313032,44.831365]},"properties":{"name":"Nemanjina","lines":"613","arr":["613"],"terminus":0,"mode":"bus","color":"#0059a9","colorDark":"#00294f","angle":357.7,"snapDist":5,"label":1}},{"type":"Feature","geometry":{"type":"Point","coordinates":[20.308491,44.831232]},"properties":{"name":"Kosovke Devojke","lines":"613","arr":["613"],"terminus":0,"mode":"bus","color":"#0059a9","colorDark":"#00294f","angle":357.7,"snapDist":2,"label":1}},{"type":"Feature","geometry":{"type":"Point","coordinates":[20.303853,44.831113]},"properties":{"name":"Svetog Save","lines":"613","arr":["613"],"terminus":0,"mode":"bus","color":"#0059a9","colorDark":"#00294f","angle":358.1,"snapDist":2,"label":1}},{"type":"Feature","geometry":{"type":"Point","coordinates":[20.298983,44.830981]},"properties":{"name":"Radiofar","lines":"613","arr":["613"],"terminus":1,"mode":"bus","color":"#0059a9","colorDark":"#00294f","angle":177.9,"snapDist":3,"label":1}},{"type":"Feature","geometry":{"type":"Point","coordinates":[20.300763,44.830662]},"properties":{"name":"Patrijarha Pavla","lines":"613","arr":["613"],"terminus":0,"mode":"bus","color":"#0059a9","colorDark":"#00294f","angle":258.2,"snapDist":4,"label":1}},{"type":"Feature","geometry":{"type":"Point","coordinates":[20.301607,44.827734]},"properties":{"name":"Milana Konjovića","lines":"613","arr":["613"],"terminus":0,"mode":"bus","color":"#0059a9","colorDark":"#00294f","angle":258.6,"snapDist":2,"label":1}},{"type":"Feature","geometry":{"type":"Point","coordinates":[20.306234,44.82497]},"properties":{"name":"Vasilija Ostroškog","lines":"613","arr":["613"],"terminus":0,"mode":"bus","color":"#0059a9","colorDark":"#00294f","angle":167.8,"snapDist":2,"label":1}},{"type":"Feature","geometry":{"type":"Point","coordinates":[20.311464,44.825722]},"properties":{"name":"Kralja Petra I","lines":"613","arr":["613"],"terminus":0,"mode":"bus","color":"#0059a9","colorDark":"#00294f","angle":169,"snapDist":0,"label":1}},{"type":"Feature","geometry":{"type":"Point","coordinates":[20.315004,44.826389]},"properties":{"name":"Nemanjina 2","lines":"613","arr":["613"],"terminus":0,"mode":"bus","color":"#0059a9","colorDark":"#00294f","angle":79.1,"snapDist":3,"label":1}},{"type":"Feature","geometry":{"type":"Point","coordinates":[20.31429,44.828881]},"properties":{"name":"Nemanjina 1","lines":"613","arr":["613"],"terminus":0,"mode":"bus","color":"#0059a9","colorDark":"#00294f","angle":77.7,"snapDist":2,"label":1}},{"type":"Feature","geometry":{"type":"Point","coordinates":[20.314042,44.831396]},"properties":{"name":"Nemanjina","lines":"613","arr":["613"],"terminus":0,"mode":"bus","color":"#0059a9","colorDark":"#00294f","angle":177.4,"snapDist":3,"label":0}},{"type":"Feature","geometry":{"type":"Point","coordinates":[20.317629,44.831494]},"properties":{"name":"Koste Abraševića","lines":"613","arr":["613"],"terminus":0,"mode":"bus","color":"#0059a9","colorDark":"#00294f","angle":178,"snapDist":5,"label":0}},{"type":"Feature","geometry":{"type":"Point","coordinates":[20.322524,44.831655]},"properties":{"name":"Miloša Crnjanskog","lines":"613","arr":["613"],"terminus":0,"mode":"bus","color":"#0059a9","colorDark":"#00294f","angle":178.3,"snapDist":6,"label":0}},{"type":"Feature","geometry":{"type":"Point","coordinates":[20.328393,44.834284]},"properties":{"name":"Ševino polje","lines":"613","arr":["613"],"terminus":0,"mode":"bus","color":"#0059a9","colorDark":"#00294f","angle":180.9,"snapDist":6,"label":0}},{"type":"Feature","geometry":{"type":"Point","coordinates":[20.346804,44.832856]},"properties":{"name":"Ikarbus","lines":"613","arr":["613"],"terminus":0,"mode":"bus","color":"#0059a9","colorDark":"#00294f","angle":190.6,"snapDist":0,"label":0}},{"type":"Feature","geometry":{"type":"Point","coordinates":[20.270964,44.899958]},"properties":{"name":"Batajnica /železnička stanica/","lines":"700","arr":["700"],"terminus":1,"mode":"bus","color":"#0059a9","colorDark":"#00294f","angle":55.9,"snapDist":13,"label":0}},{"type":"Feature","geometry":{"type":"Point","coordinates":[20.274369,44.906366]},"properties":{"name":"Batajnica (centar)","lines":"700, 702, 703, 706, 706E, 706N","arr":["700","702","703","706","706E","706N"],"terminus":0,"mode":"bus","color":"#0059a9","colorDark":"#00294f","angle":39.1,"snapDist":7,"label":0}},{"type":"Feature","geometry":{"type":"Point","coordinates":[20.266219,44.911056]},"properties":{"name":"Posavska","lines":"700, 706, 706E, 706N","arr":["700","706","706E","706N"],"terminus":0,"mode":"bus","color":"#0059a9","colorDark":"#00294f","angle":38.9,"snapDist":8,"label":1}},{"type":"Feature","geometry":{"type":"Point","coordinates":[20.264662,44.912495]},"properties":{"name":"Drage Mihajlovića","lines":"700, 706, 706N","arr":["700","706","706N"],"terminus":0,"mode":"bus","color":"#0059a9","colorDark":"#00294f","angle":146.6,"snapDist":6,"label":1}},{"type":"Feature","geometry":{"type":"Point","coordinates":[20.267237,44.913702]},"properties":{"name":"Dalmatinskih brigada","lines":"700, 706, 706N","arr":["700","706","706N"],"terminus":0,"mode":"bus","color":"#0059a9","colorDark":"#00294f","angle":146.6,"snapDist":5,"label":1}},{"type":"Feature","geometry":{"type":"Point","coordinates":[20.27122,44.915497]},"properties":{"name":"Batajnica","lines":"700, 706, 706N","arr":["700","706","706N"],"terminus":1,"mode":"bus","color":"#0059a9","colorDark":"#00294f","angle":192.5,"snapDist":9,"label":1}},{"type":"Feature","geometry":{"type":"Point","coordinates":[20.27471,44.917395]},"properties":{"name":"Katice Opačić 1","lines":"700","arr":["700"],"terminus":0,"mode":"bus","color":"#0059a9","colorDark":"#00294f","angle":145.6,"snapDist":5,"label":1}},{"type":"Feature","geometry":{"type":"Point","coordinates":[20.278804,44.917759]},"properties":{"name":"Novosadska","lines":"700","arr":["700"],"terminus":0,"mode":"bus","color":"#0059a9","colorDark":"#00294f","angle":242.5,"snapDist":2,"label":1}},{"type":"Feature","geometry":{"type":"Point","coordinates":[20.280404,44.914414]},"properties":{"name":"Katice Opačić","lines":"700","arr":["700"],"terminus":0,"mode":"bus","color":"#0059a9","colorDark":"#00294f","angle":252.9,"snapDist":4,"label":1}},{"type":"Feature","geometry":{"type":"Point","coordinates":[20.28228,44.911188]},"properties":{"name":"Jovana Brankovića","lines":"700","arr":["700"],"terminus":0,"mode":"bus","color":"#0059a9","colorDark":"#00294f","angle":206,"snapDist":2,"label":1}},{"type":"Feature","geometry":{"type":"Point","coordinates":[20.286277,44.908963]},"properties":{"name":"Široki Put","lines":"700","arr":["700"],"terminus":0,"mode":"bus","color":"#0059a9","colorDark":"#00294f","angle":233,"snapDist":5,"label":1}},{"type":"Feature","geometry":{"type":"Point","coordinates":[20.28901,44.906395]},"properties":{"name":"Stanka Tišme","lines":"700","arr":["700"],"terminus":0,"mode":"bus","color":"#0059a9","colorDark":"#00294f","angle":231.6,"snapDist":5,"label":1}},{"type":"Feature","geometry":{"type":"Point","coordinates":[20.292283,44.903467]},"properties":{"name":"Braće Smiljanić","lines":"700","arr":["700"],"terminus":0,"mode":"bus","color":"#0059a9","colorDark":"#00294f","angle":231.7,"snapDist":2,"label":1}},{"type":"Feature","geometry":{"type":"Point","coordinates":[20.294443,44.900212]},"properties":{"name":"Bosanske krajine","lines":"700","arr":["700"],"terminus":0,"mode":"bus","color":"#0059a9","colorDark":"#00294f","angle":314.1,"snapDist":7,"label":1}},{"type":"Feature","geometry":{"type":"Point","coordinates":[20.290039,44.896898]},"properties":{"name":"Kralja Uroša","lines":"700, 703","arr":["700","703"],"terminus":0,"mode":"bus","color":"#0059a9","colorDark":"#00294f","angle":300.9,"snapDist":4,"label":1}},{"type":"Feature","geometry":{"type":"Point","coordinates":[20.287184,44.89599]},"properties":{"name":"Stevana Dubajića","lines":"700, 703","arr":["700","703"],"terminus":0,"mode":"bus","color":"#0059a9","colorDark":"#00294f","angle":33.6,"snapDist":6,"label":1}},{"type":"Feature","geometry":{"type":"Point","coordinates":[20.282974,44.897983]},"properties":{"name":"Braće Radišić","lines":"700, 703","arr":["700","703"],"terminus":0,"mode":"bus","color":"#0059a9","colorDark":"#00294f","angle":35.1,"snapDist":2,"label":1}},{"type":"Feature","geometry":{"type":"Point","coordinates":[20.278823,44.900363]},"properties":{"name":"Kralja Radoslava","lines":"700, 703","arr":["700","703"],"terminus":0,"mode":"bus","color":"#0059a9","colorDark":"#00294f","angle":39.8,"snapDist":7,"label":1}},{"type":"Feature","geometry":{"type":"Point","coordinates":[20.267776,44.905931]},"properties":{"name":"Kralja Stefana Tomaša","lines":"702, 703","arr":["702","703"],"terminus":0,"mode":"bus","color":"#0059a9","colorDark":"#00294f","angle":311.6,"snapDist":5,"label":1}},{"type":"Feature","geometry":{"type":"Point","coordinates":[20.259271,44.900963]},"properties":{"name":"Šangajska","lines":"702, 703","arr":["702","703"],"terminus":0,"mode":"bus","color":"#0059a9","colorDark":"#00294f","angle":333.4,"snapDist":9,"label":1}},{"type":"Feature","geometry":{"type":"Point","coordinates":[20.249749,44.897581]},"properties":{"name":"Stevana Simića","lines":"702, 703","arr":["702","703"],"terminus":0,"mode":"bus","color":"#0059a9","colorDark":"#00294f","angle":333.8,"snapDist":5,"label":1}},{"type":"Feature","geometry":{"type":"Point","coordinates":[20.242476,44.895098]},"properties":{"name":"Dr Đorđa Šulce","lines":"702, 703","arr":["702","703"],"terminus":0,"mode":"bus","color":"#0059a9","colorDark":"#00294f","angle":334,"snapDist":5,"label":1}},{"type":"Feature","geometry":{"type":"Point","coordinates":[20.232432,44.89275]},"properties":{"name":"Busije /ulaz/","lines":"702","arr":["702"],"terminus":0,"mode":"bus","color":"#0059a9","colorDark":"#00294f","angle":65.5,"snapDist":3,"label":1}},{"type":"Feature","geometry":{"type":"Point","coordinates":[20.23035,44.895997]},"properties":{"name":"Prote Jeftimija Ivanovića","lines":"702","arr":["702"],"terminus":0,"mode":"bus","color":"#0059a9","colorDark":"#00294f","angle":65.5,"snapDist":5,"label":1}},{"type":"Feature","geometry":{"type":"Point","coordinates":[20.230126,44.898678]},"properties":{"name":"Savke Subotić","lines":"702","arr":["702"],"terminus":0,"mode":"bus","color":"#0059a9","colorDark":"#00294f","angle":153.8,"snapDist":7,"label":1}},{"type":"Feature","geometry":{"type":"Point","coordinates":[20.234998,44.900362]},"properties":{"name":"Stanka Koraća","lines":"702","arr":["702"],"terminus":0,"mode":"bus","color":"#0059a9","colorDark":"#00294f","angle":154,"snapDist":6,"label":1}},{"type":"Feature","geometry":{"type":"Point","coordinates":[20.233983,44.90225]},"properties":{"name":"Trandafila Duke","lines":"702","arr":["702"],"terminus":0,"mode":"bus","color":"#0059a9","colorDark":"#00294f","angle":333.7,"snapDist":5,"label":1}},{"type":"Feature","geometry":{"type":"Point","coordinates":[20.231019,44.901226]},"properties":{"name":"Stanka Opačića Ćanice","lines":"702","arr":["702"],"terminus":0,"mode":"bus","color":"#0059a9","colorDark":"#00294f","angle":334.1,"snapDist":6,"label":1}},{"type":"Feature","geometry":{"type":"Point","coordinates":[20.225755,44.899411]},"properties":{"name":"Nikole Begovića","lines":"702","arr":["702"],"terminus":0,"mode":"bus","color":"#0059a9","colorDark":"#00294f","angle":334.6,"snapDist":7,"label":1}},{"type":"Feature","geometry":{"type":"Point","coordinates":[20.221654,44.897999]},"properties":{"name":"Busije /crkva/","lines":"702","arr":["702"],"terminus":0,"mode":"bus","color":"#0059a9","colorDark":"#00294f","angle":334.4,"snapDist":5,"label":1}},{"type":"Feature","geometry":{"type":"Point","coordinates":[20.219908,44.899595]},"properties":{"name":"Dr Živka Bertića","lines":"702","arr":["702"],"terminus":0,"mode":"bus","color":"#0059a9","colorDark":"#00294f","angle":63.9,"snapDist":8,"label":1}},{"type":"Feature","geometry":{"type":"Point","coordinates":[20.217372,44.902403]},"properties":{"name":"Simeona Zlokovića","lines":"702","arr":["702"],"terminus":0,"mode":"bus","color":"#0059a9","colorDark":"#00294f","angle":333.6,"snapDist":2,"label":1}},{"type":"Feature","geometry":{"type":"Point","coordinates":[20.213903,44.90121]},"properties":{"name":"Busije/terminus/","lines":"702","arr":["702"],"terminus":1,"mode":"bus","color":"#0059a9","colorDark":"#00294f","angle":334.3,"snapDist":2,"label":1}},{"type":"Feature","geometry":{"type":"Point","coordinates":[20.216431,44.89877]},"properties":{"name":"Bude Budisavljevića","lines":"702","arr":["702"],"terminus":0,"mode":"bus","color":"#0059a9","colorDark":"#00294f","angle":155.6,"snapDist":4,"label":1}},{"type":"Feature","geometry":{"type":"Point","coordinates":[20.220189,44.900062]},"properties":{"name":"dr Živka Bertića","lines":"702","arr":["702"],"terminus":0,"mode":"bus","color":"#0059a9","colorDark":"#00294f","angle":154.8,"snapDist":7,"label":1}},{"type":"Feature","geometry":{"type":"Point","coordinates":[20.223297,44.901123]},"properties":{"name":"Sekule Vitkovića","lines":"702","arr":["702"],"terminus":0,"mode":"bus","color":"#0059a9","colorDark":"#00294f","angle":154,"snapDist":1,"label":1}},{"type":"Feature","geometry":{"type":"Point","coordinates":[20.227422,44.90041]},"properties":{"name":"Dr Laze Kostića","lines":"702","arr":["702"],"terminus":0,"mode":"bus","color":"#0059a9","colorDark":"#00294f","angle":244.4,"snapDist":1,"label":1}},{"type":"Feature","geometry":{"type":"Point","coordinates":[20.228668,44.898595]},"properties":{"name":"Stefana Kneževića","lines":"702","arr":["702"],"terminus":0,"mode":"bus","color":"#0059a9","colorDark":"#00294f","angle":243.9,"snapDist":3,"label":1}},{"type":"Feature","geometry":{"type":"Point","coordinates":[20.230809,44.895281]},"properties":{"name":"Prote Jeftimija Ivanovića","lines":"702","arr":["702"],"terminus":0,"mode":"bus","color":"#0059a9","colorDark":"#00294f","angle":245.5,"snapDist":5,"label":0}},{"type":"Feature","geometry":{"type":"Point","coordinates":[20.23367,44.892067]},"properties":{"name":"Busije","lines":"702, 703","arr":["702","703"],"terminus":0,"mode":"bus","color":"#0059a9","colorDark":"#00294f","angle":154.9,"snapDist":6,"label":1}},{"type":"Feature","geometry":{"type":"Point","coordinates":[20.243915,44.895596]},"properties":{"name":"Dr Đorđa Šulce","lines":"702, 703","arr":["702","703"],"terminus":0,"mode":"bus","color":"#0059a9","colorDark":"#00294f","angle":154,"snapDist":8,"label":0}},{"type":"Feature","geometry":{"type":"Point","coordinates":[20.250344,44.897782]},"properties":{"name":"Stevana Simića","lines":"702, 703","arr":["702","703"],"terminus":0,"mode":"bus","color":"#0059a9","colorDark":"#00294f","angle":154.7,"snapDist":7,"label":0}},{"type":"Feature","geometry":{"type":"Point","coordinates":[20.260397,44.901368]},"properties":{"name":"Šangajska","lines":"702, 703","arr":["702","703"],"terminus":0,"mode":"bus","color":"#0059a9","colorDark":"#00294f","angle":152.9,"snapDist":7,"label":0}},{"type":"Feature","geometry":{"type":"Point","coordinates":[20.268746,44.906712]},"properties":{"name":"Kralja Stefana Tomaša","lines":"702, 703","arr":["702","703"],"terminus":0,"mode":"bus","color":"#0059a9","colorDark":"#00294f","angle":131,"snapDist":9,"label":0}},{"type":"Feature","geometry":{"type":"Point","coordinates":[20.351617,44.862543]},"properties":{"name":"Privredna zona (ulaz)","lines":"703, 707, 707N","arr":["703","707","707N"],"terminus":0,"mode":"bus","color":"#0059a9","colorDark":"#00294f","angle":217.9,"snapDist":4,"label":1}},{"type":"Feature","geometry":{"type":"Point","coordinates":[20.349113,44.863878]},"properties":{"name":"Polimark","lines":"703, 707, 707N","arr":["703","707","707N"],"terminus":0,"mode":"bus","color":"#0059a9","colorDark":"#00294f","angle":38.2,"snapDist":6,"label":1}},{"type":"Feature","geometry":{"type":"Point","coordinates":[20.344171,44.866534]},"properties":{"name":"Zemun park","lines":"703, 707, 707N","arr":["703","707","707N"],"terminus":0,"mode":"bus","color":"#0059a9","colorDark":"#00294f","angle":37.1,"snapDist":6,"label":1}},{"type":"Feature","geometry":{"type":"Point","coordinates":[20.339722,44.869572]},"properties":{"name":"Pupin telekom","lines":"703, 707, 707N, 708, 709","arr":["703","707","707N","708","709"],"terminus":0,"mode":"bus","color":"#0059a9","colorDark":"#00294f","angle":45.8,"snapDist":8,"label":1}},{"type":"Feature","geometry":{"type":"Point","coordinates":[20.33661,44.873058]},"properties":{"name":"Put za Novi Sad","lines":"703, 704","arr":["703","704"],"terminus":0,"mode":"bus","color":"#0059a9","colorDark":"#00294f","angle":150.2,"snapDist":7,"label":1}},{"type":"Feature","geometry":{"type":"Point","coordinates":[20.339923,44.874406]},"properties":{"name":"Vrtić Oaza","lines":"703, 704","arr":["703","704"],"terminus":0,"mode":"bus","color":"#0059a9","colorDark":"#00294f","angle":150.2,"snapDist":1,"label":1}},{"type":"Feature","geometry":{"type":"Point","coordinates":[20.270847,44.900181]},"properties":{"name":"Batajnica /železnička stanica/","lines":"703","arr":["703"],"terminus":0,"mode":"bus","color":"#0059a9","colorDark":"#00294f","angle":71.7,"snapDist":6,"label":0}},{"type":"Feature","geometry":{"type":"Point","coordinates":[20.23002,44.890854]},"properties":{"name":"Busije","lines":"703","arr":["703"],"terminus":0,"mode":"bus","color":"#0059a9","colorDark":"#00294f","angle":335.5,"snapDist":7,"label":1}},{"type":"Feature","geometry":{"type":"Point","coordinates":[20.222729,44.88836]},"properties":{"name":"Busije 1","lines":"703","arr":["703"],"terminus":0,"mode":"bus","color":"#0059a9","colorDark":"#00294f","angle":334.5,"snapDist":4,"label":1}},{"type":"Feature","geometry":{"type":"Point","coordinates":[20.212634,44.883066]},"properties":{"name":"Busije 2","lines":"703","arr":["703"],"terminus":0,"mode":"bus","color":"#0059a9","colorDark":"#00294f","angle":304.2,"snapDist":5,"label":1}},{"type":"Feature","geometry":{"type":"Point","coordinates":[20.207572,44.877598]},"properties":{"name":"Grobljanska","lines":"703","arr":["703"],"terminus":0,"mode":"bus","color":"#0059a9","colorDark":"#00294f","angle":303.3,"snapDist":5,"label":1}},{"type":"Feature","geometry":{"type":"Point","coordinates":[20.207358,44.877367]},"properties":{"name":"Grobljanska","lines":"703","arr":["703"],"terminus":0,"mode":"bus","color":"#0059a9","colorDark":"#00294f","angle":123.3,"snapDist":11,"label":0}},{"type":"Feature","geometry":{"type":"Point","coordinates":[20.21368,44.884163]},"properties":{"name":"Busije 2","lines":"703","arr":["703"],"terminus":0,"mode":"bus","color":"#0059a9","colorDark":"#00294f","angle":124.1,"snapDist":9,"label":0}},{"type":"Feature","geometry":{"type":"Point","coordinates":[20.221617,44.887983]},"properties":{"name":"Busije 1","lines":"703","arr":["703"],"terminus":0,"mode":"bus","color":"#0059a9","colorDark":"#00294f","angle":154.5,"snapDist":7,"label":0}},{"type":"Feature","geometry":{"type":"Point","coordinates":[20.269509,44.901221]},"properties":{"name":"Batajnica /železnička rampa/","lines":"703","arr":["703"],"terminus":0,"mode":"bus","color":"#0059a9","colorDark":"#00294f","angle":45.2,"snapDist":5,"label":0}},{"type":"Feature","geometry":{"type":"Point","coordinates":[20.33954,44.87425]},"properties":{"name":"Vrtić Oaza","lines":"703, 704","arr":["703","704"],"terminus":0,"mode":"bus","color":"#0059a9","colorDark":"#00294f","angle":330.2,"snapDist":2,"label":0}},{"type":"Feature","geometry":{"type":"Point","coordinates":[20.336525,44.872347]},"properties":{"name":"Put za Novi sad","lines":"703, 707, 707N, 708, 709","arr":["703","707","707N","708","709"],"terminus":0,"mode":"bus","color":"#0059a9","colorDark":"#00294f","angle":235.7,"snapDist":7,"label":1}},{"type":"Feature","geometry":{"type":"Point","coordinates":[20.340524,44.869022]},"properties":{"name":"Pupin telekom","lines":"703, 707, 707N, 708, 709","arr":["703","707","707N","708","709"],"terminus":0,"mode":"bus","color":"#0059a9","colorDark":"#00294f","angle":222.7,"snapDist":2,"label":0}},{"type":"Feature","geometry":{"type":"Point","coordinates":[20.345015,44.866081]},"properties":{"name":"Zemun park","lines":"703, 707, 707N","arr":["703","707","707N"],"terminus":0,"mode":"bus","color":"#0059a9","colorDark":"#00294f","angle":217.8,"snapDist":4,"label":0}},{"type":"Feature","geometry":{"type":"Point","coordinates":[20.35037,44.863211]},"properties":{"name":"Polimark","lines":"703, 707, 707N","arr":["703","707","707N"],"terminus":0,"mode":"bus","color":"#0059a9","colorDark":"#00294f","angle":217.4,"snapDist":4,"label":0}},{"type":"Feature","geometry":{"type":"Point","coordinates":[20.35249,44.862063]},"properties":{"name":"Privredna zona (izlaz)","lines":"703, 707, 707N","arr":["703","707","707N"],"terminus":0,"mode":"bus","color":"#0059a9","colorDark":"#00294f","angle":218.1,"snapDist":3,"label":1}},{"type":"Feature","geometry":{"type":"Point","coordinates":[20.319242,44.875612]},"properties":{"name":"Zemun polje","lines":"704, 707, 707N, 708, 709","arr":["704","707","707N","708","709"],"terminus":1,"mode":"bus","color":"#0059a9","colorDark":"#00294f","angle":-137,"snapDist":6,"label":1}},{"type":"Feature","geometry":{"type":"Point","coordinates":[20.323826,44.871997]},"properties":{"name":"Franje Krča","lines":"704, 707, 709","arr":["704","707","709"],"terminus":0,"mode":"bus","color":"#0059a9","colorDark":"#00294f","angle":314.2,"snapDist":5,"label":1}},{"type":"Feature","geometry":{"type":"Point","coordinates":[20.322535,44.870067]},"properties":{"name":"Vrtić Bubamara","lines":"704, 707, 709","arr":["704","707","709"],"terminus":0,"mode":"bus","color":"#0059a9","colorDark":"#00294f","angle":238.7,"snapDist":5,"label":1}},{"type":"Feature","geometry":{"type":"Point","coordinates":[20.324618,44.868241]},"properties":{"name":"Braće Krnješevac","lines":"704, 707, 709","arr":["704","707","709"],"terminus":0,"mode":"bus","color":"#0059a9","colorDark":"#00294f","angle":322,"snapDist":4,"label":1}},{"type":"Feature","geometry":{"type":"Point","coordinates":[20.330895,44.870707]},"properties":{"name":"Institut za kukuruz","lines":"704, 707, 707N, 708, 709","arr":["704","707","707N","708","709"],"terminus":0,"mode":"bus","color":"#0059a9","colorDark":"#00294f","angle":150.3,"snapDist":3,"label":1}},{"type":"Feature","geometry":{"type":"Point","coordinates":[20.455606,44.814083]},"properties":{"name":"Zeleni venac","lines":"704, 706, 707","arr":["704","706","707"],"terminus":1,"mode":"bus","color":"#0059a9","colorDark":"#00294f","angle":9.9,"snapDist":1,"label":0}},{"type":"Feature","geometry":{"type":"Point","coordinates":[20.335467,44.872594]},"properties":{"name":"Put za Novi Sad","lines":"704, 707, 707N, 708, 709","arr":["704","707","707N","708","709"],"terminus":0,"mode":"bus","color":"#0059a9","colorDark":"#00294f","angle":-29.8,"snapDist":6,"label":0}},{"type":"Feature","geometry":{"type":"Point","coordinates":[20.329711,44.870233]},"properties":{"name":"Institut za kukuruz","lines":"704, 707, 707N, 709","arr":["704","707","707N","709"],"terminus":0,"mode":"bus","color":"#0059a9","colorDark":"#00294f","angle":330.9,"snapDist":8,"label":0}},{"type":"Feature","geometry":{"type":"Point","coordinates":[20.324369,44.868099]},"properties":{"name":"Braće Krnješevac","lines":"704, 707, 707N, 709","arr":["704","707","707N","709"],"terminus":0,"mode":"bus","color":"#0059a9","colorDark":"#00294f","angle":140.6,"snapDist":4,"label":0}},{"type":"Feature","geometry":{"type":"Point","coordinates":[20.322375,44.870907]},"properties":{"name":"Vrtić Bubamara","lines":"704, 707, 707N, 709","arr":["704","707","707N","709"],"terminus":0,"mode":"bus","color":"#0059a9","colorDark":"#00294f","angle":133.1,"snapDist":6,"label":0}},{"type":"Feature","geometry":{"type":"Point","coordinates":[20.323912,44.87249]},"properties":{"name":"Franje Krča","lines":"704, 707, 707N, 708, 709","arr":["704","707","707N","708","709"],"terminus":0,"mode":"bus","color":"#0059a9","colorDark":"#00294f","angle":223.1,"snapDist":3,"label":0}},{"type":"Feature","geometry":{"type":"Point","coordinates":[20.31867,44.876278]},"properties":{"name":"Zemun polje","lines":"704, 707, 707N, 708, 709","arr":["704","707","707N","708","709"],"terminus":1,"mode":"bus","color":"#0059a9","colorDark":"#00294f","angle":95.1,"snapDist":5,"label":0}},{"type":"Feature","geometry":{"type":"Point","coordinates":[20.340033,44.883972]},"properties":{"name":"13. Maj /ulaz/","lines":"705","arr":["705"],"terminus":0,"mode":"bus","color":"#0059a9","colorDark":"#00294f","angle":134.5,"snapDist":6,"label":1}},{"type":"Feature","geometry":{"type":"Point","coordinates":[20.342664,44.88587]},"properties":{"name":"13. maj","lines":"705","arr":["705"],"terminus":1,"mode":"bus","color":"#0059a9","colorDark":"#00294f","angle":-45.1,"snapDist":13,"label":1}},{"type":"Feature","geometry":{"type":"Point","coordinates":[20.339582,44.883646]},"properties":{"name":"13. Maj /ulaz/","lines":"705","arr":["705"],"terminus":0,"mode":"bus","color":"#0059a9","colorDark":"#00294f","angle":314.5,"snapDist":5,"label":0}},{"type":"Feature","geometry":{"type":"Point","coordinates":[20.270881,44.915492]},"properties":{"name":"Batajnica","lines":"706, 706N","arr":["706","706N"],"terminus":1,"mode":"bus","color":"#0059a9","colorDark":"#00294f","angle":315.6,"snapDist":8,"label":0}},{"type":"Feature","geometry":{"type":"Point","coordinates":[20.267734,44.913939]},"properties":{"name":"Dalmatinskih brigada","lines":"706, 706N","arr":["706","706N"],"terminus":0,"mode":"bus","color":"#0059a9","colorDark":"#00294f","angle":325.9,"snapDist":5,"label":0}},{"type":"Feature","geometry":{"type":"Point","coordinates":[20.264823,44.91257]},"properties":{"name":"Drage Mihajlovića","lines":"706, 706N","arr":["706","706N"],"terminus":0,"mode":"bus","color":"#0059a9","colorDark":"#00294f","angle":326.6,"snapDist":6,"label":0}},{"type":"Feature","geometry":{"type":"Point","coordinates":[20.2673,44.910435]},"properties":{"name":"Posavska","lines":"706, 706E, 706N","arr":["706","706E","706N"],"terminus":0,"mode":"bus","color":"#0059a9","colorDark":"#00294f","angle":219,"snapDist":5,"label":0}},{"type":"Feature","geometry":{"type":"Point","coordinates":[20.258293,44.914709]},"properties":{"name":"Oficirska kolonija","lines":"706E","arr":["706E"],"terminus":0,"mode":"bus","color":"#0059a9","colorDark":"#00294f","angle":31,"snapDist":7,"label":1}},{"type":"Feature","geometry":{"type":"Point","coordinates":[20.252301,44.919166]},"properties":{"name":"Moma Stanojlović","lines":"706E","arr":["706E"],"terminus":0,"mode":"bus","color":"#0059a9","colorDark":"#00294f","angle":58,"snapDist":7,"label":1}},{"type":"Feature","geometry":{"type":"Point","coordinates":[20.244993,44.927249]},"properties":{"name":"Aerodrom Batajnica","lines":"706E","arr":["706E"],"terminus":1,"mode":"bus","color":"#0059a9","colorDark":"#00294f","angle":220.4,"snapDist":6,"label":1}},{"type":"Feature","geometry":{"type":"Point","coordinates":[20.252662,44.918755]},"properties":{"name":"Moma Stanojlović","lines":"706E","arr":["706E"],"terminus":0,"mode":"bus","color":"#0059a9","colorDark":"#00294f","angle":238.1,"snapDist":5,"label":0}},{"type":"Feature","geometry":{"type":"Point","coordinates":[20.259914,44.914031]},"properties":{"name":"Oficirska kolonija","lines":"706E","arr":["706E"],"terminus":0,"mode":"bus","color":"#0059a9","colorDark":"#00294f","angle":210.2,"snapDist":3,"label":0}},{"type":"Feature","geometry":{"type":"Point","coordinates":[20.352322,44.860272]},"properties":{"name":"Naselje Mala pruga","lines":"707, 707N","arr":["707","707N"],"terminus":0,"mode":"bus","color":"#0059a9","colorDark":"#00294f","angle":221.4,"snapDist":4,"label":1}},{"type":"Feature","geometry":{"type":"Point","coordinates":[20.356251,44.857579]},"properties":{"name":"Ugrinovački put 26. deo","lines":"707, 707N","arr":["707","707N"],"terminus":0,"mode":"bus","color":"#0059a9","colorDark":"#00294f","angle":225.2,"snapDist":3,"label":1}},{"type":"Feature","geometry":{"type":"Point","coordinates":[20.359113,44.855638]},"properties":{"name":"Ugrinovački put 12. deo","lines":"707, 707N","arr":["707","707N"],"terminus":0,"mode":"bus","color":"#0059a9","colorDark":"#00294f","angle":43.4,"snapDist":2,"label":1}},{"type":"Feature","geometry":{"type":"Point","coordinates":[20.361527,44.85401]},"properties":{"name":"Ljiljane Krstić","lines":"707, 707N","arr":["707","707N"],"terminus":0,"mode":"bus","color":"#0059a9","colorDark":"#00294f","angle":47.8,"snapDist":6,"label":0}},{"type":"Feature","geometry":{"type":"Point","coordinates":[20.358715,44.855906]},"properties":{"name":"Ugrinovački put 12. deo","lines":"707, 707N","arr":["707","707N"],"terminus":0,"mode":"bus","color":"#0059a9","colorDark":"#00294f","angle":43.8,"snapDist":7,"label":0}},{"type":"Feature","geometry":{"type":"Point","coordinates":[20.355725,44.857929]},"properties":{"name":"Ugrinovački put 26. deo","lines":"707, 707N","arr":["707","707N"],"terminus":0,"mode":"bus","color":"#0059a9","colorDark":"#00294f","angle":42.9,"snapDist":6,"label":0}},{"type":"Feature","geometry":{"type":"Point","coordinates":[20.351766,44.860622]},"properties":{"name":"Naselje Mala pruga","lines":"707, 707N","arr":["707","707N"],"terminus":0,"mode":"bus","color":"#0059a9","colorDark":"#00294f","angle":47.2,"snapDist":10,"label":0}},{"type":"Feature","geometry":{"type":"Point","coordinates":[20.387064,44.85444]},"properties":{"name":"Zadužbinska","lines":"707N","arr":["707N"],"terminus":0,"mode":"bus","color":"#0059a9","colorDark":"#00294f","angle":276.9,"snapDist":7,"label":1}},{"type":"Feature","geometry":{"type":"Point","coordinates":[20.324748,44.872683]},"properties":{"name":"Franje Krča","lines":"707N, 708","arr":["707N","708"],"terminus":0,"mode":"bus","color":"#0059a9","colorDark":"#00294f","angle":133.5,"snapDist":7,"label":0}},{"type":"Feature","geometry":{"type":"Point","coordinates":[20.327649,44.872558]},"properties":{"name":"Đure Gajića","lines":"707N, 708","arr":["707N","708"],"terminus":0,"mode":"bus","color":"#0059a9","colorDark":"#00294f","angle":222.7,"snapDist":2,"label":1}},{"type":"Feature","geometry":{"type":"Point","coordinates":[20.386431,44.85057]},"properties":{"name":"Alaska","lines":"707N","arr":["707N"],"terminus":0,"mode":"bus","color":"#0059a9","colorDark":"#00294f","angle":95.1,"snapDist":6,"label":1}},{"type":"Feature","geometry":{"type":"Point","coordinates":[20.329119,44.858055]},"properties":{"name":"Strahinje Petrović","lines":"708, 709","arr":["708","709"],"terminus":0,"mode":"bus","color":"#0059a9","colorDark":"#00294f","angle":44.5,"snapDist":7,"label":1}},{"type":"Feature","geometry":{"type":"Point","coordinates":[20.32517,44.86072]},"properties":{"name":"Trafostanica","lines":"708, 709","arr":["708","709"],"terminus":0,"mode":"bus","color":"#0059a9","colorDark":"#00294f","angle":43.5,"snapDist":6,"label":1}},{"type":"Feature","geometry":{"type":"Point","coordinates":[20.342887,44.86755]},"properties":{"name":"Nadvožnjak","lines":"708, 709","arr":["708","709"],"terminus":0,"mode":"bus","color":"#0059a9","colorDark":"#00294f","angle":42.3,"snapDist":4,"label":1}},{"type":"Feature","geometry":{"type":"Point","coordinates":[20.329211,44.871531]},"properties":{"name":"Institut za kukuruz","lines":"708","arr":["708"],"terminus":0,"mode":"bus","color":"#0059a9","colorDark":"#00294f","angle":44.6,"snapDist":3,"label":0}},{"type":"Feature","geometry":{"type":"Point","coordinates":[20.326952,44.873021]},"properties":{"name":"Đure Gajića","lines":"708","arr":["708"],"terminus":0,"mode":"bus","color":"#0059a9","colorDark":"#00294f","angle":43.1,"snapDist":7,"label":0}},{"type":"Feature","geometry":{"type":"Point","coordinates":[20.34295,44.867509]},"properties":{"name":"Nadvožnjak","lines":"708, 709","arr":["708","709"],"terminus":0,"mode":"bus","color":"#0059a9","colorDark":"#00294f","angle":222.8,"snapDist":3,"label":0}},{"type":"Feature","geometry":{"type":"Point","coordinates":[20.325718,44.86035]},"properties":{"name":"Trafostanica","lines":"708, 709","arr":["708","709"],"terminus":0,"mode":"bus","color":"#0059a9","colorDark":"#00294f","angle":223.6,"snapDist":3,"label":0}},{"type":"Feature","geometry":{"type":"Point","coordinates":[20.32969,44.857666]},"properties":{"name":"Strahinje Petrovića","lines":"708, 709","arr":["708","709"],"terminus":0,"mode":"bus","color":"#0059a9","colorDark":"#00294f","angle":223.3,"snapDist":2,"label":1}},{"type":"Feature","geometry":{"type":"Point","coordinates":[20.368495,44.836474]},"properties":{"name":"TC Zmaj","lines":"709","arr":["709"],"terminus":0,"mode":"bus","color":"#0059a9","colorDark":"#00294f","angle":203.4,"snapDist":12,"label":1}},{"type":"Feature","geometry":{"type":"Point","coordinates":[20.370849,44.83612]},"properties":{"name":"Železnička stanica Zemun","lines":"709","arr":["709"],"terminus":0,"mode":"bus","color":"#0059a9","colorDark":"#00294f","angle":185.3,"snapDist":11,"label":1}},{"type":"Feature","geometry":{"type":"Point","coordinates":[20.368406,44.836496]},"properties":{"name":"TC Zmaj","lines":"709","arr":["709"],"terminus":0,"mode":"bus","color":"#0059a9","colorDark":"#00294f","angle":18.5,"snapDist":14,"label":0}},{"type":"Feature","geometry":{"type":"Point","coordinates":[20.320129,44.865281]},"properties":{"name":"Školsko dobro","lines":"709","arr":["709"],"terminus":0,"mode":"bus","color":"#0059a9","colorDark":"#00294f","angle":61.4,"snapDist":6,"label":1}},{"type":"Feature","geometry":{"type":"Point","coordinates":[20.320536,44.864771]},"properties":{"name":"Školsko dobro","lines":"709","arr":["709"],"terminus":0,"mode":"bus","color":"#0059a9","colorDark":"#00294f","angle":240.3,"snapDist":1,"label":0}},{"type":"Feature","geometry":{"type":"Point","coordinates":[20.370717,44.836129]},"properties":{"name":"Železnička stanica Zemun","lines":"709","arr":["709"],"terminus":0,"mode":"bus","color":"#0059a9","colorDark":"#00294f","angle":5.3,"snapDist":7,"label":0}},{"type":"Feature","geometry":{"type":"Point","coordinates":[20.261135,44.652663]},"properties":{"name":"Barič - Rampa","lines":"860N","arr":["860N"],"terminus":0,"mode":"bus","color":"#0059a9","colorDark":"#00294f","angle":334.2,"snapDist":7,"label":1}},{"type":"Feature","geometry":{"type":"Point","coordinates":[20.24768,44.651101]},"properties":{"name":"Barič - Kolonija","lines":"860N","arr":["860N"],"terminus":0,"mode":"bus","color":"#0059a9","colorDark":"#00294f","angle":354.7,"snapDist":3,"label":1}},{"type":"Feature","geometry":{"type":"Point","coordinates":[20.224258,44.651572]},"properties":{"name":"Mislođin r","lines":"860N","arr":["860N"],"terminus":0,"mode":"bus","color":"#0059a9","colorDark":"#00294f","angle":18.8,"snapDist":6,"label":1}},{"type":"Feature","geometry":{"type":"Point","coordinates":[20.208765,44.658613]},"properties":{"name":"Naselje Dudovi","lines":"860N","arr":["860N"],"terminus":0,"mode":"bus","color":"#0059a9","colorDark":"#00294f","angle":16.3,"snapDist":8,"label":1}},{"type":"Feature","geometry":{"type":"Point","coordinates":[20.195794,44.655257]},"properties":{"name":"Obrenovac AS","lines":"860N","arr":["860N"],"terminus":1,"mode":"bus","color":"#0059a9","colorDark":"#00294f","angle":135.1,"snapDist":0,"label":1}},{"type":"Feature","geometry":{"type":"Point","coordinates":[20.19826,44.656315]},"properties":{"name":"Obrenovac AS","lines":"860N","arr":["860N"],"terminus":1,"mode":"bus","color":"#0059a9","colorDark":"#00294f","angle":154.4,"snapDist":17,"label":1}},{"type":"Feature","geometry":{"type":"Point","coordinates":[20.207753,44.658841]},"properties":{"name":"Naselje Dudovi","lines":"860N","arr":["860N"],"terminus":0,"mode":"bus","color":"#0059a9","colorDark":"#00294f","angle":198.4,"snapDist":7,"label":0}},{"type":"Feature","geometry":{"type":"Point","coordinates":[20.225085,44.651372]},"properties":{"name":"Mislođin - r","lines":"860N","arr":["860N"],"terminus":0,"mode":"bus","color":"#0059a9","colorDark":"#00294f","angle":198.7,"snapDist":5,"label":1}},{"type":"Feature","geometry":{"type":"Point","coordinates":[20.247644,44.651099]},"properties":{"name":"Barič - Kolonija","lines":"860N","arr":["860N"],"terminus":0,"mode":"bus","color":"#0059a9","colorDark":"#00294f","angle":174.7,"snapDist":5,"label":0}},{"type":"Feature","geometry":{"type":"Point","coordinates":[20.259983,44.652328]},"properties":{"name":"Barič - Rampa","lines":"860N","arr":["860N"],"terminus":0,"mode":"bus","color":"#0059a9","colorDark":"#00294f","angle":162.9,"snapDist":7,"label":0}},{"type":"Feature","geometry":{"type":"Point","coordinates":[20.465608,44.803495]},"properties":{"name":"Trg Slavija","lines":"A1","arr":["A1"],"terminus":1,"mode":"bus","color":"#0059a9","colorDark":"#00294f","angle":130.5,"snapDist":2,"label":0}},{"type":"Feature","geometry":{"type":"Point","coordinates":[20.457289,44.80763]},"properties":{"name":"Savski trg","lines":"A1","arr":["A1"],"terminus":0,"mode":"bus","color":"#0059a9","colorDark":"#00294f","angle":40.6,"snapDist":1,"label":0}},{"type":"Feature","geometry":{"type":"Point","coordinates":[20.454648,44.82075]},"properties":{"name":"Cara Uroša","lines":"EKO2","arr":["EKO2"],"terminus":0,"mode":"bus","color":"#0059a9","colorDark":"#00294f","angle":223.5,"snapDist":4,"label":1}},{"type":"Feature","geometry":{"type":"Point","coordinates":[20.45686,44.81931]},"properties":{"name":"Studenstki trg","lines":"EKO2","arr":["EKO2"],"terminus":0,"mode":"bus","color":"#0059a9","colorDark":"#00294f","angle":42.9,"snapDist":7,"label":1}},{"type":"Feature","geometry":{"type":"Point","coordinates":[20.454523,44.821255]},"properties":{"name":"Kalemegdan","lines":"EKO2","arr":["EKO2"],"terminus":0,"mode":"bus","color":"#0059a9","colorDark":"#00294f","angle":118.1,"snapDist":10,"label":1}},{"type":"Feature","geometry":{"type":"Point","coordinates":[20.449503,44.819035]},"properties":{"name":"Pristanište","lines":"2, 11","arr":["2","11"],"terminus":1,"mode":"tram","color":"#d6212b","colorDark":"#7c1116","angle":95.8,"snapDist":5,"label":1}},{"type":"Feature","geometry":{"type":"Point","coordinates":[20.454087,44.820876]},"properties":{"name":"Kalemegdan","lines":"2, 2L, 11","arr":["2","2L","11"],"terminus":0,"mode":"tram","color":"#d6212b","colorDark":"#7c1116","angle":130.2,"snapDist":2,"label":1}},{"type":"Feature","geometry":{"type":"Point","coordinates":[20.457631,44.824622]},"properties":{"name":"Braće Baruh","lines":"2, 2L, 5, 10","arr":["2","2L","5","10"],"terminus":0,"mode":"tram","color":"#d6212b","colorDark":"#7c1116","angle":218,"snapDist":2,"label":1}},{"type":"Feature","geometry":{"type":"Point","coordinates":[20.460428,44.823106]},"properties":{"name":"Kralja Petra","lines":"2, 2L, 5, 10","arr":["2","2L","5","10"],"terminus":0,"mode":"tram","color":"#d6212b","colorDark":"#7c1116","angle":217,"snapDist":0,"label":1}},{"type":"Feature","geometry":{"type":"Point","coordinates":[20.464223,44.821039]},"properties":{"name":"Dorćol /Kneginje Ljubice/","lines":"2, 2L, 5, 10","arr":["2","2L","5","10"],"terminus":0,"mode":"tram","color":"#d6212b","colorDark":"#7c1116","angle":217.8,"snapDist":0,"label":1}},{"type":"Feature","geometry":{"type":"Point","coordinates":[20.467328,44.81799]},"properties":{"name":"Pijaca Skadarlija","lines":"2, 2L, 5, 10","arr":["2","2L","5","10"],"terminus":0,"mode":"tram","color":"#d6212b","colorDark":"#7c1116","angle":230,"snapDist":1,"label":1}},{"type":"Feature","geometry":{"type":"Point","coordinates":[20.469405,44.816311]},"properties":{"name":"Bulevar despota Stefana","lines":"2, 2L, 5, 10","arr":["2","2L","5","10"],"terminus":0,"mode":"tram","color":"#d6212b","colorDark":"#7c1116","angle":227.7,"snapDist":2,"label":1}},{"type":"Feature","geometry":{"type":"Point","coordinates":[20.471933,44.813516]},"properties":{"name":"Takovska","lines":"2, 2L, 5, 10","arr":["2","2L","5","10"],"terminus":0,"mode":"tram","color":"#d6212b","colorDark":"#7c1116","angle":242,"snapDist":2,"label":1}},{"type":"Feature","geometry":{"type":"Point","coordinates":[20.474562,44.810393]},"properties":{"name":"Palilulska pijaca","lines":"2, 2L, 5, 10","arr":["2","2L","5","10"],"terminus":0,"mode":"tram","color":"#d6212b","colorDark":"#7c1116","angle":237.1,"snapDist":0,"label":1}},{"type":"Feature","geometry":{"type":"Point","coordinates":[20.476995,44.807694]},"properties":{"name":"Mašinski fakultet","lines":"2, 2L, 5","arr":["2","2L","5"],"terminus":0,"mode":"tram","color":"#d6212b","colorDark":"#7c1116","angle":238.5,"snapDist":2,"label":1}},{"type":"Feature","geometry":{"type":"Point","coordinates":[20.477945,44.805467]},"properties":{"name":"Vukov spomenik","lines":"2, 2L, 5, 12","arr":["2","2L","5","12"],"terminus":0,"mode":"tram","color":"#d6212b","colorDark":"#7c1116","angle":317.9,"snapDist":2,"label":1}},{"type":"Feature","geometry":{"type":"Point","coordinates":[20.471178,44.806775]},"properties":{"name":"Pravni fakultet","lines":"2, 2L, 10, 14","arr":["2","2L","10","14"],"terminus":0,"mode":"tram","color":"#d6212b","colorDark":"#7c1116","angle":310.9,"snapDist":0,"label":1}},{"type":"Feature","geometry":{"type":"Point","coordinates":[20.464027,44.803471]},"properties":{"name":"Trg Slavija /Nemanjina/","lines":"2, 2L, 9L","arr":["2","2L","9L"],"terminus":0,"mode":"tram","color":"#d6212b","colorDark":"#7c1116","angle":40.7,"snapDist":3,"label":1}},{"type":"Feature","geometry":{"type":"Point","coordinates":[20.457237,44.807586]},"properties":{"name":"Savski trg","lines":"2, 2L, 7L, 9L, 12","arr":["2","2L","7L","9L","12"],"terminus":0,"mode":"tram","color":"#d6212b","colorDark":"#7c1116","angle":40.2,"snapDist":6,"label":1}},{"type":"Feature","geometry":{"type":"Point","coordinates":[20.453378,44.812299]},"properties":{"name":"Ekonomski fakultet","lines":"2, 11","arr":["2","11"],"terminus":0,"mode":"tram","color":"#d6212b","colorDark":"#7c1116","angle":55.2,"snapDist":3,"label":1}},{"type":"Feature","geometry":{"type":"Point","coordinates":[20.450715,44.815238]},"properties":{"name":"Brankov most","lines":"2, 11","arr":["2","11"],"terminus":0,"mode":"tram","color":"#d6212b","colorDark":"#7c1116","angle":66.8,"snapDist":5,"label":1}},{"type":"Feature","geometry":{"type":"Point","coordinates":[20.449456,44.818736]},"properties":{"name":"Pristanište Ka Bloku 45","lines":"2, 11","arr":["2","11"],"terminus":1,"mode":"tram","color":"#d6212b","colorDark":"#7c1116","angle":247.6,"snapDist":2,"label":1}},{"type":"Feature","geometry":{"type":"Point","coordinates":[20.450897,44.814858]},"properties":{"name":"Brankov most","lines":"2, 11","arr":["2","11"],"terminus":0,"mode":"tram","color":"#d6212b","colorDark":"#7c1116","angle":246.3,"snapDist":2,"label":0}},{"type":"Feature","geometry":{"type":"Point","coordinates":[20.45784,44.807177]},"properties":{"name":"Savski trg","lines":"2, 2L, 7L, 9L, 12","arr":["2","2L","7L","9L","12"],"terminus":0,"mode":"tram","color":"#d6212b","colorDark":"#7c1116","angle":220.8,"snapDist":1,"label":0}},{"type":"Feature","geometry":{"type":"Point","coordinates":[20.464366,44.803219]},"properties":{"name":"Trg Slavija /Nemanjina/","lines":"2, 2L, 9L","arr":["2","2L","9L"],"terminus":0,"mode":"tram","color":"#d6212b","colorDark":"#7c1116","angle":220.7,"snapDist":3,"label":0}},{"type":"Feature","geometry":{"type":"Point","coordinates":[20.473264,44.806324]},"properties":{"name":"Pravni fakultet","lines":"2, 2L, 6, 7L, 12, 14","arr":["2","2L","6","7L","12","14"],"terminus":0,"mode":"tram","color":"#d6212b","colorDark":"#7c1116","angle":211.1,"snapDist":1,"label":0}},{"type":"Feature","geometry":{"type":"Point","coordinates":[20.478375,44.80559]},"properties":{"name":"Vukov spomenik","lines":"2, 2L, 5, 12","arr":["2","2L","5","12"],"terminus":0,"mode":"tram","color":"#d6212b","colorDark":"#7c1116","angle":138.2,"snapDist":3,"label":0}},{"type":"Feature","geometry":{"type":"Point","coordinates":[20.477228,44.80765]},"properties":{"name":"Mašinski fakultet","lines":"2, 2L, 5","arr":["2","2L","5"],"terminus":0,"mode":"tram","color":"#d6212b","colorDark":"#7c1116","angle":58.4,"snapDist":2,"label":0}},{"type":"Feature","geometry":{"type":"Point","coordinates":[20.474729,44.810432]},"properties":{"name":"Palilulska pijaca","lines":"2, 2L, 5, 10","arr":["2","2L","5","10"],"terminus":0,"mode":"tram","color":"#d6212b","colorDark":"#7c1116","angle":57.5,"snapDist":2,"label":0}},{"type":"Feature","geometry":{"type":"Point","coordinates":[20.472547,44.812964]},"properties":{"name":"Takovska","lines":"2, 2L, 5, 10","arr":["2","2L","5","10"],"terminus":0,"mode":"tram","color":"#d6212b","colorDark":"#7c1116","angle":62.4,"snapDist":6,"label":0}},{"type":"Feature","geometry":{"type":"Point","coordinates":[20.46936,44.816534]},"properties":{"name":"Bulevar despota Stefana","lines":"2, 2L, 5, 10","arr":["2","2L","5","10"],"terminus":0,"mode":"tram","color":"#d6212b","colorDark":"#7c1116","angle":47.2,"snapDist":6,"label":0}},{"type":"Feature","geometry":{"type":"Point","coordinates":[20.466947,44.818622]},"properties":{"name":"Pijaca Skadarlija","lines":"2, 2L, 5, 10","arr":["2","2L","5","10"],"terminus":0,"mode":"tram","color":"#d6212b","colorDark":"#7c1116","angle":63.6,"snapDist":1,"label":0}},{"type":"Feature","geometry":{"type":"Point","coordinates":[20.463974,44.821371]},"properties":{"name":"Dorćol /Kneginje Ljubice/","lines":"2, 2L, 5, 10","arr":["2","2L","5","10"],"terminus":0,"mode":"tram","color":"#d6212b","colorDark":"#7c1116","angle":37.1,"snapDist":3,"label":0}},{"type":"Feature","geometry":{"type":"Point","coordinates":[20.460182,44.823414]},"properties":{"name":"Kralja Petra","lines":"2, 2L, 5, 10","arr":["2","2L","5","10"],"terminus":0,"mode":"tram","color":"#d6212b","colorDark":"#7c1116","angle":37.4,"snapDist":1,"label":0}},{"type":"Feature","geometry":{"type":"Point","coordinates":[20.457015,44.825115]},"properties":{"name":"Braće Baruh","lines":"2, 2L, 5, 10","arr":["2","2L","5","10"],"terminus":0,"mode":"tram","color":"#d6212b","colorDark":"#7c1116","angle":36.1,"snapDist":4,"label":0}},{"type":"Feature","geometry":{"type":"Point","coordinates":[20.45331,44.820282]},"properties":{"name":"Kalemegdan","lines":"2, 2L, 11","arr":["2","2L","11"],"terminus":0,"mode":"tram","color":"#d6212b","colorDark":"#7c1116","angle":312.2,"snapDist":2,"label":0}},{"type":"Feature","geometry":{"type":"Point","coordinates":[20.449396,44.81994]},"properties":{"name":"Pristanište 1","lines":"2L","arr":["2L"],"terminus":1,"mode":"tram","color":"#d6212b","colorDark":"#7c1116","angle":-145.9,"snapDist":15,"label":1}},{"type":"Feature","geometry":{"type":"Point","coordinates":[20.453009,44.804305]},"properties":{"name":"Palata pravde","lines":"2L, 7L, 9L, 11, 12","arr":["2L","7L","9L","11","12"],"terminus":0,"mode":"tram","color":"#d6212b","colorDark":"#7c1116","angle":300.3,"snapDist":1,"label":1}},{"type":"Feature","geometry":{"type":"Point","coordinates":[20.448641,44.79857]},"properties":{"name":"Mostar","lines":"2L, 7L, 9L, 11, 12","arr":["2L","7L","9L","11","12"],"terminus":0,"mode":"tram","color":"#d6212b","colorDark":"#7c1116","angle":304.4,"snapDist":9,"label":1}},{"type":"Feature","geometry":{"type":"Point","coordinates":[20.442667,44.796475]},"properties":{"name":"Sajam","lines":"2L, 7L, 9L, 11, 12","arr":["2L","7L","9L","11","12"],"terminus":0,"mode":"tram","color":"#d6212b","colorDark":"#7c1116","angle":339.9,"snapDist":4,"label":1}},{"type":"Feature","geometry":{"type":"Point","coordinates":[20.438266,44.795276]},"properties":{"name":"Ruska","lines":"2L, 7L, 9L, 11, 12","arr":["2L","7L","9L","11","12"],"terminus":1,"mode":"tram","color":"#d6212b","colorDark":"#7c1116","angle":342.4,"snapDist":2,"label":1}},{"type":"Feature","geometry":{"type":"Point","coordinates":[20.437779,44.795134]},"properties":{"name":"Ruska","lines":"2L, 7L, 9L, 11, 12","arr":["2L","7L","9L","11","12"],"terminus":1,"mode":"tram","color":"#d6212b","colorDark":"#7c1116","angle":164.3,"snapDist":2,"label":0}},{"type":"Feature","geometry":{"type":"Point","coordinates":[20.442822,44.796477]},"properties":{"name":"Sajam","lines":"2L, 7L, 9L, 11, 12","arr":["2L","7L","9L","11","12"],"terminus":0,"mode":"tram","color":"#d6212b","colorDark":"#7c1116","angle":159.6,"snapDist":3,"label":0}},{"type":"Feature","geometry":{"type":"Point","coordinates":[20.448846,44.798782]},"properties":{"name":"Mostar","lines":"2L, 7L, 9L, 11, 12","arr":["2L","7L","9L","11","12"],"terminus":0,"mode":"tram","color":"#d6212b","colorDark":"#7c1116","angle":124.4,"snapDist":1,"label":0}},{"type":"Feature","geometry":{"type":"Point","coordinates":[20.453325,44.804627]},"properties":{"name":"Palata pravde","lines":"2L, 7L, 9L, 11, 12","arr":["2L","7L","9L","11","12"],"terminus":0,"mode":"tram","color":"#d6212b","colorDark":"#7c1116","angle":120.2,"snapDist":3,"label":0}},{"type":"Feature","geometry":{"type":"Point","coordinates":[20.455266,44.825898]},"properties":{"name":"Tadeuša Košćuška","lines":"5, 10, 11","arr":["5","10","11"],"terminus":1,"mode":"tram","color":"#d6212b","colorDark":"#7c1116","angle":218.7,"snapDist":1,"label":1}},{"type":"Feature","geometry":{"type":"Point","coordinates":[20.47877,44.804003]},"properties":{"name":"Vukov spomenik /Bul.kralja Aleksa./","lines":"5, 6, 7L, 14","arr":["5","6","7L","14"],"terminus":0,"mode":"tram","color":"#d6212b","colorDark":"#7c1116","angle":210.8,"snapDist":1,"label":1}},{"type":"Feature","geometry":{"type":"Point","coordinates":[20.482794,44.802316]},"properties":{"name":"GO Zvezdara","lines":"5, 6, 7L, 14","arr":["5","6","7L","14"],"terminus":0,"mode":"tram","color":"#d6212b","colorDark":"#7c1116","angle":210.4,"snapDist":1,"label":1}},{"type":"Feature","geometry":{"type":"Point","coordinates":[20.487392,44.800403]},"properties":{"name":"Pijaca Đeram","lines":"5, 6, 7L, 14","arr":["5","6","7L","14"],"terminus":0,"mode":"tram","color":"#d6212b","colorDark":"#7c1116","angle":210.3,"snapDist":0,"label":1}},{"type":"Feature","geometry":{"type":"Point","coordinates":[20.491685,44.798617]},"properties":{"name":"Pop Stojanova","lines":"5, 6, 7L, 14","arr":["5","6","7L","14"],"terminus":0,"mode":"tram","color":"#d6212b","colorDark":"#7c1116","angle":211.1,"snapDist":1,"label":1}},{"type":"Feature","geometry":{"type":"Point","coordinates":[20.495526,44.796986]},"properties":{"name":"Lion","lines":"5, 6, 7L, 14","arr":["5","6","7L","14"],"terminus":0,"mode":"tram","color":"#d6212b","colorDark":"#7c1116","angle":211.1,"snapDist":0,"label":1}},{"type":"Feature","geometry":{"type":"Point","coordinates":[20.499869,44.795122]},"properties":{"name":"Batutova","lines":"5, 6, 7L, 14","arr":["5","6","7L","14"],"terminus":0,"mode":"tram","color":"#d6212b","colorDark":"#7c1116","angle":211.2,"snapDist":1,"label":1}},{"type":"Feature","geometry":{"type":"Point","coordinates":[20.504937,44.793042]},"properties":{"name":"Pijaca Zvezdara","lines":"5, 6, 7L, 14","arr":["5","6","7L","14"],"terminus":0,"mode":"tram","color":"#d6212b","colorDark":"#7c1116","angle":209.5,"snapDist":2,"label":1}},{"type":"Feature","geometry":{"type":"Point","coordinates":[20.509039,44.792505]},"properties":{"name":"dr Velizara Kosanovića","lines":"5, 6, 7L, 14","arr":["5","6","7L","14"],"terminus":0,"mode":"tram","color":"#d6212b","colorDark":"#7c1116","angle":184.7,"snapDist":0,"label":1}},{"type":"Feature","geometry":{"type":"Point","coordinates":[20.513645,44.790465]},"properties":{"name":"Mite Ružića","lines":"5, 6, 7L, 14","arr":["5","6","7L","14"],"terminus":0,"mode":"tram","color":"#d6212b","colorDark":"#7c1116","angle":215.7,"snapDist":1,"label":1}},{"type":"Feature","geometry":{"type":"Point","coordinates":[20.51634,44.788614]},"properties":{"name":"Koste Trifkovića","lines":"5, 6, 7L, 14","arr":["5","6","7L","14"],"terminus":0,"mode":"tram","color":"#d6212b","colorDark":"#7c1116","angle":236.4,"snapDist":2,"label":1}},{"type":"Feature","geometry":{"type":"Point","coordinates":[20.517755,44.784868]},"properties":{"name":"Ustanička","lines":"5, 6, 7L, 14","arr":["5","6","7L","14"],"terminus":1,"mode":"tram","color":"#d6212b","colorDark":"#7c1116","angle":237.4,"snapDist":7,"label":1}},{"type":"Feature","geometry":{"type":"Point","coordinates":[20.517824,44.784895]},"properties":{"name":"Ustanička","lines":"5, 6, 7L, 14","arr":["5","6","7L","14"],"terminus":1,"mode":"tram","color":"#d6212b","colorDark":"#7c1116","angle":151,"snapDist":61,"label":0}},{"type":"Feature","geometry":{"type":"Point","coordinates":[20.51582,44.789328]},"properties":{"name":"Koste Trifkovića","lines":"5, 6, 7L, 14","arr":["5","6","7L","14"],"terminus":0,"mode":"tram","color":"#d6212b","colorDark":"#7c1116","angle":45.9,"snapDist":1,"label":0}},{"type":"Feature","geometry":{"type":"Point","coordinates":[20.512661,44.791044]},"properties":{"name":"Mite Ružića","lines":"5, 6, 7L, 14","arr":["5","6","7L","14"],"terminus":0,"mode":"tram","color":"#d6212b","colorDark":"#7c1116","angle":34.3,"snapDist":4,"label":0}},{"type":"Feature","geometry":{"type":"Point","coordinates":[20.51083,44.791942]},"properties":{"name":"dr Velizara Kosanovića","lines":"5, 6, 7L, 14","arr":["5","6","7L","14"],"terminus":0,"mode":"tram","color":"#d6212b","colorDark":"#7c1116","angle":34.3,"snapDist":2,"label":0}},{"type":"Feature","geometry":{"type":"Point","coordinates":[20.504735,44.79324]},"properties":{"name":"Pijaca Zvezdara","lines":"5, 6, 7L, 14","arr":["5","6","7L","14"],"terminus":0,"mode":"tram","color":"#d6212b","colorDark":"#7c1116","angle":31.3,"snapDist":6,"label":0}},{"type":"Feature","geometry":{"type":"Point","coordinates":[20.498131,44.795916]},"properties":{"name":"Batutova","lines":"5, 6, 7L, 14","arr":["5","6","7L","14"],"terminus":0,"mode":"tram","color":"#d6212b","colorDark":"#7c1116","angle":31.2,"snapDist":4,"label":0}},{"type":"Feature","geometry":{"type":"Point","coordinates":[20.494555,44.797436]},"properties":{"name":"Lion","lines":"5, 6, 7L, 14","arr":["5","6","7L","14"],"terminus":0,"mode":"tram","color":"#d6212b","colorDark":"#7c1116","angle":30.9,"snapDist":5,"label":0}},{"type":"Feature","geometry":{"type":"Point","coordinates":[20.489848,44.799425]},"properties":{"name":"Pop Stojanova","lines":"5, 6, 7L, 14","arr":["5","6","7L","14"],"terminus":0,"mode":"tram","color":"#d6212b","colorDark":"#7c1116","angle":30.6,"snapDist":4,"label":0}},{"type":"Feature","geometry":{"type":"Point","coordinates":[20.486128,44.800972]},"properties":{"name":"Pijaca Đeram","lines":"5, 6, 7L, 14","arr":["5","6","7L","14"],"terminus":0,"mode":"tram","color":"#d6212b","colorDark":"#7c1116","angle":30.5,"snapDist":4,"label":0}},{"type":"Feature","geometry":{"type":"Point","coordinates":[20.482208,44.802594]},"properties":{"name":"GO Zvezdara","lines":"5, 6, 7L, 14","arr":["5","6","7L","14"],"terminus":0,"mode":"tram","color":"#d6212b","colorDark":"#7c1116","angle":30.3,"snapDist":4,"label":0}},{"type":"Feature","geometry":{"type":"Point","coordinates":[20.477665,44.804513]},"properties":{"name":"Vukov spomenik /Bul.kralja Aleksa./","lines":"5, 6, 7L, 14","arr":["5","6","7L","14"],"terminus":0,"mode":"tram","color":"#d6212b","colorDark":"#7c1116","angle":31.6,"snapDist":4,"label":0}},{"type":"Feature","geometry":{"type":"Point","coordinates":[20.454992,44.826195]},"properties":{"name":"Tadeuša Košćuška","lines":"5, 10, 11","arr":["5","10","11"],"terminus":0,"mode":"tram","color":"#d6212b","colorDark":"#7c1116","angle":36.6,"snapDist":3,"label":0}},{"type":"Feature","geometry":{"type":"Point","coordinates":[20.453246,44.827132]},"properties":{"name":"Kalemegdan (Donji grad)","lines":"5, 10, 11","arr":["5","10","11"],"terminus":1,"mode":"tram","color":"#d6212b","colorDark":"#7c1116","angle":37.3,"snapDist":3,"label":1}},{"type":"Feature","geometry":{"type":"Point","coordinates":[20.468041,44.809552]},"properties":{"name":"Tašmajdan /park/","lines":"6","arr":["6"],"terminus":1,"mode":"tram","color":"#d6212b","colorDark":"#7c1116","angle":125.5,"snapDist":1,"label":1}},{"type":"Feature","geometry":{"type":"Point","coordinates":[20.470875,44.807524]},"properties":{"name":"Pravni fakultet","lines":"6, 7L, 12","arr":["6","7L","12"],"terminus":0,"mode":"tram","color":"#d6212b","colorDark":"#7c1116","angle":41.3,"snapDist":4,"label":0}},{"type":"Feature","geometry":{"type":"Point","coordinates":[20.46679,44.808684]},"properties":{"name":"Tašmajdan","lines":"7L, 12","arr":["7L","12"],"terminus":0,"mode":"tram","color":"#d6212b","colorDark":"#7c1116","angle":311.2,"snapDist":2,"label":1}},{"type":"Feature","geometry":{"type":"Point","coordinates":[20.463773,44.806164]},"properties":{"name":"RK Beograđanka","lines":"7L, 12","arr":["7L","12"],"terminus":0,"mode":"tram","color":"#d6212b","colorDark":"#7c1116","angle":310.4,"snapDist":4,"label":1}},{"type":"Feature","geometry":{"type":"Point","coordinates":[20.455113,44.806889]},"properties":{"name":"Savski trg","lines":"7L, 9L, 11, 12","arr":["7L","9L","11","12"],"terminus":0,"mode":"tram","color":"#d6212b","colorDark":"#7c1116","angle":299.9,"snapDist":2,"label":0}},{"type":"Feature","geometry":{"type":"Point","coordinates":[20.431176,44.793748]},"properties":{"name":"Gospodarska mehana","lines":"7L, 9L, 11, 12","arr":["7L","9L","11","12"],"terminus":0,"mode":"tram","color":"#d6212b","colorDark":"#7c1116","angle":332,"snapDist":2,"label":1}},{"type":"Feature","geometry":{"type":"Point","coordinates":[20.426779,44.792503]},"properties":{"name":"Petlja Radnička","lines":"7L, 9L, 11, 13","arr":["7L","9L","11","13"],"terminus":0,"mode":"tram","color":"#d6212b","colorDark":"#7c1116","angle":81.7,"snapDist":0,"label":1}},{"type":"Feature","geometry":{"type":"Point","coordinates":[20.415256,44.807249]},"properties":{"name":"Đorđa Stanojevića","lines":"7L, 9L, 11, 13","arr":["7L","9L","11","13"],"terminus":0,"mode":"tram","color":"#d6212b","colorDark":"#7c1116","angle":35.5,"snapDist":2,"label":1}},{"type":"Feature","geometry":{"type":"Point","coordinates":[20.418273,44.806722]},"properties":{"name":"Železnička stanica Novi Beograd","lines":"7L, 9L, 11, 13","arr":["7L","9L","11","13"],"terminus":0,"mode":"tram","color":"#d6212b","colorDark":"#7c1116","angle":302.5,"snapDist":4,"label":1}},{"type":"Feature","geometry":{"type":"Point","coordinates":[20.416006,44.803928]},"properties":{"name":"Beogradska autobuska stanica","lines":"7L, 9L, 11, 13","arr":["7L","9L","11","13"],"terminus":0,"mode":"tram","color":"#d6212b","colorDark":"#7c1116","angle":3.3,"snapDist":3,"label":1}},{"type":"Feature","geometry":{"type":"Point","coordinates":[20.409653,44.804226]},"properties":{"name":"Naselje Belvil","lines":"7L, 9L, 11, 13","arr":["7L","9L","11","13"],"terminus":0,"mode":"tram","color":"#d6212b","colorDark":"#7c1116","angle":3.2,"snapDist":3,"label":1}},{"type":"Feature","geometry":{"type":"Point","coordinates":[20.402804,44.804524]},"properties":{"name":"Agostina Neta","lines":"7L, 9L, 11, 13","arr":["7L","9L","11","13"],"terminus":0,"mode":"tram","color":"#d6212b","colorDark":"#7c1116","angle":2.5,"snapDist":2,"label":1}},{"type":"Feature","geometry":{"type":"Point","coordinates":[20.398447,44.804516]},"properties":{"name":"Omladinskih brigada","lines":"7L, 9L, 11, 13","arr":["7L","9L","11","13"],"terminus":0,"mode":"tram","color":"#d6212b","colorDark":"#7c1116","angle":357.2,"snapDist":2,"label":1}},{"type":"Feature","geometry":{"type":"Point","coordinates":[20.393485,44.804187]},"properties":{"name":"Blok 70","lines":"7L, 9L, 11, 13","arr":["7L","9L","11","13"],"terminus":0,"mode":"tram","color":"#d6212b","colorDark":"#7c1116","angle":352.3,"snapDist":2,"label":1}},{"type":"Feature","geometry":{"type":"Point","coordinates":[20.38728,44.803272]},"properties":{"name":"Gandijeva","lines":"7L, 9L, 11, 13","arr":["7L","9L","11","13"],"terminus":0,"mode":"tram","color":"#d6212b","colorDark":"#7c1116","angle":344.1,"snapDist":2,"label":1}},{"type":"Feature","geometry":{"type":"Point","coordinates":[20.380227,44.801478]},"properties":{"name":"Nehruova","lines":"7L, 9L, 11, 13","arr":["7L","9L","11","13"],"terminus":0,"mode":"tram","color":"#d6212b","colorDark":"#7c1116","angle":336.5,"snapDist":0,"label":1}},{"type":"Feature","geometry":{"type":"Point","coordinates":[20.375444,44.799763]},"properties":{"name":"OŠ Branko Radičević","lines":"7L, 9L, 11, 13","arr":["7L","9L","11","13"],"terminus":0,"mode":"tram","color":"#d6212b","colorDark":"#7c1116","angle":331.1,"snapDist":0,"label":1}},{"type":"Feature","geometry":{"type":"Point","coordinates":[20.371658,44.796906]},"properties":{"name":"dr Ivana Ribara","lines":"7L, 9L, 11, 13","arr":["7L","9L","11","13"],"terminus":0,"mode":"tram","color":"#d6212b","colorDark":"#7c1116","angle":240.7,"snapDist":1,"label":1}},{"type":"Feature","geometry":{"type":"Point","coordinates":[20.37402,44.793921]},"properties":{"name":"Blok 45","lines":"7L, 9L, 11, 13","arr":["7L","9L","11","13"],"terminus":1,"mode":"tram","color":"#d6212b","colorDark":"#7c1116","angle":239.6,"snapDist":0,"label":1}},{"type":"Feature","geometry":{"type":"Point","coordinates":[20.374183,44.793766]},"properties":{"name":"Blok 45","lines":"7L, 9L, 11, 13","arr":["7L","9L","11","13"],"terminus":1,"mode":"tram","color":"#d6212b","colorDark":"#7c1116","angle":61.4,"snapDist":7,"label":0}},{"type":"Feature","geometry":{"type":"Point","coordinates":[20.372019,44.798182]},"properties":{"name":"dr Ivana Ribara","lines":"7L, 9L, 11, 13","arr":["7L","9L","11","13"],"terminus":0,"mode":"tram","color":"#d6212b","colorDark":"#7c1116","angle":146.6,"snapDist":4,"label":0}},{"type":"Feature","geometry":{"type":"Point","coordinates":[20.376992,44.80033]},"properties":{"name":"OŠ Branko Radičević","lines":"7L, 9L, 11, 13","arr":["7L","9L","11","13"],"terminus":0,"mode":"tram","color":"#d6212b","colorDark":"#7c1116","angle":152.5,"snapDist":6,"label":0}},{"type":"Feature","geometry":{"type":"Point","coordinates":[20.381852,44.801923]},"properties":{"name":"Nehruova","lines":"7L, 9L, 11, 13","arr":["7L","9L","11","13"],"terminus":0,"mode":"tram","color":"#d6212b","colorDark":"#7c1116","angle":158.6,"snapDist":5,"label":0}},{"type":"Feature","geometry":{"type":"Point","coordinates":[20.388974,44.803543]},"properties":{"name":"Gandijeva","lines":"7L, 9L, 11, 13","arr":["7L","9L","11","13"],"terminus":0,"mode":"tram","color":"#d6212b","colorDark":"#7c1116","angle":166.7,"snapDist":4,"label":0}},{"type":"Feature","geometry":{"type":"Point","coordinates":[20.393923,44.804181]},"properties":{"name":"Blok 70","lines":"7L, 9L, 11, 13","arr":["7L","9L","11","13"],"terminus":0,"mode":"tram","color":"#d6212b","colorDark":"#7c1116","angle":172.7,"snapDist":2,"label":0}},{"type":"Feature","geometry":{"type":"Point","coordinates":[20.400264,44.80451]},"properties":{"name":"Omladinskih brigada","lines":"7L, 9L, 11, 13","arr":["7L","9L","11","13"],"terminus":0,"mode":"tram","color":"#d6212b","colorDark":"#7c1116","angle":179.7,"snapDist":3,"label":0}},{"type":"Feature","geometry":{"type":"Point","coordinates":[20.404728,44.804413]},"properties":{"name":"Agostina Neta","lines":"7L, 9L, 11, 13","arr":["7L","9L","11","13"],"terminus":0,"mode":"tram","color":"#d6212b","colorDark":"#7c1116","angle":184.1,"snapDist":6,"label":0}},{"type":"Feature","geometry":{"type":"Point","coordinates":[20.410667,44.804137]},"properties":{"name":"Naselje Belvil","lines":"7L, 9L, 11, 13","arr":["7L","9L","11","13"],"terminus":0,"mode":"tram","color":"#d6212b","colorDark":"#7c1116","angle":183.8,"snapDist":4,"label":0}},{"type":"Feature","geometry":{"type":"Point","coordinates":[20.417286,44.804603]},"properties":{"name":"Beogradska autobuska stanica","lines":"7L, 9L, 11, 13","arr":["7L","9L","11","13"],"terminus":0,"mode":"tram","color":"#d6212b","colorDark":"#7c1116","angle":88.5,"snapDist":6,"label":0}},{"type":"Feature","geometry":{"type":"Point","coordinates":[20.418487,44.806895]},"properties":{"name":"Železnička stanica Novi Beograd","lines":"7L, 9L, 11, 13","arr":["7L","9L","11","13"],"terminus":0,"mode":"tram","color":"#d6212b","colorDark":"#7c1116","angle":122.7,"snapDist":4,"label":0}},{"type":"Feature","geometry":{"type":"Point","coordinates":[20.415887,44.806929]},"properties":{"name":"Đorđa Stanojevića","lines":"7L, 9L, 11, 13","arr":["7L","9L","11","13"],"terminus":0,"mode":"tram","color":"#d6212b","colorDark":"#7c1116","angle":215.5,"snapDist":1,"label":0}},{"type":"Feature","geometry":{"type":"Point","coordinates":[20.426945,44.791959]},"properties":{"name":"Petlja Radnička","lines":"7L, 9L, 11, 13","arr":["7L","9L","11","13"],"terminus":0,"mode":"tram","color":"#d6212b","colorDark":"#7c1116","angle":261.5,"snapDist":0,"label":0}},{"type":"Feature","geometry":{"type":"Point","coordinates":[20.431374,44.793788]},"properties":{"name":"Gospodarska mehana","lines":"7L, 9L, 11, 12","arr":["7L","9L","11","12"],"terminus":0,"mode":"tram","color":"#d6212b","colorDark":"#7c1116","angle":152.8,"snapDist":4,"label":0}},{"type":"Feature","geometry":{"type":"Point","coordinates":[20.455488,44.807271]},"properties":{"name":"Savski trg","lines":"7L, 9L, 12","arr":["7L","9L","12"],"terminus":0,"mode":"tram","color":"#d6212b","colorDark":"#7c1116","angle":120.1,"snapDist":1,"label":0}},{"type":"Feature","geometry":{"type":"Point","coordinates":[20.464209,44.806485]},"properties":{"name":"RK Beograđanka","lines":"7L, 12","arr":["7L","12"],"terminus":0,"mode":"tram","color":"#d6212b","colorDark":"#7c1116","angle":129.8,"snapDist":2,"label":0}},{"type":"Feature","geometry":{"type":"Point","coordinates":[20.467531,44.809234]},"properties":{"name":"Tašmajdan","lines":"7L, 12","arr":["7L","12"],"terminus":0,"mode":"tram","color":"#d6212b","colorDark":"#7c1116","angle":-48.2,"snapDist":6,"label":0}},{"type":"Feature","geometry":{"type":"Point","coordinates":[20.478033,44.757229]},"properties":{"name":"Banjica","lines":"9L, 10, 14","arr":["9L","10","14"],"terminus":1,"mode":"tram","color":"#d6212b","colorDark":"#7c1116","angle":120,"snapDist":3,"label":1}},{"type":"Feature","geometry":{"type":"Point","coordinates":[20.481258,44.75702]},"properties":{"name":"Vračarska","lines":"9L, 10, 14","arr":["9L","10","14"],"terminus":0,"mode":"tram","color":"#d6212b","colorDark":"#7c1116","angle":197.2,"snapDist":1,"label":1}},{"type":"Feature","geometry":{"type":"Point","coordinates":[20.483504,44.758938]},"properties":{"name":"Bebelova","lines":"9L, 10, 14","arr":["9L","10","14"],"terminus":0,"mode":"tram","color":"#d6212b","colorDark":"#7c1116","angle":101.8,"snapDist":1,"label":1}},{"type":"Feature","geometry":{"type":"Point","coordinates":[20.484224,44.761383]},"properties":{"name":"Voždovac","lines":"9L, 10, 14","arr":["9L","10","14"],"terminus":0,"mode":"tram","color":"#d6212b","colorDark":"#7c1116","angle":97.5,"snapDist":3,"label":1}},{"type":"Feature","geometry":{"type":"Point","coordinates":[20.482171,44.765941]},"properties":{"name":"Saobraćajni fakultet","lines":"9L, 10, 14","arr":["9L","10","14"],"terminus":0,"mode":"tram","color":"#d6212b","colorDark":"#7c1116","angle":69.3,"snapDist":4,"label":1}},{"type":"Feature","geometry":{"type":"Point","coordinates":[20.479049,44.769171]},"properties":{"name":"Visoka škola elektrotehnike","lines":"9L, 10, 14","arr":["9L","10","14"],"terminus":0,"mode":"tram","color":"#d6212b","colorDark":"#7c1116","angle":65.4,"snapDist":3,"label":1}},{"type":"Feature","geometry":{"type":"Point","coordinates":[20.47708,44.773015]},"properties":{"name":"Nikšićka","lines":"9L, 10, 14","arr":["9L","10","14"],"terminus":0,"mode":"tram","color":"#d6212b","colorDark":"#7c1116","angle":62.7,"snapDist":6,"label":1}},{"type":"Feature","geometry":{"type":"Point","coordinates":[20.47453,44.777328]},"properties":{"name":"Vitanovačka","lines":"9L, 10, 14","arr":["9L","10","14"],"terminus":0,"mode":"tram","color":"#d6212b","colorDark":"#7c1116","angle":74.8,"snapDist":3,"label":1}},{"type":"Feature","geometry":{"type":"Point","coordinates":[20.471767,44.781664]},"properties":{"name":"Kralja Vladimira","lines":"9L, 10, 14","arr":["9L","10","14"],"terminus":0,"mode":"tram","color":"#d6212b","colorDark":"#7c1116","angle":64.9,"snapDist":5,"label":1}},{"type":"Feature","geometry":{"type":"Point","coordinates":[20.470295,44.783585]},"properties":{"name":"Bože Jankovića","lines":"9L, 10, 14","arr":["9L","10","14"],"terminus":0,"mode":"tram","color":"#d6212b","colorDark":"#7c1116","angle":54.5,"snapDist":5,"label":1}},{"type":"Feature","geometry":{"type":"Point","coordinates":[20.466288,44.787171]},"properties":{"name":"Trg oslobođenja","lines":"9L, 10, 14","arr":["9L","10","14"],"terminus":0,"mode":"tram","color":"#d6212b","colorDark":"#7c1116","angle":48.9,"snapDist":3,"label":1}},{"type":"Feature","geometry":{"type":"Point","coordinates":[20.466164,44.793053]},"properties":{"name":"Franše DEperea","lines":"9L, 10, 14","arr":["9L","10","14"],"terminus":0,"mode":"tram","color":"#d6212b","colorDark":"#7c1116","angle":74.2,"snapDist":5,"label":1}},{"type":"Feature","geometry":{"type":"Point","coordinates":[20.4657,44.798346]},"properties":{"name":"Karađorđev park","lines":"9L, 10, 14","arr":["9L","10","14"],"terminus":0,"mode":"tram","color":"#d6212b","colorDark":"#7c1116","angle":97.1,"snapDist":4,"label":1}},{"type":"Feature","geometry":{"type":"Point","coordinates":[20.466273,44.801365]},"properties":{"name":"Trg Slavija /Bulevar oslobođenja/","lines":"9L, 10, 14","arr":["9L","10","14"],"terminus":0,"mode":"tram","color":"#d6212b","colorDark":"#7c1116","angle":97.6,"snapDist":1,"label":1}},{"type":"Feature","geometry":{"type":"Point","coordinates":[20.466089,44.801316]},"properties":{"name":"Trg Slavija /Bulevar oslobođenja/","lines":"9L, 10, 14","arr":["9L","10","14"],"terminus":0,"mode":"tram","color":"#d6212b","colorDark":"#7c1116","angle":277.4,"snapDist":4,"label":0}},{"type":"Feature","geometry":{"type":"Point","coordinates":[20.465268,44.796916]},"properties":{"name":"Karađorđev park","lines":"9L, 10, 14","arr":["9L","10","14"],"terminus":0,"mode":"tram","color":"#d6212b","colorDark":"#7c1116","angle":277.6,"snapDist":4,"label":0}},{"type":"Feature","geometry":{"type":"Point","coordinates":[20.46634,44.792564]},"properties":{"name":"Franše DEperea","lines":"9L, 10, 14","arr":["9L","10","14"],"terminus":0,"mode":"tram","color":"#d6212b","colorDark":"#7c1116","angle":253.2,"snapDist":3,"label":0}},{"type":"Feature","geometry":{"type":"Point","coordinates":[20.465752,44.788619]},"properties":{"name":"Zvečanska","lines":"9L, 10, 14","arr":["9L","10","14"],"terminus":0,"mode":"tram","color":"#d6212b","colorDark":"#7c1116","angle":282.5,"snapDist":2,"label":1}},{"type":"Feature","geometry":{"type":"Point","coordinates":[20.467394,44.786176]},"properties":{"name":"Trg oslobođenja","lines":"9L, 10, 14","arr":["9L","10","14"],"terminus":0,"mode":"tram","color":"#d6212b","colorDark":"#7c1116","angle":231.6,"snapDist":1,"label":0}},{"type":"Feature","geometry":{"type":"Point","coordinates":[20.471449,44.782073]},"properties":{"name":"Kralja Vladimira","lines":"9L, 10, 14","arr":["9L","10","14"],"terminus":0,"mode":"tram","color":"#d6212b","colorDark":"#7c1116","angle":244.8,"snapDist":1,"label":0}},{"type":"Feature","geometry":{"type":"Point","coordinates":[20.474562,44.777118]},"properties":{"name":"Vitanovačka","lines":"9L, 10, 14","arr":["9L","10","14"],"terminus":0,"mode":"tram","color":"#d6212b","colorDark":"#7c1116","angle":254.2,"snapDist":4,"label":0}},{"type":"Feature","geometry":{"type":"Point","coordinates":[20.475457,44.775216]},"properties":{"name":"Petrovačka","lines":"9L, 10, 14","arr":["9L","10","14"],"terminus":0,"mode":"tram","color":"#d6212b","colorDark":"#7c1116","angle":243.7,"snapDist":3,"label":1}},{"type":"Feature","geometry":{"type":"Point","coordinates":[20.477917,44.771478]},"properties":{"name":"Nikšićka","lines":"9L, 10, 14","arr":["9L","10","14"],"terminus":0,"mode":"tram","color":"#d6212b","colorDark":"#7c1116","angle":251.8,"snapDist":0,"label":0}},{"type":"Feature","geometry":{"type":"Point","coordinates":[20.4796,44.768457]},"properties":{"name":"Visoka škola elektrotehnike","lines":"9L, 10, 14","arr":["9L","10","14"],"terminus":0,"mode":"tram","color":"#d6212b","colorDark":"#7c1116","angle":235.8,"snapDist":4,"label":0}},{"type":"Feature","geometry":{"type":"Point","coordinates":[20.482514,44.765167]},"properties":{"name":"Saobraćajni fakultet","lines":"9L, 10, 14","arr":["9L","10","14"],"terminus":0,"mode":"tram","color":"#d6212b","colorDark":"#7c1116","angle":251.2,"snapDist":0,"label":0}},{"type":"Feature","geometry":{"type":"Point","coordinates":[20.484102,44.761131]},"properties":{"name":"Voždovac","lines":"9L, 10, 14","arr":["9L","10","14"],"terminus":0,"mode":"tram","color":"#d6212b","colorDark":"#7c1116","angle":282.2,"snapDist":2,"label":0}},{"type":"Feature","geometry":{"type":"Point","coordinates":[20.483339,44.758653]},"properties":{"name":"Bebelova","lines":"9L, 10, 14","arr":["9L","10","14"],"terminus":0,"mode":"tram","color":"#d6212b","colorDark":"#7c1116","angle":282.4,"snapDist":1,"label":0}},{"type":"Feature","geometry":{"type":"Point","coordinates":[20.480816,44.757156]},"properties":{"name":"Vračarska","lines":"9L, 10, 14","arr":["9L","10","14"],"terminus":0,"mode":"tram","color":"#d6212b","colorDark":"#7c1116","angle":17.7,"snapDist":4,"label":0}},{"type":"Feature","geometry":{"type":"Point","coordinates":[20.477681,44.757317]},"properties":{"name":"Banjica","lines":"9L, 10, 14","arr":["9L","10","14"],"terminus":1,"mode":"tram","color":"#d6212b","colorDark":"#7c1116","angle":345.8,"snapDist":2,"label":0}},{"type":"Feature","geometry":{"type":"Point","coordinates":[20.472051,44.8075]},"properties":{"name":"Pravni fakultet","lines":"10","arr":["10"],"terminus":0,"mode":"tram","color":"#d6212b","colorDark":"#7c1116","angle":131,"snapDist":3,"label":0}},{"type":"Feature","geometry":{"type":"Point","coordinates":[20.490297,44.814064]},"properties":{"name":"Omladinski stadion","lines":"12","arr":["12"],"terminus":1,"mode":"tram","color":"#d6212b","colorDark":"#7c1116","angle":309.2,"snapDist":3,"label":1}},{"type":"Feature","geometry":{"type":"Point","coordinates":[20.487892,44.81197]},"properties":{"name":"Vatrogasna komanda","lines":"12","arr":["12"],"terminus":0,"mode":"tram","color":"#d6212b","colorDark":"#7c1116","angle":309.2,"snapDist":2,"label":1}},{"type":"Feature","geometry":{"type":"Point","coordinates":[20.484705,44.809743]},"properties":{"name":"Novo groblje","lines":"12","arr":["12"],"terminus":0,"mode":"tram","color":"#d6212b","colorDark":"#7c1116","angle":318.8,"snapDist":3,"label":1}},{"type":"Feature","geometry":{"type":"Point","coordinates":[20.480442,44.80704]},"properties":{"name":"Dalmatinska","lines":"12","arr":["12"],"terminus":0,"mode":"tram","color":"#d6212b","colorDark":"#7c1116","angle":318.9,"snapDist":3,"label":1}},{"type":"Feature","geometry":{"type":"Point","coordinates":[20.423987,44.787635]},"properties":{"name":"Hipodrom","lines":"12, 13","arr":["12","13"],"terminus":0,"mode":"tram","color":"#d6212b","colorDark":"#7c1116","angle":319.4,"snapDist":4,"label":1}},{"type":"Feature","geometry":{"type":"Point","coordinates":[20.421076,44.783027]},"properties":{"name":"Šumarski fakultet","lines":"12, 13","arr":["12","13"],"terminus":0,"mode":"tram","color":"#d6212b","colorDark":"#7c1116","angle":334.6,"snapDist":2,"label":1}},{"type":"Feature","geometry":{"type":"Point","coordinates":[20.4172,44.780986]},"properties":{"name":"Škola Josif Pančić","lines":"12, 13","arr":["12","13"],"terminus":0,"mode":"tram","color":"#d6212b","colorDark":"#7c1116","angle":297.7,"snapDist":1,"label":1}},{"type":"Feature","geometry":{"type":"Point","coordinates":[20.414533,44.777713]},"properties":{"name":"Dom zdravlja","lines":"12, 13","arr":["12","13"],"terminus":0,"mode":"tram","color":"#d6212b","colorDark":"#7c1116","angle":302.2,"snapDist":3,"label":1}},{"type":"Feature","geometry":{"type":"Point","coordinates":[20.413598,44.775349]},"properties":{"name":"Kijevska","lines":"12, 13","arr":["12","13"],"terminus":0,"mode":"tram","color":"#d6212b","colorDark":"#7c1116","angle":272.9,"snapDist":1,"label":1}},{"type":"Feature","geometry":{"type":"Point","coordinates":[20.414146,44.771236]},"properties":{"name":"Trebevićka","lines":"12, 13","arr":["12","13"],"terminus":0,"mode":"tram","color":"#d6212b","colorDark":"#7c1116","angle":269.6,"snapDist":1,"label":1}},{"type":"Feature","geometry":{"type":"Point","coordinates":[20.413847,44.768367]},"properties":{"name":"Banovo brdo","lines":"12, 13","arr":["12","13"],"terminus":1,"mode":"tram","color":"#d6212b","colorDark":"#7c1116","angle":278.2,"snapDist":39,"label":1}},{"type":"Feature","geometry":{"type":"Point","coordinates":[20.413438,44.768605]},"properties":{"name":"Banovo brdo","lines":"12, 13","arr":["12","13"],"terminus":1,"mode":"tram","color":"#d6212b","colorDark":"#7c1116","angle":101.6,"snapDist":2,"label":0}},{"type":"Feature","geometry":{"type":"Point","coordinates":[20.41428,44.771524]},"properties":{"name":"Trebevićka","lines":"12, 13","arr":["12","13"],"terminus":0,"mode":"tram","color":"#d6212b","colorDark":"#7c1116","angle":89.9,"snapDist":4,"label":0}},{"type":"Feature","geometry":{"type":"Point","coordinates":[20.413767,44.775819]},"properties":{"name":"Kijevska","lines":"12, 13","arr":["12","13"],"terminus":0,"mode":"tram","color":"#d6212b","colorDark":"#7c1116","angle":93.1,"snapDist":4,"label":0}},{"type":"Feature","geometry":{"type":"Point","coordinates":[20.415865,44.779071]},"properties":{"name":"Dom zdravlja","lines":"12, 13","arr":["12","13"],"terminus":0,"mode":"tram","color":"#d6212b","colorDark":"#7c1116","angle":120.8,"snapDist":7,"label":0}},{"type":"Feature","geometry":{"type":"Point","coordinates":[20.417785,44.781557]},"properties":{"name":"Škola Josif Pančić","lines":"12, 13","arr":["12","13"],"terminus":0,"mode":"tram","color":"#d6212b","colorDark":"#7c1116","angle":118.5,"snapDist":4,"label":0}},{"type":"Feature","geometry":{"type":"Point","coordinates":[20.422675,44.783458]},"properties":{"name":"Šumarski fakultet","lines":"12, 13","arr":["12","13"],"terminus":0,"mode":"tram","color":"#d6212b","colorDark":"#7c1116","angle":155.4,"snapDist":4,"label":0}},{"type":"Feature","geometry":{"type":"Point","coordinates":[20.424393,44.78784]},"properties":{"name":"Hipodrom","lines":"12, 13","arr":["12","13"],"terminus":0,"mode":"tram","color":"#d6212b","colorDark":"#7c1116","angle":139.7,"snapDist":4,"label":0}},{"type":"Feature","geometry":{"type":"Point","coordinates":[20.480225,44.806759]},"properties":{"name":"Dalmatinska","lines":"12","arr":["12"],"terminus":0,"mode":"tram","color":"#d6212b","colorDark":"#7c1116","angle":138.1,"snapDist":1,"label":0}},{"type":"Feature","geometry":{"type":"Point","coordinates":[20.486715,44.810926]},"properties":{"name":"Novo groblje","lines":"12","arr":["12"],"terminus":0,"mode":"tram","color":"#d6212b","colorDark":"#7c1116","angle":137.6,"snapDist":6,"label":0}},{"type":"Feature","geometry":{"type":"Point","coordinates":[20.489418,44.813144]},"properties":{"name":"Vatrogasna komanda","lines":"12","arr":["12"],"terminus":0,"mode":"tram","color":"#d6212b","colorDark":"#7c1116","angle":129.2,"snapDist":2,"label":0}},{"type":"Feature","geometry":{"type":"Point","coordinates":[20.491043,44.814588]},"properties":{"name":"Omladinski stadion","lines":"12","arr":["12"],"terminus":1,"mode":"tram","color":"#d6212b","colorDark":"#7c1116","angle":42.5,"snapDist":8,"label":0}}]}